method,before_gamma,after_gamma,element,H,V,shortest_word_length,shortest_word,two_block_order,dP11,dP12,dP21,dP22
current,0.66,0.67,0,0,0,0,I,HV,1,0,0,1
current,0.66,0.67,1,0,0,0,I,HV,1,0,0,1
current,0.66,0.67,2,0,0,0,I,HV,1,0,0,1
current,0.66,0.67,3,0,0,0,I,HV,1,0,0,1
current,0.66,0.67,4,0,0,0,I,HV,1,0,0,1
current,0.66,0.67,5,0,0,0,I,HV,1,0,0,1
current,0.66,0.67,6,0,0,0,I,HV,1,0,0,1
current,0.66,0.67,7,0,0,0,I,HV,1,0,0,1
current,0.66,0.67,8,0,0,0,I,HV,1,0,0,1
current,0.66,0.67,9,0,0,0,I,HV,1,0,0,1
current,0.66,0.67,10,0,1,1,V+1,HV,1,0,1,1
current,0.66,0.67,11,0,1,1,V+1,HV,1,0,1,1
current,0.66,0.67,12,0,0,0,I,HV,1,0,0,1
current,0.66,0.67,13,0,0,0,I,HV,1,0,0,1
current,0.66,0.67,14,0,0,0,I,HV,1,0,0,1
current,0.66,0.67,15,0,0,0,I,HV,1,0,0,1
current,0.66,0.67,16,0,0,0,I,HV,1,0,0,1
current,0.66,0.67,17,0,0,0,I,HV,1,0,0,1
current,0.66,0.67,18,0,0,0,I,HV,1,0,0,1
current,0.66,0.67,19,0,0,0,I,HV,1,0,0,1
current,0.66,0.67,20,0,0,0,I,HV,1,0,0,1
current,0.66,0.67,21,0,0,0,I,HV,1,0,0,1
current,0.66,0.67,22,0,0,0,I,HV,1,0,0,1
current,0.66,0.67,23,0,0,0,I,HV,1,0,0,1
current,0.66,0.67,24,0,0,0,I,HV,1,0,0,1
current,0.66,0.67,25,0,0,0,I,HV,1,0,0,1
current,0.66,0.67,26,0,0,0,I,HV,1,0,0,1
current,0.66,0.67,27,0,0,0,I,HV,1,0,0,1
current,0.66,0.67,28,0,0,0,I,HV,1,0,0,1
current,0.66,0.67,29,0,0,0,I,HV,1,0,0,1
current,0.66,0.67,30,0,0,0,I,HV,1,0,0,1
current,0.66,0.67,31,0,0,0,I,HV,1,0,0,1
current,0.66,0.67,32,0,0,0,I,HV,1,0,0,1
current,0.66,0.67,33,0,0,0,I,HV,1,0,0,1
current,0.66,0.67,34,0,0,0,I,HV,1,0,0,1
current,0.66,0.67,35,0,0,0,I,HV,1,0,0,1
current,0.66,0.67,36,0,0,0,I,HV,1,0,0,1
current,0.66,0.67,37,0,0,0,I,HV,1,0,0,1
current,0.66,0.67,38,0,0,0,I,HV,1,0,0,1
current,0.66,0.67,39,0,0,0,I,HV,1,0,0,1
current,0.66,0.67,40,0,0,0,I,HV,1,0,0,1
current,0.66,0.67,41,0,0,0,I,HV,1,0,0,1
current,0.66,0.67,42,0,0,0,I,HV,1,0,0,1
current,0.66,0.67,43,0,0,0,I,HV,1,0,0,1
current,0.66,0.67,44,0,0,0,I,HV,1,0,0,1
current,0.66,0.67,45,0,0,0,I,HV,1,0,0,1
current,0.66,0.67,46,0,0,0,I,HV,1,0,0,1
current,0.66,0.67,47,0,0,0,I,HV,1,0,0,1
current,0.66,0.67,48,0,-1,1,V-1,HV,1,0,-1,1
current,0.66,0.67,49,0,-1,1,V-1,HV,1,0,-1,1
current,0.66,0.67,50,0,0,0,I,HV,1,0,0,1
current,0.66,0.67,51,0,0,0,I,HV,1,0,0,1
current,0.66,0.67,52,0,0,0,I,HV,1,0,0,1
current,0.66,0.67,53,0,0,0,I,HV,1,0,0,1
current,0.66,0.67,54,0,0,0,I,HV,1,0,0,1
current,0.66,0.67,55,0,0,0,I,HV,1,0,0,1
current,0.66,0.67,56,0,0,0,I,HV,1,0,0,1
current,0.66,0.67,57,0,0,0,I,HV,1,0,0,1
current,0.66,0.67,58,0,0,0,I,HV,1,0,0,1
current,0.66,0.67,59,0,0,0,I,HV,1,0,0,1
current,0.66,0.67,60,0,0,0,I,HV,1,0,0,1
current,0.66,0.67,61,0,0,0,I,HV,1,0,0,1
current,0.66,0.67,62,0,0,0,I,HV,1,0,0,1
current,0.66,0.67,63,0,0,0,I,HV,1,0,0,1
current,0.66,0.67,64,0,0,0,I,HV,1,0,0,1
current,0.66,0.67,65,0,0,0,I,HV,1,0,0,1
current,0.66,0.67,66,0,0,0,I,HV,1,0,0,1
current,0.66,0.67,67,0,0,0,I,HV,1,0,0,1
current,0.66,0.67,68,0,1,1,V+1,HV,1,0,1,1
current,0.66,0.67,69,0,1,1,V+1,HV,1,0,1,1
current,0.66,0.67,70,0,0,0,I,HV,1,0,0,1
current,0.66,0.67,71,0,0,0,I,HV,1,0,0,1
current,0.66,0.67,72,0,1,1,V+1,HV,1,0,1,1
current,0.66,0.67,73,0,1,1,V+1,HV,1,0,1,1
current,0.66,0.67,74,0,0,0,I,HV,1,0,0,1
current,0.66,0.67,75,0,0,0,I,HV,1,0,0,1
current,0.66,0.67,76,0,0,0,I,HV,1,0,0,1
current,0.66,0.67,77,0,0,0,I,HV,1,0,0,1
current,0.66,0.67,78,0,0,0,I,HV,1,0,0,1
current,0.66,0.67,79,0,0,0,I,HV,1,0,0,1
current,0.66,0.67,80,0,0,0,I,HV,1,0,0,1
current,0.66,0.67,81,0,0,0,I,HV,1,0,0,1
current,0.66,0.67,82,0,0,0,I,HV,1,0,0,1
current,0.66,0.67,83,0,0,0,I,HV,1,0,0,1
current,0.66,0.67,84,0,0,0,I,HV,1,0,0,1
current,0.66,0.67,85,0,0,0,I,HV,1,0,0,1
current,0.66,0.67,86,0,0,0,I,HV,1,0,0,1
current,0.66,0.67,87,0,0,0,I,HV,1,0,0,1
current,0.66,0.67,88,0,0,0,I,HV,1,0,0,1
current,0.66,0.67,89,0,0,0,I,HV,1,0,0,1
current,0.66,0.67,90,0,0,0,I,HV,1,0,0,1
current,0.66,0.67,91,0,0,0,I,HV,1,0,0,1
current,0.66,0.67,92,0,0,0,I,HV,1,0,0,1
current,0.66,0.67,93,0,0,0,I,HV,1,0,0,1
current,0.66,0.67,94,0,0,0,I,HV,1,0,0,1
current,0.66,0.67,95,0,0,0,I,HV,1,0,0,1
current,0.66,0.67,96,0,0,0,I,HV,1,0,0,1
current,0.66,0.67,97,0,0,0,I,HV,1,0,0,1
current,0.66,0.67,98,-1,1,2,H-1 V+1,HV,0,-1,1,1
current,0.66,0.67,99,1,0,1,H+1,HV,1,1,0,1
current,0.66,0.67,100,-1,0,1,H-1,HV,1,-1,0,1
current,0.66,0.67,101,0,0,0,I,HV,1,0,0,1
current,0.66,0.67,102,0,0,0,I,HV,1,0,0,1
current,0.66,0.67,103,-1,0,1,H-1,HV,1,-1,0,1
current,0.66,0.67,104,1,0,1,H+1,HV,1,1,0,1
current,0.66,0.67,105,1,0,1,H+1,HV,1,1,0,1
current,0.66,0.67,106,1,-1,2,H+1 V-1,HV,0,1,-1,1
current,0.66,0.67,107,1,-1,2,H+1 V-1,HV,0,1,-1,1
current,0.66,0.67,108,1,0,1,H+1,HV,1,1,0,1
current,0.66,0.67,109,1,0,1,H+1,HV,1,1,0,1
current,0.66,0.67,110,1,0,1,H+1,HV,1,1,0,1
current,0.66,0.67,111,1,0,1,H+1,HV,1,1,0,1
current,0.66,0.67,112,-1,0,1,H-1,HV,1,-1,0,1
current,0.66,0.67,113,-1,0,1,H-1,HV,1,-1,0,1
current,0.66,0.67,114,1,0,1,H+1,HV,1,1,0,1
current,0.66,0.67,115,1,0,1,H+1,HV,1,1,0,1
current,0.66,0.67,116,-1,0,1,H-1,HV,1,-1,0,1
current,0.66,0.67,117,-1,0,1,H-1,HV,1,-1,0,1
current,0.66,0.67,118,1,-1,2,H+1 V-1,HV,0,1,-1,1
current,0.66,0.67,119,1,-1,2,H+1 V-1,HV,0,1,-1,1
current,0.66,0.67,120,1,-1,2,H+1 V-1,HV,0,1,-1,1
current,0.66,0.67,121,1,-1,2,H+1 V-1,HV,0,1,-1,1
current,0.66,0.67,122,1,0,1,H+1,HV,1,1,0,1
current,0.66,0.67,123,1,0,1,H+1,HV,1,1,0,1
current,0.66,0.67,124,1,-1,2,H+1 V-1,HV,0,1,-1,1
current,0.66,0.67,125,0,-1,1,V-1,HV,1,0,-1,1
current,0.66,0.67,126,1,1,2,V+1 H+1,VH,1,1,1,2
current,0.66,0.67,127,1,0,1,H+1,HV,1,1,0,1
current,0.66,0.67,128,1,0,1,H+1,HV,1,1,0,1
current,0.66,0.67,129,1,0,1,H+1,HV,1,1,0,1
current,0.66,0.67,130,-1,0,1,H-1,HV,1,-1,0,1
current,0.66,0.67,131,-1,0,1,H-1,HV,1,-1,0,1
current,0.66,0.67,132,1,0,1,H+1,HV,1,1,0,1
current,0.66,0.67,133,0,1,1,V+1,HV,1,0,1,1
current,0.66,0.67,134,1,0,1,H+1,HV,1,1,0,1
current,0.66,0.67,135,1,0,1,H+1,HV,1,1,0,1
current,0.66,0.67,136,1,-1,2,H+1 V-1,HV,0,1,-1,1
current,0.66,0.67,137,1,-1,2,H+1 V-1,HV,0,1,-1,1
current,0.66,0.67,138,0,0,0,I,HV,1,0,0,1
current,0.66,0.67,139,0,0,0,I,HV,1,0,0,1
current,0.66,0.67,140,0,0,0,I,HV,1,0,0,1
current,0.66,0.67,141,0,0,0,I,HV,1,0,0,1
current,0.66,0.67,142,0,0,0,I,HV,1,0,0,1
current,0.66,0.67,143,0,0,0,I,HV,1,0,0,1
current,0.66,0.67,144,0,0,0,I,HV,1,0,0,1
current,0.66,0.67,145,0,0,0,I,HV,1,0,0,1
current,0.66,0.67,146,0,0,0,I,HV,1,0,0,1
current,0.66,0.67,147,0,0,0,I,HV,1,0,0,1
current,0.66,0.67,148,0,0,0,I,HV,1,0,0,1
current,0.66,0.67,149,0,0,0,I,HV,1,0,0,1
current,0.66,0.67,150,0,1,1,V+1,HV,1,0,1,1
current,0.66,0.67,151,0,1,1,V+1,HV,1,0,1,1
current,0.66,0.67,152,0,0,0,I,HV,1,0,0,1
current,0.66,0.67,153,0,0,0,I,HV,1,0,0,1
current,0.66,0.67,154,0,0,0,I,HV,1,0,0,1
current,0.66,0.67,155,0,0,0,I,HV,1,0,0,1
current,0.66,0.67,156,0,0,0,I,HV,1,0,0,1
current,0.66,0.67,157,0,0,0,I,HV,1,0,0,1
current,0.66,0.67,158,0,0,0,I,HV,1,0,0,1
current,0.66,0.67,159,0,0,0,I,HV,1,0,0,1
current,0.66,0.67,160,0,0,0,I,HV,1,0,0,1
current,0.66,0.67,161,0,0,0,I,HV,1,0,0,1
current,0.66,0.67,162,0,0,0,I,HV,1,0,0,1
current,0.66,0.67,163,0,0,0,I,HV,1,0,0,1
current,0.66,0.67,164,0,0,0,I,HV,1,0,0,1
current,0.66,0.67,165,0,0,0,I,HV,1,0,0,1
current,0.66,0.67,166,0,0,0,I,HV,1,0,0,1
current,0.66,0.67,167,0,0,0,I,HV,1,0,0,1
current,0.66,0.67,168,0,0,0,I,HV,1,0,0,1
current,0.66,0.67,169,0,0,0,I,HV,1,0,0,1
current,0.66,0.67,170,0,0,0,I,HV,1,0,0,1
current,0.66,0.67,171,0,0,0,I,HV,1,0,0,1
current,0.66,0.67,172,0,0,0,I,HV,1,0,0,1
current,0.66,0.67,173,0,0,0,I,HV,1,0,0,1
current,0.66,0.67,174,0,0,0,I,HV,1,0,0,1
current,0.66,0.67,175,0,0,0,I,HV,1,0,0,1
current,0.66,0.67,176,0,0,0,I,HV,1,0,0,1
current,0.66,0.67,177,0,0,0,I,HV,1,0,0,1
current,0.66,0.67,178,0,0,0,I,HV,1,0,0,1
current,0.66,0.67,179,0,0,0,I,HV,1,0,0,1
current,0.66,0.67,180,0,0,0,I,HV,1,0,0,1
current,0.66,0.67,181,0,0,0,I,HV,1,0,0,1
current,0.66,0.67,182,0,0,0,I,HV,1,0,0,1
current,0.66,0.67,183,0,0,0,I,HV,1,0,0,1
current,0.66,0.67,184,0,0,0,I,HV,1,0,0,1
current,0.66,0.67,185,0,0,0,I,HV,1,0,0,1
current,0.66,0.67,186,0,0,0,I,HV,1,0,0,1
current,0.66,0.67,187,0,0,0,I,HV,1,0,0,1
current,0.66,0.67,188,0,-1,1,V-1,HV,1,0,-1,1
current,0.66,0.67,189,0,-1,1,V-1,HV,1,0,-1,1
current,0.66,0.67,190,0,0,0,I,HV,1,0,0,1
current,0.66,0.67,191,0,0,0,I,HV,1,0,0,1
current,0.66,0.67,192,0,0,0,I,HV,1,0,0,1
current,0.66,0.67,193,0,0,0,I,HV,1,0,0,1
current,0.66,0.67,194,0,0,0,I,HV,1,0,0,1
current,0.66,0.67,195,0,0,0,I,HV,1,0,0,1
current,0.66,0.67,196,0,0,0,I,HV,1,0,0,1
current,0.66,0.67,197,0,0,0,I,HV,1,0,0,1
current,0.66,0.67,198,0,0,0,I,HV,1,0,0,1
current,0.66,0.67,199,0,0,0,I,HV,1,0,0,1
current,0.66,0.67,200,0,0,0,I,HV,1,0,0,1
current,0.66,0.67,201,0,0,0,I,HV,1,0,0,1
current,0.66,0.67,202,0,0,0,I,HV,1,0,0,1
current,0.66,0.67,203,0,0,0,I,HV,1,0,0,1
current,0.66,0.67,204,0,0,0,I,HV,1,0,0,1
current,0.66,0.67,205,0,0,0,I,HV,1,0,0,1
current,0.66,0.67,206,0,0,0,I,HV,1,0,0,1
current,0.66,0.67,207,0,0,0,I,HV,1,0,0,1
current,0.66,0.67,208,0,1,1,V+1,HV,1,0,1,1
current,0.66,0.67,209,0,1,1,V+1,HV,1,0,1,1
current,0.66,0.67,210,0,0,0,I,HV,1,0,0,1
current,0.66,0.67,211,0,0,0,I,HV,1,0,0,1
current,0.66,0.67,212,0,1,1,V+1,HV,1,0,1,1
current,0.66,0.67,213,0,0,0,I,HV,1,0,0,1
current,0.66,0.67,214,0,0,0,I,HV,1,0,0,1
current,0.66,0.67,215,0,0,0,I,HV,1,0,0,1
current,0.66,0.67,216,0,0,0,I,HV,1,0,0,1
current,0.66,0.67,217,0,0,0,I,HV,1,0,0,1
current,0.66,0.67,218,0,0,0,I,HV,1,0,0,1
current,0.66,0.67,219,0,0,0,I,HV,1,0,0,1
current,0.66,0.67,220,0,0,0,I,HV,1,0,0,1
current,0.66,0.67,221,0,0,0,I,HV,1,0,0,1
current,0.66,0.67,222,0,0,0,I,HV,1,0,0,1
current,0.66,0.67,223,0,0,0,I,HV,1,0,0,1
current,0.66,0.67,224,0,0,0,I,HV,1,0,0,1
current,0.66,0.67,225,0,0,0,I,HV,1,0,0,1
current,0.66,0.67,226,0,0,0,I,HV,1,0,0,1
current,0.66,0.67,227,0,0,0,I,HV,1,0,0,1
current,0.66,0.67,228,0,0,0,I,HV,1,0,0,1
current,0.66,0.67,229,0,0,0,I,HV,1,0,0,1
current,0.66,0.67,230,0,0,0,I,HV,1,0,0,1
current,0.66,0.67,231,0,0,0,I,HV,1,0,0,1
current,0.66,0.67,232,0,0,0,I,HV,1,0,0,1
current,0.66,0.67,233,0,0,0,I,HV,1,0,0,1
current,0.66,0.67,234,0,0,0,I,HV,1,0,0,1
current,0.66,0.67,235,0,0,0,I,HV,1,0,0,1
current,0.66,0.67,236,0,0,0,I,HV,1,0,0,1
current,0.66,0.67,237,1,1,2,V+1 H+1,VH,1,1,1,2
current,0.66,0.67,238,1,0,1,H+1,HV,1,1,0,1
current,0.66,0.67,239,1,0,1,H+1,HV,1,1,0,1
current,0.66,0.67,240,-1,0,1,H-1,HV,1,-1,0,1
current,0.66,0.67,241,-1,0,1,H-1,HV,1,-1,0,1
current,0.66,0.67,242,-1,0,1,H-1,HV,1,-1,0,1
current,0.66,0.67,243,0,0,0,I,HV,1,0,0,1
current,0.66,0.67,244,2,0,2,H+1 H+1,HV,1,2,0,1
current,0.66,0.67,245,2,0,2,H+1 H+1,HV,1,2,0,1
current,0.66,0.67,246,0,0,0,I,HV,1,0,0,1
current,0.66,0.67,247,0,-1,1,V-1,HV,1,0,-1,1
current,0.66,0.67,248,0,-2,2,V-1 V-1,HV,1,0,-2,1
current,0.66,0.67,249,1,0,1,H+1,HV,1,1,0,1
current,0.66,0.67,250,1,0,1,H+1,HV,1,1,0,1
current,0.66,0.67,251,1,0,1,H+1,HV,1,1,0,1
current,0.66,0.67,252,-1,0,1,H-1,HV,1,-1,0,1
current,0.66,0.67,253,-1,0,1,H-1,HV,1,-1,0,1
current,0.66,0.67,254,1,0,1,H+1,HV,1,1,0,1
current,0.66,0.67,255,1,0,1,H+1,HV,1,1,0,1
current,0.66,0.67,256,-1,0,1,H-1,HV,1,-1,0,1
current,0.66,0.67,257,-1,0,1,H-1,HV,1,-1,0,1
current,0.66,0.67,258,1,-1,2,H+1 V-1,HV,0,1,-1,1
current,0.66,0.67,259,1,-1,2,H+1 V-1,HV,0,1,-1,1
current,0.66,0.67,260,1,-1,2,H+1 V-1,HV,0,1,-1,1
current,0.66,0.67,261,1,-1,2,H+1 V-1,HV,0,1,-1,1
current,0.66,0.67,262,1,1,2,V+1 H+1,VH,1,1,1,2
current,0.66,0.67,263,1,0,1,H+1,HV,1,1,0,1
current,0.66,0.67,264,0,-1,1,V-1,HV,1,0,-1,1
current,0.66,0.67,265,1,-1,2,H+1 V-1,HV,0,1,-1,1
current,0.66,0.67,266,1,0,1,H+1,HV,1,1,0,1
current,0.66,0.67,267,1,0,1,H+1,HV,1,1,0,1
current,0.66,0.67,268,1,0,1,H+1,HV,1,1,0,1
current,0.66,0.67,269,1,0,1,H+1,HV,1,1,0,1
current,0.66,0.67,270,-1,0,1,H-1,HV,1,-1,0,1
current,0.66,0.67,271,-1,0,1,H-1,HV,1,-1,0,1
current,0.66,0.67,272,1,0,1,H+1,HV,1,1,0,1
current,0.66,0.67,273,1,0,1,H+1,HV,1,1,0,1
current,0.66,0.67,274,0,0,0,I,HV,1,0,0,1
current,0.66,0.67,275,0,1,1,V+1,HV,1,0,1,1
current,0.66,0.67,276,1,-1,2,H+1 V-1,HV,0,1,-1,1
current,0.66,0.67,277,1,-1,2,H+1 V-1,HV,0,1,-1,1
current,0.66,0.67,278,0,0,0,I,HV,1,0,0,1
current,0.66,0.67,279,0,0,0,I,HV,1,0,0,1
current,0.66,0.67,280,0,0,0,I,HV,1,0,0,1
current,0.66,0.67,281,0,0,0,I,HV,1,0,0,1
current,0.66,0.67,282,0,0,0,I,HV,1,0,0,1
current,0.66,0.67,283,0,0,0,I,HV,1,0,0,1
current,0.66,0.67,284,0,0,0,I,HV,1,0,0,1
current,0.66,0.67,285,0,0,0,I,HV,1,0,0,1
current,0.66,0.67,286,0,0,0,I,HV,1,0,0,1
current,0.66,0.67,287,0,0,0,I,HV,1,0,0,1
current,0.66,0.67,288,0,0,0,I,HV,1,0,0,1
current,0.66,0.67,289,0,0,0,I,HV,1,0,0,1
current,0.66,0.67,290,0,1,1,V+1,HV,1,0,1,1
current,0.66,0.67,291,0,1,1,V+1,HV,1,0,1,1
current,0.66,0.67,292,0,0,0,I,HV,1,0,0,1
current,0.66,0.67,293,0,0,0,I,HV,1,0,0,1
current,0.66,0.67,294,0,0,0,I,HV,1,0,0,1
current,0.66,0.67,295,0,0,0,I,HV,1,0,0,1
current,0.66,0.67,296,0,0,0,I,HV,1,0,0,1
current,0.66,0.67,297,0,0,0,I,HV,1,0,0,1
current,0.66,0.67,298,0,0,0,I,HV,1,0,0,1
current,0.66,0.67,299,0,0,0,I,HV,1,0,0,1
current,0.66,0.67,300,0,0,0,I,HV,1,0,0,1
current,0.66,0.67,301,0,0,0,I,HV,1,0,0,1
current,0.66,0.67,302,0,0,0,I,HV,1,0,0,1
current,0.66,0.67,303,0,0,0,I,HV,1,0,0,1
current,0.66,0.67,304,0,0,0,I,HV,1,0,0,1
current,0.66,0.67,305,0,0,0,I,HV,1,0,0,1
current,0.66,0.67,306,0,0,0,I,HV,1,0,0,1
current,0.66,0.67,307,0,0,0,I,HV,1,0,0,1
current,0.66,0.67,308,0,0,0,I,HV,1,0,0,1
current,0.66,0.67,309,0,0,0,I,HV,1,0,0,1
current,0.66,0.67,310,0,0,0,I,HV,1,0,0,1
current,0.66,0.67,311,0,0,0,I,HV,1,0,0,1
current,0.66,0.67,312,0,0,0,I,HV,1,0,0,1
current,0.66,0.67,313,0,0,0,I,HV,1,0,0,1
current,0.66,0.67,314,0,0,0,I,HV,1,0,0,1
current,0.66,0.67,315,0,0,0,I,HV,1,0,0,1
current,0.66,0.67,316,0,0,0,I,HV,1,0,0,1
current,0.66,0.67,317,0,0,0,I,HV,1,0,0,1
current,0.66,0.67,318,0,0,0,I,HV,1,0,0,1
current,0.66,0.67,319,0,0,0,I,HV,1,0,0,1
current,0.66,0.67,320,0,0,0,I,HV,1,0,0,1
current,0.66,0.67,321,0,0,0,I,HV,1,0,0,1
current,0.66,0.67,322,0,0,0,I,HV,1,0,0,1
current,0.66,0.67,323,0,0,0,I,HV,1,0,0,1
current,0.66,0.67,324,0,0,0,I,HV,1,0,0,1
current,0.66,0.67,325,0,0,0,I,HV,1,0,0,1
current,0.66,0.67,326,0,0,0,I,HV,1,0,0,1
current,0.66,0.67,327,0,0,0,I,HV,1,0,0,1
current,0.66,0.67,328,0,-1,1,V-1,HV,1,0,-1,1
current,0.66,0.67,329,0,-1,1,V-1,HV,1,0,-1,1
current,0.66,0.67,330,0,0,0,I,HV,1,0,0,1
current,0.66,0.67,331,0,0,0,I,HV,1,0,0,1
current,0.66,0.67,332,0,0,0,I,HV,1,0,0,1
current,0.66,0.67,333,0,0,0,I,HV,1,0,0,1
current,0.66,0.67,334,0,0,0,I,HV,1,0,0,1
current,0.66,0.67,335,0,0,0,I,HV,1,0,0,1
current,0.66,0.67,336,0,0,0,I,HV,1,0,0,1
current,0.66,0.67,337,0,0,0,I,HV,1,0,0,1
current,0.66,0.67,338,0,0,0,I,HV,1,0,0,1
current,0.66,0.67,339,0,0,0,I,HV,1,0,0,1
current,0.66,0.67,340,0,0,0,I,HV,1,0,0,1
current,0.66,0.67,341,0,0,0,I,HV,1,0,0,1
current,0.66,0.67,342,0,0,0,I,HV,1,0,0,1
current,0.66,0.67,343,0,0,0,I,HV,1,0,0,1
current,0.66,0.67,344,0,0,0,I,HV,1,0,0,1
current,0.66,0.67,345,0,0,0,I,HV,1,0,0,1
current,0.66,0.67,346,0,1,1,V+1,HV,1,0,1,1
current,0.66,0.67,347,0,0,0,I,HV,1,0,0,1
current,0.66,0.67,348,0,1,1,V+1,HV,1,0,1,1
current,0.66,0.67,349,0,0,0,I,HV,1,0,0,1
current,0.66,0.67,350,0,0,0,I,HV,1,0,0,1
current,0.66,0.67,351,0,1,1,V+1,HV,1,0,1,1
current,0.66,0.67,352,0,1,1,V+1,HV,1,0,1,1
current,0.66,0.67,353,0,0,0,I,HV,1,0,0,1
current,0.66,0.67,354,0,0,0,I,HV,1,0,0,1
current,0.66,0.67,355,0,0,0,I,HV,1,0,0,1
current,0.66,0.67,356,0,0,0,I,HV,1,0,0,1
current,0.66,0.67,357,0,0,0,I,HV,1,0,0,1
current,0.66,0.67,358,0,0,0,I,HV,1,0,0,1
current,0.66,0.67,359,0,0,0,I,HV,1,0,0,1
current,0.66,0.67,360,0,0,0,I,HV,1,0,0,1
current,0.66,0.67,361,0,0,0,I,HV,1,0,0,1
current,0.66,0.67,362,0,0,0,I,HV,1,0,0,1
current,0.66,0.67,363,0,0,0,I,HV,1,0,0,1
current,0.66,0.67,364,0,0,0,I,HV,1,0,0,1
current,0.66,0.67,365,0,0,0,I,HV,1,0,0,1
current,0.66,0.67,366,0,0,0,I,HV,1,0,0,1
current,0.66,0.67,367,0,0,0,I,HV,1,0,0,1
current,0.66,0.67,368,0,0,0,I,HV,1,0,0,1
current,0.66,0.67,369,0,0,0,I,HV,1,0,0,1
current,0.66,0.67,370,0,0,0,I,HV,1,0,0,1
current,0.66,0.67,371,0,0,0,I,HV,1,0,0,1
current,0.66,0.67,372,0,0,0,I,HV,1,0,0,1
current,0.66,0.67,373,0,0,0,I,HV,1,0,0,1
current,0.66,0.67,374,0,0,0,I,HV,1,0,0,1
current,0.66,0.67,375,0,0,0,I,HV,1,0,0,1
current,0.66,0.67,376,1,1,2,H+1 V+1,HV,2,1,1,1
current,0.66,0.67,377,1,1,2,H+1 V+1,HV,2,1,1,1
current,0.66,0.67,378,0,1,1,V+1,HV,1,0,1,1
current,0.66,0.67,379,0,0,0,I,HV,1,0,0,1
current,0.66,0.67,380,-1,0,1,H-1,HV,1,-1,0,1
current,0.66,0.67,381,-1,0,1,H-1,HV,1,-1,0,1
current,0.66,0.67,382,-1,0,1,H-1,HV,1,-1,0,1
current,0.66,0.67,383,-1,0,1,H-1,HV,1,-1,0,1
current,0.66,0.67,384,1,0,1,H+1,HV,1,1,0,1
current,0.66,0.67,385,1,1,2,V+1 H+1,VH,1,1,1,2
current,0.66,0.67,386,0,-1,1,V-1,HV,1,0,-1,1
current,0.66,0.67,387,1,-1,2,H+1 V-1,HV,0,1,-1,1
current,0.66,0.67,388,-1,0,1,H-1,HV,1,-1,0,1
current,0.66,0.67,389,-1,0,1,H-1,HV,1,-1,0,1
current,0.66,0.67,390,1,0,1,H+1,HV,1,1,0,1
current,0.66,0.67,391,1,0,1,H+1,HV,1,1,0,1
current,0.66,0.67,392,-1,0,1,H-1,HV,1,-1,0,1
current,0.66,0.67,393,-1,0,1,H-1,HV,1,-1,0,1
current,0.66,0.67,394,1,0,1,H+1,HV,1,1,0,1
current,0.66,0.67,395,1,0,1,H+1,HV,1,1,0,1
current,0.66,0.67,396,-1,0,1,H-1,HV,1,-1,0,1
current,0.66,0.67,397,-1,0,1,H-1,HV,1,-1,0,1
current,0.66,0.67,398,1,-1,2,H+1 V-1,HV,0,1,-1,1
current,0.66,0.67,399,1,-1,2,H+1 V-1,HV,0,1,-1,1
current,0.66,0.67,400,1,-1,2,H+1 V-1,HV,0,1,-1,1
current,0.66,0.67,401,0,-1,1,V-1,HV,1,0,-1,1
current,0.66,0.67,402,1,1,2,V+1 H+1,VH,1,1,1,2
current,0.66,0.67,403,1,0,1,H+1,HV,1,1,0,1
current,0.66,0.67,404,1,-1,2,H+1 V-1,HV,0,1,-1,1
current,0.66,0.67,405,1,-1,2,H+1 V-1,HV,0,1,-1,1
current,0.66,0.67,406,1,0,1,H+1,HV,1,1,0,1
current,0.66,0.67,407,1,0,1,H+1,HV,1,1,0,1
current,0.66,0.67,408,1,0,1,H+1,HV,1,1,0,1
current,0.66,0.67,409,1,0,1,H+1,HV,1,1,0,1
current,0.66,0.67,410,-1,0,1,H-1,HV,1,-1,0,1
current,0.66,0.67,411,-1,0,1,H-1,HV,1,-1,0,1
current,0.66,0.67,412,1,0,1,H+1,HV,1,1,0,1
current,0.66,0.67,413,1,0,1,H+1,HV,1,1,0,1
current,0.66,0.67,414,1,0,1,H+1,HV,1,1,0,1
current,0.66,0.67,415,1,0,1,H+1,HV,1,1,0,1
current,0.66,0.67,416,1,-1,2,H+1 V-1,HV,0,1,-1,1
current,0.66,0.67,417,0,0,0,I,HV,1,0,0,1
current,0.66,0.67,418,0,0,0,I,HV,1,0,0,1
current,0.66,0.67,419,0,0,0,I,HV,1,0,0,1
current,0.66,0.67,420,0,0,0,I,HV,1,0,0,1
current,0.66,0.67,421,0,0,0,I,HV,1,0,0,1
current,0.66,0.67,422,0,0,0,I,HV,1,0,0,1
current,0.66,0.67,423,0,0,0,I,HV,1,0,0,1
current,0.66,0.67,424,0,0,0,I,HV,1,0,0,1
current,0.66,0.67,425,0,0,0,I,HV,1,0,0,1
current,0.66,0.67,426,0,0,0,I,HV,1,0,0,1
current,0.66,0.67,427,0,0,0,I,HV,1,0,0,1
current,0.66,0.67,428,0,0,0,I,HV,1,0,0,1
current,0.66,0.67,429,0,0,0,I,HV,1,0,0,1
current,0.66,0.67,430,0,1,1,V+1,HV,1,0,1,1
current,0.66,0.67,431,0,1,1,V+1,HV,1,0,1,1
current,0.66,0.67,432,0,0,0,I,HV,1,0,0,1
current,0.66,0.67,433,0,0,0,I,HV,1,0,0,1
current,0.66,0.67,434,0,0,0,I,HV,1,0,0,1
current,0.66,0.67,435,0,0,0,I,HV,1,0,0,1
current,0.66,0.67,436,0,0,0,I,HV,1,0,0,1
current,0.66,0.67,437,0,0,0,I,HV,1,0,0,1
current,0.66,0.67,438,0,0,0,I,HV,1,0,0,1
current,0.66,0.67,439,0,0,0,I,HV,1,0,0,1
current,0.66,0.67,440,0,0,0,I,HV,1,0,0,1
current,0.66,0.67,441,0,0,0,I,HV,1,0,0,1
current,0.66,0.67,442,0,0,0,I,HV,1,0,0,1
current,0.66,0.67,443,0,0,0,I,HV,1,0,0,1
current,0.66,0.67,444,0,0,0,I,HV,1,0,0,1
current,0.66,0.67,445,0,0,0,I,HV,1,0,0,1
current,0.66,0.67,446,0,0,0,I,HV,1,0,0,1
current,0.66,0.67,447,0,0,0,I,HV,1,0,0,1
current,0.66,0.67,448,0,0,0,I,HV,1,0,0,1
current,0.66,0.67,449,0,0,0,I,HV,1,0,0,1
current,0.66,0.67,450,0,0,0,I,HV,1,0,0,1
current,0.66,0.67,451,0,0,0,I,HV,1,0,0,1
current,0.66,0.67,452,0,0,0,I,HV,1,0,0,1
current,0.66,0.67,453,0,0,0,I,HV,1,0,0,1
current,0.66,0.67,454,0,0,0,I,HV,1,0,0,1
current,0.66,0.67,455,0,0,0,I,HV,1,0,0,1
current,0.66,0.67,456,0,0,0,I,HV,1,0,0,1
current,0.66,0.67,457,0,0,0,I,HV,1,0,0,1
current,0.66,0.67,458,0,0,0,I,HV,1,0,0,1
current,0.66,0.67,459,0,0,0,I,HV,1,0,0,1
current,0.66,0.67,460,0,0,0,I,HV,1,0,0,1
current,0.66,0.67,461,0,0,0,I,HV,1,0,0,1
current,0.66,0.67,462,0,0,0,I,HV,1,0,0,1
current,0.66,0.67,463,0,0,0,I,HV,1,0,0,1
current,0.66,0.67,464,0,0,0,I,HV,1,0,0,1
current,0.66,0.67,465,0,0,0,I,HV,1,0,0,1
current,0.66,0.67,466,0,0,0,I,HV,1,0,0,1
current,0.66,0.67,467,-1,1,2,V+1 H-1,VH,1,-1,1,0
current,0.66,0.67,468,-1,1,2,V+1 H-1,VH,1,-1,1,0
current,0.66,0.67,469,0,0,0,I,HV,1,0,0,1
current,0.66,0.67,470,0,0,0,I,HV,1,0,0,1
current,0.66,0.67,471,0,0,0,I,HV,1,0,0,1
current,0.66,0.67,472,0,0,0,I,HV,1,0,0,1
current,0.66,0.67,473,0,0,0,I,HV,1,0,0,1
current,0.66,0.67,474,0,0,0,I,HV,1,0,0,1
current,0.66,0.67,475,0,0,0,I,HV,1,0,0,1
current,0.66,0.67,476,0,0,0,I,HV,1,0,0,1
current,0.66,0.67,477,0,0,0,I,HV,1,0,0,1
current,0.66,0.67,478,0,0,0,I,HV,1,0,0,1
current,0.66,0.67,479,0,0,0,I,HV,1,0,0,1
current,0.66,0.67,480,0,0,0,I,HV,1,0,0,1
current,0.66,0.67,481,0,0,0,I,HV,1,0,0,1
current,0.66,0.67,482,0,0,0,I,HV,1,0,0,1
current,0.66,0.67,483,0,0,0,I,HV,1,0,0,1
current,0.66,0.67,484,0,0,0,I,HV,1,0,0,1
current,0.66,0.67,485,0,0,0,I,HV,1,0,0,1
current,0.66,0.67,486,0,1,1,V+1,HV,1,0,1,1
current,0.66,0.67,487,0,1,1,V+1,HV,1,0,1,1
current,0.66,0.67,488,0,0,0,I,HV,1,0,0,1
current,0.66,0.67,489,0,0,0,I,HV,1,0,0,1
current,0.66,0.67,490,0,1,1,V+1,HV,1,0,1,1
current,0.66,0.67,491,0,1,1,V+1,HV,1,0,1,1
current,0.66,0.67,492,0,0,0,I,HV,1,0,0,1
current,0.66,0.67,493,0,0,0,I,HV,1,0,0,1
current,0.66,0.67,494,0,0,0,I,HV,1,0,0,1
current,0.66,0.67,495,0,0,0,I,HV,1,0,0,1
current,0.66,0.67,496,0,0,0,I,HV,1,0,0,1
current,0.66,0.67,497,0,0,0,I,HV,1,0,0,1
current,0.66,0.67,498,0,0,0,I,HV,1,0,0,1
current,0.66,0.67,499,0,0,0,I,HV,1,0,0,1
current,0.66,0.67,500,0,0,0,I,HV,1,0,0,1
current,0.66,0.67,501,0,0,0,I,HV,1,0,0,1
current,0.66,0.67,502,0,0,0,I,HV,1,0,0,1
current,0.66,0.67,503,0,0,0,I,HV,1,0,0,1
current,0.66,0.67,504,0,0,0,I,HV,1,0,0,1
current,0.66,0.67,505,0,0,0,I,HV,1,0,0,1
current,0.66,0.67,506,0,0,0,I,HV,1,0,0,1
current,0.66,0.67,507,0,0,0,I,HV,1,0,0,1
current,0.66,0.67,508,0,0,0,I,HV,1,0,0,1
current,0.66,0.67,509,0,0,0,I,HV,1,0,0,1
current,0.66,0.67,510,0,0,0,I,HV,1,0,0,1
current,0.66,0.67,511,0,0,0,I,HV,1,0,0,1
current,0.66,0.67,512,0,0,0,I,HV,1,0,0,1
current,0.66,0.67,513,0,0,0,I,HV,1,0,0,1
current,0.66,0.67,514,0,0,0,I,HV,1,0,0,1
current,0.66,0.67,515,0,0,0,I,HV,1,0,0,1
current,0.66,0.67,516,0,1,1,V+1,HV,1,0,1,1
current,0.66,0.67,517,2,1,3,H+1 H+1 V+1,HV,3,2,1,1
current,0.66,0.67,518,0,0,0,I,HV,1,0,0,1
current,0.66,0.67,519,0,0,0,I,HV,1,0,0,1
current,0.66,0.67,520,0,0,0,I,HV,1,0,0,1
current,0.66,0.67,521,0,-1,1,V-1,HV,1,0,-1,1
current,0.66,0.67,522,0,-1,1,V-1,HV,1,0,-1,1
current,0.66,0.67,523,0,-1,1,V-1,HV,1,0,-1,1
current,0.66,0.67,524,1,1,2,V+1 H+1,VH,1,1,1,2
current,0.66,0.67,525,1,0,1,H+1,HV,1,1,0,1
current,0.66,0.67,526,1,-1,2,H+1 V-1,HV,0,1,-1,1
current,0.66,0.67,527,1,-1,2,H+1 V-1,HV,0,1,-1,1
current,0.66,0.67,528,-1,0,1,H-1,HV,1,-1,0,1
current,0.66,0.67,529,-1,0,1,H-1,HV,1,-1,0,1
current,0.66,0.67,530,1,0,1,H+1,HV,1,1,0,1
current,0.66,0.67,531,1,0,1,H+1,HV,1,1,0,1
current,0.66,0.67,532,-1,0,1,H-1,HV,1,-1,0,1
current,0.66,0.67,533,-1,0,1,H-1,HV,1,-1,0,1
current,0.66,0.67,534,1,0,1,H+1,HV,1,1,0,1
current,0.66,0.67,535,1,0,1,H+1,HV,1,1,0,1
current,0.66,0.67,536,-1,0,1,H-1,HV,1,-1,0,1
current,0.66,0.67,537,-1,0,1,H-1,HV,1,-1,0,1
current,0.66,0.67,538,1,-1,2,H+1 V-1,HV,0,1,-1,1
current,0.66,0.67,539,1,-1,2,H+1 V-1,HV,0,1,-1,1
current,0.66,0.67,540,0,-1,1,V-1,HV,1,0,-1,1
current,0.66,0.67,541,1,-1,2,H+1 V-1,HV,0,1,-1,1
current,0.66,0.67,542,1,0,1,H+1,HV,1,1,0,1
current,0.66,0.67,543,1,0,1,H+1,HV,1,1,0,1
current,0.66,0.67,544,1,-1,2,H+1 V-1,HV,0,1,-1,1
current,0.66,0.67,545,1,-1,2,H+1 V-1,HV,0,1,-1,1
current,0.66,0.67,546,1,0,1,H+1,HV,1,1,0,1
current,0.66,0.67,547,1,0,1,H+1,HV,1,1,0,1
current,0.66,0.67,548,1,0,1,H+1,HV,1,1,0,1
current,0.66,0.67,549,1,0,1,H+1,HV,1,1,0,1
current,0.66,0.67,550,-1,0,1,H-1,HV,1,-1,0,1
current,0.66,0.67,551,-1,0,1,H-1,HV,1,-1,0,1
current,0.66,0.67,552,1,0,1,H+1,HV,1,1,0,1
current,0.66,0.67,553,1,0,1,H+1,HV,1,1,0,1
current,0.66,0.67,554,1,0,1,H+1,HV,1,1,0,1
current,0.66,0.67,555,0,0,0,I,HV,1,0,0,1
current,0.66,0.67,556,0,0,0,I,HV,1,0,0,1
current,0.66,0.67,557,0,0,0,I,HV,1,0,0,1
current,0.66,0.67,558,0,0,0,I,HV,1,0,0,1
current,0.66,0.67,559,0,0,0,I,HV,1,0,0,1
current,0.66,0.67,560,0,0,0,I,HV,1,0,0,1
current,0.66,0.67,561,0,0,0,I,HV,1,0,0,1
current,0.66,0.67,562,0,0,0,I,HV,1,0,0,1
current,0.66,0.67,563,0,0,0,I,HV,1,0,0,1
current,0.66,0.67,564,0,0,0,I,HV,1,0,0,1
current,0.66,0.67,565,0,0,0,I,HV,1,0,0,1
current,0.66,0.67,566,0,0,0,I,HV,1,0,0,1
current,0.66,0.67,567,0,0,0,I,HV,1,0,0,1
current,0.66,0.67,568,0,0,0,I,HV,1,0,0,1
current,0.66,0.67,569,0,1,1,V+1,HV,1,0,1,1
current,0.66,0.67,570,0,1,1,V+1,HV,1,0,1,1
current,0.66,0.67,571,0,0,0,I,HV,1,0,0,1
current,0.66,0.67,572,0,0,0,I,HV,1,0,0,1
current,0.66,0.67,573,0,0,0,I,HV,1,0,0,1
current,0.66,0.67,574,0,0,0,I,HV,1,0,0,1
current,0.66,0.67,575,0,0,0,I,HV,1,0,0,1
current,0.66,0.67,576,0,0,0,I,HV,1,0,0,1
current,0.66,0.67,577,0,0,0,I,HV,1,0,0,1
current,0.66,0.67,578,0,0,0,I,HV,1,0,0,1
current,0.66,0.67,579,0,0,0,I,HV,1,0,0,1
current,0.66,0.67,580,0,0,0,I,HV,1,0,0,1
current,0.66,0.67,581,0,0,0,I,HV,1,0,0,1
current,0.66,0.67,582,0,0,0,I,HV,1,0,0,1
current,0.66,0.67,583,0,0,0,I,HV,1,0,0,1
current,0.66,0.67,584,0,0,0,I,HV,1,0,0,1
current,0.66,0.67,585,0,0,0,I,HV,1,0,0,1
current,0.66,0.67,586,0,0,0,I,HV,1,0,0,1
current,0.66,0.67,587,0,0,0,I,HV,1,0,0,1
current,0.66,0.67,588,0,0,0,I,HV,1,0,0,1
current,0.66,0.67,589,0,0,0,I,HV,1,0,0,1
current,0.66,0.67,590,0,0,0,I,HV,1,0,0,1
current,0.66,0.67,591,0,0,0,I,HV,1,0,0,1
current,0.66,0.67,592,0,0,0,I,HV,1,0,0,1
current,0.66,0.67,593,0,0,0,I,HV,1,0,0,1
current,0.66,0.67,594,0,0,0,I,HV,1,0,0,1
current,0.66,0.67,595,0,0,0,I,HV,1,0,0,1
current,0.66,0.67,596,0,0,0,I,HV,1,0,0,1
current,0.66,0.67,597,0,0,0,I,HV,1,0,0,1
current,0.66,0.67,598,0,0,0,I,HV,1,0,0,1
current,0.66,0.67,599,0,0,0,I,HV,1,0,0,1
current,0.66,0.67,600,0,0,0,I,HV,1,0,0,1
current,0.66,0.67,601,0,0,0,I,HV,1,0,0,1
current,0.66,0.67,602,0,0,0,I,HV,1,0,0,1
current,0.66,0.67,603,0,0,0,I,HV,1,0,0,1
current,0.66,0.67,604,0,0,0,I,HV,1,0,0,1
current,0.66,0.67,605,0,0,0,I,HV,1,0,0,1
current,0.66,0.67,606,0,-1,1,V-1,HV,1,0,-1,1
current,0.66,0.67,607,0,-1,1,V-1,HV,1,0,-1,1
current,0.66,0.67,608,0,0,0,I,HV,1,0,0,1
current,0.66,0.67,609,0,0,0,I,HV,1,0,0,1
current,0.66,0.67,610,0,0,0,I,HV,1,0,0,1
current,0.66,0.67,611,0,0,0,I,HV,1,0,0,1
current,0.66,0.67,612,0,0,0,I,HV,1,0,0,1
current,0.66,0.67,613,0,0,0,I,HV,1,0,0,1
current,0.66,0.67,614,0,0,0,I,HV,1,0,0,1
current,0.66,0.67,615,0,0,0,I,HV,1,0,0,1
current,0.66,0.67,616,0,0,0,I,HV,1,0,0,1
current,0.66,0.67,617,0,0,0,I,HV,1,0,0,1
current,0.66,0.67,618,0,0,0,I,HV,1,0,0,1
current,0.66,0.67,619,0,0,0,I,HV,1,0,0,1
current,0.66,0.67,620,0,0,0,I,HV,1,0,0,1
current,0.66,0.67,621,0,0,0,I,HV,1,0,0,1
current,0.66,0.67,622,0,0,0,I,HV,1,0,0,1
current,0.66,0.67,623,0,0,0,I,HV,1,0,0,1
current,0.66,0.67,624,0,0,0,I,HV,1,0,0,1
current,0.66,0.67,625,0,0,0,I,HV,1,0,0,1
current,0.66,0.67,626,0,1,1,V+1,HV,1,0,1,1
current,0.66,0.67,627,0,1,1,V+1,HV,1,0,1,1
current,0.66,0.67,628,0,0,0,I,HV,1,0,0,1
current,0.66,0.67,629,0,0,0,I,HV,1,0,0,1
current,0.66,0.67,630,0,1,1,V+1,HV,1,0,1,1
current,0.66,0.67,631,0,1,1,V+1,HV,1,0,1,1
current,0.66,0.67,632,0,0,0,I,HV,1,0,0,1
current,0.66,0.67,633,0,0,0,I,HV,1,0,0,1
current,0.66,0.67,634,0,0,0,I,HV,1,0,0,1
current,0.66,0.67,635,0,0,0,I,HV,1,0,0,1
current,0.66,0.67,636,0,0,0,I,HV,1,0,0,1
current,0.66,0.67,637,0,0,0,I,HV,1,0,0,1
current,0.66,0.67,638,0,0,0,I,HV,1,0,0,1
current,0.66,0.67,639,0,0,0,I,HV,1,0,0,1
current,0.66,0.67,640,0,0,0,I,HV,1,0,0,1
current,0.66,0.67,641,0,0,0,I,HV,1,0,0,1
current,0.66,0.67,642,0,0,0,I,HV,1,0,0,1
current,0.66,0.67,643,0,0,0,I,HV,1,0,0,1
current,0.66,0.67,644,0,0,0,I,HV,1,0,0,1
current,0.66,0.67,645,0,0,0,I,HV,1,0,0,1
current,0.66,0.67,646,0,0,0,I,HV,1,0,0,1
current,0.66,0.67,647,0,0,0,I,HV,1,0,0,1
current,0.66,0.67,648,0,0,0,I,HV,1,0,0,1
current,0.66,0.67,649,0,0,0,I,HV,1,0,0,1
current,0.66,0.67,650,0,0,0,I,HV,1,0,0,1
current,0.66,0.67,651,0,0,0,I,HV,1,0,0,1
current,0.66,0.67,652,0,0,0,I,HV,1,0,0,1
current,0.66,0.67,653,0,0,0,I,HV,1,0,0,1
current,0.66,0.67,654,0,0,0,I,HV,1,0,0,1
current,0.66,0.67,655,0,0,0,I,HV,1,0,0,1
current,0.66,0.67,656,1,0,1,H+1,HV,1,1,0,1
current,0.66,0.67,657,1,0,1,H+1,HV,1,1,0,1
current,0.66,0.67,658,1,0,1,H+1,HV,1,1,0,1
current,0.66,0.67,659,0,1,1,V+1,HV,1,0,1,1
current,0.66,0.67,660,1,0,1,H+1,HV,1,1,0,1
current,0.66,0.67,661,0,0,0,I,HV,1,0,0,1
current,0.66,0.67,662,-1,0,1,H-1,HV,1,-1,0,1
current,0.66,0.67,663,-1,0,1,H-1,HV,1,-1,0,1
current,0.66,0.67,664,1,0,1,H+1,HV,1,1,0,1
current,0.66,0.67,665,1,0,1,H+1,HV,1,1,0,1
current,0.66,0.67,666,1,-1,2,H+1 V-1,HV,0,1,-1,1
current,0.66,0.67,667,1,-1,2,H+1 V-1,HV,0,1,-1,1
current,0.66,0.67,668,-1,0,1,H-1,HV,1,-1,0,1
current,0.66,0.67,669,-1,0,1,H-1,HV,1,-1,0,1
current,0.66,0.67,670,1,0,1,H+1,HV,1,1,0,1
current,0.66,0.67,671,1,0,1,H+1,HV,1,1,0,1
current,0.66,0.67,672,-1,0,1,H-1,HV,1,-1,0,1
current,0.66,0.67,673,-1,0,1,H-1,HV,1,-1,0,1
current,0.66,0.67,674,1,0,1,H+1,HV,1,1,0,1
current,0.66,0.67,675,1,0,1,H+1,HV,1,1,0,1
current,0.66,0.67,676,-1,0,1,H-1,HV,1,-1,0,1
current,0.66,0.67,677,-1,0,1,H-1,HV,1,-1,0,1
current,0.66,0.67,678,0,-1,3,H+1 V-1 H-1,longer_word,0,1,-1,2
current,0.66,0.67,679,0,-1,3,H+1 V-1 H-1,longer_word,0,1,-1,2
current,0.66,0.67,680,1,-1,2,H+1 V-1,HV,0,1,-1,1
current,0.66,0.67,681,1,-1,2,H+1 V-1,HV,0,1,-1,1
current,0.66,0.67,682,1,0,1,H+1,HV,1,1,0,1
current,0.66,0.67,683,1,0,1,H+1,HV,1,1,0,1
current,0.66,0.67,684,1,-1,2,H+1 V-1,HV,0,1,-1,1
current,0.66,0.67,685,1,-1,2,H+1 V-1,HV,0,1,-1,1
current,0.66,0.67,686,1,0,1,H+1,HV,1,1,0,1
current,0.66,0.67,687,1,0,1,H+1,HV,1,1,0,1
current,0.66,0.67,688,1,0,1,H+1,HV,1,1,0,1
current,0.66,0.67,689,1,0,1,H+1,HV,1,1,0,1
current,0.66,0.67,690,-1,0,1,H-1,HV,1,-1,0,1
current,0.66,0.67,691,-1,0,1,H-1,HV,1,-1,0,1
current,0.66,0.67,692,1,0,1,H+1,HV,1,1,0,1
current,0.66,0.67,693,1,0,1,H+1,HV,1,1,0,1
current,0.66,0.67,694,-1,0,1,H-1,HV,1,-1,0,1
current,0.66,0.67,695,1,0,1,H+1,HV,1,1,0,1
current,0.66,0.67,696,0,0,0,I,HV,1,0,0,1
current,0.66,0.67,697,0,0,0,I,HV,1,0,0,1
current,0.66,0.67,698,0,0,0,I,HV,1,0,0,1
current,0.66,0.67,699,0,0,0,I,HV,1,0,0,1
current,0.66,0.67,700,0,0,0,I,HV,1,0,0,1
current,0.66,0.67,701,0,0,0,I,HV,1,0,0,1
current,0.66,0.67,702,0,0,0,I,HV,1,0,0,1
current,0.66,0.67,703,0,0,0,I,HV,1,0,0,1
current,0.66,0.67,704,0,0,0,I,HV,1,0,0,1
current,0.66,0.67,705,0,0,0,I,HV,1,0,0,1
current,0.66,0.67,706,0,0,0,I,HV,1,0,0,1
current,0.66,0.67,707,0,0,0,I,HV,1,0,0,1
current,0.66,0.67,708,0,1,1,V+1,HV,1,0,1,1
current,0.66,0.67,709,0,1,1,V+1,HV,1,0,1,1
current,0.66,0.67,710,0,0,0,I,HV,1,0,0,1
current,0.66,0.67,711,0,0,0,I,HV,1,0,0,1
current,0.66,0.67,712,0,0,0,I,HV,1,0,0,1
current,0.66,0.67,713,0,0,0,I,HV,1,0,0,1
current,0.66,0.67,714,0,0,0,I,HV,1,0,0,1
current,0.66,0.67,715,0,0,0,I,HV,1,0,0,1
current,0.66,0.67,716,0,0,0,I,HV,1,0,0,1
current,0.66,0.67,717,0,0,0,I,HV,1,0,0,1
current,0.66,0.67,718,0,0,0,I,HV,1,0,0,1
current,0.66,0.67,719,0,0,0,I,HV,1,0,0,1
current,0.66,0.67,720,0,0,0,I,HV,1,0,0,1
current,0.66,0.67,721,0,0,0,I,HV,1,0,0,1
current,0.66,0.67,722,0,0,0,I,HV,1,0,0,1
current,0.66,0.67,723,0,0,0,I,HV,1,0,0,1
current,0.66,0.67,724,0,0,0,I,HV,1,0,0,1
current,0.66,0.67,725,0,0,0,I,HV,1,0,0,1
current,0.66,0.67,726,0,0,0,I,HV,1,0,0,1
current,0.66,0.67,727,0,0,0,I,HV,1,0,0,1
current,0.66,0.67,728,0,0,0,I,HV,1,0,0,1
current,0.66,0.67,729,0,0,0,I,HV,1,0,0,1
current,0.66,0.67,730,0,0,0,I,HV,1,0,0,1
current,0.66,0.67,731,0,0,0,I,HV,1,0,0,1
current,0.66,0.67,732,0,0,0,I,HV,1,0,0,1
current,0.66,0.67,733,0,0,0,I,HV,1,0,0,1
current,0.66,0.67,734,0,0,0,I,HV,1,0,0,1
current,0.66,0.67,735,0,0,0,I,HV,1,0,0,1
current,0.66,0.67,736,0,0,0,I,HV,1,0,0,1
current,0.66,0.67,737,0,0,0,I,HV,1,0,0,1
current,0.66,0.67,738,0,0,0,I,HV,1,0,0,1
current,0.66,0.67,739,0,0,0,I,HV,1,0,0,1
current,0.66,0.67,740,0,0,0,I,HV,1,0,0,1
current,0.66,0.67,741,0,0,0,I,HV,1,0,0,1
current,0.66,0.67,742,0,0,0,I,HV,1,0,0,1
current,0.66,0.67,743,0,0,0,I,HV,1,0,0,1
current,0.66,0.67,744,0,0,0,I,HV,1,0,0,1
current,0.66,0.67,745,0,0,0,I,HV,1,0,0,1
current,0.66,0.67,746,0,-1,1,V-1,HV,1,0,-1,1
current,0.66,0.67,747,0,-1,1,V-1,HV,1,0,-1,1
current,0.66,0.67,748,0,0,0,I,HV,1,0,0,1
current,0.66,0.67,749,0,0,0,I,HV,1,0,0,1
current,0.66,0.67,750,0,0,0,I,HV,1,0,0,1
current,0.66,0.67,751,0,0,0,I,HV,1,0,0,1
current,0.66,0.67,752,0,0,0,I,HV,1,0,0,1
current,0.66,0.67,753,0,0,0,I,HV,1,0,0,1
current,0.66,0.67,754,0,0,0,I,HV,1,0,0,1
current,0.66,0.67,755,0,0,0,I,HV,1,0,0,1
current,0.66,0.67,756,0,0,0,I,HV,1,0,0,1
current,0.66,0.67,757,0,0,0,I,HV,1,0,0,1
current,0.66,0.67,758,0,0,0,I,HV,1,0,0,1
current,0.66,0.67,759,0,0,0,I,HV,1,0,0,1
current,0.66,0.67,760,0,0,0,I,HV,1,0,0,1
current,0.66,0.67,761,0,0,0,I,HV,1,0,0,1
current,0.66,0.67,762,0,0,0,I,HV,1,0,0,1
current,0.66,0.67,763,0,0,0,I,HV,1,0,0,1
current,0.66,0.67,764,0,0,0,I,HV,1,0,0,1
current,0.66,0.67,765,0,0,0,I,HV,1,0,0,1
current,0.66,0.67,766,0,1,1,V+1,HV,1,0,1,1
current,0.66,0.67,767,0,1,1,V+1,HV,1,0,1,1
current,0.66,0.67,768,0,0,0,I,HV,1,0,0,1
current,0.66,0.67,769,0,0,0,I,HV,1,0,0,1
current,0.66,0.67,770,0,1,1,V+1,HV,1,0,1,1
current,0.66,0.67,771,0,1,1,V+1,HV,1,0,1,1
current,0.66,0.67,772,0,0,0,I,HV,1,0,0,1
current,0.66,0.67,773,0,0,0,I,HV,1,0,0,1
current,0.66,0.67,774,0,0,0,I,HV,1,0,0,1
current,0.66,0.67,775,0,0,0,I,HV,1,0,0,1
current,0.66,0.67,776,0,0,0,I,HV,1,0,0,1
current,0.66,0.67,777,0,0,0,I,HV,1,0,0,1
current,0.66,0.67,778,0,0,0,I,HV,1,0,0,1
current,0.66,0.67,779,0,0,0,I,HV,1,0,0,1
current,0.66,0.67,780,0,0,0,I,HV,1,0,0,1
current,0.66,0.67,781,0,0,0,I,HV,1,0,0,1
current,0.66,0.67,782,0,0,0,I,HV,1,0,0,1
current,0.66,0.67,783,0,0,0,I,HV,1,0,0,1
current,0.66,0.67,784,0,0,0,I,HV,1,0,0,1
current,0.66,0.67,785,0,0,0,I,HV,1,0,0,1
current,0.66,0.67,786,0,0,0,I,HV,1,0,0,1
current,0.66,0.67,787,0,0,0,I,HV,1,0,0,1
current,0.66,0.67,788,0,0,0,I,HV,1,0,0,1
current,0.66,0.67,789,0,0,0,I,HV,1,0,0,1
current,0.66,0.67,790,0,0,0,I,HV,1,0,0,1
current,0.66,0.67,791,0,0,0,I,HV,1,0,0,1
current,0.66,0.67,792,0,0,0,I,HV,1,0,0,1
current,0.66,0.67,793,0,0,0,I,HV,1,0,0,1
current,0.66,0.67,794,0,0,0,I,HV,1,0,0,1
current,0.66,0.67,795,2,0,2,H+1 H+1,HV,1,2,0,1
current,0.66,0.67,796,2,1,3,H+1 V+1 H+1,longer_word,2,3,1,2
current,0.66,0.67,797,0,1,1,V+1,HV,1,0,1,1
current,0.66,0.67,798,1,0,1,H+1,HV,1,1,0,1
current,0.66,0.67,799,1,0,1,H+1,HV,1,1,0,1
current,0.66,0.67,800,1,0,1,H+1,HV,1,1,0,1
current,0.66,0.67,801,1,0,1,H+1,HV,1,1,0,1
current,0.66,0.67,802,-1,0,1,H-1,HV,1,-1,0,1
current,0.66,0.67,803,-1,0,1,H-1,HV,1,-1,0,1
current,0.66,0.67,804,1,0,1,H+1,HV,1,1,0,1
current,0.66,0.67,805,1,0,1,H+1,HV,1,1,0,1
current,0.66,0.67,806,1,-1,2,H+1 V-1,HV,0,1,-1,1
current,0.66,0.67,807,1,-1,2,H+1 V-1,HV,0,1,-1,1
current,0.66,0.67,808,-1,0,1,H-1,HV,1,-1,0,1
current,0.66,0.67,809,-1,0,1,H-1,HV,1,-1,0,1
current,0.66,0.67,810,1,0,1,H+1,HV,1,1,0,1
current,0.66,0.67,811,1,0,1,H+1,HV,1,1,0,1
current,0.66,0.67,812,-1,0,1,H-1,HV,1,-1,0,1
current,0.66,0.67,813,-1,0,1,H-1,HV,1,-1,0,1
current,0.66,0.67,814,1,0,1,H+1,HV,1,1,0,1
current,0.66,0.67,815,1,1,2,V+1 H+1,VH,1,1,1,2
current,0.66,0.67,816,0,-1,1,V-1,HV,1,0,-1,1
current,0.66,0.67,817,0,-1,1,V-1,HV,1,0,-1,1
current,0.66,0.67,818,1,-1,2,H+1 V-1,HV,0,1,-1,1
current,0.66,0.67,819,1,-1,2,H+1 V-1,HV,0,1,-1,1
current,0.66,0.67,820,1,-1,2,H+1 V-1,HV,0,1,-1,1
current,0.66,0.67,821,1,-1,2,H+1 V-1,HV,0,1,-1,1
current,0.66,0.67,822,1,0,1,H+1,HV,1,1,0,1
current,0.66,0.67,823,1,0,1,H+1,HV,1,1,0,1
current,0.66,0.67,824,1,-1,2,H+1 V-1,HV,0,1,-1,1
current,0.66,0.67,825,1,-1,2,H+1 V-1,HV,0,1,-1,1
current,0.66,0.67,826,1,0,1,H+1,HV,1,1,0,1
current,0.66,0.67,827,1,0,1,H+1,HV,1,1,0,1
current,0.66,0.67,828,1,0,1,H+1,HV,1,1,0,1
current,0.66,0.67,829,1,0,1,H+1,HV,1,1,0,1
current,0.66,0.67,830,-1,0,1,H-1,HV,1,-1,0,1
current,0.66,0.67,831,-1,0,1,H-1,HV,1,-1,0,1
current,0.66,0.67,832,1,0,1,H+1,HV,1,1,0,1
current,0.66,0.67,833,0,0,0,I,HV,1,0,0,1
current,0.66,0.67,834,0,0,0,I,HV,1,0,0,1
current,0.66,0.67,835,0,0,0,I,HV,1,0,0,1
current,0.66,0.67,836,0,0,0,I,HV,1,0,0,1
current,0.66,0.67,837,0,0,0,I,HV,1,0,0,1
current,0.66,0.67,838,0,0,0,I,HV,1,0,0,1
current,0.66,0.67,839,0,0,0,I,HV,1,0,0,1
current,0.66,0.67,840,0,0,0,I,HV,1,0,0,1
current,0.66,0.67,841,0,0,0,I,HV,1,0,0,1
current,0.66,0.67,842,0,0,0,I,HV,1,0,0,1
current,0.66,0.67,843,0,0,0,I,HV,1,0,0,1
current,0.66,0.67,844,0,0,0,I,HV,1,0,0,1
current,0.66,0.67,845,0,0,0,I,HV,1,0,0,1
current,0.66,0.67,846,0,0,0,I,HV,1,0,0,1
current,0.66,0.67,847,0,0,0,I,HV,1,0,0,1
current,0.66,0.67,848,-1,0,1,H-1,HV,1,-1,0,1
current,0.66,0.67,849,0,1,1,V+1,HV,1,0,1,1
current,0.66,0.67,850,0,0,0,I,HV,1,0,0,1
current,0.66,0.67,851,0,0,0,I,HV,1,0,0,1
current,0.66,0.67,852,0,0,0,I,HV,1,0,0,1
current,0.66,0.67,853,0,0,0,I,HV,1,0,0,1
current,0.66,0.67,854,0,0,0,I,HV,1,0,0,1
current,0.66,0.67,855,0,0,0,I,HV,1,0,0,1
current,0.66,0.67,856,0,0,0,I,HV,1,0,0,1
current,0.66,0.67,857,0,0,0,I,HV,1,0,0,1
current,0.66,0.67,858,0,0,0,I,HV,1,0,0,1
current,0.66,0.67,859,0,0,0,I,HV,1,0,0,1
current,0.66,0.67,860,0,0,0,I,HV,1,0,0,1
current,0.66,0.67,861,0,0,0,I,HV,1,0,0,1
current,0.66,0.67,862,0,0,0,I,HV,1,0,0,1
current,0.66,0.67,863,0,0,0,I,HV,1,0,0,1
current,0.66,0.67,864,0,0,0,I,HV,1,0,0,1
current,0.66,0.67,865,0,0,0,I,HV,1,0,0,1
current,0.66,0.67,866,0,0,0,I,HV,1,0,0,1
current,0.66,0.67,867,0,0,0,I,HV,1,0,0,1
current,0.66,0.67,868,0,0,0,I,HV,1,0,0,1
current,0.66,0.67,869,0,0,0,I,HV,1,0,0,1
current,0.66,0.67,870,0,0,0,I,HV,1,0,0,1
current,0.66,0.67,871,0,0,0,I,HV,1,0,0,1
current,0.66,0.67,872,0,0,0,I,HV,1,0,0,1
current,0.66,0.67,873,0,0,0,I,HV,1,0,0,1
current,0.66,0.67,874,0,0,0,I,HV,1,0,0,1
current,0.66,0.67,875,0,0,0,I,HV,1,0,0,1
current,0.66,0.67,876,0,0,0,I,HV,1,0,0,1
current,0.66,0.67,877,0,0,0,I,HV,1,0,0,1
current,0.66,0.67,878,0,0,0,I,HV,1,0,0,1
current,0.66,0.67,879,0,0,0,I,HV,1,0,0,1
current,0.66,0.67,880,0,0,0,I,HV,1,0,0,1
current,0.66,0.67,881,0,0,0,I,HV,1,0,0,1
current,0.66,0.67,882,0,0,0,I,HV,1,0,0,1
current,0.66,0.67,883,0,0,0,I,HV,1,0,0,1
current,0.66,0.67,884,0,0,0,I,HV,1,0,0,1
current,0.66,0.67,885,0,0,0,I,HV,1,0,0,1
current,0.66,0.67,886,0,-1,1,V-1,HV,1,0,-1,1
current,0.66,0.67,887,0,-1,1,V-1,HV,1,0,-1,1
current,0.66,0.67,888,0,0,0,I,HV,1,0,0,1
current,0.66,0.67,889,0,0,0,I,HV,1,0,0,1
current,0.66,0.67,890,0,0,0,I,HV,1,0,0,1
current,0.66,0.67,891,0,0,0,I,HV,1,0,0,1
current,0.66,0.67,892,0,0,0,I,HV,1,0,0,1
current,0.66,0.67,893,0,0,0,I,HV,1,0,0,1
current,0.66,0.67,894,0,0,0,I,HV,1,0,0,1
current,0.66,0.67,895,0,0,0,I,HV,1,0,0,1
current,0.66,0.67,896,0,0,0,I,HV,1,0,0,1
current,0.66,0.67,897,0,0,0,I,HV,1,0,0,1
current,0.66,0.67,898,0,0,0,I,HV,1,0,0,1
current,0.66,0.67,899,0,0,0,I,HV,1,0,0,1
current,0.66,0.67,900,0,0,0,I,HV,1,0,0,1
current,0.66,0.67,901,0,0,0,I,HV,1,0,0,1
current,0.66,0.67,902,0,0,0,I,HV,1,0,0,1
current,0.66,0.67,903,0,0,0,I,HV,1,0,0,1
current,0.66,0.67,904,0,0,0,I,HV,1,0,0,1
current,0.66,0.67,905,0,0,0,I,HV,1,0,0,1
current,0.66,0.67,906,0,1,1,V+1,HV,1,0,1,1
current,0.66,0.67,907,0,1,1,V+1,HV,1,0,1,1
current,0.66,0.67,908,0,0,0,I,HV,1,0,0,1
current,0.66,0.67,909,0,0,0,I,HV,1,0,0,1
current,0.66,0.67,910,0,1,1,V+1,HV,1,0,1,1
current,0.66,0.67,911,0,1,1,V+1,HV,1,0,1,1
current,0.66,0.67,912,0,0,0,I,HV,1,0,0,1
current,0.66,0.67,913,0,0,0,I,HV,1,0,0,1
current,0.66,0.67,914,0,0,0,I,HV,1,0,0,1
current,0.66,0.67,915,0,0,0,I,HV,1,0,0,1
current,0.66,0.67,916,0,0,0,I,HV,1,0,0,1
current,0.66,0.67,917,0,0,0,I,HV,1,0,0,1
current,0.66,0.67,918,0,0,0,I,HV,1,0,0,1
current,0.66,0.67,919,0,0,0,I,HV,1,0,0,1
current,0.66,0.67,920,0,0,0,I,HV,1,0,0,1
current,0.66,0.67,921,0,0,0,I,HV,1,0,0,1
current,0.66,0.67,922,0,0,0,I,HV,1,0,0,1
current,0.66,0.67,923,0,0,0,I,HV,1,0,0,1
current,0.66,0.67,924,0,0,0,I,HV,1,0,0,1
current,0.66,0.67,925,0,0,0,I,HV,1,0,0,1
current,0.66,0.67,926,0,0,0,I,HV,1,0,0,1
current,0.66,0.67,927,0,0,0,I,HV,1,0,0,1
current,0.66,0.67,928,0,0,0,I,HV,1,0,0,1
current,0.66,0.67,929,0,0,0,I,HV,1,0,0,1
current,0.66,0.67,930,0,0,0,I,HV,1,0,0,1
current,0.66,0.67,931,0,0,0,I,HV,1,0,0,1
current,0.66,0.67,932,0,0,0,I,HV,1,0,0,1
current,0.66,0.67,933,0,0,0,I,HV,1,0,0,1
current,0.66,0.67,934,1,0,1,H+1,HV,1,1,0,1
current,0.66,0.67,935,1,0,1,H+1,HV,1,1,0,1
current,0.66,0.67,936,1,0,1,H+1,HV,1,1,0,1
current,0.66,0.67,937,1,0,1,H+1,HV,1,1,0,1
current,0.66,0.67,938,1,0,1,H+1,HV,1,1,0,1
current,0.66,0.67,939,1,0,1,H+1,HV,1,1,0,1
current,0.66,0.67,940,1,0,1,H+1,HV,1,1,0,1
current,0.66,0.67,941,-1,0,1,H-1,HV,1,-1,0,1
current,0.66,0.67,942,-1,0,1,H-1,HV,1,-1,0,1
current,0.66,0.67,943,1,0,1,H+1,HV,1,1,0,1
current,0.66,0.67,944,1,0,1,H+1,HV,1,1,0,1
current,0.66,0.67,945,1,-1,2,H+1 V-1,HV,0,1,-1,1
current,0.66,0.67,946,1,-1,2,H+1 V-1,HV,0,1,-1,1
current,0.66,0.67,947,-1,0,1,H-1,HV,1,-1,0,1
current,0.66,0.67,948,-1,0,1,H-1,HV,1,-1,0,1
current,0.66,0.67,949,1,0,1,H+1,HV,1,1,0,1
current,0.66,0.67,950,1,0,1,H+1,HV,1,1,0,1
current,0.66,0.67,951,-1,0,1,H-1,HV,1,-1,0,1
current,0.66,0.67,952,-1,0,1,H-1,HV,1,-1,0,1
current,0.66,0.67,953,-1,1,2,V+1 H-1,VH,1,-1,1,0
current,0.66,0.67,954,-1,2,3,V+1 V+1 H-1,VH,1,-1,2,-1
current,0.66,0.67,955,-1,0,1,H-1,HV,1,-1,0,1
current,0.66,0.67,956,-1,0,1,H-1,HV,1,-1,0,1
current,0.66,0.67,957,1,-1,2,H+1 V-1,HV,0,1,-1,1
current,0.66,0.67,958,1,-1,2,H+1 V-1,HV,0,1,-1,1
current,0.66,0.67,959,-1,0,1,H-1,HV,1,-1,0,1
current,0.66,0.67,960,0,1,1,V+1,HV,1,0,1,1
current,0.66,0.67,961,1,0,1,H+1,HV,1,1,0,1
current,0.66,0.67,962,1,0,1,H+1,HV,1,1,0,1
current,0.66,0.67,963,0,1,1,V+1,HV,1,0,1,1
current,0.66,0.67,964,0,1,1,V+1,HV,1,0,1,1
current,0.66,0.67,965,1,0,1,H+1,HV,1,1,0,1
current,0.66,0.67,966,1,0,1,H+1,HV,1,1,0,1
current,0.66,0.67,967,1,0,1,H+1,HV,1,1,0,1
current,0.66,0.67,968,1,0,1,H+1,HV,1,1,0,1
current,0.66,0.67,969,-1,0,1,H-1,HV,1,-1,0,1
current,0.66,0.67,970,-1,0,1,H-1,HV,1,-1,0,1
current,0.66,0.67,971,0,0,0,I,HV,1,0,0,1
current,0.66,0.67,972,0,0,0,I,HV,1,0,0,1
current,0.66,0.67,973,0,0,0,I,HV,1,0,0,1
current,0.66,0.67,974,0,0,0,I,HV,1,0,0,1
current,0.66,0.67,975,0,0,0,I,HV,1,0,0,1
current,0.66,0.67,976,0,0,0,I,HV,1,0,0,1
current,0.66,0.67,977,0,0,0,I,HV,1,0,0,1
current,0.66,0.67,978,0,0,0,I,HV,1,0,0,1
current,0.66,0.67,979,0,0,0,I,HV,1,0,0,1
current,0.66,0.67,980,0,0,0,I,HV,1,0,0,1
current,0.66,0.67,981,0,0,0,I,HV,1,0,0,1
current,0.66,0.67,982,0,0,0,I,HV,1,0,0,1
current,0.66,0.67,983,0,0,0,I,HV,1,0,0,1
current,0.66,0.67,984,0,0,0,I,HV,1,0,0,1
current,0.66,0.67,985,0,0,0,I,HV,1,0,0,1
current,0.66,0.67,986,0,0,0,I,HV,1,0,0,1
current,0.66,0.67,987,0,0,0,I,HV,1,0,0,1
current,0.66,0.67,988,-1,0,1,H-1,HV,1,-1,0,1
current,0.66,0.67,989,0,1,1,V+1,HV,1,0,1,1
current,0.66,0.67,990,0,0,0,I,HV,1,0,0,1
current,0.66,0.67,991,0,0,0,I,HV,1,0,0,1
current,0.66,0.67,992,0,0,0,I,HV,1,0,0,1
current,0.66,0.67,993,0,0,0,I,HV,1,0,0,1
current,0.66,0.67,994,0,0,0,I,HV,1,0,0,1
current,0.66,0.67,995,0,0,0,I,HV,1,0,0,1
current,0.66,0.67,996,0,0,0,I,HV,1,0,0,1
current,0.66,0.67,997,0,0,0,I,HV,1,0,0,1
current,0.66,0.67,998,0,0,0,I,HV,1,0,0,1
current,0.66,0.67,999,0,0,0,I,HV,1,0,0,1
current,0.66,0.67,1000,0,0,0,I,HV,1,0,0,1
current,0.66,0.67,1001,0,0,0,I,HV,1,0,0,1
current,0.66,0.67,1002,0,0,0,I,HV,1,0,0,1
current,0.66,0.67,1003,0,0,0,I,HV,1,0,0,1
current,0.66,0.67,1004,0,0,0,I,HV,1,0,0,1
current,0.66,0.67,1005,0,0,0,I,HV,1,0,0,1
current,0.66,0.67,1006,0,0,0,I,HV,1,0,0,1
current,0.66,0.67,1007,0,0,0,I,HV,1,0,0,1
current,0.66,0.67,1008,0,0,0,I,HV,1,0,0,1
current,0.66,0.67,1009,0,0,0,I,HV,1,0,0,1
current,0.66,0.67,1010,0,0,0,I,HV,1,0,0,1
current,0.66,0.67,1011,0,0,0,I,HV,1,0,0,1
current,0.66,0.67,1012,0,0,0,I,HV,1,0,0,1
current,0.66,0.67,1013,0,0,0,I,HV,1,0,0,1
current,0.66,0.67,1014,0,0,0,I,HV,1,0,0,1
current,0.66,0.67,1015,0,0,0,I,HV,1,0,0,1
current,0.66,0.67,1016,0,0,0,I,HV,1,0,0,1
current,0.66,0.67,1017,0,0,0,I,HV,1,0,0,1
current,0.66,0.67,1018,0,0,0,I,HV,1,0,0,1
current,0.66,0.67,1019,0,0,0,I,HV,1,0,0,1
current,0.66,0.67,1020,0,0,0,I,HV,1,0,0,1
current,0.66,0.67,1021,0,0,0,I,HV,1,0,0,1
current,0.66,0.67,1022,0,0,0,I,HV,1,0,0,1
current,0.66,0.67,1023,0,0,0,I,HV,1,0,0,1
current,0.66,0.67,1024,0,0,0,I,HV,1,0,0,1
current,0.66,0.67,1025,0,0,0,I,HV,1,0,0,1
current,0.66,0.67,1026,0,-1,1,V-1,HV,1,0,-1,1
current,0.66,0.67,1027,0,-1,1,V-1,HV,1,0,-1,1
current,0.66,0.67,1028,0,0,0,I,HV,1,0,0,1
current,0.66,0.67,1029,0,0,0,I,HV,1,0,0,1
current,0.66,0.67,1030,0,0,0,I,HV,1,0,0,1
current,0.66,0.67,1031,0,0,0,I,HV,1,0,0,1
current,0.66,0.67,1032,0,0,0,I,HV,1,0,0,1
current,0.66,0.67,1033,0,0,0,I,HV,1,0,0,1
current,0.66,0.67,1034,0,0,0,I,HV,1,0,0,1
current,0.66,0.67,1035,0,0,0,I,HV,1,0,0,1
current,0.66,0.67,1036,0,0,0,I,HV,1,0,0,1
current,0.66,0.67,1037,0,0,0,I,HV,1,0,0,1
current,0.66,0.67,1038,0,0,0,I,HV,1,0,0,1
current,0.66,0.67,1039,0,0,0,I,HV,1,0,0,1
current,0.66,0.67,1040,0,0,0,I,HV,1,0,0,1
current,0.66,0.67,1041,0,0,0,I,HV,1,0,0,1
current,0.66,0.67,1042,0,0,0,I,HV,1,0,0,1
current,0.66,0.67,1043,0,0,0,I,HV,1,0,0,1
current,0.66,0.67,1044,0,0,0,I,HV,1,0,0,1
current,0.66,0.67,1045,0,0,0,I,HV,1,0,0,1
current,0.66,0.67,1046,0,1,1,V+1,HV,1,0,1,1
current,0.66,0.67,1047,0,1,1,V+1,HV,1,0,1,1
current,0.66,0.67,1048,0,0,0,I,HV,1,0,0,1
current,0.66,0.67,1049,0,0,0,I,HV,1,0,0,1
current,0.66,0.67,1050,0,1,1,V+1,HV,1,0,1,1
current,0.66,0.67,1051,0,1,1,V+1,HV,1,0,1,1
current,0.66,0.67,1052,0,0,0,I,HV,1,0,0,1
current,0.66,0.67,1053,0,0,0,I,HV,1,0,0,1
current,0.66,0.67,1054,0,0,0,I,HV,1,0,0,1
current,0.66,0.67,1055,0,0,0,I,HV,1,0,0,1
current,0.66,0.67,1056,0,0,0,I,HV,1,0,0,1
current,0.66,0.67,1057,0,0,0,I,HV,1,0,0,1
current,0.66,0.67,1058,0,0,0,I,HV,1,0,0,1
current,0.66,0.67,1059,0,0,0,I,HV,1,0,0,1
current,0.66,0.67,1060,0,0,0,I,HV,1,0,0,1
current,0.66,0.67,1061,0,0,0,I,HV,1,0,0,1
current,0.66,0.67,1062,0,0,0,I,HV,1,0,0,1
current,0.66,0.67,1063,0,0,0,I,HV,1,0,0,1
current,0.66,0.67,1064,0,0,0,I,HV,1,0,0,1
current,0.66,0.67,1065,0,0,0,I,HV,1,0,0,1
current,0.66,0.67,1066,0,0,0,I,HV,1,0,0,1
current,0.66,0.67,1067,0,0,0,I,HV,1,0,0,1
current,0.66,0.67,1068,0,0,0,I,HV,1,0,0,1
current,0.66,0.67,1069,0,0,0,I,HV,1,0,0,1
current,0.66,0.67,1070,0,0,0,I,HV,1,0,0,1
current,0.66,0.67,1071,1,-1,2,H+1 V-1,HV,0,1,-1,1
current,0.66,0.67,1072,0,0,0,I,HV,1,0,0,1
current,0.66,0.67,1073,1,0,1,H+1,HV,1,1,0,1
current,0.66,0.67,1074,1,0,1,H+1,HV,1,1,0,1
current,0.66,0.67,1075,1,1,2,V+1 H+1,VH,1,1,1,2
current,0.66,0.67,1076,1,0,1,H+1,HV,1,1,0,1
current,0.66,0.67,1077,1,0,1,H+1,HV,1,1,0,1
current,0.66,0.67,1078,1,0,1,H+1,HV,1,1,0,1
current,0.66,0.67,1079,1,0,1,H+1,HV,1,1,0,1
current,0.66,0.67,1080,1,0,1,H+1,HV,1,1,0,1
current,0.66,0.67,1081,1,-1,2,H+1 V-1,HV,0,1,-1,1
current,0.66,0.67,1082,1,0,1,H+1,HV,1,1,0,1
current,0.66,0.67,1083,1,0,1,H+1,HV,1,1,0,1
current,0.66,0.67,1084,1,-1,2,H+1 V-1,HV,0,1,-1,1
current,0.66,0.67,1085,1,-1,2,H+1 V-1,HV,0,1,-1,1
current,0.66,0.67,1086,-1,0,1,H-1,HV,1,-1,0,1
current,0.66,0.67,1087,-1,0,1,H-1,HV,1,-1,0,1
current,0.66,0.67,1088,1,0,1,H+1,HV,1,1,0,1
current,0.66,0.67,1089,1,1,2,V+1 H+1,VH,1,1,1,2
current,0.66,0.67,1090,0,-1,1,V-1,HV,1,0,-1,1
current,0.66,0.67,1091,0,-1,1,V-1,HV,1,0,-1,1
current,0.66,0.67,1092,0,-1,1,V-1,HV,1,0,-1,1
current,0.66,0.67,1093,0,-1,1,V-1,HV,1,0,-1,1
current,0.66,0.67,1094,-1,0,1,H-1,HV,1,-1,0,1
current,0.66,0.67,1095,-1,0,1,H-1,HV,1,-1,0,1
current,0.66,0.67,1096,1,-1,2,H+1 V-1,HV,0,1,-1,1
current,0.66,0.67,1097,1,-1,2,H+1 V-1,HV,0,1,-1,1
current,0.66,0.67,1098,-1,0,1,H-1,HV,1,-1,0,1
current,0.66,0.67,1099,-1,0,1,H-1,HV,1,-1,0,1
current,0.66,0.67,1100,1,0,1,H+1,HV,1,1,0,1
current,0.66,0.67,1101,1,0,1,H+1,HV,1,1,0,1
current,0.66,0.67,1102,1,-1,2,H+1 V-1,HV,0,1,-1,1
current,0.66,0.67,1103,1,-1,2,H+1 V-1,HV,0,1,-1,1
current,0.66,0.67,1104,1,0,1,H+1,HV,1,1,0,1
current,0.66,0.67,1105,1,0,1,H+1,HV,1,1,0,1
current,0.66,0.67,1106,1,0,1,H+1,HV,1,1,0,1
current,0.66,0.67,1107,1,0,1,H+1,HV,1,1,0,1
current,0.66,0.67,1108,0,-1,1,V-1,HV,1,0,-1,1
current,0.66,0.67,1109,0,-1,1,V-1,HV,1,0,-1,1
current,0.66,0.67,1110,-1,0,1,H-1,HV,1,-1,0,1
current,0.66,0.67,1111,0,0,0,I,HV,1,0,0,1
current,0.66,0.67,1112,0,0,0,I,HV,1,0,0,1
current,0.66,0.67,1113,0,0,0,I,HV,1,0,0,1
current,0.66,0.67,1114,0,0,0,I,HV,1,0,0,1
current,0.66,0.67,1115,0,0,0,I,HV,1,0,0,1
current,0.66,0.67,1116,0,0,0,I,HV,1,0,0,1
current,0.66,0.67,1117,0,0,0,I,HV,1,0,0,1
current,0.66,0.67,1118,0,0,0,I,HV,1,0,0,1
current,0.66,0.67,1119,0,0,0,I,HV,1,0,0,1
current,0.66,0.67,1120,0,0,0,I,HV,1,0,0,1
current,0.66,0.67,1121,0,0,0,I,HV,1,0,0,1
current,0.66,0.67,1122,0,0,0,I,HV,1,0,0,1
current,0.66,0.67,1123,0,0,0,I,HV,1,0,0,1
current,0.66,0.67,1124,0,0,0,I,HV,1,0,0,1
current,0.66,0.67,1125,0,0,0,I,HV,1,0,0,1
current,0.66,0.67,1126,0,0,0,I,HV,1,0,0,1
current,0.66,0.67,1127,0,0,0,I,HV,1,0,0,1
current,0.66,0.67,1128,0,1,1,V+1,HV,1,0,1,1
current,0.66,0.67,1129,0,1,1,V+1,HV,1,0,1,1
current,0.66,0.67,1130,0,0,0,I,HV,1,0,0,1
current,0.66,0.67,1131,0,0,0,I,HV,1,0,0,1
current,0.66,0.67,1132,0,0,0,I,HV,1,0,0,1
current,0.66,0.67,1133,0,0,0,I,HV,1,0,0,1
current,0.66,0.67,1134,0,0,0,I,HV,1,0,0,1
current,0.66,0.67,1135,0,0,0,I,HV,1,0,0,1
current,0.66,0.67,1136,0,0,0,I,HV,1,0,0,1
current,0.66,0.67,1137,0,0,0,I,HV,1,0,0,1
current,0.66,0.67,1138,0,0,0,I,HV,1,0,0,1
current,0.66,0.67,1139,0,0,0,I,HV,1,0,0,1
current,0.66,0.67,1140,0,0,0,I,HV,1,0,0,1
current,0.66,0.67,1141,0,0,0,I,HV,1,0,0,1
current,0.66,0.67,1142,0,0,0,I,HV,1,0,0,1
current,0.66,0.67,1143,0,0,0,I,HV,1,0,0,1
current,0.66,0.67,1144,0,0,0,I,HV,1,0,0,1
current,0.66,0.67,1145,0,0,0,I,HV,1,0,0,1
current,0.66,0.67,1146,0,0,0,I,HV,1,0,0,1
current,0.66,0.67,1147,0,0,0,I,HV,1,0,0,1
current,0.66,0.67,1148,0,0,0,I,HV,1,0,0,1
current,0.66,0.67,1149,0,0,0,I,HV,1,0,0,1
current,0.66,0.67,1150,0,0,0,I,HV,1,0,0,1
current,0.66,0.67,1151,0,0,0,I,HV,1,0,0,1
current,0.66,0.67,1152,0,0,0,I,HV,1,0,0,1
current,0.66,0.67,1153,0,0,0,I,HV,1,0,0,1
current,0.66,0.67,1154,0,0,0,I,HV,1,0,0,1
current,0.66,0.67,1155,0,0,0,I,HV,1,0,0,1
current,0.66,0.67,1156,0,0,0,I,HV,1,0,0,1
current,0.66,0.67,1157,0,0,0,I,HV,1,0,0,1
current,0.66,0.67,1158,0,0,0,I,HV,1,0,0,1
current,0.66,0.67,1159,0,0,0,I,HV,1,0,0,1
current,0.66,0.67,1160,0,0,0,I,HV,1,0,0,1
current,0.66,0.67,1161,0,0,0,I,HV,1,0,0,1
current,0.66,0.67,1162,0,0,0,I,HV,1,0,0,1
current,0.66,0.67,1163,0,0,0,I,HV,1,0,0,1
current,0.66,0.67,1164,0,0,0,I,HV,1,0,0,1
current,0.66,0.67,1165,0,0,0,I,HV,1,0,0,1
current,0.66,0.67,1166,0,-1,1,V-1,HV,1,0,-1,1
current,0.66,0.67,1167,0,-1,1,V-1,HV,1,0,-1,1
current,0.66,0.67,1168,0,0,0,I,HV,1,0,0,1
current,0.66,0.67,1169,0,0,0,I,HV,1,0,0,1
current,0.66,0.67,1170,0,0,0,I,HV,1,0,0,1
current,0.66,0.67,1171,0,0,0,I,HV,1,0,0,1
current,0.66,0.67,1172,0,0,0,I,HV,1,0,0,1
current,0.66,0.67,1173,0,0,0,I,HV,1,0,0,1
current,0.66,0.67,1174,0,0,0,I,HV,1,0,0,1
current,0.66,0.67,1175,0,0,0,I,HV,1,0,0,1
current,0.66,0.67,1176,0,-1,1,V-1,HV,1,0,-1,1
current,0.66,0.67,1177,0,0,0,I,HV,1,0,0,1
current,0.66,0.67,1178,0,0,0,I,HV,1,0,0,1
current,0.66,0.67,1179,0,0,0,I,HV,1,0,0,1
current,0.66,0.67,1180,0,0,0,I,HV,1,0,0,1
current,0.66,0.67,1181,0,0,0,I,HV,1,0,0,1
current,0.66,0.67,1182,0,0,0,I,HV,1,0,0,1
current,0.66,0.67,1183,0,0,0,I,HV,1,0,0,1
current,0.66,0.67,1184,0,0,0,I,HV,1,0,0,1
current,0.66,0.67,1185,0,0,0,I,HV,1,0,0,1
current,0.66,0.67,1186,0,1,1,V+1,HV,1,0,1,1
current,0.66,0.67,1187,0,1,1,V+1,HV,1,0,1,1
current,0.66,0.67,1188,0,0,0,I,HV,1,0,0,1
current,0.66,0.67,1189,0,0,0,I,HV,1,0,0,1
current,0.66,0.67,1190,0,1,1,V+1,HV,1,0,1,1
current,0.66,0.67,1191,0,1,1,V+1,HV,1,0,1,1
current,0.66,0.67,1192,0,0,0,I,HV,1,0,0,1
current,0.66,0.67,1193,0,0,0,I,HV,1,0,0,1
current,0.66,0.67,1194,0,0,0,I,HV,1,0,0,1
current,0.66,0.67,1195,0,0,0,I,HV,1,0,0,1
current,0.66,0.67,1196,0,0,0,I,HV,1,0,0,1
current,0.66,0.67,1197,0,0,0,I,HV,1,0,0,1
current,0.66,0.67,1198,0,0,0,I,HV,1,0,0,1
current,0.66,0.67,1199,0,0,0,I,HV,1,0,0,1
current,0.66,0.67,1200,0,0,0,I,HV,1,0,0,1
current,0.66,0.67,1201,0,0,0,I,HV,1,0,0,1
current,0.66,0.67,1202,0,0,0,I,HV,1,0,0,1
current,0.66,0.67,1203,0,0,0,I,HV,1,0,0,1
current,0.66,0.67,1204,0,0,0,I,HV,1,0,0,1
current,0.66,0.67,1205,0,0,0,I,HV,1,0,0,1
current,0.66,0.67,1206,0,0,0,I,HV,1,0,0,1
current,0.66,0.67,1207,0,0,0,I,HV,1,0,0,1
current,0.66,0.67,1208,0,0,0,I,HV,1,0,0,1
current,0.66,0.67,1209,0,0,0,I,HV,1,0,0,1
current,0.66,0.67,1210,0,0,0,I,HV,1,0,0,1
current,0.66,0.67,1211,1,0,1,H+1,HV,1,1,0,1
current,0.66,0.67,1212,1,1,2,V+1 H+1,VH,1,1,1,2
current,0.66,0.67,1213,1,0,1,H+1,HV,1,1,0,1
current,0.66,0.67,1214,1,0,1,H+1,HV,1,1,0,1
current,0.66,0.67,1215,1,0,1,H+1,HV,1,1,0,1
current,0.66,0.67,1216,1,0,1,H+1,HV,1,1,0,1
current,0.66,0.67,1217,1,0,1,H+1,HV,1,1,0,1
current,0.66,0.67,1218,-1,1,2,H-1 V+1,HV,0,-1,1,1
current,0.66,0.67,1219,-1,1,2,H-1 V+1,HV,0,-1,1,1
current,0.66,0.67,1220,1,-1,2,H+1 V-1,HV,0,1,-1,1
current,0.66,0.67,1221,1,-1,2,H+1 V-1,HV,0,1,-1,1
current,0.66,0.67,1222,1,0,1,H+1,HV,1,1,0,1
current,0.66,0.67,1223,1,0,1,H+1,HV,1,1,0,1
current,0.66,0.67,1224,1,-1,2,H+1 V-1,HV,0,1,-1,1
current,0.66,0.67,1225,0,-1,1,V-1,HV,1,0,-1,1
current,0.66,0.67,1226,0,-1,1,V-1,HV,1,0,-1,1
current,0.66,0.67,1227,0,-1,1,V-1,HV,1,0,-1,1
current,0.66,0.67,1228,1,0,1,H+1,HV,1,1,0,1
current,0.66,0.67,1229,1,1,2,V+1 H+1,VH,1,1,1,2
current,0.66,0.67,1230,-1,0,1,H-1,HV,1,-1,0,1
current,0.66,0.67,1231,-1,0,1,H-1,HV,1,-1,0,1
current,0.66,0.67,1232,1,0,1,H+1,HV,1,1,0,1
current,0.66,0.67,1233,0,-1,1,V-1,HV,1,0,-1,1
current,0.66,0.67,1234,-1,0,1,H-1,HV,1,-1,0,1
current,0.66,0.67,1235,-1,0,1,H-1,HV,1,-1,0,1
current,0.66,0.67,1236,1,-1,2,H+1 V-1,HV,0,1,-1,1
current,0.66,0.67,1237,1,-1,2,H+1 V-1,HV,0,1,-1,1
current,0.66,0.67,1238,1,-1,2,H+1 V-1,HV,0,1,-1,1
current,0.66,0.67,1239,1,-1,2,H+1 V-1,HV,0,1,-1,1
current,0.66,0.67,1240,1,0,1,H+1,HV,1,1,0,1
current,0.66,0.67,1241,1,0,1,H+1,HV,1,1,0,1
current,0.66,0.67,1242,1,-1,2,H+1 V-1,HV,0,1,-1,1
current,0.66,0.67,1243,1,-1,2,H+1 V-1,HV,0,1,-1,1
current,0.66,0.67,1244,1,0,1,H+1,HV,1,1,0,1
current,0.66,0.67,1245,1,0,1,H+1,HV,1,1,0,1
current,0.66,0.67,1246,1,0,1,H+1,HV,1,1,0,1
current,0.66,0.67,1247,0,0,0,I,HV,1,0,0,1
current,0.66,0.67,1248,0,-1,1,V-1,HV,1,0,-1,1
current,0.66,0.67,1249,0,-1,1,V-1,HV,1,0,-1,1
current,0.66,0.67,1250,0,0,0,I,HV,1,0,0,1
current,0.66,0.67,1251,0,0,0,I,HV,1,0,0,1
current,0.66,0.67,1252,0,0,0,I,HV,1,0,0,1
current,0.66,0.67,1253,0,0,0,I,HV,1,0,0,1
current,0.66,0.67,1254,0,0,0,I,HV,1,0,0,1
current,0.66,0.67,1255,0,0,0,I,HV,1,0,0,1
current,0.66,0.67,1256,0,0,0,I,HV,1,0,0,1
current,0.66,0.67,1257,0,0,0,I,HV,1,0,0,1
current,0.66,0.67,1258,0,0,0,I,HV,1,0,0,1
current,0.66,0.67,1259,0,0,0,I,HV,1,0,0,1
current,0.66,0.67,1260,0,0,0,I,HV,1,0,0,1
current,0.66,0.67,1261,0,0,0,I,HV,1,0,0,1
current,0.66,0.67,1262,0,0,0,I,HV,1,0,0,1
current,0.66,0.67,1263,0,0,0,I,HV,1,0,0,1
current,0.66,0.67,1264,0,0,0,I,HV,1,0,0,1
current,0.66,0.67,1265,0,0,0,I,HV,1,0,0,1
current,0.66,0.67,1266,0,0,0,I,HV,1,0,0,1
current,0.66,0.67,1267,0,0,0,I,HV,1,0,0,1
current,0.66,0.67,1268,0,1,1,V+1,HV,1,0,1,1
current,0.66,0.67,1269,0,1,1,V+1,HV,1,0,1,1
current,0.66,0.67,1270,0,0,0,I,HV,1,0,0,1
current,0.66,0.67,1271,0,0,0,I,HV,1,0,0,1
current,0.66,0.67,1272,0,0,0,I,HV,1,0,0,1
current,0.66,0.67,1273,0,0,0,I,HV,1,0,0,1
current,0.66,0.67,1274,0,0,0,I,HV,1,0,0,1
current,0.66,0.67,1275,0,0,0,I,HV,1,0,0,1
current,0.66,0.67,1276,0,0,0,I,HV,1,0,0,1
current,0.66,0.67,1277,0,0,0,I,HV,1,0,0,1
current,0.66,0.67,1278,0,0,0,I,HV,1,0,0,1
current,0.66,0.67,1279,0,0,0,I,HV,1,0,0,1
current,0.66,0.67,1280,0,0,0,I,HV,1,0,0,1
current,0.66,0.67,1281,0,0,0,I,HV,1,0,0,1
current,0.66,0.67,1282,0,0,0,I,HV,1,0,0,1
current,0.66,0.67,1283,0,0,0,I,HV,1,0,0,1
current,0.66,0.67,1284,0,0,0,I,HV,1,0,0,1
current,0.66,0.67,1285,0,0,0,I,HV,1,0,0,1
current,0.66,0.67,1286,0,0,0,I,HV,1,0,0,1
current,0.66,0.67,1287,0,0,0,I,HV,1,0,0,1
current,0.66,0.67,1288,0,0,0,I,HV,1,0,0,1
current,0.66,0.67,1289,0,0,0,I,HV,1,0,0,1
current,0.66,0.67,1290,0,0,0,I,HV,1,0,0,1
current,0.66,0.67,1291,0,0,0,I,HV,1,0,0,1
current,0.66,0.67,1292,0,0,0,I,HV,1,0,0,1
current,0.66,0.67,1293,0,0,0,I,HV,1,0,0,1
current,0.66,0.67,1294,0,0,0,I,HV,1,0,0,1
current,0.66,0.67,1295,0,0,0,I,HV,1,0,0,1
current,0.66,0.67,1296,0,0,0,I,HV,1,0,0,1
current,0.66,0.67,1297,0,0,0,I,HV,1,0,0,1
current,0.66,0.67,1298,0,0,0,I,HV,1,0,0,1
current,0.66,0.67,1299,0,0,0,I,HV,1,0,0,1
current,0.66,0.67,1300,0,0,0,I,HV,1,0,0,1
current,0.66,0.67,1301,0,0,0,I,HV,1,0,0,1
current,0.66,0.67,1302,0,0,0,I,HV,1,0,0,1
current,0.66,0.67,1303,0,0,0,I,HV,1,0,0,1
current,0.66,0.67,1304,0,0,0,I,HV,1,0,0,1
current,0.66,0.67,1305,0,0,0,I,HV,1,0,0,1
current,0.66,0.67,1306,0,-1,1,V-1,HV,1,0,-1,1
current,0.66,0.67,1307,0,-1,1,V-1,HV,1,0,-1,1
current,0.66,0.67,1308,0,0,0,I,HV,1,0,0,1
current,0.66,0.67,1309,0,0,0,I,HV,1,0,0,1
current,0.66,0.67,1310,0,0,0,I,HV,1,0,0,1
current,0.66,0.67,1311,0,0,0,I,HV,1,0,0,1
current,0.66,0.67,1312,0,0,0,I,HV,1,0,0,1
current,0.66,0.67,1313,0,0,0,I,HV,1,0,0,1
current,0.66,0.67,1314,0,0,0,I,HV,1,0,0,1
current,0.66,0.67,1315,0,0,0,I,HV,1,0,0,1
current,0.66,0.67,1316,0,0,0,I,HV,1,0,0,1
current,0.66,0.67,1317,0,0,0,I,HV,1,0,0,1
current,0.66,0.67,1318,0,0,0,I,HV,1,0,0,1
current,0.66,0.67,1319,0,0,0,I,HV,1,0,0,1
current,0.66,0.67,1320,0,0,0,I,HV,1,0,0,1
current,0.66,0.67,1321,0,0,0,I,HV,1,0,0,1
current,0.66,0.67,1322,0,0,0,I,HV,1,0,0,1
current,0.66,0.67,1323,0,0,0,I,HV,1,0,0,1
current,0.66,0.67,1324,0,0,0,I,HV,1,0,0,1
current,0.66,0.67,1325,0,1,1,V+1,HV,1,0,1,1
current,0.66,0.67,1326,0,1,1,V+1,HV,1,0,1,1
current,0.66,0.67,1327,0,0,0,I,HV,1,0,0,1
current,0.66,0.67,1328,0,0,0,I,HV,1,0,0,1
current,0.66,0.67,1329,0,1,1,V+1,HV,1,0,1,1
current,0.66,0.67,1330,0,1,1,V+1,HV,1,0,1,1
current,0.66,0.67,1331,0,0,0,I,HV,1,0,0,1
current,0.66,0.67,1332,0,0,0,I,HV,1,0,0,1
current,0.66,0.67,1333,0,0,0,I,HV,1,0,0,1
current,0.66,0.67,1334,0,0,0,I,HV,1,0,0,1
current,0.66,0.67,1335,0,0,0,I,HV,1,0,0,1
current,0.66,0.67,1336,0,0,0,I,HV,1,0,0,1
current,0.66,0.67,1337,1,-1,2,H+1 V-1,HV,0,1,-1,1
current,0.66,0.67,1338,-1,0,1,H-1,HV,1,-1,0,1
current,0.66,0.67,1339,-1,0,1,H-1,HV,1,-1,0,1
current,0.66,0.67,1340,-1,0,1,H-1,HV,1,-1,0,1
current,0.66,0.67,1341,-1,0,1,H-1,HV,1,-1,0,1
current,0.66,0.67,1342,-1,0,1,H-1,HV,1,-1,0,1
current,0.66,0.67,1343,-1,0,1,H-1,HV,1,-1,0,1
current,0.66,0.67,1344,-1,0,1,H-1,HV,1,-1,0,1
current,0.66,0.67,1345,-1,0,1,H-1,HV,1,-1,0,1
current,0.66,0.67,1346,-1,0,1,H-1,HV,1,-1,0,1
current,0.66,0.67,1347,-1,0,1,H-1,HV,1,-1,0,1
current,0.66,0.67,1348,-1,0,1,H-1,HV,1,-1,0,1
current,0.66,0.67,1349,-1,0,1,H-1,HV,1,-1,0,1
current,0.66,0.67,1350,1,-1,2,H+1 V-1,HV,0,1,-1,1
current,0.66,0.67,1351,1,0,1,H+1,HV,1,1,0,1
current,0.66,0.67,1352,1,0,1,H+1,HV,1,1,0,1
current,0.66,0.67,1353,1,0,1,H+1,HV,1,1,0,1
current,0.66,0.67,1354,1,0,1,H+1,HV,1,1,0,1
current,0.66,0.67,1355,1,0,1,H+1,HV,1,1,0,1
current,0.66,0.67,1356,1,0,1,H+1,HV,1,1,0,1
current,0.66,0.67,1357,1,0,1,H+1,HV,1,1,0,1
current,0.66,0.67,1358,-1,1,2,H-1 V+1,HV,0,-1,1,1
current,0.66,0.67,1359,-1,1,2,H-1 V+1,HV,0,-1,1,1
current,0.66,0.67,1360,1,-1,2,H+1 V-1,HV,0,1,-1,1
current,0.66,0.67,1361,1,-1,2,H+1 V-1,HV,0,1,-1,1
current,0.66,0.67,1362,1,0,1,H+1,HV,1,1,0,1
current,0.66,0.67,1363,1,1,2,V+1 H+1,VH,1,1,1,2
current,0.66,0.67,1364,0,-1,1,V-1,HV,1,0,-1,1
current,0.66,0.67,1365,1,-1,2,H+1 V-1,HV,0,1,-1,1
current,0.66,0.67,1366,-1,0,1,H-1,HV,1,-1,0,1
current,0.66,0.67,1367,-1,0,1,H-1,HV,1,-1,0,1
current,0.66,0.67,1368,1,0,1,H+1,HV,1,1,0,1
current,0.66,0.67,1369,1,0,1,H+1,HV,1,1,0,1
current,0.66,0.67,1370,-1,0,1,H-1,HV,1,-1,0,1
current,0.66,0.67,1371,-1,0,1,H-1,HV,1,-1,0,1
current,0.66,0.67,1372,1,0,1,H+1,HV,1,1,0,1
current,0.66,0.67,1373,1,0,1,H+1,HV,1,1,0,1
current,0.66,0.67,1374,-1,0,1,H-1,HV,1,-1,0,1
current,0.66,0.67,1375,-1,0,1,H-1,HV,1,-1,0,1
current,0.66,0.67,1376,1,-1,2,H+1 V-1,HV,0,1,-1,1
current,0.66,0.67,1377,1,-1,2,H+1 V-1,HV,0,1,-1,1
current,0.66,0.67,1378,1,-1,2,H+1 V-1,HV,0,1,-1,1
current,0.66,0.67,1379,1,-1,2,H+1 V-1,HV,0,1,-1,1
current,0.66,0.67,1380,1,0,1,H+1,HV,1,1,0,1
current,0.66,0.67,1381,1,0,1,H+1,HV,1,1,0,1
current,0.66,0.67,1382,1,-1,2,H+1 V-1,HV,0,1,-1,1
current,0.66,0.67,1383,1,-1,2,H+1 V-1,HV,0,1,-1,1
current,0.66,0.67,1384,1,0,1,H+1,HV,1,1,0,1
current,0.66,0.67,1385,1,0,1,H+1,HV,1,1,0,1
current,0.66,0.67,1386,1,0,1,H+1,HV,1,1,0,1
current,0.66,0.67,1387,0,0,0,I,HV,1,0,0,1
current,0.66,0.67,1388,0,-1,1,V-1,HV,1,0,-1,1
current,0.66,0.67,1389,0,-1,1,V-1,HV,1,0,-1,1
current,0.66,0.67,1390,0,0,0,I,HV,1,0,0,1
current,0.66,0.67,1391,0,0,0,I,HV,1,0,0,1
current,0.66,0.67,1392,0,0,0,I,HV,1,0,0,1
current,0.66,0.67,1393,0,0,0,I,HV,1,0,0,1
current,0.66,0.67,1394,0,0,0,I,HV,1,0,0,1
current,0.66,0.67,1395,0,0,0,I,HV,1,0,0,1
current,0.66,0.67,1396,0,0,0,I,HV,1,0,0,1
current,0.66,0.67,1397,0,0,0,I,HV,1,0,0,1
current,0.66,0.67,1398,0,0,0,I,HV,1,0,0,1
current,0.66,0.67,1399,0,0,0,I,HV,1,0,0,1
current,0.66,0.67,1400,0,0,0,I,HV,1,0,0,1
current,0.66,0.67,1401,0,0,0,I,HV,1,0,0,1
current,0.66,0.67,1402,0,0,0,I,HV,1,0,0,1
current,0.66,0.67,1403,0,0,0,I,HV,1,0,0,1
current,0.66,0.67,1404,0,0,0,I,HV,1,0,0,1
current,0.66,0.67,1405,0,0,0,I,HV,1,0,0,1
current,0.66,0.67,1406,0,0,0,I,HV,1,0,0,1
current,0.66,0.67,1407,0,1,1,V+1,HV,1,0,1,1
current,0.66,0.67,1408,0,0,0,I,HV,1,0,0,1
current,0.66,0.67,1409,0,1,1,V+1,HV,1,0,1,1
current,0.66,0.67,1410,0,0,0,I,HV,1,0,0,1
current,0.66,0.67,1411,0,0,0,I,HV,1,0,0,1
current,0.66,0.67,1412,0,0,0,I,HV,1,0,0,1
current,0.66,0.67,1413,0,0,0,I,HV,1,0,0,1
current,0.66,0.67,1414,0,0,0,I,HV,1,0,0,1
current,0.66,0.67,1415,0,0,0,I,HV,1,0,0,1
current,0.66,0.67,1416,0,0,0,I,HV,1,0,0,1
current,0.66,0.67,1417,0,0,0,I,HV,1,0,0,1
current,0.66,0.67,1418,0,0,0,I,HV,1,0,0,1
current,0.66,0.67,1419,0,0,0,I,HV,1,0,0,1
current,0.66,0.67,1420,0,0,0,I,HV,1,0,0,1
current,0.66,0.67,1421,0,0,0,I,HV,1,0,0,1
current,0.66,0.67,1422,0,0,0,I,HV,1,0,0,1
current,0.66,0.67,1423,0,0,0,I,HV,1,0,0,1
current,0.66,0.67,1424,0,0,0,I,HV,1,0,0,1
current,0.66,0.67,1425,0,0,0,I,HV,1,0,0,1
current,0.66,0.67,1426,0,0,0,I,HV,1,0,0,1
current,0.66,0.67,1427,0,0,0,I,HV,1,0,0,1
current,0.66,0.67,1428,0,0,0,I,HV,1,0,0,1
current,0.66,0.67,1429,0,0,0,I,HV,1,0,0,1
current,0.66,0.67,1430,0,0,0,I,HV,1,0,0,1
current,0.66,0.67,1431,0,0,0,I,HV,1,0,0,1
current,0.66,0.67,1432,0,0,0,I,HV,1,0,0,1
current,0.66,0.67,1433,0,0,0,I,HV,1,0,0,1
current,0.66,0.67,1434,0,0,0,I,HV,1,0,0,1
current,0.66,0.67,1435,0,0,0,I,HV,1,0,0,1
current,0.66,0.67,1436,0,0,0,I,HV,1,0,0,1
current,0.66,0.67,1437,0,0,0,I,HV,1,0,0,1
current,0.66,0.67,1438,0,0,0,I,HV,1,0,0,1
current,0.66,0.67,1439,0,0,0,I,HV,1,0,0,1
current,0.66,0.67,1440,0,0,0,I,HV,1,0,0,1
current,0.66,0.67,1441,0,0,0,I,HV,1,0,0,1
current,0.66,0.67,1442,0,0,0,I,HV,1,0,0,1
current,0.66,0.67,1443,0,0,0,I,HV,1,0,0,1
current,0.66,0.67,1444,0,0,0,I,HV,1,0,0,1
current,0.66,0.67,1445,0,0,0,I,HV,1,0,0,1
current,0.66,0.67,1446,0,-1,1,V-1,HV,1,0,-1,1
current,0.66,0.67,1447,0,-1,1,V-1,HV,1,0,-1,1
current,0.66,0.67,1448,0,0,0,I,HV,1,0,0,1
current,0.66,0.67,1449,0,0,0,I,HV,1,0,0,1
current,0.66,0.67,1450,0,0,0,I,HV,1,0,0,1
current,0.66,0.67,1451,0,0,0,I,HV,1,0,0,1
current,0.66,0.67,1452,0,0,0,I,HV,1,0,0,1
current,0.66,0.67,1453,0,0,0,I,HV,1,0,0,1
current,0.66,0.67,1454,0,0,0,I,HV,1,0,0,1
current,0.66,0.67,1455,0,-1,3,H+1 V-1 H-1,longer_word,0,1,-1,2
current,0.66,0.67,1456,0,0,0,I,HV,1,0,0,1
current,0.66,0.67,1457,-1,-1,2,V-1 H-1,VH,1,-1,-1,2
current,0.66,0.67,1458,0,0,0,I,HV,1,0,0,1
current,0.66,0.67,1459,0,0,0,I,HV,1,0,0,1
current,0.66,0.67,1460,0,0,0,I,HV,1,0,0,1
current,0.66,0.67,1461,0,0,0,I,HV,1,0,0,1
current,0.66,0.67,1462,0,0,0,I,HV,1,0,0,1
current,0.66,0.67,1463,0,0,0,I,HV,1,0,0,1
current,0.66,0.67,1464,0,1,1,V+1,HV,1,0,1,1
current,0.66,0.67,1465,0,1,1,V+1,HV,1,0,1,1
current,0.66,0.67,1466,0,0,0,I,HV,1,0,0,1
current,0.66,0.67,1467,0,0,0,I,HV,1,0,0,1
current,0.66,0.67,1468,0,1,1,V+1,HV,1,0,1,1
current,0.66,0.67,1469,0,1,1,V+1,HV,1,0,1,1
current,0.66,0.67,1470,0,0,0,I,HV,1,0,0,1
current,0.66,0.67,1471,0,0,0,I,HV,1,0,0,1
current,0.66,0.67,1472,1,-1,2,H+1 V-1,HV,0,1,-1,1
current,0.66,0.67,1473,0,0,0,I,HV,1,0,0,1
current,0.66,0.67,1474,-1,0,1,H-1,HV,1,-1,0,1
current,0.66,0.67,1475,-1,0,1,H-1,HV,1,-1,0,1
current,0.66,0.67,1476,1,-1,2,H+1 V-1,HV,0,1,-1,1
current,0.66,0.67,1477,0,0,0,I,HV,1,0,0,1
current,0.66,0.67,1478,0,0,0,I,HV,1,0,0,1
current,0.66,0.67,1479,0,0,0,I,HV,1,0,0,1
current,0.66,0.67,1480,0,0,0,I,HV,1,0,0,1
current,0.66,0.67,1481,0,0,0,I,HV,1,0,0,1
current,0.66,0.67,1482,0,0,0,I,HV,1,0,0,1
current,0.66,0.67,1483,0,0,0,I,HV,1,0,0,1
current,0.66,0.67,1484,0,0,0,I,HV,1,0,0,1
current,0.66,0.67,1485,0,0,0,I,HV,1,0,0,1
current,0.66,0.67,1486,0,0,0,I,HV,1,0,0,1
current,0.66,0.67,1487,0,0,0,I,HV,1,0,0,1
current,0.66,0.67,1488,0,0,0,I,HV,1,0,0,1
current,0.66,0.67,1489,0,0,0,I,HV,1,0,0,1
current,0.66,0.67,1490,0,0,0,I,HV,1,0,0,1
current,0.66,0.67,1491,1,0,1,H+1,HV,1,1,0,1
current,0.66,0.67,1492,1,0,1,H+1,HV,1,1,0,1
current,0.66,0.67,1493,1,0,1,H+1,HV,1,1,0,1
current,0.66,0.67,1494,1,0,1,H+1,HV,1,1,0,1
current,0.66,0.67,1495,1,0,1,H+1,HV,1,1,0,1
current,0.66,0.67,1496,1,0,1,H+1,HV,1,1,0,1
current,0.66,0.67,1497,1,0,1,H+1,HV,1,1,0,1
current,0.66,0.67,1498,-1,1,2,H-1 V+1,HV,0,-1,1,1
current,0.66,0.67,1499,-1,1,2,H-1 V+1,HV,0,-1,1,1
current,0.66,0.67,1500,1,-1,2,H+1 V-1,HV,0,1,-1,1
current,0.66,0.67,1501,0,-1,1,V-1,HV,1,0,-1,1
current,0.66,0.67,1502,1,1,2,V+1 H+1,VH,1,1,1,2
current,0.66,0.67,1503,1,0,1,H+1,HV,1,1,0,1
current,0.66,0.67,1504,1,-1,2,H+1 V-1,HV,0,1,-1,1
current,0.66,0.67,1505,1,-1,2,H+1 V-1,HV,0,1,-1,1
current,0.66,0.67,1506,-1,0,1,H-1,HV,1,-1,0,1
current,0.66,0.67,1507,-1,0,1,H-1,HV,1,-1,0,1
current,0.66,0.67,1508,1,0,1,H+1,HV,1,1,0,1
current,0.66,0.67,1509,1,0,1,H+1,HV,1,1,0,1
current,0.66,0.67,1510,-1,0,1,H-1,HV,1,-1,0,1
current,0.66,0.67,1511,-1,0,1,H-1,HV,1,-1,0,1
current,0.66,0.67,1512,1,0,1,H+1,HV,1,1,0,1
current,0.66,0.67,1513,1,0,1,H+1,HV,1,1,0,1
current,0.66,0.67,1514,-1,0,1,H-1,HV,1,-1,0,1
current,0.66,0.67,1515,-1,0,1,H-1,HV,1,-1,0,1
current,0.66,0.67,1516,1,-1,2,H+1 V-1,HV,0,1,-1,1
current,0.66,0.67,1517,1,-1,2,H+1 V-1,HV,0,1,-1,1
current,0.66,0.67,1518,1,-1,2,H+1 V-1,HV,0,1,-1,1
current,0.66,0.67,1519,1,-1,2,H+1 V-1,HV,0,1,-1,1
current,0.66,0.67,1520,1,0,1,H+1,HV,1,1,0,1
current,0.66,0.67,1521,1,0,1,H+1,HV,1,1,0,1
current,0.66,0.67,1522,1,-1,2,H+1 V-1,HV,0,1,-1,1
current,0.66,0.67,1523,1,-1,2,H+1 V-1,HV,0,1,-1,1
current,0.66,0.67,1524,1,0,1,H+1,HV,1,1,0,1
current,0.66,0.67,1525,1,0,1,H+1,HV,1,1,0,1
current,0.66,0.67,1526,0,0,0,I,HV,1,0,0,1
current,0.66,0.67,1527,0,0,0,I,HV,1,0,0,1
current,0.66,0.67,1528,0,-1,1,V-1,HV,1,0,-1,1
current,0.66,0.67,1529,0,-1,1,V-1,HV,1,0,-1,1
current,0.66,0.67,1530,0,0,0,I,HV,1,0,0,1
current,0.66,0.67,1531,0,0,0,I,HV,1,0,0,1
current,0.66,0.67,1532,0,0,0,I,HV,1,0,0,1
current,0.66,0.67,1533,0,0,0,I,HV,1,0,0,1
current,0.66,0.67,1534,0,0,0,I,HV,1,0,0,1
current,0.66,0.67,1535,0,0,0,I,HV,1,0,0,1
current,0.66,0.67,1536,0,0,0,I,HV,1,0,0,1
current,0.66,0.67,1537,0,0,0,I,HV,1,0,0,1
current,0.66,0.67,1538,0,0,0,I,HV,1,0,0,1
current,0.66,0.67,1539,0,0,0,I,HV,1,0,0,1
current,0.66,0.67,1540,0,0,0,I,HV,1,0,0,1
current,0.66,0.67,1541,0,0,0,I,HV,1,0,0,1
current,0.66,0.67,1542,0,0,0,I,HV,1,0,0,1
current,0.66,0.67,1543,0,0,0,I,HV,1,0,0,1
current,0.66,0.67,1544,0,0,0,I,HV,1,0,0,1
current,0.66,0.67,1545,0,0,0,I,HV,1,0,0,1
current,0.66,0.67,1546,0,0,0,I,HV,1,0,0,1
current,0.66,0.67,1547,0,1,1,V+1,HV,1,0,1,1
current,0.66,0.67,1548,0,1,1,V+1,HV,1,0,1,1
current,0.66,0.67,1549,0,0,0,I,HV,1,0,0,1
current,0.66,0.67,1550,0,0,0,I,HV,1,0,0,1
current,0.66,0.67,1551,0,0,0,I,HV,1,0,0,1
current,0.66,0.67,1552,0,0,0,I,HV,1,0,0,1
current,0.66,0.67,1553,0,0,0,I,HV,1,0,0,1
current,0.66,0.67,1554,0,0,0,I,HV,1,0,0,1
current,0.66,0.67,1555,0,0,0,I,HV,1,0,0,1
current,0.66,0.67,1556,0,0,0,I,HV,1,0,0,1
current,0.66,0.67,1557,0,0,0,I,HV,1,0,0,1
current,0.66,0.67,1558,0,0,0,I,HV,1,0,0,1
current,0.66,0.67,1559,0,0,0,I,HV,1,0,0,1
current,0.66,0.67,1560,0,0,0,I,HV,1,0,0,1
current,0.66,0.67,1561,0,0,0,I,HV,1,0,0,1
current,0.66,0.67,1562,0,0,0,I,HV,1,0,0,1
current,0.66,0.67,1563,0,0,0,I,HV,1,0,0,1
current,0.66,0.67,1564,0,0,0,I,HV,1,0,0,1
current,0.66,0.67,1565,0,0,0,I,HV,1,0,0,1
current,0.66,0.67,1566,0,0,0,I,HV,1,0,0,1
current,0.66,0.67,1567,0,0,0,I,HV,1,0,0,1
current,0.66,0.67,1568,0,0,0,I,HV,1,0,0,1
current,0.66,0.67,1569,0,0,0,I,HV,1,0,0,1
current,0.66,0.67,1570,0,0,0,I,HV,1,0,0,1
current,0.66,0.67,1571,0,0,0,I,HV,1,0,0,1
current,0.66,0.67,1572,0,0,0,I,HV,1,0,0,1
current,0.66,0.67,1573,0,0,0,I,HV,1,0,0,1
current,0.66,0.67,1574,0,0,0,I,HV,1,0,0,1
current,0.66,0.67,1575,0,0,0,I,HV,1,0,0,1
current,0.66,0.67,1576,0,0,0,I,HV,1,0,0,1
current,0.66,0.67,1577,0,0,0,I,HV,1,0,0,1
current,0.66,0.67,1578,0,0,0,I,HV,1,0,0,1
current,0.66,0.67,1579,0,0,0,I,HV,1,0,0,1
current,0.66,0.67,1580,0,0,0,I,HV,1,0,0,1
current,0.66,0.67,1581,0,0,0,I,HV,1,0,0,1
current,0.66,0.67,1582,0,0,0,I,HV,1,0,0,1
current,0.66,0.67,1583,0,0,0,I,HV,1,0,0,1
current,0.66,0.67,1584,0,0,0,I,HV,1,0,0,1
current,0.66,0.67,1585,0,0,0,I,HV,1,0,0,1
current,0.66,0.67,1586,0,-1,1,V-1,HV,1,0,-1,1
current,0.66,0.67,1587,0,-1,1,V-1,HV,1,0,-1,1
current,0.66,0.67,1588,0,0,0,I,HV,1,0,0,1
current,0.66,0.67,1589,0,0,0,I,HV,1,0,0,1
current,0.66,0.67,1590,0,0,0,I,HV,1,0,0,1
current,0.66,0.67,1591,0,0,0,I,HV,1,0,0,1
current,0.66,0.67,1592,0,0,0,I,HV,1,0,0,1
current,0.66,0.67,1593,1,1,2,V+1 H+1,VH,1,1,1,2
current,0.66,0.67,1594,0,0,0,I,HV,1,0,0,1
current,0.66,0.67,1595,0,1,1,V+1,HV,1,0,1,1
current,0.66,0.67,1596,-2,0,2,H-1 H-1,HV,1,-2,0,1
current,0.66,0.67,1597,0,1,1,V+1,HV,1,0,1,1
current,0.66,0.67,1598,0,0,0,I,HV,1,0,0,1
current,0.66,0.67,1599,0,0,0,I,HV,1,0,0,1
current,0.66,0.67,1600,1,0,1,H+1,HV,1,1,0,1
current,0.66,0.67,1601,0,0,0,I,HV,1,0,0,1
current,0.66,0.67,1602,0,-1,1,V-1,HV,1,0,-1,1
current,0.66,0.67,1603,0,0,0,I,HV,1,0,0,1
current,0.66,0.67,1604,0,1,1,V+1,HV,1,0,1,1
current,0.66,0.67,1605,0,1,1,V+1,HV,1,0,1,1
current,0.66,0.67,1606,0,0,0,I,HV,1,0,0,1
current,0.66,0.67,1607,0,0,0,I,HV,1,0,0,1
current,0.66,0.67,1608,0,1,1,V+1,HV,1,0,1,1
current,0.66,0.67,1609,0,1,1,V+1,HV,1,0,1,1
current,0.66,0.67,1610,0,0,0,I,HV,1,0,0,1
current,0.66,0.67,1611,0,0,0,I,HV,1,0,0,1
current,0.66,0.67,1612,0,0,0,I,HV,1,0,0,1
current,0.66,0.67,1613,1,-1,2,H+1 V-1,HV,0,1,-1,1
current,0.66,0.67,1614,0,0,0,I,HV,1,0,0,1
current,0.66,0.67,1615,0,0,0,I,HV,1,0,0,1
current,0.66,0.67,1616,0,0,0,I,HV,1,0,0,1
current,0.66,0.67,1617,0,0,0,I,HV,1,0,0,1
current,0.66,0.67,1618,0,0,0,I,HV,1,0,0,1
current,0.66,0.67,1619,0,0,0,I,HV,1,0,0,1
current,0.66,0.67,1620,0,0,0,I,HV,1,0,0,1
current,0.66,0.67,1621,0,0,0,I,HV,1,0,0,1
current,0.66,0.67,1622,0,0,0,I,HV,1,0,0,1
current,0.66,0.67,1623,0,0,0,I,HV,1,0,0,1
current,0.66,0.67,1624,0,0,0,I,HV,1,0,0,1
current,0.66,0.67,1625,0,0,0,I,HV,1,0,0,1
current,0.66,0.67,1626,0,0,0,I,HV,1,0,0,1
current,0.66,0.67,1627,0,0,0,I,HV,1,0,0,1
current,0.66,0.67,1628,0,0,0,I,HV,1,0,0,1
current,0.66,0.67,1629,0,0,0,I,HV,1,0,0,1
current,0.66,0.67,1630,1,0,1,H+1,HV,1,1,0,1
current,0.66,0.67,1631,1,0,1,H+1,HV,1,1,0,1
current,0.66,0.67,1632,1,0,1,H+1,HV,1,1,0,1
current,0.66,0.67,1633,1,0,1,H+1,HV,1,1,0,1
current,0.66,0.67,1634,1,0,1,H+1,HV,1,1,0,1
current,0.66,0.67,1635,1,0,1,H+1,HV,1,1,0,1
current,0.66,0.67,1636,1,1,2,V+1 H+1,VH,1,1,1,2
current,0.66,0.67,1637,1,0,1,H+1,HV,1,1,0,1
current,0.66,0.67,1638,-2,1,3,H-1 H-1 V+1,HV,-1,-2,1,1
current,0.66,0.67,1639,-2,1,3,H-1 H-1 V+1,HV,-1,-2,1,1
current,0.66,0.67,1640,0,-1,1,V-1,HV,1,0,-1,1
current,0.66,0.67,1641,1,-1,2,H+1 V-1,HV,0,1,-1,1
current,0.66,0.67,1642,1,0,1,H+1,HV,1,1,0,1
current,0.66,0.67,1643,1,0,1,H+1,HV,1,1,0,1
current,0.66,0.67,1644,1,-1,2,H+1 V-1,HV,0,1,-1,1
current,0.66,0.67,1645,1,-1,2,H+1 V-1,HV,0,1,-1,1
current,0.66,0.67,1646,-1,0,1,H-1,HV,1,-1,0,1
current,0.66,0.67,1647,-1,0,1,H-1,HV,1,-1,0,1
current,0.66,0.67,1648,1,0,1,H+1,HV,1,1,0,1
current,0.66,0.67,1649,1,0,1,H+1,HV,1,1,0,1
current,0.66,0.67,1650,-1,0,1,H-1,HV,1,-1,0,1
current,0.66,0.67,1651,-1,0,1,H-1,HV,1,-1,0,1
current,0.66,0.67,1652,1,0,1,H+1,HV,1,1,0,1
current,0.66,0.67,1653,0,-1,1,V-1,HV,1,0,-1,1
current,0.66,0.67,1654,-1,0,1,H-1,HV,1,-1,0,1
current,0.66,0.67,1655,-1,0,1,H-1,HV,1,-1,0,1
current,0.66,0.67,1656,1,-1,2,H+1 V-1,HV,0,1,-1,1
current,0.66,0.67,1657,1,-1,2,H+1 V-1,HV,0,1,-1,1
current,0.66,0.67,1658,1,-1,2,H+1 V-1,HV,0,1,-1,1
current,0.66,0.67,1659,1,-1,2,H+1 V-1,HV,0,1,-1,1
current,0.66,0.67,1660,1,0,1,H+1,HV,1,1,0,1
current,0.66,0.67,1661,1,0,1,H+1,HV,1,1,0,1
current,0.66,0.67,1662,1,-1,2,H+1 V-1,HV,0,1,-1,1
current,0.66,0.67,1663,1,-1,2,H+1 V-1,HV,0,1,-1,1
current,0.66,0.67,1664,1,0,1,H+1,HV,1,1,0,1
current,0.66,0.67,1665,1,0,1,H+1,HV,1,1,0,1
current,0.66,0.67,1666,0,0,0,I,HV,1,0,0,1
current,0.66,0.67,1667,-1,1,2,V+1 H-1,VH,1,-1,1,0
current,0.66,0.67,1668,-1,1,2,V+1 H-1,VH,1,-1,1,0
current,0.66,0.67,1669,0,0,0,I,HV,1,0,0,1
current,0.66,0.67,1670,0,0,0,I,HV,1,0,0,1
current,0.66,0.67,1671,0,0,0,I,HV,1,0,0,1
current,0.66,0.67,1672,0,0,0,I,HV,1,0,0,1
current,0.66,0.67,1673,0,0,0,I,HV,1,0,0,1
current,0.66,0.67,1674,0,0,0,I,HV,1,0,0,1
current,0.66,0.67,1675,0,0,0,I,HV,1,0,0,1
current,0.66,0.67,1676,0,0,0,I,HV,1,0,0,1
current,0.66,0.67,1677,0,0,0,I,HV,1,0,0,1
current,0.66,0.67,1678,0,0,0,I,HV,1,0,0,1
current,0.66,0.67,1679,0,0,0,I,HV,1,0,0,1
current,0.66,0.67,1680,0,0,0,I,HV,1,0,0,1
current,0.66,0.67,1681,0,0,0,I,HV,1,0,0,1
current,0.66,0.67,1682,0,0,0,I,HV,1,0,0,1
current,0.66,0.67,1683,0,0,0,I,HV,1,0,0,1
current,0.66,0.67,1684,0,0,0,I,HV,1,0,0,1
current,0.66,0.67,1685,0,0,0,I,HV,1,0,0,1
current,0.66,0.67,1686,0,1,1,V+1,HV,1,0,1,1
current,0.66,0.67,1687,0,1,1,V+1,HV,1,0,1,1
current,0.66,0.67,1688,0,0,0,I,HV,1,0,0,1
current,0.66,0.67,1689,0,0,0,I,HV,1,0,0,1
current,0.66,0.67,1690,0,0,0,I,HV,1,0,0,1
current,0.66,0.67,1691,0,0,0,I,HV,1,0,0,1
current,0.66,0.67,1692,0,0,0,I,HV,1,0,0,1
current,0.66,0.67,1693,0,0,0,I,HV,1,0,0,1
current,0.66,0.67,1694,0,0,0,I,HV,1,0,0,1
current,0.66,0.67,1695,0,0,0,I,HV,1,0,0,1
current,0.66,0.67,1696,0,0,0,I,HV,1,0,0,1
current,0.66,0.67,1697,0,0,0,I,HV,1,0,0,1
current,0.66,0.67,1698,0,0,0,I,HV,1,0,0,1
current,0.66,0.67,1699,0,0,0,I,HV,1,0,0,1
current,0.66,0.67,1700,0,0,0,I,HV,1,0,0,1
current,0.66,0.67,1701,0,0,0,I,HV,1,0,0,1
current,0.66,0.67,1702,0,0,0,I,HV,1,0,0,1
current,0.66,0.67,1703,0,0,0,I,HV,1,0,0,1
current,0.66,0.67,1704,0,0,0,I,HV,1,0,0,1
current,0.66,0.67,1705,0,0,0,I,HV,1,0,0,1
current,0.66,0.67,1706,0,0,0,I,HV,1,0,0,1
current,0.66,0.67,1707,0,0,0,I,HV,1,0,0,1
current,0.66,0.67,1708,0,0,0,I,HV,1,0,0,1
current,0.66,0.67,1709,0,0,0,I,HV,1,0,0,1
current,0.66,0.67,1710,0,0,0,I,HV,1,0,0,1
current,0.66,0.67,1711,0,0,0,I,HV,1,0,0,1
current,0.66,0.67,1712,0,0,0,I,HV,1,0,0,1
current,0.66,0.67,1713,0,0,0,I,HV,1,0,0,1
current,0.66,0.67,1714,0,0,0,I,HV,1,0,0,1
current,0.66,0.67,1715,0,0,0,I,HV,1,0,0,1
current,0.66,0.67,1716,0,0,0,I,HV,1,0,0,1
current,0.66,0.67,1717,0,0,0,I,HV,1,0,0,1
current,0.66,0.67,1718,0,0,0,I,HV,1,0,0,1
current,0.66,0.67,1719,0,0,0,I,HV,1,0,0,1
current,0.66,0.67,1720,0,0,0,I,HV,1,0,0,1
current,0.66,0.67,1721,0,0,0,I,HV,1,0,0,1
current,0.66,0.67,1722,0,0,0,I,HV,1,0,0,1
current,0.66,0.67,1723,0,0,0,I,HV,1,0,0,1
current,0.66,0.67,1724,0,0,0,I,HV,1,0,0,1
current,0.66,0.67,1725,-1,1,2,V+1 H-1,VH,1,-1,1,0
current,0.66,0.67,1726,-1,1,2,V+1 H-1,VH,1,-1,1,0
current,0.66,0.67,1727,0,0,0,I,HV,1,0,0,1
current,0.66,0.67,1728,0,0,0,I,HV,1,0,0,1
current,0.66,0.67,1729,0,0,0,I,HV,1,0,0,1
current,0.66,0.67,1730,0,1,1,V+1,HV,1,0,1,1
current,0.66,0.67,1731,0,0,0,I,HV,1,0,0,1
current,0.66,0.67,1732,0,1,1,V+1,HV,1,0,1,1
current,0.66,0.67,1733,0,1,1,V+1,HV,1,0,1,1
current,0.66,0.67,1734,2,-1,3,H+1 H+1 V-1,HV,-1,2,-1,1
current,0.66,0.67,1735,0,-1,1,V-1,HV,1,0,-1,1
current,0.66,0.67,1736,0,-1,1,V-1,HV,1,0,-1,1
current,0.66,0.67,1737,-2,-1,3,V-1 H-1 H-1,VH,1,-2,-1,3
current,0.66,0.67,1738,-1,-1,2,V-1 H-1,VH,1,-1,-1,2
current,0.66,0.67,1739,0,1,1,V+1,HV,1,0,1,1
current,0.66,0.67,1740,1,0,1,H+1,HV,1,1,0,1
current,0.66,0.67,1741,1,0,1,H+1,HV,1,1,0,1
current,0.66,0.67,1742,0,0,0,I,HV,1,0,0,1
current,0.66,0.67,1743,-1,0,1,H-1,HV,1,-1,0,1
current,0.66,0.67,1744,0,1,1,V+1,HV,1,0,1,1
current,0.66,0.67,1745,0,0,0,I,HV,1,0,0,1
current,0.66,0.67,1746,0,0,0,I,HV,1,0,0,1
current,0.66,0.67,1747,0,0,0,I,HV,1,0,0,1
current,0.66,0.67,1748,0,1,1,V+1,HV,1,0,1,1
current,0.66,0.67,1749,0,1,1,V+1,HV,1,0,1,1
current,0.66,0.67,1750,1,-1,2,H+1 V-1,HV,0,1,-1,1
current,0.66,0.67,1751,0,0,0,I,HV,1,0,0,1
current,0.66,0.67,1752,0,0,0,I,HV,1,0,0,1
current,0.66,0.67,1753,0,0,0,I,HV,1,0,0,1
current,0.66,0.67,1754,0,0,0,I,HV,1,0,0,1
current,0.66,0.67,1755,0,0,0,I,HV,1,0,0,1
current,0.66,0.67,1756,0,0,0,I,HV,1,0,0,1
current,0.66,0.67,1757,0,0,0,I,HV,1,0,0,1
current,0.66,0.67,1758,0,0,0,I,HV,1,0,0,1
current,0.66,0.67,1759,0,0,0,I,HV,1,0,0,1
current,0.66,0.67,1760,0,0,0,I,HV,1,0,0,1
current,0.66,0.67,1761,0,0,0,I,HV,1,0,0,1
current,0.66,0.67,1762,0,0,0,I,HV,1,0,0,1
current,0.66,0.67,1763,0,0,0,I,HV,1,0,0,1
current,0.66,0.67,1764,0,0,0,I,HV,1,0,0,1
current,0.66,0.67,1765,0,0,0,I,HV,1,0,0,1
current,0.66,0.67,1766,0,0,0,I,HV,1,0,0,1
current,0.66,0.67,1767,0,0,0,I,HV,1,0,0,1
current,0.66,0.67,1768,2,0,2,H+1 H+1,HV,1,2,0,1
current,0.66,0.67,1769,0,0,0,I,HV,1,0,0,1
current,0.66,0.67,1770,1,0,1,H+1,HV,1,1,0,1
current,0.66,0.67,1771,1,0,1,H+1,HV,1,1,0,1
current,0.66,0.67,1772,1,0,1,H+1,HV,1,1,0,1
current,0.66,0.67,1773,1,0,1,H+1,HV,1,1,0,1
current,0.66,0.67,1774,1,0,1,H+1,HV,1,1,0,1
current,0.66,0.67,1775,1,0,1,H+1,HV,1,1,0,1
current,0.66,0.67,1776,1,0,1,H+1,HV,1,1,0,1
current,0.66,0.67,1777,1,0,1,H+1,HV,1,1,0,1
current,0.66,0.67,1778,-1,1,2,H-1 V+1,HV,0,-1,1,1
current,0.66,0.67,1779,-1,1,2,H-1 V+1,HV,0,-1,1,1
current,0.66,0.67,1780,1,-1,2,H+1 V-1,HV,0,1,-1,1
current,0.66,0.67,1781,1,-1,2,H+1 V-1,HV,0,1,-1,1
current,0.66,0.67,1782,1,0,1,H+1,HV,1,1,0,1
current,0.66,0.67,1783,1,0,1,H+1,HV,1,1,0,1
current,0.66,0.67,1784,1,-1,2,H+1 V-1,HV,0,1,-1,1
current,0.66,0.67,1785,1,-1,2,H+1 V-1,HV,0,1,-1,1
current,0.66,0.67,1786,-1,0,1,H-1,HV,1,-1,0,1
current,0.66,0.67,1787,-1,0,1,H-1,HV,1,-1,0,1
current,0.66,0.67,1788,1,0,1,H+1,HV,1,1,0,1
current,0.66,0.67,1789,1,0,1,H+1,HV,1,1,0,1
current,0.66,0.67,1790,-1,0,1,H-1,HV,1,-1,0,1
current,0.66,0.67,1791,-1,0,1,H-1,HV,1,-1,0,1
current,0.66,0.67,1792,-1,1,2,H-1 V+1,HV,0,-1,1,1
current,0.66,0.67,1793,1,0,1,H+1,HV,1,1,0,1
current,0.66,0.67,1794,-1,0,1,H-1,HV,1,-1,0,1
current,0.66,0.67,1795,-1,0,1,H-1,HV,1,-1,0,1
current,0.66,0.67,1796,1,-1,2,H+1 V-1,HV,0,1,-1,1
current,0.66,0.67,1797,1,-1,2,H+1 V-1,HV,0,1,-1,1
current,0.66,0.67,1798,1,-1,2,V-1 H+1,VH,1,1,-1,0
current,0.66,0.67,1799,0,1,1,V+1,HV,1,0,1,1
current,0.66,0.67,1800,1,0,1,H+1,HV,1,1,0,1
current,0.66,0.67,1801,1,0,1,H+1,HV,1,1,0,1
current,0.66,0.67,1802,1,-1,2,H+1 V-1,HV,0,1,-1,1
current,0.66,0.67,1803,-1,0,1,H-1,HV,1,-1,0,1
current,0.66,0.67,1804,0,0,0,I,HV,1,0,0,1
current,0.66,0.67,1805,0,1,1,V+1,HV,1,0,1,1
current,0.66,0.67,1806,0,0,0,I,HV,1,0,0,1
current,0.66,0.67,1807,0,-1,1,V-1,HV,1,0,-1,1
current,0.66,0.67,1808,0,0,0,I,HV,1,0,0,1
current,0.66,0.67,1809,0,0,0,I,HV,1,0,0,1
current,0.66,0.67,1810,0,0,0,I,HV,1,0,0,1
current,0.66,0.67,1811,0,0,0,I,HV,1,0,0,1
current,0.66,0.67,1812,0,0,0,I,HV,1,0,0,1
current,0.66,0.67,1813,0,0,0,I,HV,1,0,0,1
current,0.66,0.67,1814,0,0,0,I,HV,1,0,0,1
current,0.66,0.67,1815,0,0,0,I,HV,1,0,0,1
current,0.66,0.67,1816,0,0,0,I,HV,1,0,0,1
current,0.66,0.67,1817,0,0,0,I,HV,1,0,0,1
current,0.66,0.67,1818,0,0,0,I,HV,1,0,0,1
current,0.66,0.67,1819,0,0,0,I,HV,1,0,0,1
current,0.66,0.67,1820,0,0,0,I,HV,1,0,0,1
current,0.66,0.67,1821,0,0,0,I,HV,1,0,0,1
current,0.66,0.67,1822,0,0,0,I,HV,1,0,0,1
current,0.66,0.67,1823,0,0,0,I,HV,1,0,0,1
current,0.66,0.67,1824,0,0,0,I,HV,1,0,0,1
current,0.66,0.67,1825,0,0,0,I,HV,1,0,0,1
current,0.66,0.67,1826,0,1,1,V+1,HV,1,0,1,1
current,0.66,0.67,1827,0,1,1,V+1,HV,1,0,1,1
current,0.66,0.67,1828,0,0,0,I,HV,1,0,0,1
current,0.66,0.67,1829,0,0,0,I,HV,1,0,0,1
current,0.66,0.67,1830,0,0,0,I,HV,1,0,0,1
current,0.66,0.67,1831,0,0,0,I,HV,1,0,0,1
current,0.66,0.67,1832,0,0,0,I,HV,1,0,0,1
current,0.66,0.67,1833,0,0,0,I,HV,1,0,0,1
current,0.66,0.67,1834,0,0,0,I,HV,1,0,0,1
current,0.66,0.67,1835,0,0,0,I,HV,1,0,0,1
current,0.66,0.67,1836,0,0,0,I,HV,1,0,0,1
current,0.66,0.67,1837,0,0,0,I,HV,1,0,0,1
current,0.66,0.67,1838,0,0,0,I,HV,1,0,0,1
current,0.66,0.67,1839,0,0,0,I,HV,1,0,0,1
current,0.66,0.67,1840,0,0,0,I,HV,1,0,0,1
current,0.66,0.67,1841,0,0,0,I,HV,1,0,0,1
current,0.66,0.67,1842,0,0,0,I,HV,1,0,0,1
current,0.66,0.67,1843,0,0,0,I,HV,1,0,0,1
current,0.66,0.67,1844,0,0,0,I,HV,1,0,0,1
current,0.66,0.67,1845,0,0,0,I,HV,1,0,0,1
current,0.66,0.67,1846,0,0,0,I,HV,1,0,0,1
current,0.66,0.67,1847,0,0,0,I,HV,1,0,0,1
current,0.66,0.67,1848,0,0,0,I,HV,1,0,0,1
current,0.66,0.67,1849,0,0,0,I,HV,1,0,0,1
current,0.66,0.67,1850,0,0,0,I,HV,1,0,0,1
current,0.66,0.67,1851,0,0,0,I,HV,1,0,0,1
current,0.66,0.67,1852,0,0,0,I,HV,1,0,0,1
current,0.66,0.67,1853,0,0,0,I,HV,1,0,0,1
current,0.66,0.67,1854,0,0,0,I,HV,1,0,0,1
current,0.66,0.67,1855,0,0,0,I,HV,1,0,0,1
current,0.66,0.67,1856,0,0,0,I,HV,1,0,0,1
current,0.66,0.67,1857,0,0,0,I,HV,1,0,0,1
current,0.66,0.67,1858,0,0,0,I,HV,1,0,0,1
current,0.66,0.67,1859,0,0,0,I,HV,1,0,0,1
current,0.66,0.67,1860,0,0,0,I,HV,1,0,0,1
current,0.66,0.67,1861,0,0,0,I,HV,1,0,0,1
current,0.66,0.67,1862,0,0,0,I,HV,1,0,0,1
current,0.66,0.67,1863,0,0,0,I,HV,1,0,0,1
current,0.66,0.67,1864,0,-1,1,V-1,HV,1,0,-1,1
current,0.66,0.67,1865,0,-1,1,V-1,HV,1,0,-1,1
current,0.66,0.67,1866,0,0,0,I,HV,1,0,0,1
current,0.66,0.67,1867,0,0,0,I,HV,1,0,0,1
current,0.66,0.67,1868,0,0,0,I,HV,1,0,0,1
current,0.66,0.67,1869,0,0,0,I,HV,1,0,0,1
current,0.66,0.67,1870,0,0,0,I,HV,1,0,0,1
current,0.66,0.67,1871,0,0,0,I,HV,1,0,0,1
current,0.66,0.67,1872,0,1,1,V+1,HV,1,0,1,1
current,0.66,0.67,1873,1,0,1,H+1,HV,1,1,0,1
current,0.66,0.67,1874,1,-1,2,H+1 V-1,HV,0,1,-1,1
current,0.66,0.67,1875,0,0,0,I,HV,1,0,0,1
current,0.66,0.67,1876,0,1,1,V+1,HV,1,0,1,1
current,0.66,0.67,1877,1,0,1,H+1,HV,1,1,0,1
current,0.66,0.67,1878,-1,0,1,H-1,HV,1,-1,0,1
current,0.66,0.67,1879,-1,0,1,H-1,HV,1,-1,0,1
current,0.66,0.67,1880,1,0,1,H+1,HV,1,1,0,1
current,0.66,0.67,1881,1,0,1,H+1,HV,1,1,0,1
current,0.66,0.67,1882,-1,0,1,H-1,HV,1,-1,0,1
current,0.66,0.67,1883,-1,0,1,H-1,HV,1,-1,0,1
current,0.66,0.67,1884,0,1,1,V+1,HV,1,0,1,1
current,0.66,0.67,1885,1,0,1,H+1,HV,1,1,0,1
current,0.66,0.67,1886,-1,0,1,H-1,HV,1,-1,0,1
current,0.66,0.67,1887,0,-1,1,V-1,HV,1,0,-1,1
current,0.66,0.67,1888,0,0,0,I,HV,1,0,0,1
current,0.66,0.67,1889,0,0,0,I,HV,1,0,0,1
current,0.66,0.67,1890,1,-1,2,H+1 V-1,HV,0,1,-1,1
current,0.66,0.67,1891,0,0,0,I,HV,1,0,0,1
current,0.66,0.67,1892,0,0,0,I,HV,1,0,0,1
current,0.66,0.67,1893,0,0,0,I,HV,1,0,0,1
current,0.66,0.67,1894,0,0,0,I,HV,1,0,0,1
current,0.66,0.67,1895,0,0,0,I,HV,1,0,0,1
current,0.66,0.67,1896,0,0,0,I,HV,1,0,0,1
current,0.66,0.67,1897,0,0,0,I,HV,1,0,0,1
current,0.66,0.67,1898,0,0,0,I,HV,1,0,0,1
current,0.66,0.67,1899,0,0,0,I,HV,1,0,0,1
current,0.66,0.67,1900,0,0,0,I,HV,1,0,0,1
current,0.66,0.67,1901,0,0,0,I,HV,1,0,0,1
current,0.66,0.67,1902,0,0,0,I,HV,1,0,0,1
current,0.66,0.67,1903,0,0,0,I,HV,1,0,0,1
current,0.66,0.67,1904,0,0,0,I,HV,1,0,0,1
current,0.66,0.67,1905,0,0,0,I,HV,1,0,0,1
current,0.66,0.67,1906,0,0,0,I,HV,1,0,0,1
current,0.66,0.67,1907,0,0,0,I,HV,1,0,0,1
current,0.66,0.67,1908,0,0,0,I,HV,1,0,0,1
current,0.66,0.67,1909,2,0,2,H+1 H+1,HV,1,2,0,1
current,0.66,0.67,1910,1,0,1,H+1,HV,1,1,0,1
current,0.66,0.67,1911,1,0,1,H+1,HV,1,1,0,1
current,0.66,0.67,1912,1,0,1,H+1,HV,1,1,0,1
current,0.66,0.67,1913,1,0,1,H+1,HV,1,1,0,1
current,0.66,0.67,1914,1,0,1,H+1,HV,1,1,0,1
current,0.66,0.67,1915,0,0,0,I,HV,1,0,0,1
current,0.66,0.67,1916,0,0,0,I,HV,1,0,0,1
current,0.66,0.67,1917,0,0,0,I,HV,1,0,0,1
current,0.66,0.67,1918,0,0,0,I,HV,1,0,0,1
current,0.66,0.67,1919,-1,1,2,H-1 V+1,HV,0,-1,1,1
current,0.66,0.67,1920,1,-1,2,H+1 V-1,HV,0,1,-1,1
current,0.66,0.67,1921,1,-1,2,H+1 V-1,HV,0,1,-1,1
current,0.66,0.67,1922,1,0,1,H+1,HV,1,1,0,1
current,0.66,0.67,1923,1,0,1,H+1,HV,1,1,0,1
current,0.66,0.67,1924,1,-1,2,H+1 V-1,HV,0,1,-1,1
current,0.66,0.67,1925,-1,0,1,H-1,HV,1,-1,0,1
current,0.66,0.67,1926,1,0,1,H+1,HV,1,1,0,1
current,0.66,0.67,1927,-1,0,1,H-1,HV,1,-1,0,1
current,0.66,0.67,1928,-1,0,1,H-1,HV,1,-1,0,1
current,0.66,0.67,1929,1,0,1,H+1,HV,1,1,0,1
current,0.66,0.67,1930,1,0,1,H+1,HV,1,1,0,1
current,0.66,0.67,1931,-1,0,1,H-1,HV,1,-1,0,1
current,0.66,0.67,1932,-1,0,1,H-1,HV,1,-1,0,1
current,0.66,0.67,1933,1,0,1,H+1,HV,1,1,0,1
current,0.66,0.67,1934,1,-1,2,H+1 V-1,HV,0,1,-1,1
current,0.66,0.67,1935,-1,0,1,H-1,HV,1,-1,0,1
current,0.66,0.67,1936,1,-1,2,H+1 V-1,HV,0,1,-1,1
current,0.66,0.67,1937,1,-1,2,H+1 V-1,HV,0,1,-1,1
current,0.66,0.67,1938,1,0,1,H+1,HV,1,1,0,1
current,0.66,0.67,1939,-1,0,1,H-1,HV,1,-1,0,1
current,0.66,0.67,1940,-1,0,1,H-1,HV,1,-1,0,1
current,0.66,0.67,1941,1,0,1,H+1,HV,1,1,0,1
current,0.66,0.67,1942,1,0,1,H+1,HV,1,1,0,1
current,0.66,0.67,1943,0,1,1,V+1,HV,1,0,1,1
current,0.66,0.67,1944,-1,0,1,H-1,HV,1,-1,0,1
current,0.66,0.67,1945,1,0,1,H+1,HV,1,1,0,1
current,0.66,0.67,1946,0,-1,1,V-1,HV,1,0,-1,1
current,0.66,0.67,1947,0,-1,1,V-1,HV,1,0,-1,1
current,0.66,0.67,1948,0,0,0,I,HV,1,0,0,1
current,0.66,0.67,1949,0,0,0,I,HV,1,0,0,1
current,0.66,0.67,1950,0,0,0,I,HV,1,0,0,1
current,0.66,0.67,1951,0,0,0,I,HV,1,0,0,1
current,0.66,0.67,1952,0,0,0,I,HV,1,0,0,1
current,0.66,0.67,1953,0,0,0,I,HV,1,0,0,1
current,0.66,0.67,1954,0,0,0,I,HV,1,0,0,1
current,0.66,0.67,1955,0,0,0,I,HV,1,0,0,1
current,0.66,0.67,1956,0,0,0,I,HV,1,0,0,1
current,0.66,0.67,1957,0,0,0,I,HV,1,0,0,1
current,0.66,0.67,1958,0,0,0,I,HV,1,0,0,1
current,0.66,0.67,1959,0,0,0,I,HV,1,0,0,1
current,0.66,0.67,1960,0,0,0,I,HV,1,0,0,1
current,0.66,0.67,1961,0,0,0,I,HV,1,0,0,1
current,0.66,0.67,1962,0,0,0,I,HV,1,0,0,1
current,0.66,0.67,1963,0,0,0,I,HV,1,0,0,1
current,0.66,0.67,1964,0,0,0,I,HV,1,0,0,1
current,0.66,0.67,1965,0,0,0,I,HV,1,0,0,1
current,0.66,0.67,1966,0,1,1,V+1,HV,1,0,1,1
current,0.66,0.67,1967,0,1,1,V+1,HV,1,0,1,1
current,0.66,0.67,1968,0,0,0,I,HV,1,0,0,1
current,0.66,0.67,1969,0,0,0,I,HV,1,0,0,1
current,0.66,0.67,1970,0,0,0,I,HV,1,0,0,1
current,0.66,0.67,1971,0,0,0,I,HV,1,0,0,1
current,0.66,0.67,1972,0,0,0,I,HV,1,0,0,1
current,0.66,0.67,1973,0,0,0,I,HV,1,0,0,1
current,0.66,0.67,1974,0,0,0,I,HV,1,0,0,1
current,0.66,0.67,1975,0,0,0,I,HV,1,0,0,1
current,0.66,0.67,1976,0,0,0,I,HV,1,0,0,1
current,0.66,0.67,1977,0,0,0,I,HV,1,0,0,1
current,0.66,0.67,1978,0,0,0,I,HV,1,0,0,1
current,0.66,0.67,1979,0,0,0,I,HV,1,0,0,1
current,0.66,0.67,1980,0,0,0,I,HV,1,0,0,1
current,0.66,0.67,1981,0,0,0,I,HV,1,0,0,1
current,0.66,0.67,1982,0,0,0,I,HV,1,0,0,1
current,0.66,0.67,1983,0,0,0,I,HV,1,0,0,1
current,0.66,0.67,1984,0,0,0,I,HV,1,0,0,1
current,0.66,0.67,1985,0,0,0,I,HV,1,0,0,1
current,0.66,0.67,1986,0,0,0,I,HV,1,0,0,1
current,0.66,0.67,1987,0,0,0,I,HV,1,0,0,1
current,0.66,0.67,1988,0,0,0,I,HV,1,0,0,1
current,0.66,0.67,1989,0,0,0,I,HV,1,0,0,1
current,0.66,0.67,1990,0,0,0,I,HV,1,0,0,1
current,0.66,0.67,1991,0,0,0,I,HV,1,0,0,1
current,0.66,0.67,1992,0,0,0,I,HV,1,0,0,1
current,0.66,0.67,1993,0,0,0,I,HV,1,0,0,1
current,0.66,0.67,1994,0,0,0,I,HV,1,0,0,1
current,0.66,0.67,1995,0,0,0,I,HV,1,0,0,1
current,0.66,0.67,1996,0,0,0,I,HV,1,0,0,1
current,0.66,0.67,1997,0,0,0,I,HV,1,0,0,1
current,0.66,0.67,1998,0,0,0,I,HV,1,0,0,1
current,0.66,0.67,1999,0,0,0,I,HV,1,0,0,1
current,0.66,0.67,2000,0,0,0,I,HV,1,0,0,1
current,0.66,0.67,2001,0,0,0,I,HV,1,0,0,1
current,0.66,0.67,2002,0,0,0,I,HV,1,0,0,1
current,0.66,0.67,2003,0,0,0,I,HV,1,0,0,1
current,0.66,0.67,2004,0,-1,1,V-1,HV,1,0,-1,1
current,0.66,0.67,2005,0,-1,1,V-1,HV,1,0,-1,1
current,0.66,0.67,2006,0,0,0,I,HV,1,0,0,1
current,0.66,0.67,2007,0,0,0,I,HV,1,0,0,1
current,0.66,0.67,2008,0,0,0,I,HV,1,0,0,1
current,0.66,0.67,2009,0,0,0,I,HV,1,0,0,1
current,0.66,0.67,2010,0,0,0,I,HV,1,0,0,1
current,0.66,0.67,2011,2,0,2,H+1 H+1,HV,1,2,0,1
current,0.66,0.67,2012,1,0,1,H+1,HV,1,1,0,1
current,0.66,0.67,2013,0,1,1,V+1,HV,1,0,1,1
current,0.66,0.67,2014,0,0,0,I,HV,1,0,0,1
current,0.66,0.67,2015,1,-1,2,H+1 V-1,HV,0,1,-1,1
current,0.66,0.67,2016,1,0,1,H+1,HV,1,1,0,1
current,0.66,0.67,2017,1,0,1,H+1,HV,1,1,0,1
current,0.66,0.67,2018,-1,0,1,H-1,HV,1,-1,0,1
current,0.66,0.67,2019,-1,0,1,H-1,HV,1,-1,0,1
current,0.66,0.67,2020,1,0,1,H+1,HV,1,1,0,1
current,0.66,0.67,2021,1,0,1,H+1,HV,1,1,0,1
current,0.66,0.67,2022,-1,0,1,H-1,HV,1,-1,0,1
current,0.66,0.67,2023,-1,0,1,H-1,HV,1,-1,0,1
current,0.66,0.67,2024,1,0,1,H+1,HV,1,1,0,1
current,0.66,0.67,2025,1,0,1,H+1,HV,1,1,0,1
current,0.66,0.67,2026,-1,0,1,H-1,HV,1,-1,0,1
current,0.66,0.67,2027,-1,0,1,H-1,HV,1,-1,0,1
current,0.66,0.67,2028,1,0,1,H+1,HV,1,1,0,1
current,0.66,0.67,2029,1,0,1,H+1,HV,1,1,0,1
current,0.66,0.67,2030,0,0,0,I,HV,1,0,0,1
current,0.66,0.67,2031,0,0,0,I,HV,1,0,0,1
current,0.66,0.67,2032,0,0,0,I,HV,1,0,0,1
current,0.66,0.67,2033,0,0,0,I,HV,1,0,0,1
current,0.66,0.67,2034,0,0,0,I,HV,1,0,0,1
current,0.66,0.67,2035,0,0,0,I,HV,1,0,0,1
current,0.66,0.67,2036,0,0,0,I,HV,1,0,0,1
current,0.66,0.67,2037,0,0,0,I,HV,1,0,0,1
current,0.66,0.67,2038,0,0,0,I,HV,1,0,0,1
current,0.66,0.67,2039,0,0,0,I,HV,1,0,0,1
current,0.66,0.67,2040,0,0,0,I,HV,1,0,0,1
current,0.66,0.67,2041,0,0,0,I,HV,1,0,0,1
current,0.66,0.67,2042,0,0,0,I,HV,1,0,0,1
current,0.66,0.67,2043,0,0,0,I,HV,1,0,0,1
current,0.66,0.67,2044,0,0,0,I,HV,1,0,0,1
current,0.66,0.67,2045,0,0,0,I,HV,1,0,0,1
current,0.66,0.67,2046,1,0,1,H+1,HV,1,1,0,1
current,0.66,0.67,2047,0,0,0,I,HV,1,0,0,1
current,0.66,0.67,2048,1,0,1,H+1,HV,1,1,0,1
current,0.66,0.67,2049,1,0,1,H+1,HV,1,1,0,1
current,0.66,0.67,2050,1,0,1,H+1,HV,1,1,0,1
current,0.66,0.67,2051,1,0,1,H+1,HV,1,1,0,1
current,0.66,0.67,2052,0,0,0,I,HV,1,0,0,1
current,0.66,0.67,2053,0,0,0,I,HV,1,0,0,1
current,0.66,0.67,2054,0,1,1,V+1,HV,1,0,1,1
current,0.66,0.67,2055,0,1,1,V+1,HV,1,0,1,1
current,0.66,0.67,2056,1,0,1,H+1,HV,1,1,0,1
current,0.66,0.67,2057,1,0,1,H+1,HV,1,1,0,1
current,0.66,0.67,2058,0,-1,1,V-1,HV,1,0,-1,1
current,0.66,0.67,2059,0,0,0,I,HV,1,0,0,1
current,0.66,0.67,2060,0,-1,1,V-1,HV,1,0,-1,1
current,0.66,0.67,2061,0,0,0,I,HV,1,0,0,1
current,0.66,0.67,2062,0,0,0,I,HV,1,0,0,1
current,0.66,0.67,2063,-1,1,2,V+1 H-1,VH,1,-1,1,0
current,0.66,0.67,2064,-1,0,1,H-1,HV,1,-1,0,1
current,0.66,0.67,2065,1,-1,2,H+1 V-1,HV,0,1,-1,1
current,0.66,0.67,2066,1,0,1,H+1,HV,1,1,0,1
current,0.66,0.67,2067,1,0,1,H+1,HV,1,1,0,1
current,0.66,0.67,2068,-1,0,1,H-1,HV,1,-1,0,1
current,0.66,0.67,2069,-1,0,1,H-1,HV,1,-1,0,1
current,0.66,0.67,2070,1,0,1,H+1,HV,1,1,0,1
current,0.66,0.67,2071,1,0,1,H+1,HV,1,1,0,1
current,0.66,0.67,2072,1,-1,2,H+1 V-1,HV,0,1,-1,1
current,0.66,0.67,2073,1,-1,2,H+1 V-1,HV,0,1,-1,1
current,0.66,0.67,2074,1,-1,2,H+1 V-1,HV,0,1,-1,1
current,0.66,0.67,2075,1,-1,2,H+1 V-1,HV,0,1,-1,1
current,0.66,0.67,2076,0,1,1,V+1,HV,1,0,1,1
current,0.66,0.67,2077,0,-1,1,V-1,HV,1,0,-1,1
current,0.66,0.67,2078,1,0,1,H+1,HV,1,1,0,1
current,0.66,0.67,2079,1,-1,2,H+1 V-1,HV,0,1,-1,1
current,0.66,0.67,2080,0,0,0,I,HV,1,0,0,1
current,0.66,0.67,2081,0,0,0,I,HV,1,0,0,1
current,0.66,0.67,2082,0,1,1,V+1,HV,1,0,1,1
current,0.66,0.67,2083,1,0,1,H+1,HV,1,1,0,1
current,0.66,0.67,2084,0,0,0,I,HV,1,0,0,1
current,0.66,0.67,2085,0,0,0,I,HV,1,0,0,1
current,0.66,0.67,2086,0,-1,1,V-1,HV,1,0,-1,1
current,0.66,0.67,2087,0,-1,1,V-1,HV,1,0,-1,1
current,0.66,0.67,2088,0,0,0,I,HV,1,0,0,1
current,0.66,0.67,2089,0,0,0,I,HV,1,0,0,1
current,0.66,0.67,2090,0,0,0,I,HV,1,0,0,1
current,0.66,0.67,2091,0,0,0,I,HV,1,0,0,1
current,0.66,0.67,2092,0,0,0,I,HV,1,0,0,1
current,0.66,0.67,2093,0,0,0,I,HV,1,0,0,1
current,0.66,0.67,2094,0,0,0,I,HV,1,0,0,1
current,0.66,0.67,2095,0,0,0,I,HV,1,0,0,1
current,0.66,0.67,2096,0,0,0,I,HV,1,0,0,1
current,0.66,0.67,2097,0,0,0,I,HV,1,0,0,1
current,0.66,0.67,2098,0,0,0,I,HV,1,0,0,1
current,0.66,0.67,2099,0,0,0,I,HV,1,0,0,1
current,0.66,0.67,2100,0,0,0,I,HV,1,0,0,1
current,0.66,0.67,2101,0,0,0,I,HV,1,0,0,1
current,0.66,0.67,2102,0,0,0,I,HV,1,0,0,1
current,0.66,0.67,2103,0,0,0,I,HV,1,0,0,1
current,0.66,0.67,2104,0,0,0,I,HV,1,0,0,1
current,0.66,0.67,2105,0,0,0,I,HV,1,0,0,1
current,0.66,0.67,2106,0,1,1,V+1,HV,1,0,1,1
current,0.66,0.67,2107,0,1,1,V+1,HV,1,0,1,1
current,0.66,0.67,2108,0,0,0,I,HV,1,0,0,1
current,0.66,0.67,2109,0,0,0,I,HV,1,0,0,1
current,0.66,0.67,2110,0,0,0,I,HV,1,0,0,1
current,0.66,0.67,2111,0,0,0,I,HV,1,0,0,1
current,0.66,0.67,2112,0,0,0,I,HV,1,0,0,1
current,0.66,0.67,2113,0,0,0,I,HV,1,0,0,1
current,0.66,0.67,2114,0,0,0,I,HV,1,0,0,1
current,0.66,0.67,2115,0,0,0,I,HV,1,0,0,1
current,0.66,0.67,2116,0,0,0,I,HV,1,0,0,1
current,0.66,0.67,2117,0,0,0,I,HV,1,0,0,1
current,0.66,0.67,2118,0,0,0,I,HV,1,0,0,1
current,0.66,0.67,2119,0,0,0,I,HV,1,0,0,1
current,0.66,0.67,2120,0,0,0,I,HV,1,0,0,1
current,0.66,0.67,2121,0,0,0,I,HV,1,0,0,1
current,0.66,0.67,2122,0,0,0,I,HV,1,0,0,1
current,0.66,0.67,2123,0,0,0,I,HV,1,0,0,1
current,0.66,0.67,2124,0,0,0,I,HV,1,0,0,1
current,0.66,0.67,2125,0,0,0,I,HV,1,0,0,1
current,0.66,0.67,2126,0,0,0,I,HV,1,0,0,1
current,0.66,0.67,2127,0,0,0,I,HV,1,0,0,1
current,0.66,0.67,2128,0,0,0,I,HV,1,0,0,1
current,0.66,0.67,2129,0,0,0,I,HV,1,0,0,1
current,0.66,0.67,2130,0,0,0,I,HV,1,0,0,1
current,0.66,0.67,2131,0,0,0,I,HV,1,0,0,1
current,0.66,0.67,2132,0,0,0,I,HV,1,0,0,1
current,0.66,0.67,2133,0,0,0,I,HV,1,0,0,1
current,0.66,0.67,2134,0,0,0,I,HV,1,0,0,1
current,0.66,0.67,2135,0,0,0,I,HV,1,0,0,1
current,0.66,0.67,2136,0,0,0,I,HV,1,0,0,1
current,0.66,0.67,2137,0,0,0,I,HV,1,0,0,1
current,0.66,0.67,2138,0,0,0,I,HV,1,0,0,1
current,0.66,0.67,2139,0,0,0,I,HV,1,0,0,1
current,0.66,0.67,2140,0,0,0,I,HV,1,0,0,1
current,0.66,0.67,2141,0,0,0,I,HV,1,0,0,1
current,0.66,0.67,2142,0,0,0,I,HV,1,0,0,1
current,0.66,0.67,2143,0,0,0,I,HV,1,0,0,1
current,0.66,0.67,2144,0,-1,1,V-1,HV,1,0,-1,1
current,0.66,0.67,2145,0,-1,1,V-1,HV,1,0,-1,1
current,0.66,0.67,2146,0,0,0,I,HV,1,0,0,1
current,0.66,0.67,2147,0,0,0,I,HV,1,0,0,1
current,0.66,0.67,2148,0,0,0,I,HV,1,0,0,1
current,0.66,0.67,2149,0,0,0,I,HV,1,0,0,1
current,0.66,0.67,2150,0,1,1,V+1,HV,1,0,1,1
current,0.66,0.67,2151,1,0,1,H+1,HV,1,1,0,1
current,0.66,0.67,2152,0,1,1,V+1,HV,1,0,1,1
current,0.66,0.67,2153,1,0,1,H+1,HV,1,1,0,1
current,0.66,0.67,2154,1,-1,2,H+1 V-1,HV,0,1,-1,1
current,0.66,0.67,2155,1,-1,2,H+1 V-1,HV,0,1,-1,1
current,0.66,0.67,2156,1,0,1,H+1,HV,1,1,0,1
current,0.66,0.67,2157,1,0,1,H+1,HV,1,1,0,1
current,0.66,0.67,2158,-1,0,1,H-1,HV,1,-1,0,1
current,0.66,0.67,2159,-1,0,1,H-1,HV,1,-1,0,1
current,0.66,0.67,2160,1,0,1,H+1,HV,1,1,0,1
current,0.66,0.67,2161,1,0,1,H+1,HV,1,1,0,1
current,0.66,0.67,2162,-1,0,1,H-1,HV,1,-1,0,1
current,0.66,0.67,2163,-1,0,1,H-1,HV,1,-1,0,1
current,0.66,0.67,2164,1,0,1,H+1,HV,1,1,0,1
current,0.66,0.67,2165,1,0,1,H+1,HV,1,1,0,1
current,0.66,0.67,2166,-1,0,1,H-1,HV,1,-1,0,1
current,0.66,0.67,2167,-1,0,1,H-1,HV,1,-1,0,1
current,0.66,0.67,2168,0,1,1,V+1,HV,1,0,1,1
current,0.66,0.67,2169,1,0,1,H+1,HV,1,1,0,1
current,0.66,0.67,2170,0,0,0,I,HV,1,0,0,1
current,0.66,0.67,2171,0,0,0,I,HV,1,0,0,1
current,0.66,0.67,2172,0,0,0,I,HV,1,0,0,1
current,0.66,0.67,2173,0,0,0,I,HV,1,0,0,1
current,0.66,0.67,2174,0,0,0,I,HV,1,0,0,1
current,0.66,0.67,2175,0,0,0,I,HV,1,0,0,1
current,0.66,0.67,2176,0,0,0,I,HV,1,0,0,1
current,0.66,0.67,2177,0,0,0,I,HV,1,0,0,1
current,0.66,0.67,2178,0,0,0,I,HV,1,0,0,1
current,0.66,0.67,2179,0,0,0,I,HV,1,0,0,1
current,0.66,0.67,2180,0,0,0,I,HV,1,0,0,1
current,0.66,0.67,2181,0,0,0,I,HV,1,0,0,1
current,0.66,0.67,2182,0,0,0,I,HV,1,0,0,1
current,0.66,0.67,2183,0,0,0,I,HV,1,0,0,1
current,0.66,0.67,2184,1,0,1,H+1,HV,1,1,0,1
current,0.66,0.67,2185,0,0,0,I,HV,1,0,0,1
current,0.66,0.67,2186,1,0,1,H+1,HV,1,1,0,1
current,0.66,0.67,2187,1,0,1,H+1,HV,1,1,0,1
current,0.66,0.67,2188,1,0,1,H+1,HV,1,1,0,1
current,0.66,0.67,2189,1,0,1,H+1,HV,1,1,0,1
current,0.66,0.67,2190,1,0,1,H+1,HV,1,1,0,1
current,0.66,0.67,2191,1,0,1,H+1,HV,1,1,0,1
current,0.66,0.67,2192,1,0,1,H+1,HV,1,1,0,1
current,0.66,0.67,2193,1,0,1,H+1,HV,1,1,0,1
current,0.66,0.67,2194,0,1,1,V+1,HV,1,0,1,1
current,0.66,0.67,2195,0,0,0,I,HV,1,0,0,1
current,0.66,0.67,2196,0,0,0,I,HV,1,0,0,1
current,0.66,0.67,2197,1,0,1,H+1,HV,1,1,0,1
current,0.66,0.67,2198,-1,0,1,H-1,HV,1,-1,0,1
current,0.66,0.67,2199,1,-1,2,V-1 H+1,VH,1,1,-1,0
current,0.66,0.67,2200,-1,1,2,V+1 H-1,VH,1,-1,1,0
current,0.66,0.67,2201,1,0,1,H+1,HV,1,1,0,1
current,0.66,0.67,2202,-1,0,1,H-1,HV,1,-1,0,1
current,0.66,0.67,2203,0,-1,1,V-1,HV,1,0,-1,1
current,0.66,0.67,2204,0,-1,1,V-1,HV,1,0,-1,1
current,0.66,0.67,2205,0,-1,1,V-1,HV,1,0,-1,1
current,0.66,0.67,2206,0,0,0,I,HV,1,0,0,1
current,0.66,0.67,2207,0,0,0,I,HV,1,0,0,1
current,0.66,0.67,2208,0,-1,1,V-1,HV,1,0,-1,1
current,0.66,0.67,2209,-1,0,1,H-1,HV,1,-1,0,1
current,0.66,0.67,2210,1,0,1,H+1,HV,1,1,0,1
current,0.66,0.67,2211,0,1,1,V+1,HV,1,0,1,1
current,0.66,0.67,2212,0,0,0,I,HV,1,0,0,1
current,0.66,0.67,2213,0,-1,1,V-1,HV,1,0,-1,1
current,0.66,0.67,2214,0,0,0,I,HV,1,0,0,1
current,0.66,0.67,2215,0,0,0,I,HV,1,0,0,1
current,0.66,0.67,2216,-1,0,1,H-1,HV,1,-1,0,1
current,0.66,0.67,2217,0,0,0,I,HV,1,0,0,1
current,0.66,0.67,2218,1,0,1,H+1,HV,1,1,0,1
current,0.66,0.67,2219,0,0,0,I,HV,1,0,0,1
current,0.66,0.67,2220,-1,0,1,H-1,HV,1,-1,0,1
current,0.66,0.67,2221,-1,0,1,H-1,HV,1,-1,0,1
current,0.66,0.67,2222,0,0,0,I,HV,1,0,0,1
current,0.66,0.67,2223,0,0,0,I,HV,1,0,0,1
current,0.66,0.67,2224,0,0,0,I,HV,1,0,0,1
current,0.66,0.67,2225,0,0,0,I,HV,1,0,0,1
current,0.66,0.67,2226,0,-1,1,V-1,HV,1,0,-1,1
current,0.66,0.67,2227,0,-1,1,V-1,HV,1,0,-1,1
current,0.66,0.67,2228,0,0,0,I,HV,1,0,0,1
current,0.66,0.67,2229,0,0,0,I,HV,1,0,0,1
current,0.66,0.67,2230,0,0,0,I,HV,1,0,0,1
current,0.66,0.67,2231,0,0,0,I,HV,1,0,0,1
current,0.66,0.67,2232,0,0,0,I,HV,1,0,0,1
current,0.66,0.67,2233,0,0,0,I,HV,1,0,0,1
current,0.66,0.67,2234,0,0,0,I,HV,1,0,0,1
current,0.66,0.67,2235,0,0,0,I,HV,1,0,0,1
current,0.66,0.67,2236,0,0,0,I,HV,1,0,0,1
current,0.66,0.67,2237,0,0,0,I,HV,1,0,0,1
current,0.66,0.67,2238,0,0,0,I,HV,1,0,0,1
current,0.66,0.67,2239,0,0,0,I,HV,1,0,0,1
current,0.66,0.67,2240,0,0,0,I,HV,1,0,0,1
current,0.66,0.67,2241,0,0,0,I,HV,1,0,0,1
current,0.66,0.67,2242,0,0,0,I,HV,1,0,0,1
current,0.66,0.67,2243,0,0,0,I,HV,1,0,0,1
current,0.66,0.67,2244,0,0,0,I,HV,1,0,0,1
current,0.66,0.67,2245,0,0,0,I,HV,1,0,0,1
current,0.66,0.67,2246,0,1,1,V+1,HV,1,0,1,1
current,0.66,0.67,2247,0,1,1,V+1,HV,1,0,1,1
current,0.66,0.67,2248,0,0,0,I,HV,1,0,0,1
current,0.66,0.67,2249,0,0,0,I,HV,1,0,0,1
current,0.66,0.67,2250,0,0,0,I,HV,1,0,0,1
current,0.66,0.67,2251,0,0,0,I,HV,1,0,0,1
current,0.66,0.67,2252,0,0,0,I,HV,1,0,0,1
current,0.66,0.67,2253,0,0,0,I,HV,1,0,0,1
current,0.66,0.67,2254,0,0,0,I,HV,1,0,0,1
current,0.66,0.67,2255,0,0,0,I,HV,1,0,0,1
current,0.66,0.67,2256,0,0,0,I,HV,1,0,0,1
current,0.66,0.67,2257,0,0,0,I,HV,1,0,0,1
current,0.66,0.67,2258,0,0,0,I,HV,1,0,0,1
current,0.66,0.67,2259,0,0,0,I,HV,1,0,0,1
current,0.66,0.67,2260,0,0,0,I,HV,1,0,0,1
current,0.66,0.67,2261,0,0,0,I,HV,1,0,0,1
current,0.66,0.67,2262,0,0,0,I,HV,1,0,0,1
current,0.66,0.67,2263,0,0,0,I,HV,1,0,0,1
current,0.66,0.67,2264,0,0,0,I,HV,1,0,0,1
current,0.66,0.67,2265,0,0,0,I,HV,1,0,0,1
current,0.66,0.67,2266,0,0,0,I,HV,1,0,0,1
current,0.66,0.67,2267,0,0,0,I,HV,1,0,0,1
current,0.66,0.67,2268,0,0,0,I,HV,1,0,0,1
current,0.66,0.67,2269,0,0,0,I,HV,1,0,0,1
current,0.66,0.67,2270,0,0,0,I,HV,1,0,0,1
current,0.66,0.67,2271,0,0,0,I,HV,1,0,0,1
current,0.66,0.67,2272,0,0,0,I,HV,1,0,0,1
current,0.66,0.67,2273,0,0,0,I,HV,1,0,0,1
current,0.66,0.67,2274,0,0,0,I,HV,1,0,0,1
current,0.66,0.67,2275,0,0,0,I,HV,1,0,0,1
current,0.66,0.67,2276,0,0,0,I,HV,1,0,0,1
current,0.66,0.67,2277,0,0,0,I,HV,1,0,0,1
current,0.66,0.67,2278,0,0,0,I,HV,1,0,0,1
current,0.66,0.67,2279,0,0,0,I,HV,1,0,0,1
current,0.66,0.67,2280,0,0,0,I,HV,1,0,0,1
current,0.66,0.67,2281,0,0,0,I,HV,1,0,0,1
current,0.66,0.67,2282,0,0,0,I,HV,1,0,0,1
current,0.66,0.67,2283,0,0,0,I,HV,1,0,0,1
current,0.66,0.67,2284,0,-1,1,V-1,HV,1,0,-1,1
current,0.66,0.67,2285,0,-1,1,V-1,HV,1,0,-1,1
current,0.66,0.67,2286,0,0,0,I,HV,1,0,0,1
current,0.66,0.67,2287,0,0,0,I,HV,1,0,0,1
current,0.66,0.67,2288,0,0,0,I,HV,1,0,0,1
current,0.66,0.67,2289,0,0,0,I,HV,1,0,0,1
current,0.66,0.67,2290,1,0,1,H+1,HV,1,1,0,1
current,0.66,0.67,2291,1,0,1,H+1,HV,1,1,0,1
current,0.66,0.67,2292,1,0,1,H+1,HV,1,1,0,1
current,0.66,0.67,2293,0,1,1,V+1,HV,1,0,1,1
current,0.66,0.67,2294,1,-1,2,H+1 V-1,HV,0,1,-1,1
current,0.66,0.67,2295,1,-1,2,H+1 V-1,HV,0,1,-1,1
current,0.66,0.67,2296,1,0,1,H+1,HV,1,1,0,1
current,0.66,0.67,2297,1,0,1,H+1,HV,1,1,0,1
current,0.66,0.67,2298,-1,0,1,H-1,HV,1,-1,0,1
current,0.66,0.67,2299,-1,0,1,H-1,HV,1,-1,0,1
current,0.66,0.67,2300,1,0,1,H+1,HV,1,1,0,1
current,0.66,0.67,2301,1,0,1,H+1,HV,1,1,0,1
current,0.66,0.67,2302,-1,0,1,H-1,HV,1,-1,0,1
current,0.66,0.67,2303,-1,0,1,H-1,HV,1,-1,0,1
current,0.66,0.67,2304,1,0,1,H+1,HV,1,1,0,1
current,0.66,0.67,2305,1,0,1,H+1,HV,1,1,0,1
current,0.66,0.67,2306,-1,0,1,H-1,HV,1,-1,0,1
current,0.66,0.67,2307,-1,0,1,H-1,HV,1,-1,0,1
current,0.66,0.67,2308,0,0,0,I,HV,1,0,0,1
current,0.66,0.67,2309,0,0,0,I,HV,1,0,0,1
current,0.66,0.67,2310,0,0,0,I,HV,1,0,0,1
current,0.66,0.67,2311,0,0,0,I,HV,1,0,0,1
current,0.66,0.67,2312,0,0,0,I,HV,1,0,0,1
current,0.66,0.67,2313,0,0,0,I,HV,1,0,0,1
current,0.66,0.67,2314,0,0,0,I,HV,1,0,0,1
current,0.66,0.67,2315,0,0,0,I,HV,1,0,0,1
current,0.66,0.67,2316,0,0,0,I,HV,1,0,0,1
current,0.66,0.67,2317,0,0,0,I,HV,1,0,0,1
current,0.66,0.67,2318,0,0,0,I,HV,1,0,0,1
current,0.66,0.67,2319,0,0,0,I,HV,1,0,0,1
current,0.66,0.67,2320,0,0,0,I,HV,1,0,0,1
current,0.66,0.67,2321,0,0,0,I,HV,1,0,0,1
current,0.66,0.67,2322,1,0,1,H+1,HV,1,1,0,1
current,0.66,0.67,2323,0,0,0,I,HV,1,0,0,1
current,0.66,0.67,2324,1,0,1,H+1,HV,1,1,0,1
current,0.66,0.67,2325,1,0,1,H+1,HV,1,1,0,1
current,0.66,0.67,2326,1,0,1,H+1,HV,1,1,0,1
current,0.66,0.67,2327,1,0,1,H+1,HV,1,1,0,1
current,0.66,0.67,2328,0,0,0,I,HV,1,0,0,1
current,0.66,0.67,2329,1,0,1,H+1,HV,1,1,0,1
current,0.66,0.67,2330,0,0,0,I,HV,1,0,0,1
current,0.66,0.67,2331,1,0,1,H+1,HV,1,1,0,1
current,0.66,0.67,2332,1,0,1,H+1,HV,1,1,0,1
current,0.66,0.67,2333,1,0,1,H+1,HV,1,1,0,1
current,0.66,0.67,2334,1,0,1,H+1,HV,1,1,0,1
current,0.66,0.67,2335,1,0,1,H+1,HV,1,1,0,1
current,0.66,0.67,2336,0,1,1,V+1,HV,1,0,1,1
current,0.66,0.67,2337,1,0,1,H+1,HV,1,1,0,1
current,0.66,0.67,2338,-1,0,1,H-1,HV,1,-1,0,1
current,0.66,0.67,2339,-1,0,1,H-1,HV,1,-1,0,1
current,0.66,0.67,2340,1,0,1,H+1,HV,1,1,0,1
current,0.66,0.67,2341,1,0,1,H+1,HV,1,1,0,1
current,0.66,0.67,2342,-1,0,1,H-1,HV,1,-1,0,1
current,0.66,0.67,2343,-1,0,1,H-1,HV,1,-1,0,1
current,0.66,0.67,2344,1,-1,2,H+1 V-1,HV,0,1,-1,1
current,0.66,0.67,2345,1,-1,2,H+1 V-1,HV,0,1,-1,1
current,0.66,0.67,2346,1,0,1,H+1,HV,1,1,0,1
current,0.66,0.67,2347,0,1,1,V+1,HV,1,0,1,1
current,0.66,0.67,2348,0,0,0,I,HV,1,0,0,1
current,0.66,0.67,2349,0,-1,1,V-1,HV,1,0,-1,1
current,0.66,0.67,2350,0,0,0,I,HV,1,0,0,1
current,0.66,0.67,2351,0,1,1,V+1,HV,1,0,1,1
current,0.66,0.67,2352,0,0,0,I,HV,1,0,0,1
current,0.66,0.67,2353,0,0,0,I,HV,1,0,0,1
current,0.66,0.67,2354,0,0,0,I,HV,1,0,0,1
current,0.66,0.67,2355,0,0,0,I,HV,1,0,0,1
current,0.66,0.67,2356,0,0,0,I,HV,1,0,0,1
current,0.66,0.67,2357,0,0,0,I,HV,1,0,0,1
current,0.66,0.67,2358,0,0,0,I,HV,1,0,0,1
current,0.66,0.67,2359,1,0,1,H+1,HV,1,1,0,1
current,0.66,0.67,2360,0,0,0,I,HV,1,0,0,1
current,0.66,0.67,2361,0,0,0,I,HV,1,0,0,1
current,0.66,0.67,2362,0,0,0,I,HV,1,0,0,1
current,0.66,0.67,2363,0,0,0,I,HV,1,0,0,1
current,0.66,0.67,2364,0,0,0,I,HV,1,0,0,1
current,0.66,0.67,2365,0,0,0,I,HV,1,0,0,1
current,0.66,0.67,2366,0,-1,1,V-1,HV,1,0,-1,1
current,0.66,0.67,2367,0,-1,1,V-1,HV,1,0,-1,1
current,0.66,0.67,2368,0,0,0,I,HV,1,0,0,1
current,0.66,0.67,2369,0,0,0,I,HV,1,0,0,1
current,0.66,0.67,2370,0,0,0,I,HV,1,0,0,1
current,0.66,0.67,2371,0,0,0,I,HV,1,0,0,1
current,0.66,0.67,2372,0,0,0,I,HV,1,0,0,1
current,0.66,0.67,2373,0,0,0,I,HV,1,0,0,1
current,0.66,0.67,2374,0,0,0,I,HV,1,0,0,1
current,0.66,0.67,2375,0,0,0,I,HV,1,0,0,1
current,0.66,0.67,2376,0,0,0,I,HV,1,0,0,1
current,0.66,0.67,2377,0,0,0,I,HV,1,0,0,1
current,0.66,0.67,2378,0,0,0,I,HV,1,0,0,1
current,0.66,0.67,2379,0,0,0,I,HV,1,0,0,1
current,0.66,0.67,2380,0,0,0,I,HV,1,0,0,1
current,0.66,0.67,2381,0,0,0,I,HV,1,0,0,1
current,0.66,0.67,2382,0,0,0,I,HV,1,0,0,1
current,0.66,0.67,2383,0,0,0,I,HV,1,0,0,1
current,0.66,0.67,2384,0,0,0,I,HV,1,0,0,1
current,0.66,0.67,2385,0,0,0,I,HV,1,0,0,1
current,0.66,0.67,2386,-1,0,1,H-1,HV,1,-1,0,1
current,0.66,0.67,2387,0,1,1,V+1,HV,1,0,1,1
current,0.66,0.67,2388,0,0,0,I,HV,1,0,0,1
current,0.66,0.67,2389,0,0,0,I,HV,1,0,0,1
current,0.66,0.67,2390,0,0,0,I,HV,1,0,0,1
current,0.66,0.67,2391,0,0,0,I,HV,1,0,0,1
current,0.66,0.67,2392,0,0,0,I,HV,1,0,0,1
current,0.66,0.67,2393,0,0,0,I,HV,1,0,0,1
current,0.66,0.67,2394,0,0,0,I,HV,1,0,0,1
current,0.66,0.67,2395,0,0,0,I,HV,1,0,0,1
current,0.66,0.67,2396,0,0,0,I,HV,1,0,0,1
current,0.66,0.67,2397,0,0,0,I,HV,1,0,0,1
current,0.66,0.67,2398,0,0,0,I,HV,1,0,0,1
current,0.66,0.67,2399,0,0,0,I,HV,1,0,0,1
current,0.66,0.67,2400,0,0,0,I,HV,1,0,0,1
current,0.66,0.67,2401,0,0,0,I,HV,1,0,0,1
current,0.66,0.67,2402,0,0,0,I,HV,1,0,0,1
current,0.66,0.67,2403,0,0,0,I,HV,1,0,0,1
current,0.66,0.67,2404,0,0,0,I,HV,1,0,0,1
current,0.66,0.67,2405,0,0,0,I,HV,1,0,0,1
current,0.66,0.67,2406,0,0,0,I,HV,1,0,0,1
current,0.66,0.67,2407,0,0,0,I,HV,1,0,0,1
current,0.66,0.67,2408,0,0,0,I,HV,1,0,0,1
current,0.66,0.67,2409,0,0,0,I,HV,1,0,0,1
current,0.66,0.67,2410,0,0,0,I,HV,1,0,0,1
current,0.66,0.67,2411,0,0,0,I,HV,1,0,0,1
current,0.66,0.67,2412,0,0,0,I,HV,1,0,0,1
current,0.66,0.67,2413,0,0,0,I,HV,1,0,0,1
current,0.66,0.67,2414,0,0,0,I,HV,1,0,0,1
current,0.66,0.67,2415,0,0,0,I,HV,1,0,0,1
current,0.66,0.67,2416,0,0,0,I,HV,1,0,0,1
current,0.66,0.67,2417,0,0,0,I,HV,1,0,0,1
current,0.66,0.67,2418,0,0,0,I,HV,1,0,0,1
current,0.66,0.67,2419,0,0,0,I,HV,1,0,0,1
current,0.66,0.67,2420,0,0,0,I,HV,1,0,0,1
current,0.66,0.67,2421,0,0,0,I,HV,1,0,0,1
current,0.66,0.67,2422,0,0,0,I,HV,1,0,0,1
current,0.66,0.67,2423,0,0,0,I,HV,1,0,0,1
current,0.66,0.67,2424,0,-1,1,V-1,HV,1,0,-1,1
current,0.66,0.67,2425,0,-1,1,V-1,HV,1,0,-1,1
current,0.66,0.67,2426,0,0,0,I,HV,1,0,0,1
current,0.66,0.67,2427,0,0,0,I,HV,1,0,0,1
current,0.66,0.67,2428,0,0,0,I,HV,1,0,0,1
current,0.66,0.67,2429,0,0,0,I,HV,1,0,0,1
current,0.66,0.67,2430,1,0,1,H+1,HV,1,1,0,1
current,0.66,0.67,2431,0,1,1,V+1,HV,1,0,1,1
current,0.66,0.67,2432,1,0,1,H+1,HV,1,1,0,1
current,0.66,0.67,2433,1,0,1,H+1,HV,1,1,0,1
current,0.66,0.67,2434,1,-1,2,H+1 V-1,HV,0,1,-1,1
current,0.66,0.67,2435,1,0,1,H+1,HV,1,1,0,1
current,0.66,0.67,2436,-1,0,1,H-1,HV,1,-1,0,1
current,0.66,0.67,2437,1,0,1,H+1,HV,1,1,0,1
current,0.66,0.67,2438,-1,0,1,H-1,HV,1,-1,0,1
current,0.66,0.67,2439,1,0,1,H+1,HV,1,1,0,1
current,0.66,0.67,2440,1,0,1,H+1,HV,1,1,0,1
current,0.66,0.67,2441,0,1,1,V+1,HV,1,0,1,1
current,0.66,0.67,2442,0,1,1,V+1,HV,1,0,1,1
current,0.66,0.67,2443,1,0,1,H+1,HV,1,1,0,1
current,0.66,0.67,2444,1,0,1,H+1,HV,1,1,0,1
current,0.66,0.67,2445,-1,1,2,V+1 H-1,VH,1,-1,1,0
current,0.66,0.67,2446,-1,1,2,V+1 H-1,VH,1,-1,1,0
current,0.66,0.67,2447,0,0,0,I,HV,1,0,0,1
current,0.66,0.67,2448,0,0,0,I,HV,1,0,0,1
current,0.66,0.67,2449,0,0,0,I,HV,1,0,0,1
current,0.66,0.67,2450,0,0,0,I,HV,1,0,0,1
current,0.66,0.67,2451,0,0,0,I,HV,1,0,0,1
current,0.66,0.67,2452,0,0,0,I,HV,1,0,0,1
current,0.66,0.67,2453,0,0,0,I,HV,1,0,0,1
current,0.66,0.67,2454,0,0,0,I,HV,1,0,0,1
current,0.66,0.67,2455,0,0,0,I,HV,1,0,0,1
current,0.66,0.67,2456,0,0,0,I,HV,1,0,0,1
current,0.66,0.67,2457,0,0,0,I,HV,1,0,0,1
current,0.66,0.67,2458,-1,-1,2,V-1 H-1,VH,1,-1,-1,2
current,0.66,0.67,2459,0,1,1,V+1,HV,1,0,1,1
current,0.66,0.67,2460,-2,0,2,H-1 H-1,HV,1,-2,0,1
current,0.66,0.67,2461,-1,0,1,H-1,HV,1,-1,0,1
current,0.66,0.67,2462,0,0,0,I,HV,1,0,0,1
current,0.66,0.67,2463,-1,0,1,H-1,HV,1,-1,0,1
current,0.66,0.67,2464,0,0,0,I,HV,1,0,0,1
current,0.66,0.67,2465,0,0,0,I,HV,1,0,0,1
current,0.66,0.67,2466,0,0,0,I,HV,1,0,0,1
current,0.66,0.67,2467,0,0,0,I,HV,1,0,0,1
current,0.66,0.67,2468,0,0,0,I,HV,1,0,0,1
current,0.66,0.67,2469,1,0,1,H+1,HV,1,1,0,1
current,0.66,0.67,2470,1,0,1,H+1,HV,1,1,0,1
current,0.66,0.67,2471,1,0,1,H+1,HV,1,1,0,1
current,0.66,0.67,2472,1,0,1,H+1,HV,1,1,0,1
current,0.66,0.67,2473,0,0,0,I,HV,1,0,0,1
current,0.66,0.67,2474,0,0,0,I,HV,1,0,0,1
current,0.66,0.67,2475,0,0,0,I,HV,1,0,0,1
current,0.66,0.67,2476,0,0,0,I,HV,1,0,0,1
current,0.66,0.67,2477,0,0,0,I,HV,1,0,0,1
current,0.66,0.67,2478,0,0,0,I,HV,1,0,0,1
current,0.66,0.67,2479,-1,0,1,H-1,HV,1,-1,0,1
current,0.66,0.67,2480,1,0,1,H+1,HV,1,1,0,1
current,0.66,0.67,2481,0,0,0,I,HV,1,0,0,1
current,0.66,0.67,2482,0,0,0,I,HV,1,0,0,1
current,0.66,0.67,2483,0,-1,1,V-1,HV,1,0,-1,1
current,0.66,0.67,2484,1,-1,2,H+1 V-1,HV,0,1,-1,1
current,0.66,0.67,2485,1,-1,2,H+1 V-1,HV,0,1,-1,1
current,0.66,0.67,2486,1,0,1,H+1,HV,1,1,0,1
current,0.66,0.67,2487,0,0,0,I,HV,1,0,0,1
current,0.66,0.67,2488,0,0,0,I,HV,1,0,0,1
current,0.66,0.67,2489,0,0,0,I,HV,1,0,0,1
current,0.66,0.67,2490,0,1,1,V+1,HV,1,0,1,1
current,0.66,0.67,2491,0,1,1,V+1,HV,1,0,1,1
current,0.66,0.67,2492,0,0,0,I,HV,1,0,0,1
current,0.66,0.67,2493,0,0,0,I,HV,1,0,0,1
current,0.66,0.67,2494,0,0,0,I,HV,1,0,0,1
current,0.66,0.67,2495,0,0,0,I,HV,1,0,0,1
current,0.66,0.67,2496,0,0,0,I,HV,1,0,0,1
current,0.66,0.67,2497,0,0,0,I,HV,1,0,0,1
current,0.66,0.67,2498,0,0,0,I,HV,1,0,0,1
current,0.66,0.67,2499,0,0,0,I,HV,1,0,0,1
current,0.66,0.67,2500,0,0,0,I,HV,1,0,0,1
current,0.66,0.67,2501,0,0,0,I,HV,1,0,0,1
current,0.66,0.67,2502,0,0,0,I,HV,1,0,0,1
current,0.66,0.67,2503,0,0,0,I,HV,1,0,0,1
current,0.66,0.67,2504,0,0,0,I,HV,1,0,0,1
current,0.66,0.67,2505,0,0,0,I,HV,1,0,0,1
current,0.66,0.67,2506,0,-1,1,V-1,HV,1,0,-1,1
current,0.66,0.67,2507,0,-1,1,V-1,HV,1,0,-1,1
current,0.66,0.67,2508,0,0,0,I,HV,1,0,0,1
current,0.66,0.67,2509,0,0,0,I,HV,1,0,0,1
current,0.66,0.67,2510,0,0,0,I,HV,1,0,0,1
current,0.66,0.67,2511,0,0,0,I,HV,1,0,0,1
current,0.66,0.67,2512,0,0,0,I,HV,1,0,0,1
current,0.66,0.67,2513,0,0,0,I,HV,1,0,0,1
current,0.66,0.67,2514,0,0,0,I,HV,1,0,0,1
current,0.66,0.67,2515,0,0,0,I,HV,1,0,0,1
current,0.66,0.67,2516,0,0,0,I,HV,1,0,0,1
current,0.66,0.67,2517,0,0,0,I,HV,1,0,0,1
current,0.66,0.67,2518,0,0,0,I,HV,1,0,0,1
current,0.66,0.67,2519,0,0,0,I,HV,1,0,0,1
current,0.66,0.67,2520,0,0,0,I,HV,1,0,0,1
current,0.66,0.67,2521,0,0,0,I,HV,1,0,0,1
current,0.66,0.67,2522,0,0,0,I,HV,1,0,0,1
current,0.66,0.67,2523,0,0,0,I,HV,1,0,0,1
current,0.66,0.67,2524,0,0,0,I,HV,1,0,0,1
current,0.66,0.67,2525,0,0,0,I,HV,1,0,0,1
current,0.66,0.67,2526,-1,0,1,H-1,HV,1,-1,0,1
current,0.66,0.67,2527,0,1,1,V+1,HV,1,0,1,1
current,0.66,0.67,2528,0,0,0,I,HV,1,0,0,1
current,0.66,0.67,2529,0,0,0,I,HV,1,0,0,1
current,0.66,0.67,2530,0,0,0,I,HV,1,0,0,1
current,0.66,0.67,2531,0,0,0,I,HV,1,0,0,1
current,0.66,0.67,2532,0,0,0,I,HV,1,0,0,1
current,0.66,0.67,2533,0,0,0,I,HV,1,0,0,1
current,0.66,0.67,2534,0,0,0,I,HV,1,0,0,1
current,0.66,0.67,2535,0,0,0,I,HV,1,0,0,1
current,0.66,0.67,2536,0,0,0,I,HV,1,0,0,1
current,0.66,0.67,2537,0,0,0,I,HV,1,0,0,1
current,0.66,0.67,2538,0,0,0,I,HV,1,0,0,1
current,0.66,0.67,2539,0,0,0,I,HV,1,0,0,1
current,0.66,0.67,2540,0,0,0,I,HV,1,0,0,1
current,0.66,0.67,2541,0,0,0,I,HV,1,0,0,1
current,0.66,0.67,2542,0,0,0,I,HV,1,0,0,1
current,0.66,0.67,2543,0,0,0,I,HV,1,0,0,1
current,0.66,0.67,2544,0,0,0,I,HV,1,0,0,1
current,0.66,0.67,2545,0,0,0,I,HV,1,0,0,1
current,0.66,0.67,2546,0,0,0,I,HV,1,0,0,1
current,0.66,0.67,2547,0,0,0,I,HV,1,0,0,1
current,0.66,0.67,2548,0,0,0,I,HV,1,0,0,1
current,0.66,0.67,2549,0,0,0,I,HV,1,0,0,1
current,0.66,0.67,2550,0,0,0,I,HV,1,0,0,1
current,0.66,0.67,2551,0,0,0,I,HV,1,0,0,1
current,0.66,0.67,2552,0,0,0,I,HV,1,0,0,1
current,0.66,0.67,2553,0,0,0,I,HV,1,0,0,1
current,0.66,0.67,2554,0,0,0,I,HV,1,0,0,1
current,0.66,0.67,2555,0,0,0,I,HV,1,0,0,1
current,0.66,0.67,2556,0,0,0,I,HV,1,0,0,1
current,0.66,0.67,2557,0,0,0,I,HV,1,0,0,1
current,0.66,0.67,2558,0,0,0,I,HV,1,0,0,1
current,0.66,0.67,2559,0,0,0,I,HV,1,0,0,1
current,0.66,0.67,2560,0,0,0,I,HV,1,0,0,1
current,0.66,0.67,2561,0,0,0,I,HV,1,0,0,1
current,0.66,0.67,2562,0,0,0,I,HV,1,0,0,1
current,0.66,0.67,2563,-1,1,2,V+1 H-1,VH,1,-1,1,0
current,0.66,0.67,2564,1,1,4,H+1 H+1 V+1 H-1,longer_word,3,-1,1,0
current,0.66,0.67,2565,0,0,0,I,HV,1,0,0,1
current,0.66,0.67,2566,0,0,0,I,HV,1,0,0,1
current,0.66,0.67,2567,0,0,0,I,HV,1,0,0,1
current,0.66,0.67,2568,1,0,1,H+1,HV,1,1,0,1
current,0.66,0.67,2569,1,0,1,H+1,HV,1,1,0,1
current,0.66,0.67,2570,1,0,1,H+1,HV,1,1,0,1
current,0.66,0.67,2571,1,0,1,H+1,HV,1,1,0,1
current,0.66,0.67,2572,1,0,1,H+1,HV,1,1,0,1
current,0.66,0.67,2573,-1,0,1,H-1,HV,1,-1,0,1
current,0.66,0.67,2574,-1,0,1,H-1,HV,1,-1,0,1
current,0.66,0.67,2575,1,0,1,H+1,HV,1,1,0,1
current,0.66,0.67,2576,-1,0,1,H-1,HV,1,-1,0,1
current,0.66,0.67,2577,-1,0,1,H-1,HV,1,-1,0,1
current,0.66,0.67,2578,1,0,1,H+1,HV,1,1,0,1
current,0.66,0.67,2579,1,0,1,H+1,HV,1,1,0,1
current,0.66,0.67,2580,-1,0,1,H-1,HV,1,-1,0,1
current,0.66,0.67,2581,-1,0,1,H-1,HV,1,-1,0,1
current,0.66,0.67,2582,1,0,1,H+1,HV,1,1,0,1
current,0.66,0.67,2583,1,0,1,H+1,HV,1,1,0,1
current,0.66,0.67,2584,0,-1,1,V-1,HV,1,0,-1,1
current,0.66,0.67,2585,0,-1,1,V-1,HV,1,0,-1,1
current,0.66,0.67,2586,0,0,0,I,HV,1,0,0,1
current,0.66,0.67,2587,0,0,0,I,HV,1,0,0,1
current,0.66,0.67,2588,0,0,0,I,HV,1,0,0,1
current,0.66,0.67,2589,0,0,0,I,HV,1,0,0,1
current,0.66,0.67,2590,0,0,0,I,HV,1,0,0,1
current,0.66,0.67,2591,0,0,0,I,HV,1,0,0,1
current,0.66,0.67,2592,0,0,0,I,HV,1,0,0,1
current,0.66,0.67,2593,0,0,0,I,HV,1,0,0,1
current,0.66,0.67,2594,0,0,0,I,HV,1,0,0,1
current,0.66,0.67,2595,0,0,0,I,HV,1,0,0,1
current,0.66,0.67,2596,0,0,0,I,HV,1,0,0,1
current,0.66,0.67,2597,0,0,0,I,HV,1,0,0,1
current,0.66,0.67,2598,0,1,1,V+1,HV,1,0,1,1
current,0.66,0.67,2599,0,1,1,V+1,HV,1,0,1,1
current,0.66,0.67,2600,-1,0,1,H-1,HV,1,-1,0,1
current,0.66,0.67,2601,0,-1,1,V-1,HV,1,0,-1,1
current,0.66,0.67,2602,1,0,1,H+1,HV,1,1,0,1
current,0.66,0.67,2603,1,1,2,V+1 H+1,VH,1,1,1,2
current,0.66,0.67,2604,0,-2,2,V-1 V-1,HV,1,0,-2,1
current,0.66,0.67,2605,1,0,1,H+1,HV,1,1,0,1
current,0.66,0.67,2606,1,0,1,H+1,HV,1,1,0,1
current,0.66,0.67,2607,1,0,1,H+1,HV,1,1,0,1
current,0.66,0.67,2608,1,0,1,H+1,HV,1,1,0,1
current,0.66,0.67,2609,1,0,1,H+1,HV,1,1,0,1
current,0.66,0.67,2610,1,0,1,H+1,HV,1,1,0,1
current,0.66,0.67,2611,1,0,1,H+1,HV,1,1,0,1
current,0.66,0.67,2612,0,0,0,I,HV,1,0,0,1
current,0.66,0.67,2613,1,0,1,H+1,HV,1,1,0,1
current,0.66,0.67,2614,1,0,1,H+1,HV,1,1,0,1
current,0.66,0.67,2615,1,0,1,H+1,HV,1,1,0,1
current,0.66,0.67,2616,1,0,1,H+1,HV,1,1,0,1
current,0.66,0.67,2617,1,0,1,H+1,HV,1,1,0,1
current,0.66,0.67,2618,-2,-1,3,V-1 H-1 H-1,VH,1,-2,-1,3
current,0.66,0.67,2619,-1,1,2,H-1 V+1,HV,0,-1,1,1
current,0.66,0.67,2620,2,-1,3,H+1 H+1 V-1,HV,-1,2,-1,1
current,0.66,0.67,2621,1,-1,2,H+1 V-1,HV,0,1,-1,1
current,0.66,0.67,2622,0,0,0,I,HV,1,0,0,1
current,0.66,0.67,2623,0,0,0,I,HV,1,0,0,1
current,0.66,0.67,2624,1,-1,2,H+1 V-1,HV,0,1,-1,1
current,0.66,0.67,2625,0,0,0,I,HV,1,0,0,1
current,0.66,0.67,2626,0,0,0,I,HV,1,0,0,1
current,0.66,0.67,2627,0,0,0,I,HV,1,0,0,1
current,0.66,0.67,2628,0,0,0,I,HV,1,0,0,1
current,0.66,0.67,2629,0,0,0,I,HV,1,0,0,1
current,0.66,0.67,2630,0,1,1,V+1,HV,1,0,1,1
current,0.66,0.67,2631,0,1,1,V+1,HV,1,0,1,1
current,0.66,0.67,2632,0,0,0,I,HV,1,0,0,1
current,0.66,0.67,2633,0,0,0,I,HV,1,0,0,1
current,0.66,0.67,2634,0,0,0,I,HV,1,0,0,1
current,0.66,0.67,2635,0,0,0,I,HV,1,0,0,1
current,0.66,0.67,2636,0,0,0,I,HV,1,0,0,1
current,0.66,0.67,2637,0,0,0,I,HV,1,0,0,1
current,0.66,0.67,2638,0,0,0,I,HV,1,0,0,1
current,0.66,0.67,2639,0,0,0,I,HV,1,0,0,1
current,0.66,0.67,2640,0,0,0,I,HV,1,0,0,1
current,0.66,0.67,2641,0,0,0,I,HV,1,0,0,1
current,0.66,0.67,2642,0,0,0,I,HV,1,0,0,1
current,0.66,0.67,2643,0,0,0,I,HV,1,0,0,1
current,0.66,0.67,2644,0,0,0,I,HV,1,0,0,1
current,0.66,0.67,2645,0,0,0,I,HV,1,0,0,1
current,0.66,0.67,2646,0,-1,1,V-1,HV,1,0,-1,1
current,0.66,0.67,2647,0,-1,1,V-1,HV,1,0,-1,1
current,0.66,0.67,2648,0,0,0,I,HV,1,0,0,1
current,0.66,0.67,2649,0,0,0,I,HV,1,0,0,1
current,0.66,0.67,2650,0,0,0,I,HV,1,0,0,1
current,0.66,0.67,2651,0,0,0,I,HV,1,0,0,1
current,0.66,0.67,2652,0,0,0,I,HV,1,0,0,1
current,0.66,0.67,2653,0,0,0,I,HV,1,0,0,1
current,0.66,0.67,2654,0,0,0,I,HV,1,0,0,1
current,0.66,0.67,2655,0,0,0,I,HV,1,0,0,1
current,0.66,0.67,2656,0,0,0,I,HV,1,0,0,1
current,0.66,0.67,2657,0,0,0,I,HV,1,0,0,1
current,0.66,0.67,2658,0,0,0,I,HV,1,0,0,1
current,0.66,0.67,2659,0,0,0,I,HV,1,0,0,1
current,0.66,0.67,2660,0,0,0,I,HV,1,0,0,1
current,0.66,0.67,2661,0,0,0,I,HV,1,0,0,1
current,0.66,0.67,2662,0,0,0,I,HV,1,0,0,1
current,0.66,0.67,2663,0,0,0,I,HV,1,0,0,1
current,0.66,0.67,2664,0,0,0,I,HV,1,0,0,1
current,0.66,0.67,2665,0,0,0,I,HV,1,0,0,1
current,0.66,0.67,2666,0,1,1,V+1,HV,1,0,1,1
current,0.66,0.67,2667,0,1,1,V+1,HV,1,0,1,1
current,0.66,0.67,2668,0,0,0,I,HV,1,0,0,1
current,0.66,0.67,2669,0,0,0,I,HV,1,0,0,1
current,0.66,0.67,2670,0,0,0,I,HV,1,0,0,1
current,0.66,0.67,2671,0,0,0,I,HV,1,0,0,1
current,0.66,0.67,2672,0,0,0,I,HV,1,0,0,1
current,0.66,0.67,2673,0,0,0,I,HV,1,0,0,1
current,0.66,0.67,2674,0,0,0,I,HV,1,0,0,1
current,0.66,0.67,2675,0,0,0,I,HV,1,0,0,1
current,0.66,0.67,2676,0,0,0,I,HV,1,0,0,1
current,0.66,0.67,2677,0,0,0,I,HV,1,0,0,1
current,0.66,0.67,2678,0,0,0,I,HV,1,0,0,1
current,0.66,0.67,2679,0,0,0,I,HV,1,0,0,1
current,0.66,0.67,2680,0,0,0,I,HV,1,0,0,1
current,0.66,0.67,2681,0,0,0,I,HV,1,0,0,1
current,0.66,0.67,2682,0,0,0,I,HV,1,0,0,1
current,0.66,0.67,2683,0,0,0,I,HV,1,0,0,1
current,0.66,0.67,2684,0,0,0,I,HV,1,0,0,1
current,0.66,0.67,2685,0,0,0,I,HV,1,0,0,1
current,0.66,0.67,2686,0,0,0,I,HV,1,0,0,1
current,0.66,0.67,2687,0,0,0,I,HV,1,0,0,1
current,0.66,0.67,2688,0,0,0,I,HV,1,0,0,1
current,0.66,0.67,2689,0,0,0,I,HV,1,0,0,1
current,0.66,0.67,2690,0,0,0,I,HV,1,0,0,1
current,0.66,0.67,2691,0,0,0,I,HV,1,0,0,1
current,0.66,0.67,2692,0,0,0,I,HV,1,0,0,1
current,0.66,0.67,2693,0,0,0,I,HV,1,0,0,1
current,0.66,0.67,2694,0,0,0,I,HV,1,0,0,1
current,0.66,0.67,2695,0,0,0,I,HV,1,0,0,1
current,0.66,0.67,2696,0,0,0,I,HV,1,0,0,1
current,0.66,0.67,2697,0,0,0,I,HV,1,0,0,1
current,0.66,0.67,2698,0,0,0,I,HV,1,0,0,1
current,0.66,0.67,2699,0,0,0,I,HV,1,0,0,1
current,0.66,0.67,2700,0,0,0,I,HV,1,0,0,1
current,0.66,0.67,2701,0,0,0,I,HV,1,0,0,1
current,0.66,0.67,2702,0,-1,1,V-1,HV,1,0,-1,1
current,0.66,0.67,2703,0,-3,3,V-1 V-1 V-1,HV,1,0,-3,1
current,0.66,0.67,2704,0,0,0,I,HV,1,0,0,1
current,0.66,0.67,2705,0,0,0,I,HV,1,0,0,1
current,0.66,0.67,2706,0,0,0,I,HV,1,0,0,1
current,0.66,0.67,2707,1,0,1,H+1,HV,1,1,0,1
current,0.66,0.67,2708,1,0,1,H+1,HV,1,1,0,1
current,0.66,0.67,2709,1,0,1,H+1,HV,1,1,0,1
current,0.66,0.67,2710,1,0,1,H+1,HV,1,1,0,1
current,0.66,0.67,2711,1,0,1,H+1,HV,1,1,0,1
current,0.66,0.67,2712,-1,0,1,H-1,HV,1,-1,0,1
current,0.66,0.67,2713,-1,0,1,H-1,HV,1,-1,0,1
current,0.66,0.67,2714,1,0,1,H+1,HV,1,1,0,1
current,0.66,0.67,2715,1,0,1,H+1,HV,1,1,0,1
current,0.66,0.67,2716,-1,0,1,H-1,HV,1,-1,0,1
current,0.66,0.67,2717,-1,0,1,H-1,HV,1,-1,0,1
current,0.66,0.67,2718,1,0,1,H+1,HV,1,1,0,1
current,0.66,0.67,2719,0,1,1,V+1,HV,1,0,1,1
current,0.66,0.67,2720,0,0,0,I,HV,1,0,0,1
current,0.66,0.67,2721,-1,0,1,H-1,HV,1,-1,0,1
current,0.66,0.67,2722,1,0,1,H+1,HV,1,1,0,1
current,0.66,0.67,2723,0,1,1,V+1,HV,1,0,1,1
current,0.66,0.67,2724,-1,0,1,H-1,HV,1,-1,0,1
current,0.66,0.67,2725,0,-1,1,V-1,HV,1,0,-1,1
current,0.66,0.67,2726,0,-1,1,V-1,HV,1,0,-1,1
current,0.66,0.67,2727,-1,0,1,H-1,HV,1,-1,0,1
current,0.66,0.67,2728,0,0,0,I,HV,1,0,0,1
current,0.66,0.67,2729,0,0,0,I,HV,1,0,0,1
current,0.66,0.67,2730,0,0,0,I,HV,1,0,0,1
current,0.66,0.67,2731,-1,1,2,V+1 H-1,VH,1,-1,1,0
current,0.66,0.67,2732,0,0,0,I,HV,1,0,0,1
current,0.66,0.67,2733,-1,0,1,H-1,HV,1,-1,0,1
current,0.66,0.67,2734,0,0,0,I,HV,1,0,0,1
current,0.66,0.67,2735,0,0,0,I,HV,1,0,0,1
current,0.66,0.67,2736,0,0,0,I,HV,1,0,0,1
current,0.66,0.67,2737,0,0,0,I,HV,1,0,0,1
current,0.66,0.67,2738,1,0,1,H+1,HV,1,1,0,1
current,0.66,0.67,2739,0,0,0,I,HV,1,0,0,1
current,0.66,0.67,2740,-2,0,2,H-1 H-1,HV,1,-2,0,1
current,0.66,0.67,2741,-1,0,1,H-1,HV,1,-1,0,1
current,0.66,0.67,2742,1,0,1,H+1,HV,1,1,0,1
current,0.66,0.67,2743,2,1,3,H+1 V+1 H+1,longer_word,2,3,1,2
current,0.66,0.67,2744,-1,0,1,H-1,HV,1,-1,0,1
current,0.66,0.67,2745,-1,0,1,H-1,HV,1,-1,0,1
current,0.66,0.67,2746,1,0,1,H+1,HV,1,1,0,1
current,0.66,0.67,2747,1,0,1,H+1,HV,1,1,0,1
current,0.66,0.67,2748,1,0,1,H+1,HV,1,1,0,1
current,0.66,0.67,2749,1,0,1,H+1,HV,1,1,0,1
current,0.66,0.67,2750,0,0,0,I,HV,1,0,0,1
current,0.66,0.67,2751,0,0,0,I,HV,1,0,0,1
current,0.66,0.67,2752,1,0,1,H+1,HV,1,1,0,1
current,0.66,0.67,2753,1,0,1,H+1,HV,1,1,0,1
current,0.66,0.67,2754,1,0,1,H+1,HV,1,1,0,1
current,0.66,0.67,2755,1,0,1,H+1,HV,1,1,0,1
current,0.66,0.67,2756,1,0,1,H+1,HV,1,1,0,1
current,0.66,0.67,2757,1,0,1,H+1,HV,1,1,0,1
current,0.66,0.67,2758,-1,1,2,H-1 V+1,HV,0,-1,1,1
current,0.66,0.67,2759,-1,1,2,H-1 V+1,HV,0,-1,1,1
current,0.66,0.67,2760,0,0,0,I,HV,1,0,0,1
current,0.66,0.67,2761,1,-1,2,H+1 V-1,HV,0,1,-1,1
current,0.66,0.67,2762,0,0,0,I,HV,1,0,0,1
current,0.66,0.67,2763,1,0,1,H+1,HV,1,1,0,1
current,0.66,0.67,2764,0,0,0,I,HV,1,0,0,1
current,0.66,0.67,2765,0,0,0,I,HV,1,0,0,1
current,0.66,0.67,2766,0,0,0,I,HV,1,0,0,1
current,0.66,0.67,2767,0,0,0,I,HV,1,0,0,1
current,0.66,0.67,2768,0,0,0,I,HV,1,0,0,1
current,0.66,0.67,2769,0,0,0,I,HV,1,0,0,1
current,0.66,0.67,2770,0,1,1,V+1,HV,1,0,1,1
current,0.66,0.67,2771,0,1,1,V+1,HV,1,0,1,1
current,0.66,0.67,2772,0,0,0,I,HV,1,0,0,1
current,0.66,0.67,2773,0,0,0,I,HV,1,0,0,1
current,0.66,0.67,2774,0,0,0,I,HV,1,0,0,1
current,0.66,0.67,2775,0,0,0,I,HV,1,0,0,1
current,0.66,0.67,2776,0,0,0,I,HV,1,0,0,1
current,0.66,0.67,2777,0,0,0,I,HV,1,0,0,1
current,0.66,0.67,2778,0,0,0,I,HV,1,0,0,1
current,0.66,0.67,2779,0,0,0,I,HV,1,0,0,1
current,0.66,0.67,2780,0,0,0,I,HV,1,0,0,1
current,0.66,0.67,2781,0,0,0,I,HV,1,0,0,1
current,0.66,0.67,2782,0,0,0,I,HV,1,0,0,1
current,0.66,0.67,2783,0,0,0,I,HV,1,0,0,1
current,0.66,0.67,2784,0,0,0,I,HV,1,0,0,1
current,0.66,0.67,2785,0,0,0,I,HV,1,0,0,1
current,0.66,0.67,2786,0,-1,1,V-1,HV,1,0,-1,1
current,0.66,0.67,2787,0,-1,1,V-1,HV,1,0,-1,1
current,0.66,0.67,2788,0,0,0,I,HV,1,0,0,1
current,0.66,0.67,2789,0,0,0,I,HV,1,0,0,1
current,0.66,0.67,2790,0,0,0,I,HV,1,0,0,1
current,0.66,0.67,2791,0,0,0,I,HV,1,0,0,1
current,0.66,0.67,2792,0,0,0,I,HV,1,0,0,1
current,0.66,0.67,2793,0,0,0,I,HV,1,0,0,1
current,0.66,0.67,2794,0,0,0,I,HV,1,0,0,1
current,0.66,0.67,2795,0,0,0,I,HV,1,0,0,1
current,0.66,0.67,2796,0,0,0,I,HV,1,0,0,1
current,0.66,0.67,2797,0,0,0,I,HV,1,0,0,1
current,0.66,0.67,2798,0,0,0,I,HV,1,0,0,1
current,0.66,0.67,2799,0,0,0,I,HV,1,0,0,1
current,0.66,0.67,2800,0,0,0,I,HV,1,0,0,1
current,0.66,0.67,2801,0,0,0,I,HV,1,0,0,1
current,0.66,0.67,2802,0,0,0,I,HV,1,0,0,1
current,0.66,0.67,2803,0,0,0,I,HV,1,0,0,1
current,0.66,0.67,2804,0,0,0,I,HV,1,0,0,1
current,0.66,0.67,2805,0,0,0,I,HV,1,0,0,1
current,0.66,0.67,2806,0,1,1,V+1,HV,1,0,1,1
current,0.66,0.67,2807,0,1,1,V+1,HV,1,0,1,1
current,0.66,0.67,2808,0,0,0,I,HV,1,0,0,1
current,0.66,0.67,2809,0,0,0,I,HV,1,0,0,1
current,0.66,0.67,2810,0,0,0,I,HV,1,0,0,1
current,0.66,0.67,2811,0,0,0,I,HV,1,0,0,1
current,0.66,0.67,2812,0,0,0,I,HV,1,0,0,1
current,0.66,0.67,2813,0,0,0,I,HV,1,0,0,1
current,0.66,0.67,2814,0,0,0,I,HV,1,0,0,1
current,0.66,0.67,2815,0,0,0,I,HV,1,0,0,1
current,0.66,0.67,2816,0,0,0,I,HV,1,0,0,1
current,0.66,0.67,2817,0,0,0,I,HV,1,0,0,1
current,0.66,0.67,2818,0,0,0,I,HV,1,0,0,1
current,0.66,0.67,2819,0,0,0,I,HV,1,0,0,1
current,0.66,0.67,2820,0,0,0,I,HV,1,0,0,1
current,0.66,0.67,2821,0,0,0,I,HV,1,0,0,1
current,0.66,0.67,2822,0,0,0,I,HV,1,0,0,1
current,0.66,0.67,2823,0,0,0,I,HV,1,0,0,1
current,0.66,0.67,2824,0,0,0,I,HV,1,0,0,1
current,0.66,0.67,2825,0,0,0,I,HV,1,0,0,1
current,0.66,0.67,2826,0,0,0,I,HV,1,0,0,1
current,0.66,0.67,2827,0,0,0,I,HV,1,0,0,1
current,0.66,0.67,2828,0,0,0,I,HV,1,0,0,1
current,0.66,0.67,2829,0,0,0,I,HV,1,0,0,1
current,0.66,0.67,2830,0,0,0,I,HV,1,0,0,1
current,0.66,0.67,2831,0,0,0,I,HV,1,0,0,1
current,0.66,0.67,2832,0,0,0,I,HV,1,0,0,1
current,0.66,0.67,2833,0,0,0,I,HV,1,0,0,1
current,0.66,0.67,2834,0,0,0,I,HV,1,0,0,1
current,0.66,0.67,2835,0,0,0,I,HV,1,0,0,1
current,0.66,0.67,2836,0,0,0,I,HV,1,0,0,1
current,0.66,0.67,2837,0,0,0,I,HV,1,0,0,1
current,0.66,0.67,2838,0,0,0,I,HV,1,0,0,1
current,0.66,0.67,2839,0,0,0,I,HV,1,0,0,1
current,0.66,0.67,2840,0,0,0,I,HV,1,0,0,1
current,0.66,0.67,2841,1,0,1,H+1,HV,1,1,0,1
current,0.66,0.67,2842,-1,-2,3,V-1 H-1 V-1,longer_word,2,-1,-3,2
current,0.66,0.67,2843,-1,-1,2,H-1 V-1,HV,2,-1,-1,1
current,0.66,0.67,2844,0,0,0,I,HV,1,0,0,1
current,0.66,0.67,2845,0,0,0,I,HV,1,0,0,1
current,0.66,0.67,2846,1,0,1,H+1,HV,1,1,0,1
current,0.66,0.67,2847,1,0,1,H+1,HV,1,1,0,1
current,0.66,0.67,2848,1,0,1,H+1,HV,1,1,0,1
current,0.66,0.67,2849,1,0,1,H+1,HV,1,1,0,1
current,0.66,0.67,2850,1,0,1,H+1,HV,1,1,0,1
current,0.66,0.67,2851,1,0,1,H+1,HV,1,1,0,1
current,0.66,0.67,2852,-1,0,1,H-1,HV,1,-1,0,1
current,0.66,0.67,2853,-1,0,1,H-1,HV,1,-1,0,1
current,0.66,0.67,2854,1,0,1,H+1,HV,1,1,0,1
current,0.66,0.67,2855,1,0,1,H+1,HV,1,1,0,1
current,0.66,0.67,2856,-1,0,1,H-1,HV,1,-1,0,1
current,0.66,0.67,2857,-1,0,1,H-1,HV,1,-1,0,1
current,0.66,0.67,2858,1,0,1,H+1,HV,1,1,0,1
current,0.66,0.67,2859,1,0,1,H+1,HV,1,1,0,1
current,0.66,0.67,2860,-1,0,1,H-1,HV,1,-1,0,1
current,0.66,0.67,2861,0,0,0,I,HV,1,0,0,1
current,0.66,0.67,2862,0,1,1,V+1,HV,1,0,1,1
current,0.66,0.67,2863,1,0,1,H+1,HV,1,1,0,1
current,0.66,0.67,2864,-1,0,1,H-1,HV,1,-1,0,1
current,0.66,0.67,2865,-1,0,1,H-1,HV,1,-1,0,1
current,0.66,0.67,2866,0,-1,1,V-1,HV,1,0,-1,1
current,0.66,0.67,2867,-1,-1,2,V-1 H-1,VH,1,-1,-1,2
current,0.66,0.67,2868,0,0,0,I,HV,1,0,0,1
current,0.66,0.67,2869,1,0,1,H+1,HV,1,1,0,1
current,0.66,0.67,2870,1,-1,2,H+1 V-1,HV,0,1,-1,1
current,0.66,0.67,2871,-1,0,1,H-1,HV,1,-1,0,1
current,0.66,0.67,2872,-1,0,1,H-1,HV,1,-1,0,1
current,0.66,0.67,2873,-1,0,1,H-1,HV,1,-1,0,1
current,0.66,0.67,2874,0,0,0,I,HV,1,0,0,1
current,0.66,0.67,2875,0,0,0,I,HV,1,0,0,1
current,0.66,0.67,2876,0,0,0,I,HV,1,0,0,1
current,0.66,0.67,2877,1,-1,2,H+1 V-1,HV,0,1,-1,1
current,0.66,0.67,2878,1,0,1,H+1,HV,1,1,0,1
current,0.66,0.67,2879,1,1,2,V+1 H+1,VH,1,1,1,2
current,0.66,0.67,2880,1,0,1,H+1,HV,1,1,0,1
current,0.66,0.67,2881,0,0,0,I,HV,1,0,0,1
current,0.66,0.67,2882,1,0,1,H+1,HV,1,1,0,1
current,0.66,0.67,2883,1,0,1,H+1,HV,1,1,0,1
current,0.66,0.67,2884,-1,0,1,H-1,HV,1,-1,0,1
current,0.66,0.67,2885,-1,0,1,H-1,HV,1,-1,0,1
current,0.66,0.67,2886,1,0,1,H+1,HV,1,1,0,1
current,0.66,0.67,2887,1,0,1,H+1,HV,1,1,0,1
current,0.66,0.67,2888,1,0,1,H+1,HV,1,1,0,1
current,0.66,0.67,2889,0,0,0,I,HV,1,0,0,1
current,0.66,0.67,2890,1,0,1,H+1,HV,1,1,0,1
current,0.66,0.67,2891,1,0,1,H+1,HV,1,1,0,1
current,0.66,0.67,2892,1,0,1,H+1,HV,1,1,0,1
current,0.66,0.67,2893,1,0,1,H+1,HV,1,1,0,1
current,0.66,0.67,2894,1,0,1,H+1,HV,1,1,0,1
current,0.66,0.67,2895,1,0,1,H+1,HV,1,1,0,1
current,0.66,0.67,2896,1,0,1,H+1,HV,1,1,0,1
current,0.66,0.67,2897,1,0,1,H+1,HV,1,1,0,1
current,0.66,0.67,2898,-1,1,2,H-1 V+1,HV,0,-1,1,1
current,0.66,0.67,2899,-1,1,2,H-1 V+1,HV,0,-1,1,1
current,0.66,0.67,2900,1,-1,2,H+1 V-1,HV,0,1,-1,1
current,0.66,0.67,2901,1,-1,2,H+1 V-1,HV,0,1,-1,1
current,0.66,0.67,2902,0,0,0,I,HV,1,0,0,1
current,0.66,0.67,2903,0,0,0,I,HV,1,0,0,1
current,0.66,0.67,2904,0,0,0,I,HV,1,0,0,1
current,0.66,0.67,2905,0,0,0,I,HV,1,0,0,1
current,0.66,0.67,2906,0,0,0,I,HV,1,0,0,1
current,0.66,0.67,2907,0,0,0,I,HV,1,0,0,1
current,0.66,0.67,2908,0,0,0,I,HV,1,0,0,1
current,0.66,0.67,2909,0,0,0,I,HV,1,0,0,1
current,0.66,0.67,2910,0,1,1,V+1,HV,1,0,1,1
current,0.66,0.67,2911,0,1,1,V+1,HV,1,0,1,1
current,0.66,0.67,2912,0,0,0,I,HV,1,0,0,1
current,0.66,0.67,2913,0,0,0,I,HV,1,0,0,1
current,0.66,0.67,2914,0,0,0,I,HV,1,0,0,1
current,0.66,0.67,2915,0,0,0,I,HV,1,0,0,1
current,0.66,0.67,2916,0,0,0,I,HV,1,0,0,1
current,0.66,0.67,2917,0,0,0,I,HV,1,0,0,1
current,0.66,0.67,2918,0,0,0,I,HV,1,0,0,1
current,0.66,0.67,2919,0,0,0,I,HV,1,0,0,1
current,0.66,0.67,2920,0,0,0,I,HV,1,0,0,1
current,0.66,0.67,2921,0,0,0,I,HV,1,0,0,1
current,0.66,0.67,2922,0,0,0,I,HV,1,0,0,1
current,0.66,0.67,2923,0,0,0,I,HV,1,0,0,1
current,0.66,0.67,2924,0,0,0,I,HV,1,0,0,1
current,0.66,0.67,2925,0,0,0,I,HV,1,0,0,1
current,0.66,0.67,2926,-1,1,2,H-1 V+1,HV,0,-1,1,1
current,0.66,0.67,2927,0,0,0,I,HV,1,0,0,1
current,0.66,0.67,2928,0,0,0,I,HV,1,0,0,1
current,0.66,0.67,2929,0,0,0,I,HV,1,0,0,1
current,0.66,0.67,2930,0,0,0,I,HV,1,0,0,1
current,0.66,0.67,2931,0,0,0,I,HV,1,0,0,1
current,0.66,0.67,2932,0,0,0,I,HV,1,0,0,1
current,0.66,0.67,2933,0,0,0,I,HV,1,0,0,1
current,0.66,0.67,2934,0,0,0,I,HV,1,0,0,1
current,0.66,0.67,2935,0,0,0,I,HV,1,0,0,1
current,0.66,0.67,2936,0,0,0,I,HV,1,0,0,1
current,0.66,0.67,2937,0,0,0,I,HV,1,0,0,1
current,0.66,0.67,2938,0,0,0,I,HV,1,0,0,1
current,0.66,0.67,2939,0,0,0,I,HV,1,0,0,1
current,0.66,0.67,2940,0,0,0,I,HV,1,0,0,1
current,0.66,0.67,2941,0,0,0,I,HV,1,0,0,1
current,0.66,0.67,2942,0,0,0,I,HV,1,0,0,1
current,0.66,0.67,2943,0,0,0,I,HV,1,0,0,1
current,0.66,0.67,2944,0,0,0,I,HV,1,0,0,1
current,0.66,0.67,2945,0,1,1,V+1,HV,1,0,1,1
current,0.66,0.67,2946,0,1,1,V+1,HV,1,0,1,1
current,0.66,0.67,2947,0,0,0,I,HV,1,0,0,1
current,0.66,0.67,2948,0,0,0,I,HV,1,0,0,1
current,0.66,0.67,2949,0,0,0,I,HV,1,0,0,1
current,0.66,0.67,2950,0,0,0,I,HV,1,0,0,1
current,0.66,0.67,2951,0,0,0,I,HV,1,0,0,1
current,0.66,0.67,2952,0,0,0,I,HV,1,0,0,1
current,0.66,0.67,2953,0,0,0,I,HV,1,0,0,1
current,0.66,0.67,2954,0,0,0,I,HV,1,0,0,1
current,0.66,0.67,2955,0,0,0,I,HV,1,0,0,1
current,0.66,0.67,2956,0,0,0,I,HV,1,0,0,1
current,0.66,0.67,2957,0,0,0,I,HV,1,0,0,1
current,0.66,0.67,2958,0,0,0,I,HV,1,0,0,1
current,0.66,0.67,2959,0,0,0,I,HV,1,0,0,1
current,0.66,0.67,2960,0,0,0,I,HV,1,0,0,1
current,0.66,0.67,2961,0,0,0,I,HV,1,0,0,1
current,0.66,0.67,2962,0,0,0,I,HV,1,0,0,1
current,0.66,0.67,2963,0,0,0,I,HV,1,0,0,1
current,0.66,0.67,2964,0,0,0,I,HV,1,0,0,1
current,0.66,0.67,2965,0,0,0,I,HV,1,0,0,1
current,0.66,0.67,2966,0,0,0,I,HV,1,0,0,1
current,0.66,0.67,2967,0,0,0,I,HV,1,0,0,1
current,0.66,0.67,2968,0,0,0,I,HV,1,0,0,1
current,0.66,0.67,2969,0,0,0,I,HV,1,0,0,1
current,0.66,0.67,2970,0,0,0,I,HV,1,0,0,1
current,0.66,0.67,2971,0,0,0,I,HV,1,0,0,1
current,0.66,0.67,2972,0,0,0,I,HV,1,0,0,1
current,0.66,0.67,2973,0,0,0,I,HV,1,0,0,1
current,0.66,0.67,2974,0,0,0,I,HV,1,0,0,1
current,0.66,0.67,2975,0,0,0,I,HV,1,0,0,1
current,0.66,0.67,2976,0,1,1,V+1,HV,1,0,1,1
current,0.66,0.67,2977,-1,0,1,H-1,HV,1,-1,0,1
current,0.66,0.67,2978,-1,0,1,H-1,HV,1,-1,0,1
current,0.66,0.67,2979,1,0,1,H+1,HV,1,1,0,1
current,0.66,0.67,2980,1,0,1,H+1,HV,1,1,0,1
current,0.66,0.67,2981,-1,2,3,V+1 V+1 H-1,VH,1,-1,2,-1
current,0.66,0.67,2982,-1,2,3,V+1 V+1 H-1,VH,1,-1,2,-1
current,0.66,0.67,2983,1,0,1,H+1,HV,1,1,0,1
current,0.66,0.67,2984,1,0,1,H+1,HV,1,1,0,1
current,0.66,0.67,2985,-1,1,2,H-1 V+1,HV,0,-1,1,1
current,0.66,0.67,2986,1,0,1,H+1,HV,1,1,0,1
current,0.66,0.67,2987,1,0,1,H+1,HV,1,1,0,1
current,0.66,0.67,2988,1,0,1,H+1,HV,1,1,0,1
current,0.66,0.67,2989,0,-1,1,V-1,HV,1,0,-1,1
current,0.66,0.67,2990,1,0,1,H+1,HV,1,1,0,1
current,0.66,0.67,2991,1,0,1,H+1,HV,1,1,0,1
current,0.66,0.67,2992,-1,0,1,H-1,HV,1,-1,0,1
current,0.66,0.67,2993,-1,0,1,H-1,HV,1,-1,0,1
current,0.66,0.67,2994,1,0,1,H+1,HV,1,1,0,1
current,0.66,0.67,2995,0,1,1,V+1,HV,1,0,1,1
current,0.66,0.67,2996,-1,-1,2,V-1 H-1,VH,1,-1,-1,2
current,0.66,0.67,2997,-1,-1,2,V-1 H-1,VH,1,-1,-1,2
current,0.66,0.67,2998,0,1,1,V+1,HV,1,0,1,1
current,0.66,0.67,2999,0,1,1,V+1,HV,1,0,1,1
current,0.66,0.67,3000,0,0,0,I,HV,1,0,0,1
current,0.66,0.67,3001,-1,0,1,H-1,HV,1,-1,0,1
current,0.66,0.67,3002,-1,1,2,V+1 H-1,VH,1,-1,1,0
current,0.66,0.67,3003,1,0,1,H+1,HV,1,1,0,1
current,0.66,0.67,3004,0,0,0,I,HV,1,0,0,1
current,0.66,0.67,3005,1,0,1,H+1,HV,1,1,0,1
current,0.66,0.67,3006,-1,-1,2,V-1 H-1,VH,1,-1,-1,2
current,0.66,0.67,3007,-1,-1,2,V-1 H-1,VH,1,-1,-1,2
current,0.66,0.67,3008,1,0,1,H+1,HV,1,1,0,1
current,0.66,0.67,3009,1,0,1,H+1,HV,1,1,0,1
current,0.66,0.67,3010,1,-1,2,H+1 V-1,HV,0,1,-1,1
current,0.66,0.67,3011,1,-1,2,H+1 V-1,HV,0,1,-1,1
current,0.66,0.67,3012,0,-1,1,V-1,HV,1,0,-1,1
current,0.66,0.67,3013,-1,0,1,H-1,HV,1,-1,0,1
current,0.66,0.67,3014,1,0,1,H+1,HV,1,1,0,1
current,0.66,0.67,3015,-1,0,1,H-1,HV,1,-1,0,1
current,0.66,0.67,3016,1,-1,2,H+1 V-1,HV,0,1,-1,1
current,0.66,0.67,3017,1,0,1,H+1,HV,1,1,0,1
current,0.66,0.67,3018,1,0,1,H+1,HV,1,1,0,1
current,0.66,0.67,3019,2,0,2,H+1 H+1,HV,1,2,0,1
current,0.66,0.67,3020,0,0,0,I,HV,1,0,0,1
current,0.66,0.67,3021,0,0,0,I,HV,1,0,0,1
current,0.66,0.67,3022,0,0,0,I,HV,1,0,0,1
current,0.66,0.67,3023,0,0,0,I,HV,1,0,0,1
current,0.66,0.67,3024,-2,0,2,H-1 H-1,HV,1,-2,0,1
current,0.66,0.67,3025,0,0,0,I,HV,1,0,0,1
current,0.66,0.67,3026,0,0,0,I,HV,1,0,0,1
current,0.66,0.67,3027,-2,0,2,H-1 H-1,HV,1,-2,0,1
current,0.66,0.67,3028,1,0,1,H+1,HV,1,1,0,1
current,0.66,0.67,3029,0,0,0,I,HV,1,0,0,1
current,0.66,0.67,3030,1,0,1,H+1,HV,1,1,0,1
current,0.66,0.67,3031,1,0,1,H+1,HV,1,1,0,1
current,0.66,0.67,3032,1,0,1,H+1,HV,1,1,0,1
current,0.66,0.67,3033,1,0,1,H+1,HV,1,1,0,1
current,0.66,0.67,3034,1,0,1,H+1,HV,1,1,0,1
current,0.66,0.67,3035,1,0,1,H+1,HV,1,1,0,1
current,0.66,0.67,3036,1,0,1,H+1,HV,1,1,0,1
current,0.66,0.67,3037,1,0,1,H+1,HV,1,1,0,1
current,0.66,0.67,3038,-1,1,2,H-1 V+1,HV,0,-1,1,1
current,0.66,0.67,3039,-1,1,2,H-1 V+1,HV,0,-1,1,1
current,0.66,0.67,3040,1,-1,2,H+1 V-1,HV,0,1,-1,1
current,0.66,0.67,3041,0,0,0,I,HV,1,0,0,1
current,0.66,0.67,3042,0,0,0,I,HV,1,0,0,1
current,0.66,0.67,3043,0,0,0,I,HV,1,0,0,1
current,0.66,0.67,3044,0,0,0,I,HV,1,0,0,1
current,0.66,0.67,3045,0,0,0,I,HV,1,0,0,1
current,0.66,0.67,3046,0,0,0,I,HV,1,0,0,1
current,0.66,0.67,3047,0,0,0,I,HV,1,0,0,1
current,0.66,0.67,3048,0,0,0,I,HV,1,0,0,1
current,0.66,0.67,3049,0,0,0,I,HV,1,0,0,1
current,0.66,0.67,3050,0,1,1,V+1,HV,1,0,1,1
current,0.66,0.67,3051,0,1,1,V+1,HV,1,0,1,1
current,0.66,0.67,3052,0,0,0,I,HV,1,0,0,1
current,0.66,0.67,3053,0,0,0,I,HV,1,0,0,1
current,0.66,0.67,3054,0,0,0,I,HV,1,0,0,1
current,0.66,0.67,3055,0,0,0,I,HV,1,0,0,1
current,0.66,0.67,3056,0,0,0,I,HV,1,0,0,1
current,0.66,0.67,3057,0,0,0,I,HV,1,0,0,1
current,0.66,0.67,3058,0,0,0,I,HV,1,0,0,1
current,0.66,0.67,3059,0,0,0,I,HV,1,0,0,1
current,0.66,0.67,3060,0,0,0,I,HV,1,0,0,1
current,0.66,0.67,3061,0,0,0,I,HV,1,0,0,1
current,0.66,0.67,3062,0,0,0,I,HV,1,0,0,1
current,0.66,0.67,3063,0,0,0,I,HV,1,0,0,1
current,0.66,0.67,3064,0,0,0,I,HV,1,0,0,1
current,0.66,0.67,3065,0,0,0,I,HV,1,0,0,1
current,0.66,0.67,3066,0,0,0,I,HV,1,0,0,1
current,0.66,0.67,3067,-1,1,2,V+1 H-1,VH,1,-1,1,0
current,0.66,0.67,3068,-1,1,2,V+1 H-1,VH,1,-1,1,0
current,0.66,0.67,3069,0,0,0,I,HV,1,0,0,1
current,0.66,0.67,3070,0,0,0,I,HV,1,0,0,1
current,0.66,0.67,3071,0,0,0,I,HV,1,0,0,1
current,0.66,0.67,3072,0,0,0,I,HV,1,0,0,1
current,0.66,0.67,3073,0,0,0,I,HV,1,0,0,1
current,0.66,0.67,3074,0,0,0,I,HV,1,0,0,1
current,0.66,0.67,3075,0,0,0,I,HV,1,0,0,1
current,0.66,0.67,3076,0,0,0,I,HV,1,0,0,1
current,0.66,0.67,3077,0,0,0,I,HV,1,0,0,1
current,0.66,0.67,3078,0,0,0,I,HV,1,0,0,1
current,0.66,0.67,3079,0,0,0,I,HV,1,0,0,1
current,0.66,0.67,3080,0,0,0,I,HV,1,0,0,1
current,0.66,0.67,3081,0,0,0,I,HV,1,0,0,1
current,0.66,0.67,3082,0,0,0,I,HV,1,0,0,1
current,0.66,0.67,3083,0,0,0,I,HV,1,0,0,1
current,0.66,0.67,3084,0,1,1,V+1,HV,1,0,1,1
current,0.66,0.67,3085,0,1,1,V+1,HV,1,0,1,1
current,0.66,0.67,3086,0,0,0,I,HV,1,0,0,1
current,0.66,0.67,3087,0,0,0,I,HV,1,0,0,1
current,0.66,0.67,3088,0,0,0,I,HV,1,0,0,1
current,0.66,0.67,3089,0,0,0,I,HV,1,0,0,1
current,0.66,0.67,3090,0,0,0,I,HV,1,0,0,1
current,0.66,0.67,3091,0,0,0,I,HV,1,0,0,1
current,0.66,0.67,3092,0,0,0,I,HV,1,0,0,1
current,0.66,0.67,3093,0,0,0,I,HV,1,0,0,1
current,0.66,0.67,3094,0,0,0,I,HV,1,0,0,1
current,0.66,0.67,3095,0,0,0,I,HV,1,0,0,1
current,0.66,0.67,3096,0,0,0,I,HV,1,0,0,1
current,0.66,0.67,3097,0,0,0,I,HV,1,0,0,1
current,0.66,0.67,3098,0,0,0,I,HV,1,0,0,1
current,0.66,0.67,3099,0,0,0,I,HV,1,0,0,1
current,0.66,0.67,3100,0,0,0,I,HV,1,0,0,1
current,0.66,0.67,3101,0,0,0,I,HV,1,0,0,1
current,0.66,0.67,3102,0,0,0,I,HV,1,0,0,1
current,0.66,0.67,3103,0,0,0,I,HV,1,0,0,1
current,0.66,0.67,3104,0,0,0,I,HV,1,0,0,1
current,0.66,0.67,3105,0,0,0,I,HV,1,0,0,1
current,0.66,0.67,3106,0,0,0,I,HV,1,0,0,1
current,0.66,0.67,3107,0,0,0,I,HV,1,0,0,1
current,0.66,0.67,3108,0,0,0,I,HV,1,0,0,1
current,0.66,0.67,3109,0,0,0,I,HV,1,0,0,1
current,0.66,0.67,3110,0,0,0,I,HV,1,0,0,1
current,0.66,0.67,3111,0,0,0,I,HV,1,0,0,1
current,0.66,0.67,3112,0,0,0,I,HV,1,0,0,1
current,0.66,0.67,3113,1,0,1,H+1,HV,1,1,0,1
current,0.66,0.67,3114,0,1,1,V+1,HV,1,0,1,1
current,0.66,0.67,3115,2,-1,3,H+1 H+1 V-1,HV,-1,2,-1,1
current,0.66,0.67,3116,0,0,0,I,HV,1,0,0,1
current,0.66,0.67,3117,2,0,2,H+1 H+1,HV,1,2,0,1
current,0.66,0.67,3118,2,0,2,H+1 H+1,HV,1,2,0,1
current,0.66,0.67,3119,2,0,2,H+1 H+1,HV,1,2,0,1
current,0.66,0.67,3120,-1,-1,2,H-1 V-1,HV,2,-1,-1,1
current,0.66,0.67,3121,-1,-2,3,V-1 H-1 V-1,longer_word,2,-1,-3,2
current,0.66,0.67,3122,1,0,1,H+1,HV,1,1,0,1
current,0.66,0.67,3123,1,0,1,H+1,HV,1,1,0,1
current,0.66,0.67,3124,-1,1,2,H-1 V+1,HV,0,-1,1,1
current,0.66,0.67,3125,1,0,1,H+1,HV,1,1,0,1
current,0.66,0.67,3126,1,0,1,H+1,HV,1,1,0,1
current,0.66,0.67,3127,0,-1,1,V-1,HV,1,0,-1,1
current,0.66,0.67,3128,0,1,3,H-1 V+1 H+1,longer_word,0,-1,1,2
current,0.66,0.67,3129,1,0,1,H+1,HV,1,1,0,1
current,0.66,0.67,3130,1,0,1,H+1,HV,1,1,0,1
current,0.66,0.67,3131,1,0,1,H+1,HV,1,1,0,1
current,0.66,0.67,3132,-1,0,1,H-1,HV,1,-1,0,1
current,0.66,0.67,3133,-1,0,1,H-1,HV,1,-1,0,1
current,0.66,0.67,3134,1,0,1,H+1,HV,1,1,0,1
current,0.66,0.67,3135,1,0,1,H+1,HV,1,1,0,1
current,0.66,0.67,3136,-1,0,1,H-1,HV,1,-1,0,1
current,0.66,0.67,3137,-1,0,1,H-1,HV,1,-1,0,1
current,0.66,0.67,3138,1,0,1,H+1,HV,1,1,0,1
current,0.66,0.67,3139,1,0,1,H+1,HV,1,1,0,1
current,0.66,0.67,3140,-1,0,1,H-1,HV,1,-1,0,1
current,0.66,0.67,3141,0,0,0,I,HV,1,0,0,1
current,0.66,0.67,3142,-1,1,2,V+1 H-1,VH,1,-1,1,0
current,0.66,0.67,3143,0,0,0,I,HV,1,0,0,1
current,0.66,0.67,3144,0,0,0,I,HV,1,0,0,1
current,0.66,0.67,3145,0,0,0,I,HV,1,0,0,1
current,0.66,0.67,3146,-1,0,1,H-1,HV,1,-1,0,1
current,0.66,0.67,3147,0,-1,1,V-1,HV,1,0,-1,1
current,0.66,0.67,3148,1,0,1,H+1,HV,1,1,0,1
current,0.66,0.67,3149,1,0,1,H+1,HV,1,1,0,1
current,0.66,0.67,3150,1,-1,2,H+1 V-1,HV,0,1,-1,1
current,0.66,0.67,3151,1,-1,2,H+1 V-1,HV,0,1,-1,1
current,0.66,0.67,3152,-1,0,1,H-1,HV,1,-1,0,1
current,0.66,0.67,3153,-1,0,1,H-1,HV,1,-1,0,1
current,0.66,0.67,3154,1,0,1,H+1,HV,1,1,0,1
current,0.66,0.67,3155,2,0,2,H+1 H+1,HV,1,2,0,1
current,0.66,0.67,3156,0,0,0,I,HV,1,0,0,1
current,0.66,0.67,3157,1,-1,2,H+1 V-1,HV,0,1,-1,1
current,0.66,0.67,3158,1,0,1,H+1,HV,1,1,0,1
current,0.66,0.67,3159,1,0,1,H+1,HV,1,1,0,1
current,0.66,0.67,3160,-1,0,1,H-1,HV,1,-1,0,1
current,0.66,0.67,3161,-1,0,1,H-1,HV,1,-1,0,1
current,0.66,0.67,3162,1,0,1,H+1,HV,1,1,0,1
current,0.66,0.67,3163,1,0,1,H+1,HV,1,1,0,1
current,0.66,0.67,3164,1,0,1,H+1,HV,1,1,0,1
current,0.66,0.67,3165,1,0,1,H+1,HV,1,1,0,1
current,0.66,0.67,3166,-1,0,1,H-1,HV,1,-1,0,1
current,0.66,0.67,3167,-1,0,1,H-1,HV,1,-1,0,1
current,0.66,0.67,3168,1,0,1,H+1,HV,1,1,0,1
current,0.66,0.67,3169,1,0,1,H+1,HV,1,1,0,1
current,0.66,0.67,3170,1,0,1,H+1,HV,1,1,0,1
current,0.66,0.67,3171,1,0,1,H+1,HV,1,1,0,1
current,0.66,0.67,3172,1,0,1,H+1,HV,1,1,0,1
current,0.66,0.67,3173,0,-1,1,V-1,HV,1,0,-1,1
current,0.66,0.67,3174,1,0,1,H+1,HV,1,1,0,1
current,0.66,0.67,3175,1,0,1,H+1,HV,1,1,0,1
current,0.66,0.67,3176,0,0,0,I,HV,1,0,0,1
current,0.66,0.67,3177,1,0,1,H+1,HV,1,1,0,1
current,0.66,0.67,3178,0,0,0,I,HV,1,0,0,1
current,0.66,0.67,3179,0,0,0,I,HV,1,0,0,1
current,0.66,0.67,3180,0,0,0,I,HV,1,0,0,1
current,0.66,0.67,3181,0,0,0,I,HV,1,0,0,1
current,0.66,0.67,3182,0,0,0,I,HV,1,0,0,1
current,0.66,0.67,3183,0,0,0,I,HV,1,0,0,1
current,0.66,0.67,3184,0,0,0,I,HV,1,0,0,1
current,0.66,0.67,3185,0,0,0,I,HV,1,0,0,1
current,0.66,0.67,3186,0,0,0,I,HV,1,0,0,1
current,0.66,0.67,3187,0,0,0,I,HV,1,0,0,1
current,0.66,0.67,3188,0,0,0,I,HV,1,0,0,1
current,0.66,0.67,3189,0,0,0,I,HV,1,0,0,1
current,0.66,0.67,3190,-1,0,1,H-1,HV,1,-1,0,1
current,0.66,0.67,3191,0,1,1,V+1,HV,1,0,1,1
current,0.66,0.67,3192,0,0,0,I,HV,1,0,0,1
current,0.66,0.67,3193,0,0,0,I,HV,1,0,0,1
current,0.66,0.67,3194,0,0,0,I,HV,1,0,0,1
current,0.66,0.67,3195,0,0,0,I,HV,1,0,0,1
current,0.66,0.67,3196,0,0,0,I,HV,1,0,0,1
current,0.66,0.67,3197,0,0,0,I,HV,1,0,0,1
current,0.66,0.67,3198,0,0,0,I,HV,1,0,0,1
current,0.66,0.67,3199,0,0,0,I,HV,1,0,0,1
current,0.66,0.67,3200,0,0,0,I,HV,1,0,0,1
current,0.66,0.67,3201,0,0,0,I,HV,1,0,0,1
current,0.66,0.67,3202,0,0,0,I,HV,1,0,0,1
current,0.66,0.67,3203,0,0,0,I,HV,1,0,0,1
current,0.66,0.67,3204,0,0,0,I,HV,1,0,0,1
current,0.66,0.67,3205,0,0,0,I,HV,1,0,0,1
current,0.66,0.67,3206,0,-1,1,V-1,HV,1,0,-1,1
current,0.66,0.67,3207,0,-1,1,V-1,HV,1,0,-1,1
current,0.66,0.67,3208,0,0,0,I,HV,1,0,0,1
current,0.66,0.67,3209,0,0,0,I,HV,1,0,0,1
current,0.66,0.67,3210,0,0,0,I,HV,1,0,0,1
current,0.66,0.67,3211,0,0,0,I,HV,1,0,0,1
current,0.66,0.67,3212,0,0,0,I,HV,1,0,0,1
current,0.66,0.67,3213,0,0,0,I,HV,1,0,0,1
current,0.66,0.67,3214,0,0,0,I,HV,1,0,0,1
current,0.66,0.67,3215,0,0,0,I,HV,1,0,0,1
current,0.66,0.67,3216,0,0,0,I,HV,1,0,0,1
current,0.66,0.67,3217,0,0,0,I,HV,1,0,0,1
current,0.66,0.67,3218,0,0,0,I,HV,1,0,0,1
current,0.66,0.67,3219,0,0,0,I,HV,1,0,0,1
current,0.66,0.67,3220,0,0,0,I,HV,1,0,0,1
current,0.66,0.67,3221,0,0,0,I,HV,1,0,0,1
current,0.66,0.67,3222,0,0,0,I,HV,1,0,0,1
current,0.66,0.67,3223,0,0,0,I,HV,1,0,0,1
current,0.66,0.67,3224,0,1,1,V+1,HV,1,0,1,1
current,0.66,0.67,3225,0,1,1,V+1,HV,1,0,1,1
current,0.66,0.67,3226,0,0,0,I,HV,1,0,0,1
current,0.66,0.67,3227,0,0,0,I,HV,1,0,0,1
current,0.66,0.67,3228,0,0,0,I,HV,1,0,0,1
current,0.66,0.67,3229,0,0,0,I,HV,1,0,0,1
current,0.66,0.67,3230,0,0,0,I,HV,1,0,0,1
current,0.66,0.67,3231,0,0,0,I,HV,1,0,0,1
current,0.66,0.67,3232,0,0,0,I,HV,1,0,0,1
current,0.66,0.67,3233,0,0,0,I,HV,1,0,0,1
current,0.66,0.67,3234,0,0,0,I,HV,1,0,0,1
current,0.66,0.67,3235,0,0,0,I,HV,1,0,0,1
current,0.66,0.67,3236,0,0,0,I,HV,1,0,0,1
current,0.66,0.67,3237,0,0,0,I,HV,1,0,0,1
current,0.66,0.67,3238,0,0,0,I,HV,1,0,0,1
current,0.66,0.67,3239,0,0,0,I,HV,1,0,0,1
current,0.66,0.67,3240,0,0,0,I,HV,1,0,0,1
current,0.66,0.67,3241,0,0,0,I,HV,1,0,0,1
current,0.66,0.67,3242,0,0,0,I,HV,1,0,0,1
current,0.66,0.67,3243,0,0,0,I,HV,1,0,0,1
current,0.66,0.67,3244,0,0,0,I,HV,1,0,0,1
current,0.66,0.67,3245,0,0,0,I,HV,1,0,0,1
current,0.66,0.67,3246,0,0,0,I,HV,1,0,0,1
current,0.66,0.67,3247,0,0,0,I,HV,1,0,0,1
current,0.66,0.67,3248,0,0,0,I,HV,1,0,0,1
current,0.66,0.67,3249,0,0,0,I,HV,1,0,0,1
current,0.66,0.67,3250,0,0,0,I,HV,1,0,0,1
current,0.66,0.67,3251,0,0,0,I,HV,1,0,0,1
current,0.66,0.67,3252,0,0,0,I,HV,1,0,0,1
current,0.66,0.67,3253,0,1,1,V+1,HV,1,0,1,1
current,0.66,0.67,3254,2,-1,3,H+1 H+1 V-1,HV,-1,2,-1,1
current,0.66,0.67,3255,1,-1,2,H+1 V-1,HV,0,1,-1,1
current,0.66,0.67,3256,1,0,1,H+1,HV,1,1,0,1
current,0.66,0.67,3257,1,0,1,H+1,HV,1,1,0,1
current,0.66,0.67,3258,1,0,1,H+1,HV,1,1,0,1
current,0.66,0.67,3259,1,0,1,H+1,HV,1,1,0,1
current,0.66,0.67,3260,-1,-1,2,H-1 V-1,HV,2,-1,-1,1
current,0.66,0.67,3261,-1,-1,2,H-1 V-1,HV,2,-1,-1,1
current,0.66,0.67,3262,1,0,1,H+1,HV,1,1,0,1
current,0.66,0.67,3263,1,0,1,H+1,HV,1,1,0,1
current,0.66,0.67,3264,1,0,1,H+1,HV,1,1,0,1
current,0.66,0.67,3265,1,0,1,H+1,HV,1,1,0,1
current,0.66,0.67,3266,0,-1,1,V-1,HV,1,0,-1,1
current,0.66,0.67,3267,0,1,1,V+1,HV,1,0,1,1
current,0.66,0.67,3268,0,0,0,I,HV,1,0,0,1
current,0.66,0.67,3269,2,-1,3,V-1 H+1 H+1,VH,1,2,-1,-1
current,0.66,0.67,3270,2,0,2,H+1 H+1,HV,1,2,0,1
current,0.66,0.67,3271,0,0,0,I,HV,1,0,0,1
current,0.66,0.67,3272,-1,-1,2,V-1 H-1,VH,1,-1,-1,2
current,0.66,0.67,3273,-1,-1,2,V-1 H-1,VH,1,-1,-1,2
current,0.66,0.67,3274,0,1,1,V+1,HV,1,0,1,1
current,0.66,0.67,3275,0,1,1,V+1,HV,1,0,1,1
current,0.66,0.67,3276,-1,-1,2,V-1 H-1,VH,1,-1,-1,2
current,0.66,0.67,3277,-1,-1,2,V-1 H-1,VH,1,-1,-1,2
current,0.66,0.67,3278,1,0,1,H+1,HV,1,1,0,1
current,0.66,0.67,3279,0,1,1,V+1,HV,1,0,1,1
current,0.66,0.67,3280,-1,0,1,H-1,HV,1,-1,0,1
current,0.66,0.67,3281,-1,0,1,H-1,HV,1,-1,0,1
current,0.66,0.67,3282,0,0,0,I,HV,1,0,0,1
current,0.66,0.67,3283,0,0,0,I,HV,1,0,0,1
current,0.66,0.67,3284,0,0,0,I,HV,1,0,0,1
current,0.66,0.67,3285,0,0,0,I,HV,1,0,0,1
current,0.66,0.67,3286,-1,0,1,H-1,HV,1,-1,0,1
current,0.66,0.67,3287,-1,0,1,H-1,HV,1,-1,0,1
current,0.66,0.67,3288,1,0,1,H+1,HV,1,1,0,1
current,0.66,0.67,3289,1,0,1,H+1,HV,1,1,0,1
current,0.66,0.67,3290,1,-1,2,H+1 V-1,HV,0,1,-1,1
current,0.66,0.67,3291,0,0,0,I,HV,1,0,0,1
current,0.66,0.67,3292,-1,0,1,H-1,HV,1,-1,0,1
current,0.66,0.67,3293,0,0,0,I,HV,1,0,0,1
current,0.66,0.67,3294,2,0,2,H+1 H+1,HV,1,2,0,1
current,0.66,0.67,3295,1,0,1,H+1,HV,1,1,0,1
current,0.66,0.67,3296,1,-1,2,H+1 V-1,HV,0,1,-1,1
current,0.66,0.67,3297,1,-1,2,H+1 V-1,HV,0,1,-1,1
current,0.66,0.67,3298,1,0,1,H+1,HV,1,1,0,1
current,0.66,0.67,3299,1,0,1,H+1,HV,1,1,0,1
current,0.66,0.67,3300,-1,0,1,H-1,HV,1,-1,0,1
current,0.66,0.67,3301,-1,0,1,H-1,HV,1,-1,0,1
current,0.66,0.67,3302,1,0,1,H+1,HV,1,1,0,1
current,0.66,0.67,3303,1,0,1,H+1,HV,1,1,0,1
current,0.66,0.67,3304,1,0,1,H+1,HV,1,1,0,1
current,0.66,0.67,3305,1,0,1,H+1,HV,1,1,0,1
current,0.66,0.67,3306,-1,0,1,H-1,HV,1,-1,0,1
current,0.66,0.67,3307,-1,0,1,H-1,HV,1,-1,0,1
current,0.66,0.67,3308,1,0,1,H+1,HV,1,1,0,1
current,0.66,0.67,3309,1,0,1,H+1,HV,1,1,0,1
current,0.66,0.67,3310,1,0,1,H+1,HV,1,1,0,1
current,0.66,0.67,3311,1,0,1,H+1,HV,1,1,0,1
current,0.66,0.67,3312,1,0,1,H+1,HV,1,1,0,1
current,0.66,0.67,3313,1,0,1,H+1,HV,1,1,0,1
current,0.66,0.67,3314,1,0,1,H+1,HV,1,1,0,1
current,0.66,0.67,3315,1,0,1,H+1,HV,1,1,0,1
current,0.66,0.67,3316,0,0,0,I,HV,1,0,0,1
current,0.66,0.67,3317,1,0,1,H+1,HV,1,1,0,1
current,0.66,0.67,3318,0,0,0,I,HV,1,0,0,1
current,0.66,0.67,3319,0,0,0,I,HV,1,0,0,1
current,0.66,0.67,3320,0,0,0,I,HV,1,0,0,1
current,0.66,0.67,3321,0,0,0,I,HV,1,0,0,1
current,0.66,0.67,3322,0,0,0,I,HV,1,0,0,1
current,0.66,0.67,3323,0,0,0,I,HV,1,0,0,1
current,0.66,0.67,3324,0,0,0,I,HV,1,0,0,1
current,0.66,0.67,3325,0,0,0,I,HV,1,0,0,1
current,0.66,0.67,3326,0,0,0,I,HV,1,0,0,1
current,0.66,0.67,3327,0,0,0,I,HV,1,0,0,1
current,0.66,0.67,3328,0,0,0,I,HV,1,0,0,1
current,0.66,0.67,3329,0,0,0,I,HV,1,0,0,1
current,0.66,0.67,3330,0,1,1,V+1,HV,1,0,1,1
current,0.66,0.67,3331,0,1,1,V+1,HV,1,0,1,1
current,0.66,0.67,3332,0,0,0,I,HV,1,0,0,1
current,0.66,0.67,3333,0,0,0,I,HV,1,0,0,1
current,0.66,0.67,3334,0,0,0,I,HV,1,0,0,1
current,0.66,0.67,3335,0,0,0,I,HV,1,0,0,1
current,0.66,0.67,3336,0,0,0,I,HV,1,0,0,1
current,0.66,0.67,3337,0,0,0,I,HV,1,0,0,1
current,0.66,0.67,3338,0,0,0,I,HV,1,0,0,1
current,0.66,0.67,3339,0,0,0,I,HV,1,0,0,1
current,0.66,0.67,3340,0,0,0,I,HV,1,0,0,1
current,0.66,0.67,3341,0,0,0,I,HV,1,0,0,1
current,0.66,0.67,3342,0,0,0,I,HV,1,0,0,1
current,0.66,0.67,3343,0,0,0,I,HV,1,0,0,1
current,0.66,0.67,3344,0,0,0,I,HV,1,0,0,1
current,0.66,0.67,3345,-1,1,2,V+1 H-1,VH,1,-1,1,0
current,0.66,0.67,3346,0,0,0,I,HV,1,0,0,1
current,0.66,0.67,3347,0,-1,1,V-1,HV,1,0,-1,1
current,0.66,0.67,3348,0,0,0,I,HV,1,0,0,1
current,0.66,0.67,3349,0,0,0,I,HV,1,0,0,1
current,0.66,0.67,3350,0,0,0,I,HV,1,0,0,1
current,0.66,0.67,3351,0,0,0,I,HV,1,0,0,1
current,0.66,0.67,3352,0,0,0,I,HV,1,0,0,1
current,0.66,0.67,3353,0,0,0,I,HV,1,0,0,1
current,0.66,0.67,3354,0,0,0,I,HV,1,0,0,1
current,0.66,0.67,3355,0,0,0,I,HV,1,0,0,1
current,0.66,0.67,3356,0,0,0,I,HV,1,0,0,1
current,0.66,0.67,3357,0,0,0,I,HV,1,0,0,1
current,0.66,0.67,3358,0,0,0,I,HV,1,0,0,1
current,0.66,0.67,3359,0,0,0,I,HV,1,0,0,1
current,0.66,0.67,3360,0,0,0,I,HV,1,0,0,1
current,0.66,0.67,3361,0,0,0,I,HV,1,0,0,1
current,0.66,0.67,3362,0,0,0,I,HV,1,0,0,1
current,0.66,0.67,3363,0,1,1,V+1,HV,1,0,1,1
current,0.66,0.67,3364,0,1,1,V+1,HV,1,0,1,1
current,0.66,0.67,3365,0,0,0,I,HV,1,0,0,1
current,0.66,0.67,3366,0,0,0,I,HV,1,0,0,1
current,0.66,0.67,3367,0,0,0,I,HV,1,0,0,1
current,0.66,0.67,3368,0,0,0,I,HV,1,0,0,1
current,0.66,0.67,3369,0,0,0,I,HV,1,0,0,1
current,0.66,0.67,3370,0,0,0,I,HV,1,0,0,1
current,0.66,0.67,3371,0,0,0,I,HV,1,0,0,1
current,0.66,0.67,3372,0,0,0,I,HV,1,0,0,1
current,0.66,0.67,3373,0,0,0,I,HV,1,0,0,1
current,0.66,0.67,3374,0,0,0,I,HV,1,0,0,1
current,0.66,0.67,3375,0,0,0,I,HV,1,0,0,1
current,0.66,0.67,3376,0,0,0,I,HV,1,0,0,1
current,0.66,0.67,3377,0,0,0,I,HV,1,0,0,1
current,0.66,0.67,3378,0,0,0,I,HV,1,0,0,1
current,0.66,0.67,3379,0,0,0,I,HV,1,0,0,1
current,0.66,0.67,3380,0,0,0,I,HV,1,0,0,1
current,0.66,0.67,3381,0,0,0,I,HV,1,0,0,1
current,0.66,0.67,3382,0,0,0,I,HV,1,0,0,1
current,0.66,0.67,3383,0,0,0,I,HV,1,0,0,1
current,0.66,0.67,3384,0,0,0,I,HV,1,0,0,1
current,0.66,0.67,3385,0,0,0,I,HV,1,0,0,1
current,0.66,0.67,3386,0,0,0,I,HV,1,0,0,1
current,0.66,0.67,3387,0,0,0,I,HV,1,0,0,1
current,0.66,0.67,3388,0,0,0,I,HV,1,0,0,1
current,0.66,0.67,3389,0,0,0,I,HV,1,0,0,1
current,0.66,0.67,3390,0,0,0,I,HV,1,0,0,1
current,0.66,0.67,3391,0,0,0,I,HV,1,0,0,1
current,0.66,0.67,3392,1,0,1,H+1,HV,1,1,0,1
current,0.66,0.67,3393,1,-1,2,H+1 V-1,HV,0,1,-1,1
current,0.66,0.67,3394,1,-1,2,H+1 V-1,HV,0,1,-1,1
current,0.66,0.67,3395,1,0,1,H+1,HV,1,1,0,1
current,0.66,0.67,3396,1,0,1,H+1,HV,1,1,0,1
current,0.66,0.67,3397,1,0,1,H+1,HV,1,1,0,1
current,0.66,0.67,3398,1,0,1,H+1,HV,1,1,0,1
current,0.66,0.67,3399,0,2,4,H+1 V+1 V+1 H-1,longer_word,3,-2,2,-1
current,0.66,0.67,3400,-1,2,3,V+1 V+1 H-1,VH,1,-1,2,-1
current,0.66,0.67,3401,2,0,2,H+1 H+1,HV,1,2,0,1
current,0.66,0.67,3402,2,0,2,H+1 H+1,HV,1,2,0,1
current,0.66,0.67,3403,2,0,2,H+1 H+1,HV,1,2,0,1
current,0.66,0.67,3404,2,0,2,H+1 H+1,HV,1,2,0,1
current,0.66,0.67,3405,2,0,2,H+1 H+1,HV,1,2,0,1
current,0.66,0.67,3406,1,0,1,H+1,HV,1,1,0,1
current,0.66,0.67,3407,1,0,1,H+1,HV,1,1,0,1
current,0.66,0.67,3408,1,0,1,H+1,HV,1,1,0,1
current,0.66,0.67,3409,-1,0,1,H-1,HV,1,-1,0,1
current,0.66,0.67,3410,0,0,0,I,HV,1,0,0,1
current,0.66,0.67,3411,0,0,0,I,HV,1,0,0,1
current,0.66,0.67,3412,-1,0,1,H-1,HV,1,-1,0,1
current,0.66,0.67,3413,1,0,1,H+1,HV,1,1,0,1
current,0.66,0.67,3414,0,0,0,I,HV,1,0,0,1
current,0.66,0.67,3415,-1,0,1,H-1,HV,1,-1,0,1
current,0.66,0.67,3416,1,0,1,H+1,HV,1,1,0,1
current,0.66,0.67,3417,0,0,0,I,HV,1,0,0,1
current,0.66,0.67,3418,2,0,2,H+1 H+1,HV,1,2,0,1
current,0.66,0.67,3419,-1,0,1,H-1,HV,1,-1,0,1
current,0.66,0.67,3420,0,1,1,V+1,HV,1,0,1,1
current,0.66,0.67,3421,0,0,0,I,HV,1,0,0,1
current,0.66,0.67,3422,0,0,0,I,HV,1,0,0,1
current,0.66,0.67,3423,0,0,0,I,HV,1,0,0,1
current,0.66,0.67,3424,0,0,0,I,HV,1,0,0,1
current,0.66,0.67,3425,-1,0,1,H-1,HV,1,-1,0,1
current,0.66,0.67,3426,-1,0,1,H-1,HV,1,-1,0,1
current,0.66,0.67,3427,1,0,1,H+1,HV,1,1,0,1
current,0.66,0.67,3428,1,0,1,H+1,HV,1,1,0,1
current,0.66,0.67,3429,1,-1,2,H+1 V-1,HV,0,1,-1,1
current,0.66,0.67,3430,1,-1,2,H+1 V-1,HV,0,1,-1,1
current,0.66,0.67,3431,-1,0,1,H-1,HV,1,-1,0,1
current,0.66,0.67,3432,-1,0,1,H-1,HV,1,-1,0,1
current,0.66,0.67,3433,1,0,1,H+1,HV,1,1,0,1
current,0.66,0.67,3434,1,0,1,H+1,HV,1,1,0,1
current,0.66,0.67,3435,-1,0,1,H-1,HV,1,-1,0,1
current,0.66,0.67,3436,1,-1,2,H+1 V-1,HV,0,1,-1,1
current,0.66,0.67,3437,1,0,1,H+1,HV,1,1,0,1
current,0.66,0.67,3438,1,0,1,H+1,HV,1,1,0,1
current,0.66,0.67,3439,-1,0,1,H-1,HV,1,-1,0,1
current,0.66,0.67,3440,-1,0,1,H-1,HV,1,-1,0,1
current,0.66,0.67,3441,1,0,1,H+1,HV,1,1,0,1
current,0.66,0.67,3442,1,0,1,H+1,HV,1,1,0,1
current,0.66,0.67,3443,1,0,1,H+1,HV,1,1,0,1
current,0.66,0.67,3444,1,0,1,H+1,HV,1,1,0,1
current,0.66,0.67,3445,-1,0,1,H-1,HV,1,-1,0,1
current,0.66,0.67,3446,-1,0,1,H-1,HV,1,-1,0,1
current,0.66,0.67,3447,1,0,1,H+1,HV,1,1,0,1
current,0.66,0.67,3448,1,0,1,H+1,HV,1,1,0,1
current,0.66,0.67,3449,1,0,1,H+1,HV,1,1,0,1
current,0.66,0.67,3450,1,0,1,H+1,HV,1,1,0,1
current,0.66,0.67,3451,1,0,1,H+1,HV,1,1,0,1
current,0.66,0.67,3452,1,0,1,H+1,HV,1,1,0,1
current,0.66,0.67,3453,1,0,1,H+1,HV,1,1,0,1
current,0.66,0.67,3454,1,0,1,H+1,HV,1,1,0,1
current,0.66,0.67,3455,0,0,0,I,HV,1,0,0,1
current,0.66,0.67,3456,0,0,0,I,HV,1,0,0,1
current,0.66,0.67,3457,0,0,0,I,HV,1,0,0,1
current,0.66,0.67,3458,0,0,0,I,HV,1,0,0,1
current,0.66,0.67,3459,0,0,0,I,HV,1,0,0,1
current,0.66,0.67,3460,0,0,0,I,HV,1,0,0,1
current,0.66,0.67,3461,0,0,0,I,HV,1,0,0,1
current,0.66,0.67,3462,0,0,0,I,HV,1,0,0,1
current,0.66,0.67,3463,0,0,0,I,HV,1,0,0,1
current,0.66,0.67,3464,0,0,0,I,HV,1,0,0,1
current,0.66,0.67,3465,0,0,0,I,HV,1,0,0,1
current,0.66,0.67,3466,0,0,0,I,HV,1,0,0,1
current,0.66,0.67,3467,0,0,0,I,HV,1,0,0,1
current,0.66,0.67,3468,0,0,0,I,HV,1,0,0,1
current,0.66,0.67,3469,0,1,1,V+1,HV,1,0,1,1
current,0.66,0.67,3470,0,1,1,V+1,HV,1,0,1,1
current,0.66,0.67,3471,0,0,0,I,HV,1,0,0,1
current,0.66,0.67,3472,0,0,0,I,HV,1,0,0,1
current,0.66,0.67,3473,0,0,0,I,HV,1,0,0,1
current,0.66,0.67,3474,0,0,0,I,HV,1,0,0,1
current,0.66,0.67,3475,0,0,0,I,HV,1,0,0,1
current,0.66,0.67,3476,0,0,0,I,HV,1,0,0,1
current,0.66,0.67,3477,0,0,0,I,HV,1,0,0,1
current,0.66,0.67,3478,0,0,0,I,HV,1,0,0,1
current,0.66,0.67,3479,0,0,0,I,HV,1,0,0,1
current,0.66,0.67,3480,0,0,0,I,HV,1,0,0,1
current,0.66,0.67,3481,0,0,0,I,HV,1,0,0,1
current,0.66,0.67,3482,0,0,0,I,HV,1,0,0,1
current,0.66,0.67,3483,0,0,0,I,HV,1,0,0,1
current,0.66,0.67,3484,0,-1,1,V-1,HV,1,0,-1,1
current,0.66,0.67,3485,-1,1,2,H-1 V+1,HV,0,-1,1,1
current,0.66,0.67,3486,0,0,0,I,HV,1,0,0,1
current,0.66,0.67,3487,0,0,0,I,HV,1,0,0,1
current,0.66,0.67,3488,0,0,0,I,HV,1,0,0,1
current,0.66,0.67,3489,0,0,0,I,HV,1,0,0,1
current,0.66,0.67,3490,0,0,0,I,HV,1,0,0,1
current,0.66,0.67,3491,0,0,0,I,HV,1,0,0,1
current,0.66,0.67,3492,0,0,0,I,HV,1,0,0,1
current,0.66,0.67,3493,0,0,0,I,HV,1,0,0,1
current,0.66,0.67,3494,0,0,0,I,HV,1,0,0,1
current,0.66,0.67,3495,0,0,0,I,HV,1,0,0,1
current,0.66,0.67,3496,0,0,0,I,HV,1,0,0,1
current,0.66,0.67,3497,0,0,0,I,HV,1,0,0,1
current,0.66,0.67,3498,0,0,0,I,HV,1,0,0,1
current,0.66,0.67,3499,0,0,0,I,HV,1,0,0,1
current,0.66,0.67,3500,0,0,0,I,HV,1,0,0,1
current,0.66,0.67,3501,0,0,0,I,HV,1,0,0,1
current,0.66,0.67,3502,0,1,1,V+1,HV,1,0,1,1
current,0.66,0.67,3503,0,1,1,V+1,HV,1,0,1,1
current,0.66,0.67,3504,0,0,0,I,HV,1,0,0,1
current,0.66,0.67,3505,0,0,0,I,HV,1,0,0,1
current,0.66,0.67,3506,0,0,0,I,HV,1,0,0,1
current,0.66,0.67,3507,0,0,0,I,HV,1,0,0,1
current,0.66,0.67,3508,0,0,0,I,HV,1,0,0,1
current,0.66,0.67,3509,0,0,0,I,HV,1,0,0,1
current,0.66,0.67,3510,0,0,0,I,HV,1,0,0,1
current,0.66,0.67,3511,0,0,0,I,HV,1,0,0,1
current,0.66,0.67,3512,0,0,0,I,HV,1,0,0,1
current,0.66,0.67,3513,0,0,0,I,HV,1,0,0,1
current,0.66,0.67,3514,0,0,0,I,HV,1,0,0,1
current,0.66,0.67,3515,0,0,0,I,HV,1,0,0,1
current,0.66,0.67,3516,0,0,0,I,HV,1,0,0,1
current,0.66,0.67,3517,0,0,0,I,HV,1,0,0,1
current,0.66,0.67,3518,0,0,0,I,HV,1,0,0,1
current,0.66,0.67,3519,0,0,0,I,HV,1,0,0,1
current,0.66,0.67,3520,0,0,0,I,HV,1,0,0,1
current,0.66,0.67,3521,0,0,0,I,HV,1,0,0,1
current,0.66,0.67,3522,0,0,0,I,HV,1,0,0,1
current,0.66,0.67,3523,0,0,0,I,HV,1,0,0,1
current,0.66,0.67,3524,0,0,0,I,HV,1,0,0,1
current,0.66,0.67,3525,0,0,0,I,HV,1,0,0,1
current,0.66,0.67,3526,0,0,0,I,HV,1,0,0,1
current,0.66,0.67,3527,0,0,0,I,HV,1,0,0,1
current,0.66,0.67,3528,0,0,0,I,HV,1,0,0,1
current,0.66,0.67,3529,0,0,0,I,HV,1,0,0,1
current,0.66,0.67,3530,0,0,0,I,HV,1,0,0,1
current,0.66,0.67,3531,0,1,1,V+1,HV,1,0,1,1
current,0.66,0.67,3532,1,0,1,H+1,HV,1,1,0,1
current,0.66,0.67,3533,1,-1,2,H+1 V-1,HV,0,1,-1,1
current,0.66,0.67,3534,1,0,1,H+1,HV,1,1,0,1
current,0.66,0.67,3535,1,0,1,H+1,HV,1,1,0,1
current,0.66,0.67,3536,1,0,1,H+1,HV,1,1,0,1
current,0.66,0.67,3537,1,0,1,H+1,HV,1,1,0,1
current,0.66,0.67,3538,-1,-1,2,H-1 V-1,HV,2,-1,-1,1
current,0.66,0.67,3539,-2,-1,3,H-1 H-1 V-1,HV,3,-2,-1,1
current,0.66,0.67,3540,1,0,1,H+1,HV,1,1,0,1
current,0.66,0.67,3541,1,0,1,H+1,HV,1,1,0,1
current,0.66,0.67,3542,1,0,1,H+1,HV,1,1,0,1
current,0.66,0.67,3543,1,0,1,H+1,HV,1,1,0,1
current,0.66,0.67,3544,0,0,0,I,HV,1,0,0,1
current,0.66,0.67,3545,0,1,1,V+1,HV,1,0,1,1
current,0.66,0.67,3546,0,0,0,I,HV,1,0,0,1
current,0.66,0.67,3547,0,0,0,I,HV,1,0,0,1
current,0.66,0.67,3548,0,-1,1,V-1,HV,1,0,-1,1
current,0.66,0.67,3549,-1,0,1,H-1,HV,1,-1,0,1
current,0.66,0.67,3550,1,1,2,V+1 H+1,VH,1,1,1,2
current,0.66,0.67,3551,1,0,1,H+1,HV,1,1,0,1
current,0.66,0.67,3552,2,0,2,H+1 H+1,HV,1,2,0,1
current,0.66,0.67,3553,0,0,0,I,HV,1,0,0,1
current,0.66,0.67,3554,1,0,1,H+1,HV,1,1,0,1
current,0.66,0.67,3555,2,0,2,H+1 H+1,HV,1,2,0,1
current,0.66,0.67,3556,1,0,1,H+1,HV,1,1,0,1
current,0.66,0.67,3557,-1,0,1,H-1,HV,1,-1,0,1
current,0.66,0.67,3558,-1,-1,2,V-1 H-1,VH,1,-1,-1,2
current,0.66,0.67,3559,0,1,1,V+1,HV,1,0,1,1
current,0.66,0.67,3560,2,0,2,H+1 H+1,HV,1,2,0,1
current,0.66,0.67,3561,-1,0,1,H-1,HV,1,-1,0,1
current,0.66,0.67,3562,1,0,1,H+1,HV,1,1,0,1
current,0.66,0.67,3563,1,0,1,H+1,HV,1,1,0,1
current,0.66,0.67,3564,-1,0,1,H-1,HV,1,-1,0,1
current,0.66,0.67,3565,-1,0,1,H-1,HV,1,-1,0,1
current,0.66,0.67,3566,2,0,2,H+1 H+1,HV,1,2,0,1
current,0.66,0.67,3567,1,0,1,H+1,HV,1,1,0,1
current,0.66,0.67,3568,1,-1,2,H+1 V-1,HV,0,1,-1,1
current,0.66,0.67,3569,1,-1,2,H+1 V-1,HV,0,1,-1,1
current,0.66,0.67,3570,-1,0,1,H-1,HV,1,-1,0,1
current,0.66,0.67,3571,-1,0,1,H-1,HV,1,-1,0,1
current,0.66,0.67,3572,1,0,1,H+1,HV,1,1,0,1
current,0.66,0.67,3573,1,0,1,H+1,HV,1,1,0,1
current,0.66,0.67,3574,1,-1,2,H+1 V-1,HV,0,1,-1,1
current,0.66,0.67,3575,1,-1,2,H+1 V-1,HV,0,1,-1,1
current,0.66,0.67,3576,1,0,1,H+1,HV,1,1,0,1
current,0.66,0.67,3577,1,0,1,H+1,HV,1,1,0,1
current,0.66,0.67,3578,-1,0,1,H-1,HV,1,-1,0,1
current,0.66,0.67,3579,-1,0,1,H-1,HV,1,-1,0,1
current,0.66,0.67,3580,1,0,1,H+1,HV,1,1,0,1
current,0.66,0.67,3581,1,0,1,H+1,HV,1,1,0,1
current,0.66,0.67,3582,1,0,1,H+1,HV,1,1,0,1
current,0.66,0.67,3583,1,0,1,H+1,HV,1,1,0,1
current,0.66,0.67,3584,-1,0,1,H-1,HV,1,-1,0,1
current,0.66,0.67,3585,-1,0,1,H-1,HV,1,-1,0,1
current,0.66,0.67,3586,1,0,1,H+1,HV,1,1,0,1
current,0.66,0.67,3587,1,0,1,H+1,HV,1,1,0,1
current,0.66,0.67,3588,1,0,1,H+1,HV,1,1,0,1
current,0.66,0.67,3589,1,0,1,H+1,HV,1,1,0,1
current,0.66,0.67,3590,1,0,1,H+1,HV,1,1,0,1
current,0.66,0.67,3591,1,0,1,H+1,HV,1,1,0,1
current,0.66,0.67,3592,0,0,0,I,HV,1,0,0,1
current,0.66,0.67,3593,1,0,1,H+1,HV,1,1,0,1
current,0.66,0.67,3594,0,0,0,I,HV,1,0,0,1
current,0.66,0.67,3595,0,0,0,I,HV,1,0,0,1
current,0.66,0.67,3596,0,0,0,I,HV,1,0,0,1
current,0.66,0.67,3597,0,0,0,I,HV,1,0,0,1
current,0.66,0.67,3598,0,0,0,I,HV,1,0,0,1
current,0.66,0.67,3599,0,0,0,I,HV,1,0,0,1
current,0.66,0.67,3600,0,0,0,I,HV,1,0,0,1
current,0.66,0.67,3601,0,0,0,I,HV,1,0,0,1
current,0.66,0.67,3602,0,0,0,I,HV,1,0,0,1
current,0.66,0.67,3603,0,0,0,I,HV,1,0,0,1
current,0.66,0.67,3604,0,0,0,I,HV,1,0,0,1
current,0.66,0.67,3605,0,0,0,I,HV,1,0,0,1
current,0.66,0.67,3606,0,0,0,I,HV,1,0,0,1
current,0.66,0.67,3607,0,0,0,I,HV,1,0,0,1
current,0.66,0.67,3608,0,1,1,V+1,HV,1,0,1,1
current,0.66,0.67,3609,0,1,1,V+1,HV,1,0,1,1
current,0.66,0.67,3610,0,0,0,I,HV,1,0,0,1
current,0.66,0.67,3611,0,0,0,I,HV,1,0,0,1
current,0.66,0.67,3612,0,0,0,I,HV,1,0,0,1
current,0.66,0.67,3613,0,0,0,I,HV,1,0,0,1
current,0.66,0.67,3614,0,0,0,I,HV,1,0,0,1
current,0.66,0.67,3615,0,0,0,I,HV,1,0,0,1
current,0.66,0.67,3616,0,0,0,I,HV,1,0,0,1
current,0.66,0.67,3617,0,0,0,I,HV,1,0,0,1
current,0.66,0.67,3618,0,0,0,I,HV,1,0,0,1
current,0.66,0.67,3619,0,0,0,I,HV,1,0,0,1
current,0.66,0.67,3620,0,0,0,I,HV,1,0,0,1
current,0.66,0.67,3621,0,0,0,I,HV,1,0,0,1
current,0.66,0.67,3622,0,0,0,I,HV,1,0,0,1
current,0.66,0.67,3623,0,0,0,I,HV,1,0,0,1
current,0.66,0.67,3624,0,-1,1,V-1,HV,1,0,-1,1
current,0.66,0.67,3625,0,-1,1,V-1,HV,1,0,-1,1
current,0.66,0.67,3626,0,0,0,I,HV,1,0,0,1
current,0.66,0.67,3627,0,0,0,I,HV,1,0,0,1
current,0.66,0.67,3628,0,0,0,I,HV,1,0,0,1
current,0.66,0.67,3629,0,0,0,I,HV,1,0,0,1
current,0.66,0.67,3630,0,0,0,I,HV,1,0,0,1
current,0.66,0.67,3631,0,0,0,I,HV,1,0,0,1
current,0.66,0.67,3632,0,0,0,I,HV,1,0,0,1
current,0.66,0.67,3633,0,0,0,I,HV,1,0,0,1
current,0.66,0.67,3634,0,0,0,I,HV,1,0,0,1
current,0.66,0.67,3635,0,0,0,I,HV,1,0,0,1
current,0.66,0.67,3636,0,0,0,I,HV,1,0,0,1
current,0.66,0.67,3637,0,0,0,I,HV,1,0,0,1
current,0.66,0.67,3638,0,0,0,I,HV,1,0,0,1
current,0.66,0.67,3639,0,0,0,I,HV,1,0,0,1
current,0.66,0.67,3640,0,0,0,I,HV,1,0,0,1
current,0.66,0.67,3641,0,0,0,I,HV,1,0,0,1
current,0.66,0.67,3642,0,1,1,V+1,HV,1,0,1,1
current,0.66,0.67,3643,0,1,1,V+1,HV,1,0,1,1
current,0.66,0.67,3644,0,0,0,I,HV,1,0,0,1
current,0.66,0.67,3645,0,0,0,I,HV,1,0,0,1
current,0.66,0.67,3646,0,0,0,I,HV,1,0,0,1
current,0.66,0.67,3647,0,0,0,I,HV,1,0,0,1
current,0.66,0.67,3648,0,0,0,I,HV,1,0,0,1
current,0.66,0.67,3649,0,0,0,I,HV,1,0,0,1
current,0.66,0.67,3650,0,0,0,I,HV,1,0,0,1
current,0.66,0.67,3651,0,0,0,I,HV,1,0,0,1
current,0.66,0.67,3652,0,0,0,I,HV,1,0,0,1
current,0.66,0.67,3653,0,0,0,I,HV,1,0,0,1
current,0.66,0.67,3654,0,0,0,I,HV,1,0,0,1
current,0.66,0.67,3655,0,0,0,I,HV,1,0,0,1
current,0.66,0.67,3656,0,0,0,I,HV,1,0,0,1
current,0.66,0.67,3657,0,0,0,I,HV,1,0,0,1
current,0.66,0.67,3658,0,0,0,I,HV,1,0,0,1
current,0.66,0.67,3659,0,0,0,I,HV,1,0,0,1
current,0.66,0.67,3660,0,0,0,I,HV,1,0,0,1
current,0.66,0.67,3661,0,0,0,I,HV,1,0,0,1
current,0.66,0.67,3662,0,0,0,I,HV,1,0,0,1
current,0.66,0.67,3663,0,0,0,I,HV,1,0,0,1
current,0.66,0.67,3664,0,0,0,I,HV,1,0,0,1
current,0.66,0.67,3665,0,0,0,I,HV,1,0,0,1
current,0.66,0.67,3666,0,0,0,I,HV,1,0,0,1
current,0.66,0.67,3667,0,0,0,I,HV,1,0,0,1
current,0.66,0.67,3668,1,0,1,H+1,HV,1,1,0,1
current,0.66,0.67,3669,0,0,0,I,HV,1,0,0,1
current,0.66,0.67,3670,1,0,1,H+1,HV,1,1,0,1
current,0.66,0.67,3671,1,0,1,H+1,HV,1,1,0,1
current,0.66,0.67,3672,1,-1,2,H+1 V-1,HV,0,1,-1,1
current,0.66,0.67,3673,1,-1,2,H+1 V-1,HV,0,1,-1,1
current,0.66,0.67,3674,1,0,1,H+1,HV,1,1,0,1
current,0.66,0.67,3675,1,0,1,H+1,HV,1,1,0,1
current,0.66,0.67,3676,0,1,1,V+1,HV,1,0,1,1
current,0.66,0.67,3677,1,0,1,H+1,HV,1,1,0,1
current,0.66,0.67,3678,0,-1,1,V-1,HV,1,0,-1,1
current,0.66,0.67,3679,-2,0,2,H-1 H-1,HV,1,-2,0,1
current,0.66,0.67,3680,0,0,0,I,HV,1,0,0,1
current,0.66,0.67,3681,-1,-1,2,V-1 H-1,VH,1,-1,-1,2
current,0.66,0.67,3682,1,0,1,H+1,HV,1,1,0,1
current,0.66,0.67,3683,1,1,2,H+1 V+1,HV,2,1,1,1
current,0.66,0.67,3684,0,-1,1,V-1,HV,1,0,-1,1
current,0.66,0.67,3685,1,-1,2,H+1 V-1,HV,0,1,-1,1
current,0.66,0.67,3686,1,0,1,H+1,HV,1,1,0,1
current,0.66,0.67,3687,0,0,0,I,HV,1,0,0,1
current,0.66,0.67,3688,0,-1,1,V-1,HV,1,0,-1,1
current,0.66,0.67,3689,-1,0,1,H-1,HV,1,-1,0,1
current,0.66,0.67,3690,0,0,0,I,HV,1,0,0,1
current,0.66,0.67,3691,1,0,1,H+1,HV,1,1,0,1
current,0.66,0.67,3692,1,-1,2,H+1 V-1,HV,0,1,-1,1
current,0.66,0.67,3693,0,0,0,I,HV,1,0,0,1
current,0.66,0.67,3694,1,0,1,H+1,HV,1,1,0,1
current,0.66,0.67,3695,2,0,2,H+1 H+1,HV,1,2,0,1
current,0.66,0.67,3696,-1,0,1,H-1,HV,1,-1,0,1
current,0.66,0.67,3697,0,0,0,I,HV,1,0,0,1
current,0.66,0.67,3698,-1,0,1,H-1,HV,1,-1,0,1
current,0.66,0.67,3699,-1,-1,2,V-1 H-1,VH,1,-1,-1,2
current,0.66,0.67,3700,2,0,2,H+1 H+1,HV,1,2,0,1
current,0.66,0.67,3701,2,0,2,H+1 H+1,HV,1,2,0,1
current,0.66,0.67,3702,0,0,0,I,HV,1,0,0,1
current,0.66,0.67,3703,1,-1,2,V-1 H+1,VH,1,1,-1,0
current,0.66,0.67,3704,1,0,1,H+1,HV,1,1,0,1
current,0.66,0.67,3705,-1,0,1,H-1,HV,1,-1,0,1
current,0.66,0.67,3706,1,0,1,H+1,HV,1,1,0,1
current,0.66,0.67,3707,1,0,1,H+1,HV,1,1,0,1
current,0.66,0.67,3708,1,-1,2,H+1 V-1,HV,0,1,-1,1
current,0.66,0.67,3709,2,-1,3,H+1 H+1 V-1,HV,-1,2,-1,1
current,0.66,0.67,3710,-1,0,1,H-1,HV,1,-1,0,1
current,0.66,0.67,3711,-1,-1,2,V-1 H-1,VH,1,-1,-1,2
current,0.66,0.67,3712,1,0,1,H+1,HV,1,1,0,1
current,0.66,0.67,3713,1,0,1,H+1,HV,1,1,0,1
current,0.66,0.67,3714,1,-1,2,H+1 V-1,HV,0,1,-1,1
current,0.66,0.67,3715,2,-1,3,H+1 H+1 V-1,HV,-1,2,-1,1
current,0.66,0.67,3716,1,0,1,H+1,HV,1,1,0,1
current,0.66,0.67,3717,1,0,1,H+1,HV,1,1,0,1
current,0.66,0.67,3718,-1,0,1,H-1,HV,1,-1,0,1
current,0.66,0.67,3719,-1,0,1,H-1,HV,1,-1,0,1
current,0.66,0.67,3720,1,0,1,H+1,HV,1,1,0,1
current,0.66,0.67,3721,1,0,1,H+1,HV,1,1,0,1
current,0.66,0.67,3722,1,0,1,H+1,HV,1,1,0,1
current,0.66,0.67,3723,1,0,1,H+1,HV,1,1,0,1
current,0.66,0.67,3724,-1,0,1,H-1,HV,1,-1,0,1
current,0.66,0.67,3725,-1,0,1,H-1,HV,1,-1,0,1
current,0.66,0.67,3726,1,0,1,H+1,HV,1,1,0,1
current,0.66,0.67,3727,1,0,1,H+1,HV,1,1,0,1
current,0.66,0.67,3728,1,0,1,H+1,HV,1,1,0,1
current,0.66,0.67,3729,1,0,1,H+1,HV,1,1,0,1
current,0.66,0.67,3730,1,0,1,H+1,HV,1,1,0,1
current,0.66,0.67,3731,1,0,1,H+1,HV,1,1,0,1
current,0.66,0.67,3732,0,0,0,I,HV,1,0,0,1
current,0.66,0.67,3733,0,0,0,I,HV,1,0,0,1
current,0.66,0.67,3734,0,0,0,I,HV,1,0,0,1
current,0.66,0.67,3735,0,0,0,I,HV,1,0,0,1
current,0.66,0.67,3736,0,0,0,I,HV,1,0,0,1
current,0.66,0.67,3737,0,0,0,I,HV,1,0,0,1
current,0.66,0.67,3738,0,0,0,I,HV,1,0,0,1
current,0.66,0.67,3739,0,0,0,I,HV,1,0,0,1
current,0.66,0.67,3740,0,0,0,I,HV,1,0,0,1
current,0.66,0.67,3741,0,0,0,I,HV,1,0,0,1
current,0.66,0.67,3742,0,0,0,I,HV,1,0,0,1
current,0.66,0.67,3743,0,0,0,I,HV,1,0,0,1
current,0.66,0.67,3744,0,0,0,I,HV,1,0,0,1
current,0.66,0.67,3745,0,0,0,I,HV,1,0,0,1
current,0.66,0.67,3746,0,0,0,I,HV,1,0,0,1
current,0.66,0.67,3747,0,0,0,I,HV,1,0,0,1
current,0.66,0.67,3748,0,1,1,V+1,HV,1,0,1,1
current,0.66,0.67,3749,0,1,1,V+1,HV,1,0,1,1
current,0.66,0.67,3750,0,0,0,I,HV,1,0,0,1
current,0.66,0.67,3751,0,0,0,I,HV,1,0,0,1
current,0.66,0.67,3752,0,0,0,I,HV,1,0,0,1
current,0.66,0.67,3753,0,0,0,I,HV,1,0,0,1
current,0.66,0.67,3754,0,0,0,I,HV,1,0,0,1
current,0.66,0.67,3755,0,0,0,I,HV,1,0,0,1
current,0.66,0.67,3756,0,0,0,I,HV,1,0,0,1
current,0.66,0.67,3757,0,0,0,I,HV,1,0,0,1
current,0.66,0.67,3758,0,0,0,I,HV,1,0,0,1
current,0.66,0.67,3759,0,0,0,I,HV,1,0,0,1
current,0.66,0.67,3760,0,0,0,I,HV,1,0,0,1
current,0.66,0.67,3761,0,0,0,I,HV,1,0,0,1
current,0.66,0.67,3762,0,0,0,I,HV,1,0,0,1
current,0.66,0.67,3763,-1,1,2,V+1 H-1,VH,1,-1,1,0
current,0.66,0.67,3764,0,0,0,I,HV,1,0,0,1
current,0.66,0.67,3765,-1,1,2,V+1 H-1,VH,1,-1,1,0
current,0.66,0.67,3766,0,0,0,I,HV,1,0,0,1
current,0.66,0.67,3767,0,0,0,I,HV,1,0,0,1
current,0.66,0.67,3768,0,0,0,I,HV,1,0,0,1
current,0.66,0.67,3769,0,0,0,I,HV,1,0,0,1
current,0.66,0.67,3770,0,0,0,I,HV,1,0,0,1
current,0.66,0.67,3771,0,0,0,I,HV,1,0,0,1
current,0.66,0.67,3772,0,0,0,I,HV,1,0,0,1
current,0.66,0.67,3773,0,0,0,I,HV,1,0,0,1
current,0.66,0.67,3774,0,0,0,I,HV,1,0,0,1
current,0.66,0.67,3775,0,0,0,I,HV,1,0,0,1
current,0.66,0.67,3776,0,0,0,I,HV,1,0,0,1
current,0.66,0.67,3777,0,0,0,I,HV,1,0,0,1
current,0.66,0.67,3778,0,0,0,I,HV,1,0,0,1
current,0.66,0.67,3779,0,0,0,I,HV,1,0,0,1
current,0.66,0.67,3780,0,1,1,V+1,HV,1,0,1,1
current,0.66,0.67,3781,0,0,0,I,HV,1,0,0,1
current,0.66,0.67,3782,0,1,1,V+1,HV,1,0,1,1
current,0.66,0.67,3783,0,0,0,I,HV,1,0,0,1
current,0.66,0.67,3784,0,0,0,I,HV,1,0,0,1
current,0.66,0.67,3785,0,0,0,I,HV,1,0,0,1
current,0.66,0.67,3786,0,0,0,I,HV,1,0,0,1
current,0.66,0.67,3787,0,0,0,I,HV,1,0,0,1
current,0.66,0.67,3788,0,0,0,I,HV,1,0,0,1
current,0.66,0.67,3789,0,0,0,I,HV,1,0,0,1
current,0.66,0.67,3790,0,0,0,I,HV,1,0,0,1
current,0.66,0.67,3791,0,0,0,I,HV,1,0,0,1
current,0.66,0.67,3792,0,0,0,I,HV,1,0,0,1
current,0.66,0.67,3793,0,0,0,I,HV,1,0,0,1
current,0.66,0.67,3794,0,0,0,I,HV,1,0,0,1
current,0.66,0.67,3795,0,0,0,I,HV,1,0,0,1
current,0.66,0.67,3796,0,0,0,I,HV,1,0,0,1
current,0.66,0.67,3797,0,0,0,I,HV,1,0,0,1
current,0.66,0.67,3798,0,0,0,I,HV,1,0,0,1
current,0.66,0.67,3799,0,0,0,I,HV,1,0,0,1
current,0.66,0.67,3800,0,0,0,I,HV,1,0,0,1
current,0.66,0.67,3801,0,0,0,I,HV,1,0,0,1
current,0.66,0.67,3802,0,0,0,I,HV,1,0,0,1
current,0.66,0.67,3803,0,0,0,I,HV,1,0,0,1
current,0.66,0.67,3804,0,0,0,I,HV,1,0,0,1
current,0.66,0.67,3805,0,0,0,I,HV,1,0,0,1
current,0.66,0.67,3806,0,0,0,I,HV,1,0,0,1
current,0.66,0.67,3807,0,0,0,I,HV,1,0,0,1
current,0.66,0.67,3808,1,0,1,H+1,HV,1,1,0,1
current,0.66,0.67,3809,1,0,1,H+1,HV,1,1,0,1
current,0.66,0.67,3810,1,0,1,H+1,HV,1,1,0,1
current,0.66,0.67,3811,1,0,1,H+1,HV,1,1,0,1
current,0.66,0.67,3812,1,-1,2,H+1 V-1,HV,0,1,-1,1
current,0.66,0.67,3813,1,-1,2,H+1 V-1,HV,0,1,-1,1
current,0.66,0.67,3814,0,1,1,V+1,HV,1,0,1,1
current,0.66,0.67,3815,1,0,1,H+1,HV,1,1,0,1
current,0.66,0.67,3816,-1,-1,2,V-1 H-1,VH,1,-1,-1,2
current,0.66,0.67,3817,1,0,1,H+1,HV,1,1,0,1
current,0.66,0.67,3818,0,-1,1,V-1,HV,1,0,-1,1
current,0.66,0.67,3819,0,-1,1,V-1,HV,1,0,-1,1
current,0.66,0.67,3820,-1,0,1,H-1,HV,1,-1,0,1
current,0.66,0.67,3821,-1,0,1,H-1,HV,1,-1,0,1
current,0.66,0.67,3822,1,2,3,V+1 V+1 H+1,VH,1,1,2,3
current,0.66,0.67,3823,-1,0,1,H-1,HV,1,-1,0,1
current,0.66,0.67,3824,-1,0,1,H-1,HV,1,-1,0,1
current,0.66,0.67,3825,1,0,1,H+1,HV,1,1,0,1
current,0.66,0.67,3826,1,2,3,H+1 V+1 V+1,HV,3,1,2,1
current,0.66,0.67,3827,0,-2,4,V-1 H-1 V-1 H+1,longer_word,2,1,-3,-1
current,0.66,0.67,3828,0,0,0,I,HV,1,0,0,1
current,0.66,0.67,3829,-2,0,2,H-1 H-1,HV,1,-2,0,1
current,0.66,0.67,3830,-1,1,4,H-1 H-1 V+1 H+1,longer_word,-1,-3,1,2
current,0.66,0.67,3831,1,0,1,H+1,HV,1,1,0,1
current,0.66,0.67,3832,0,-1,1,V-1,HV,1,0,-1,1
current,0.66,0.67,3833,0,1,1,V+1,HV,1,0,1,1
current,0.66,0.67,3834,-1,0,1,H-1,HV,1,-1,0,1
current,0.66,0.67,3835,-1,1,2,H-1 V+1,HV,0,-1,1,1
current,0.66,0.67,3836,-1,0,1,H-1,HV,1,-1,0,1
current,0.66,0.67,3837,-1,1,2,H-1 V+1,HV,0,-1,1,1
current,0.66,0.67,3838,-1,0,1,H-1,HV,1,-1,0,1
current,0.66,0.67,3839,-1,0,1,H-1,HV,1,-1,0,1
current,0.66,0.67,3840,-1,0,1,H-1,HV,1,-1,0,1
current,0.66,0.67,3841,1,0,1,H+1,HV,1,1,0,1
current,0.66,0.67,3842,-1,0,1,H-1,HV,1,-1,0,1
current,0.66,0.67,3843,1,0,1,H+1,HV,1,1,0,1
current,0.66,0.67,3844,0,0,0,I,HV,1,0,0,1
current,0.66,0.67,3845,0,0,0,I,HV,1,0,0,1
current,0.66,0.67,3846,2,0,2,H+1 H+1,HV,1,2,0,1
current,0.66,0.67,3847,1,0,1,H+1,HV,1,1,0,1
current,0.66,0.67,3848,1,-1,2,H+1 V-1,HV,0,1,-1,1
current,0.66,0.67,3849,2,-1,3,H+1 H+1 V-1,HV,-1,2,-1,1
current,0.66,0.67,3850,-1,-1,2,V-1 H-1,VH,1,-1,-1,2
current,0.66,0.67,3851,-1,0,1,H-1,HV,1,-1,0,1
current,0.66,0.67,3852,2,0,2,H+1 H+1,HV,1,2,0,1
current,0.66,0.67,3853,2,0,2,H+1 H+1,HV,1,2,0,1
current,0.66,0.67,3854,1,-1,2,H+1 V-1,HV,0,1,-1,1
current,0.66,0.67,3855,1,-1,2,H+1 V-1,HV,0,1,-1,1
current,0.66,0.67,3856,2,0,2,H+1 H+1,HV,1,2,0,1
current,0.66,0.67,3857,2,0,2,H+1 H+1,HV,1,2,0,1
current,0.66,0.67,3858,-1,-1,2,V-1 H-1,VH,1,-1,-1,2
current,0.66,0.67,3859,-1,0,1,H-1,HV,1,-1,0,1
current,0.66,0.67,3860,1,0,1,H+1,HV,1,1,0,1
current,0.66,0.67,3861,1,0,1,H+1,HV,1,1,0,1
current,0.66,0.67,3862,1,0,1,H+1,HV,1,1,0,1
current,0.66,0.67,3863,1,0,1,H+1,HV,1,1,0,1
current,0.66,0.67,3864,-1,0,1,H-1,HV,1,-1,0,1
current,0.66,0.67,3865,-1,0,1,H-1,HV,1,-1,0,1
current,0.66,0.67,3866,1,0,1,H+1,HV,1,1,0,1
current,0.66,0.67,3867,1,0,1,H+1,HV,1,1,0,1
current,0.66,0.67,3868,1,0,1,H+1,HV,1,1,0,1
current,0.66,0.67,3869,1,0,1,H+1,HV,1,1,0,1
current,0.66,0.67,3870,1,0,1,H+1,HV,1,1,0,1
current,0.66,0.67,3871,1,0,1,H+1,HV,1,1,0,1
current,0.66,0.67,3872,0,0,0,I,HV,1,0,0,1
current,0.66,0.67,3873,0,0,0,I,HV,1,0,0,1
current,0.66,0.67,3874,0,0,0,I,HV,1,0,0,1
current,0.66,0.67,3875,0,0,0,I,HV,1,0,0,1
current,0.66,0.67,3876,0,0,0,I,HV,1,0,0,1
current,0.66,0.67,3877,0,0,0,I,HV,1,0,0,1
current,0.66,0.67,3878,0,0,0,I,HV,1,0,0,1
current,0.66,0.67,3879,0,0,0,I,HV,1,0,0,1
current,0.66,0.67,3880,0,0,0,I,HV,1,0,0,1
current,0.66,0.67,3881,0,0,0,I,HV,1,0,0,1
current,0.66,0.67,3882,0,0,0,I,HV,1,0,0,1
current,0.66,0.67,3883,0,0,0,I,HV,1,0,0,1
current,0.66,0.67,3884,0,0,0,I,HV,1,0,0,1
current,0.66,0.67,3885,0,0,0,I,HV,1,0,0,1
current,0.66,0.67,3886,0,0,0,I,HV,1,0,0,1
current,0.66,0.67,3887,0,0,0,I,HV,1,0,0,1
current,0.66,0.67,3888,0,1,1,V+1,HV,1,0,1,1
current,0.66,0.67,3889,0,1,1,V+1,HV,1,0,1,1
current,0.66,0.67,3890,0,0,0,I,HV,1,0,0,1
current,0.66,0.67,3891,0,0,0,I,HV,1,0,0,1
current,0.66,0.67,3892,0,0,0,I,HV,1,0,0,1
current,0.66,0.67,3893,0,0,0,I,HV,1,0,0,1
current,0.66,0.67,3894,0,0,0,I,HV,1,0,0,1
current,0.66,0.67,3895,0,0,0,I,HV,1,0,0,1
current,0.66,0.67,3896,0,0,0,I,HV,1,0,0,1
current,0.66,0.67,3897,0,0,0,I,HV,1,0,0,1
current,0.66,0.67,3898,0,0,0,I,HV,1,0,0,1
current,0.66,0.67,3899,0,0,0,I,HV,1,0,0,1
current,0.66,0.67,3900,0,0,0,I,HV,1,0,0,1
current,0.66,0.67,3901,0,0,0,I,HV,1,0,0,1
current,0.66,0.67,3902,0,-1,1,V-1,HV,1,0,-1,1
current,0.66,0.67,3903,0,-1,1,V-1,HV,1,0,-1,1
current,0.66,0.67,3904,0,0,0,I,HV,1,0,0,1
current,0.66,0.67,3905,0,0,0,I,HV,1,0,0,1
current,0.66,0.67,3906,0,0,0,I,HV,1,0,0,1
current,0.66,0.67,3907,0,0,0,I,HV,1,0,0,1
current,0.66,0.67,3908,0,0,0,I,HV,1,0,0,1
current,0.66,0.67,3909,0,0,0,I,HV,1,0,0,1
current,0.66,0.67,3910,0,0,0,I,HV,1,0,0,1
current,0.66,0.67,3911,0,0,0,I,HV,1,0,0,1
current,0.66,0.67,3912,0,0,0,I,HV,1,0,0,1
current,0.66,0.67,3913,0,0,0,I,HV,1,0,0,1
current,0.66,0.67,3914,0,0,0,I,HV,1,0,0,1
current,0.66,0.67,3915,0,0,0,I,HV,1,0,0,1
current,0.66,0.67,3916,0,0,0,I,HV,1,0,0,1
current,0.66,0.67,3917,0,0,0,I,HV,1,0,0,1
current,0.66,0.67,3918,0,0,0,I,HV,1,0,0,1
current,0.66,0.67,3919,0,0,0,I,HV,1,0,0,1
current,0.66,0.67,3920,0,1,1,V+1,HV,1,0,1,1
current,0.66,0.67,3921,0,1,1,V+1,HV,1,0,1,1
current,0.66,0.67,3922,0,0,0,I,HV,1,0,0,1
current,0.66,0.67,3923,0,0,0,I,HV,1,0,0,1
current,0.66,0.67,3924,0,0,0,I,HV,1,0,0,1
current,0.66,0.67,3925,0,0,0,I,HV,1,0,0,1
current,0.66,0.67,3926,0,0,0,I,HV,1,0,0,1
current,0.66,0.67,3927,0,0,0,I,HV,1,0,0,1
current,0.66,0.67,3928,0,0,0,I,HV,1,0,0,1
current,0.66,0.67,3929,0,0,0,I,HV,1,0,0,1
current,0.66,0.67,3930,0,0,0,I,HV,1,0,0,1
current,0.66,0.67,3931,0,0,0,I,HV,1,0,0,1
current,0.66,0.67,3932,0,0,0,I,HV,1,0,0,1
current,0.66,0.67,3933,0,0,0,I,HV,1,0,0,1
current,0.66,0.67,3934,0,0,0,I,HV,1,0,0,1
current,0.66,0.67,3935,0,0,0,I,HV,1,0,0,1
current,0.66,0.67,3936,0,0,0,I,HV,1,0,0,1
current,0.66,0.67,3937,0,0,0,I,HV,1,0,0,1
current,0.66,0.67,3938,0,0,0,I,HV,1,0,0,1
current,0.66,0.67,3939,0,0,0,I,HV,1,0,0,1
current,0.66,0.67,3940,0,0,0,I,HV,1,0,0,1
current,0.66,0.67,3941,0,0,0,I,HV,1,0,0,1
current,0.66,0.67,3942,0,0,0,I,HV,1,0,0,1
current,0.66,0.67,3943,0,0,0,I,HV,1,0,0,1
current,0.66,0.67,3944,0,0,0,I,HV,1,0,0,1
current,0.66,0.67,3945,0,0,0,I,HV,1,0,0,1
current,0.66,0.67,3946,1,0,1,H+1,HV,1,1,0,1
current,0.66,0.67,3947,0,0,0,I,HV,1,0,0,1
current,0.66,0.67,3948,1,0,1,H+1,HV,1,1,0,1
current,0.66,0.67,3949,1,0,1,H+1,HV,1,1,0,1
current,0.66,0.67,3950,1,0,1,H+1,HV,1,1,0,1
current,0.66,0.67,3951,1,0,1,H+1,HV,1,1,0,1
current,0.66,0.67,3952,1,0,1,H+1,HV,1,1,0,1
current,0.66,0.67,3953,1,-1,2,H+1 V-1,HV,0,1,-1,1
current,0.66,0.67,3954,1,-1,2,H+1 V-1,HV,0,1,-1,1
current,0.66,0.67,3955,1,0,1,H+1,HV,1,1,0,1
current,0.66,0.67,3956,-1,0,1,H-1,HV,1,-1,0,1
current,0.66,0.67,3957,1,0,1,H+1,HV,1,1,0,1
current,0.66,0.67,3958,-1,0,1,H-1,HV,1,-1,0,1
current,0.66,0.67,3959,-1,0,1,H-1,HV,1,-1,0,1
current,0.66,0.67,3960,-1,1,2,V+1 H-1,VH,1,-1,1,0
current,0.66,0.67,3961,-1,1,2,V+1 H-1,VH,1,-1,1,0
current,0.66,0.67,3962,-1,0,1,H-1,HV,1,-1,0,1
current,0.66,0.67,3963,1,0,1,H+1,HV,1,1,0,1
current,0.66,0.67,3964,1,0,1,H+1,HV,1,1,0,1
current,0.66,0.67,3965,0,-1,3,H+1 V-1 H-1,longer_word,0,1,-1,2
current,0.66,0.67,3966,0,0,0,I,HV,1,0,0,1
current,0.66,0.67,3967,1,-1,2,H+1 V-1,HV,0,1,-1,1
current,0.66,0.67,3968,1,0,1,H+1,HV,1,1,0,1
current,0.66,0.67,3969,1,0,1,H+1,HV,1,1,0,1
current,0.66,0.67,3970,1,0,1,H+1,HV,1,1,0,1
current,0.66,0.67,3971,0,-1,1,V-1,HV,1,0,-1,1
current,0.66,0.67,3972,1,0,1,H+1,HV,1,1,0,1
current,0.66,0.67,3973,-1,0,1,H-1,HV,1,-1,0,1
current,0.66,0.67,3974,0,1,1,V+1,HV,1,0,1,1
current,0.66,0.67,3975,-1,1,2,V+1 H-1,VH,1,-1,1,0
current,0.66,0.67,3976,-1,0,1,H-1,HV,1,-1,0,1
current,0.66,0.67,3977,1,0,1,H+1,HV,1,1,0,1
current,0.66,0.67,3978,-1,0,1,H-1,HV,1,-1,0,1
current,0.66,0.67,3979,-1,0,1,H-1,HV,1,-1,0,1
current,0.66,0.67,3980,1,0,1,H+1,HV,1,1,0,1
current,0.66,0.67,3981,-1,0,1,H-1,HV,1,-1,0,1
current,0.66,0.67,3982,1,0,1,H+1,HV,1,1,0,1
current,0.66,0.67,3983,0,1,1,V+1,HV,1,0,1,1
current,0.66,0.67,3984,1,0,1,H+1,HV,1,1,0,1
current,0.66,0.67,3985,-1,0,1,H-1,HV,1,-1,0,1
current,0.66,0.67,3986,1,0,1,H+1,HV,1,1,0,1
current,0.66,0.67,3987,1,0,1,H+1,HV,1,1,0,1
current,0.66,0.67,3988,1,-1,2,H+1 V-1,HV,0,1,-1,1
current,0.66,0.67,3989,1,-1,2,H+1 V-1,HV,0,1,-1,1
current,0.66,0.67,3990,-1,0,1,H-1,HV,1,-1,0,1
current,0.66,0.67,3991,-1,0,1,H-1,HV,1,-1,0,1
current,0.66,0.67,3992,1,0,1,H+1,HV,1,1,0,1
current,0.66,0.67,3993,1,0,1,H+1,HV,1,1,0,1
current,0.66,0.67,3994,1,0,1,H+1,HV,1,1,0,1
current,0.66,0.67,3995,2,-1,3,H+1 H+1 V-1,HV,-1,2,-1,1
current,0.66,0.67,3996,-1,-1,2,V-1 H-1,VH,1,-1,-1,2
current,0.66,0.67,3997,1,1,2,V+1 H+1,VH,1,1,1,2
current,0.66,0.67,3998,-1,0,1,H-1,HV,1,-1,0,1
current,0.66,0.67,3999,-1,1,2,V+1 H-1,VH,1,-1,1,0
current,0.66,0.67,4000,1,0,1,H+1,HV,1,1,0,1
current,0.66,0.67,4001,1,0,1,H+1,HV,1,1,0,1
current,0.66,0.67,4002,-1,0,1,H-1,HV,1,-1,0,1
current,0.66,0.67,4003,0,0,0,I,HV,1,0,0,1
current,0.66,0.67,4004,1,0,1,H+1,HV,1,1,0,1
current,0.66,0.67,4005,-1,0,1,H-1,HV,1,-1,0,1
current,0.66,0.67,4006,1,0,1,H+1,HV,1,1,0,1
current,0.66,0.67,4007,1,0,1,H+1,HV,1,1,0,1
current,0.66,0.67,4008,1,0,1,H+1,HV,1,1,0,1
current,0.66,0.67,4009,1,0,1,H+1,HV,1,1,0,1
current,0.66,0.67,4010,0,0,0,I,HV,1,0,0,1
current,0.66,0.67,4011,0,0,0,I,HV,1,0,0,1
current,0.66,0.67,4012,0,0,0,I,HV,1,0,0,1
current,0.66,0.67,4013,0,0,0,I,HV,1,0,0,1
current,0.66,0.67,4014,0,0,0,I,HV,1,0,0,1
current,0.66,0.67,4015,0,0,0,I,HV,1,0,0,1
current,0.66,0.67,4016,0,0,0,I,HV,1,0,0,1
current,0.66,0.67,4017,0,0,0,I,HV,1,0,0,1
current,0.66,0.67,4018,0,0,0,I,HV,1,0,0,1
current,0.66,0.67,4019,0,0,0,I,HV,1,0,0,1
current,0.66,0.67,4020,0,0,0,I,HV,1,0,0,1
current,0.66,0.67,4021,0,0,0,I,HV,1,0,0,1
current,0.66,0.67,4022,0,0,0,I,HV,1,0,0,1
current,0.66,0.67,4023,0,0,0,I,HV,1,0,0,1
current,0.66,0.67,4024,0,0,0,I,HV,1,0,0,1
current,0.66,0.67,4025,0,0,0,I,HV,1,0,0,1
current,0.66,0.67,4026,0,0,0,I,HV,1,0,0,1
current,0.66,0.67,4027,0,1,1,V+1,HV,1,0,1,1
current,0.66,0.67,4028,0,1,1,V+1,HV,1,0,1,1
current,0.66,0.67,4029,0,0,0,I,HV,1,0,0,1
current,0.66,0.67,4030,0,0,0,I,HV,1,0,0,1
current,0.66,0.67,4031,0,0,0,I,HV,1,0,0,1
current,0.66,0.67,4032,0,0,0,I,HV,1,0,0,1
current,0.66,0.67,4033,0,0,0,I,HV,1,0,0,1
current,0.66,0.67,4034,0,0,0,I,HV,1,0,0,1
current,0.66,0.67,4035,0,0,0,I,HV,1,0,0,1
current,0.66,0.67,4036,0,0,0,I,HV,1,0,0,1
current,0.66,0.67,4037,0,0,0,I,HV,1,0,0,1
current,0.66,0.67,4038,0,0,0,I,HV,1,0,0,1
current,0.66,0.67,4039,0,0,0,I,HV,1,0,0,1
current,0.66,0.67,4040,0,0,0,I,HV,1,0,0,1
current,0.66,0.67,4041,0,0,0,I,HV,1,0,0,1
current,0.66,0.67,4042,0,-1,1,V-1,HV,1,0,-1,1
current,0.66,0.67,4043,0,-1,1,V-1,HV,1,0,-1,1
current,0.66,0.67,4044,0,0,0,I,HV,1,0,0,1
current,0.66,0.67,4045,0,0,0,I,HV,1,0,0,1
current,0.66,0.67,4046,0,0,0,I,HV,1,0,0,1
current,0.66,0.67,4047,0,0,0,I,HV,1,0,0,1
current,0.66,0.67,4048,0,0,0,I,HV,1,0,0,1
current,0.66,0.67,4049,0,0,0,I,HV,1,0,0,1
current,0.66,0.67,4050,0,0,0,I,HV,1,0,0,1
current,0.66,0.67,4051,0,0,0,I,HV,1,0,0,1
current,0.66,0.67,4052,0,0,0,I,HV,1,0,0,1
current,0.66,0.67,4053,0,0,0,I,HV,1,0,0,1
current,0.66,0.67,4054,0,0,0,I,HV,1,0,0,1
current,0.66,0.67,4055,0,0,0,I,HV,1,0,0,1
current,0.66,0.67,4056,0,0,0,I,HV,1,0,0,1
current,0.66,0.67,4057,0,0,0,I,HV,1,0,0,1
current,0.66,0.67,4058,0,0,0,I,HV,1,0,0,1
current,0.66,0.67,4059,0,0,0,I,HV,1,0,0,1
current,0.66,0.67,4060,0,1,1,V+1,HV,1,0,1,1
current,0.66,0.67,4061,0,1,1,V+1,HV,1,0,1,1
current,0.66,0.67,4062,0,0,0,I,HV,1,0,0,1
current,0.66,0.67,4063,0,0,0,I,HV,1,0,0,1
current,0.66,0.67,4064,0,0,0,I,HV,1,0,0,1
current,0.66,0.67,4065,0,0,0,I,HV,1,0,0,1
current,0.66,0.67,4066,0,0,0,I,HV,1,0,0,1
current,0.66,0.67,4067,0,0,0,I,HV,1,0,0,1
current,0.66,0.67,4068,0,0,0,I,HV,1,0,0,1
current,0.66,0.67,4069,0,0,0,I,HV,1,0,0,1
current,0.66,0.67,4070,0,0,0,I,HV,1,0,0,1
current,0.66,0.67,4071,0,0,0,I,HV,1,0,0,1
current,0.66,0.67,4072,0,0,0,I,HV,1,0,0,1
current,0.66,0.67,4073,0,0,0,I,HV,1,0,0,1
current,0.66,0.67,4074,0,0,0,I,HV,1,0,0,1
current,0.66,0.67,4075,0,0,0,I,HV,1,0,0,1
current,0.66,0.67,4076,0,0,0,I,HV,1,0,0,1
current,0.66,0.67,4077,0,0,0,I,HV,1,0,0,1
current,0.66,0.67,4078,0,0,0,I,HV,1,0,0,1
current,0.66,0.67,4079,0,0,0,I,HV,1,0,0,1
current,0.66,0.67,4080,0,0,0,I,HV,1,0,0,1
current,0.66,0.67,4081,0,0,0,I,HV,1,0,0,1
current,0.66,0.67,4082,0,0,0,I,HV,1,0,0,1
current,0.66,0.67,4083,0,0,0,I,HV,1,0,0,1
current,0.66,0.67,4084,1,0,1,H+1,HV,1,1,0,1
current,0.66,0.67,4085,1,0,1,H+1,HV,1,1,0,1
current,0.66,0.67,4086,1,0,1,H+1,HV,1,1,0,1
current,0.66,0.67,4087,1,0,1,H+1,HV,1,1,0,1
current,0.66,0.67,4088,1,0,1,H+1,HV,1,1,0,1
current,0.66,0.67,4089,1,0,1,H+1,HV,1,1,0,1
current,0.66,0.67,4090,1,0,1,H+1,HV,1,1,0,1
current,0.66,0.67,4091,1,-1,2,H+1 V-1,HV,0,1,-1,1
current,0.66,0.67,4092,1,-1,2,H+1 V-1,HV,0,1,-1,1
current,0.66,0.67,4093,1,0,1,H+1,HV,1,1,0,1
current,0.66,0.67,4094,1,0,1,H+1,HV,1,1,0,1
current,0.66,0.67,4095,-1,0,1,H-1,HV,1,-1,0,1
current,0.66,0.67,4096,-1,0,1,H-1,HV,1,-1,0,1
current,0.66,0.67,4097,-1,0,1,H-1,HV,1,-1,0,1
current,0.66,0.67,4098,-1,0,1,H-1,HV,1,-1,0,1
current,0.66,0.67,4099,-1,0,1,H-1,HV,1,-1,0,1
current,0.66,0.67,4100,-1,1,2,V+1 H-1,VH,1,-1,1,0
current,0.66,0.67,4101,0,0,0,I,HV,1,0,0,1
current,0.66,0.67,4102,0,0,0,I,HV,1,0,0,1
current,0.66,0.67,4103,1,0,1,H+1,HV,1,1,0,1
current,0.66,0.67,4104,0,0,0,I,HV,1,0,0,1
current,0.66,0.67,4105,1,-1,2,H+1 V-1,HV,0,1,-1,1
current,0.66,0.67,4106,1,-1,2,H+1 V-1,HV,0,1,-1,1
current,0.66,0.67,4107,1,0,1,H+1,HV,1,1,0,1
current,0.66,0.67,4108,1,0,1,H+1,HV,1,1,0,1
current,0.66,0.67,4109,1,0,1,H+1,HV,1,1,0,1
current,0.66,0.67,4110,1,0,1,H+1,HV,1,1,0,1
current,0.66,0.67,4111,-1,0,1,H-1,HV,1,-1,0,1
current,0.66,0.67,4112,-1,0,1,H-1,HV,1,-1,0,1
current,0.66,0.67,4113,1,0,1,H+1,HV,1,1,0,1
current,0.66,0.67,4114,1,0,1,H+1,HV,1,1,0,1
current,0.66,0.67,4115,-1,0,1,H-1,HV,1,-1,0,1
current,0.66,0.67,4116,-1,0,1,H-1,HV,1,-1,0,1
current,0.66,0.67,4117,-1,0,1,H-1,HV,1,-1,0,1
current,0.66,0.67,4118,-1,0,1,H-1,HV,1,-1,0,1
current,0.66,0.67,4119,1,0,1,H+1,HV,1,1,0,1
current,0.66,0.67,4120,1,0,1,H+1,HV,1,1,0,1
current,0.66,0.67,4121,-1,0,1,H-1,HV,1,-1,0,1
current,0.66,0.67,4122,1,-1,2,H+1 V-1,HV,0,1,-1,1
current,0.66,0.67,4123,-1,0,1,H-1,HV,1,-1,0,1
current,0.66,0.67,4124,1,0,1,H+1,HV,1,1,0,1
current,0.66,0.67,4125,1,0,1,H+1,HV,1,1,0,1
current,0.66,0.67,4126,0,-1,1,V-1,HV,1,0,-1,1
current,0.66,0.67,4127,1,-1,2,H+1 V-1,HV,0,1,-1,1
current,0.66,0.67,4128,1,-1,2,H+1 V-1,HV,0,1,-1,1
current,0.66,0.67,4129,-1,0,1,H-1,HV,1,-1,0,1
current,0.66,0.67,4130,-1,0,1,H-1,HV,1,-1,0,1
current,0.66,0.67,4131,1,0,1,H+1,HV,1,1,0,1
current,0.66,0.67,4132,1,0,1,H+1,HV,1,1,0,1
current,0.66,0.67,4133,-1,0,1,H-1,HV,1,-1,0,1
current,0.66,0.67,4134,0,1,1,V+1,HV,1,0,1,1
current,0.66,0.67,4135,-1,0,1,H-1,HV,1,-1,0,1
current,0.66,0.67,4136,-1,0,1,H-1,HV,1,-1,0,1
current,0.66,0.67,4137,-1,0,1,H-1,HV,1,-1,0,1
current,0.66,0.67,4138,-2,0,2,H-1 H-1,HV,1,-2,0,1
current,0.66,0.67,4139,1,1,2,V+1 H+1,VH,1,1,1,2
current,0.66,0.67,4140,0,1,1,V+1,HV,1,0,1,1
current,0.66,0.67,4141,-1,0,1,H-1,HV,1,-1,0,1
current,0.66,0.67,4142,-1,0,1,H-1,HV,1,-1,0,1
current,0.66,0.67,4143,0,1,3,H+1 V+1 H-1,longer_word,2,-1,1,0
current,0.66,0.67,4144,0,1,3,H+1 V+1 H-1,longer_word,2,-1,1,0
current,0.66,0.67,4145,1,0,1,H+1,HV,1,1,0,1
current,0.66,0.67,4146,1,0,1,H+1,HV,1,1,0,1
current,0.66,0.67,4147,1,0,1,H+1,HV,1,1,0,1
current,0.66,0.67,4148,0,0,0,I,HV,1,0,0,1
current,0.66,0.67,4149,0,0,0,I,HV,1,0,0,1
current,0.66,0.67,4150,0,0,0,I,HV,1,0,0,1
current,0.66,0.67,4151,0,0,0,I,HV,1,0,0,1
current,0.66,0.67,4152,0,0,0,I,HV,1,0,0,1
current,0.66,0.67,4153,0,0,0,I,HV,1,0,0,1
current,0.66,0.67,4154,0,0,0,I,HV,1,0,0,1
current,0.66,0.67,4155,0,0,0,I,HV,1,0,0,1
current,0.66,0.67,4156,0,0,0,I,HV,1,0,0,1
current,0.66,0.67,4157,0,0,0,I,HV,1,0,0,1
current,0.66,0.67,4158,0,0,0,I,HV,1,0,0,1
current,0.66,0.67,4159,0,0,0,I,HV,1,0,0,1
current,0.66,0.67,4160,0,0,0,I,HV,1,0,0,1
current,0.66,0.67,4161,0,0,0,I,HV,1,0,0,1
current,0.66,0.67,4162,0,0,0,I,HV,1,0,0,1
current,0.66,0.67,4163,0,0,0,I,HV,1,0,0,1
current,0.66,0.67,4164,0,0,0,I,HV,1,0,0,1
current,0.66,0.67,4165,0,0,0,I,HV,1,0,0,1
current,0.66,0.67,4166,0,1,1,V+1,HV,1,0,1,1
current,0.66,0.67,4167,0,1,1,V+1,HV,1,0,1,1
current,0.66,0.67,4168,0,0,0,I,HV,1,0,0,1
current,0.66,0.67,4169,0,0,0,I,HV,1,0,0,1
current,0.66,0.67,4170,0,0,0,I,HV,1,0,0,1
current,0.66,0.67,4171,0,0,0,I,HV,1,0,0,1
current,0.66,0.67,4172,0,0,0,I,HV,1,0,0,1
current,0.66,0.67,4173,0,0,0,I,HV,1,0,0,1
current,0.66,0.67,4174,0,0,0,I,HV,1,0,0,1
current,0.66,0.67,4175,0,0,0,I,HV,1,0,0,1
current,0.66,0.67,4176,0,0,0,I,HV,1,0,0,1
current,0.66,0.67,4177,0,0,0,I,HV,1,0,0,1
current,0.66,0.67,4178,0,0,0,I,HV,1,0,0,1
current,0.66,0.67,4179,0,0,0,I,HV,1,0,0,1
current,0.66,0.67,4180,0,0,0,I,HV,1,0,0,1
current,0.66,0.67,4181,0,0,0,I,HV,1,0,0,1
current,0.66,0.67,4182,-1,1,2,V+1 H-1,VH,1,-1,1,0
current,0.66,0.67,4183,0,0,0,I,HV,1,0,0,1
current,0.66,0.67,4184,0,0,0,I,HV,1,0,0,1
current,0.66,0.67,4185,0,0,0,I,HV,1,0,0,1
current,0.66,0.67,4186,0,0,0,I,HV,1,0,0,1
current,0.66,0.67,4187,0,0,0,I,HV,1,0,0,1
current,0.66,0.67,4188,0,0,0,I,HV,1,0,0,1
current,0.66,0.67,4189,0,0,0,I,HV,1,0,0,1
current,0.66,0.67,4190,0,0,0,I,HV,1,0,0,1
current,0.66,0.67,4191,0,0,0,I,HV,1,0,0,1
current,0.66,0.67,4192,0,0,0,I,HV,1,0,0,1
current,0.66,0.67,4193,0,0,0,I,HV,1,0,0,1
current,0.66,0.67,4194,0,0,0,I,HV,1,0,0,1
current,0.66,0.67,4195,0,0,0,I,HV,1,0,0,1
current,0.66,0.67,4196,0,0,0,I,HV,1,0,0,1
current,0.66,0.67,4197,0,0,0,I,HV,1,0,0,1
current,0.66,0.67,4198,0,0,0,I,HV,1,0,0,1
current,0.66,0.67,4199,0,0,0,I,HV,1,0,0,1
current,0.66,0.67,4200,0,1,1,V+1,HV,1,0,1,1
current,0.66,0.67,4201,0,1,1,V+1,HV,1,0,1,1
current,0.66,0.67,4202,0,0,0,I,HV,1,0,0,1
current,0.66,0.67,4203,0,0,0,I,HV,1,0,0,1
current,0.66,0.67,4204,0,0,0,I,HV,1,0,0,1
current,0.66,0.67,4205,0,0,0,I,HV,1,0,0,1
current,0.66,0.67,4206,0,0,0,I,HV,1,0,0,1
current,0.66,0.67,4207,0,0,0,I,HV,1,0,0,1
current,0.66,0.67,4208,0,0,0,I,HV,1,0,0,1
current,0.66,0.67,4209,0,0,0,I,HV,1,0,0,1
current,0.66,0.67,4210,0,0,0,I,HV,1,0,0,1
current,0.66,0.67,4211,0,0,0,I,HV,1,0,0,1
current,0.66,0.67,4212,0,0,0,I,HV,1,0,0,1
current,0.66,0.67,4213,0,0,0,I,HV,1,0,0,1
current,0.66,0.67,4214,0,0,0,I,HV,1,0,0,1
current,0.66,0.67,4215,0,0,0,I,HV,1,0,0,1
current,0.66,0.67,4216,0,0,0,I,HV,1,0,0,1
current,0.66,0.67,4217,0,0,0,I,HV,1,0,0,1
current,0.66,0.67,4218,0,0,0,I,HV,1,0,0,1
current,0.66,0.67,4219,0,0,0,I,HV,1,0,0,1
current,0.66,0.67,4220,0,0,0,I,HV,1,0,0,1
current,0.66,0.67,4221,0,0,0,I,HV,1,0,0,1
current,0.66,0.67,4222,1,0,1,H+1,HV,1,1,0,1
current,0.66,0.67,4223,1,0,1,H+1,HV,1,1,0,1
current,0.66,0.67,4224,1,0,1,H+1,HV,1,1,0,1
current,0.66,0.67,4225,1,0,1,H+1,HV,1,1,0,1
current,0.66,0.67,4226,1,0,1,H+1,HV,1,1,0,1
current,0.66,0.67,4227,1,0,1,H+1,HV,1,1,0,1
current,0.66,0.67,4228,1,0,1,H+1,HV,1,1,0,1
current,0.66,0.67,4229,1,0,1,H+1,HV,1,1,0,1
current,0.66,0.67,4230,1,-1,2,H+1 V-1,HV,0,1,-1,1
current,0.66,0.67,4231,1,-1,2,H+1 V-1,HV,0,1,-1,1
current,0.66,0.67,4232,1,0,1,H+1,HV,1,1,0,1
current,0.66,0.67,4233,1,0,1,H+1,HV,1,1,0,1
current,0.66,0.67,4234,-1,0,1,H-1,HV,1,-1,0,1
current,0.66,0.67,4235,-1,0,1,H-1,HV,1,-1,0,1
current,0.66,0.67,4236,-1,0,1,H-1,HV,1,-1,0,1
current,0.66,0.67,4237,-1,0,1,H-1,HV,1,-1,0,1
current,0.66,0.67,4238,-1,0,1,H-1,HV,1,-1,0,1
current,0.66,0.67,4239,-1,0,1,H-1,HV,1,-1,0,1
current,0.66,0.67,4240,1,0,1,H+1,HV,1,1,0,1
current,0.66,0.67,4241,1,0,1,H+1,HV,1,1,0,1
current,0.66,0.67,4242,1,0,1,H+1,HV,1,1,0,1
current,0.66,0.67,4243,1,0,1,H+1,HV,1,1,0,1
current,0.66,0.67,4244,1,-1,2,H+1 V-1,HV,0,1,-1,1
current,0.66,0.67,4245,0,1,1,V+1,HV,1,0,1,1
current,0.66,0.67,4246,1,0,1,H+1,HV,1,1,0,1
current,0.66,0.67,4247,1,0,1,H+1,HV,1,1,0,1
current,0.66,0.67,4248,1,0,1,H+1,HV,1,1,0,1
current,0.66,0.67,4249,1,0,1,H+1,HV,1,1,0,1
current,0.66,0.67,4250,-1,0,1,H-1,HV,1,-1,0,1
current,0.66,0.67,4251,-1,0,1,H-1,HV,1,-1,0,1
current,0.66,0.67,4252,1,0,1,H+1,HV,1,1,0,1
current,0.66,0.67,4253,1,0,1,H+1,HV,1,1,0,1
current,0.66,0.67,4254,-1,0,1,H-1,HV,1,-1,0,1
current,0.66,0.67,4255,-1,0,1,H-1,HV,1,-1,0,1
current,0.66,0.67,4256,-1,0,1,H-1,HV,1,-1,0,1
current,0.66,0.67,4257,-1,0,1,H-1,HV,1,-1,0,1
current,0.66,0.67,4258,1,0,1,H+1,HV,1,1,0,1
current,0.66,0.67,4259,1,0,1,H+1,HV,1,1,0,1
current,0.66,0.67,4260,1,-1,2,H+1 V-1,HV,0,1,-1,1
current,0.66,0.67,4261,1,-1,2,H+1 V-1,HV,0,1,-1,1
current,0.66,0.67,4262,1,0,1,H+1,HV,1,1,0,1
current,0.66,0.67,4263,1,0,1,H+1,HV,1,1,0,1
current,0.66,0.67,4264,-1,0,1,H-1,HV,1,-1,0,1
current,0.66,0.67,4265,1,-1,2,H+1 V-1,HV,0,1,-1,1
current,0.66,0.67,4266,1,-1,2,H+1 V-1,HV,0,1,-1,1
current,0.66,0.67,4267,-1,0,1,H-1,HV,1,-1,0,1
current,0.66,0.67,4268,-1,0,1,H-1,HV,1,-1,0,1
current,0.66,0.67,4269,1,0,1,H+1,HV,1,1,0,1
current,0.66,0.67,4270,1,1,2,V+1 H+1,VH,1,1,1,2
current,0.66,0.67,4271,-1,1,2,V+1 H-1,VH,1,-1,1,0
current,0.66,0.67,4272,-1,1,2,V+1 H-1,VH,1,-1,1,0
current,0.66,0.67,4273,1,1,2,V+1 H+1,VH,1,1,1,2
current,0.66,0.67,4274,1,0,1,H+1,HV,1,1,0,1
current,0.66,0.67,4275,0,0,0,I,HV,1,0,0,1
current,0.66,0.67,4276,-1,0,1,H-1,HV,1,-1,0,1
current,0.66,0.67,4277,0,1,1,V+1,HV,1,0,1,1
current,0.66,0.67,4278,1,0,1,H+1,HV,1,1,0,1
current,0.66,0.67,4279,1,0,1,H+1,HV,1,1,0,1
current,0.66,0.67,4280,-1,0,1,H-1,HV,1,-1,0,1
current,0.66,0.67,4281,-1,0,1,H-1,HV,1,-1,0,1
current,0.66,0.67,4282,0,1,3,H+1 V+1 H-1,longer_word,2,-1,1,0
current,0.66,0.67,4283,0,1,3,H+1 V+1 H-1,longer_word,2,-1,1,0
current,0.66,0.67,4284,1,0,1,H+1,HV,1,1,0,1
current,0.66,0.67,4285,0,0,0,I,HV,1,0,0,1
current,0.66,0.67,4286,0,0,0,I,HV,1,0,0,1
current,0.66,0.67,4287,0,0,0,I,HV,1,0,0,1
current,0.66,0.67,4288,0,0,0,I,HV,1,0,0,1
current,0.66,0.67,4289,0,0,0,I,HV,1,0,0,1
current,0.66,0.67,4290,0,0,0,I,HV,1,0,0,1
current,0.66,0.67,4291,0,0,0,I,HV,1,0,0,1
current,0.66,0.67,4292,0,0,0,I,HV,1,0,0,1
current,0.66,0.67,4293,0,0,0,I,HV,1,0,0,1
current,0.66,0.67,4294,0,0,0,I,HV,1,0,0,1
current,0.66,0.67,4295,0,0,0,I,HV,1,0,0,1
current,0.66,0.67,4296,0,0,0,I,HV,1,0,0,1
current,0.66,0.67,4297,0,0,0,I,HV,1,0,0,1
current,0.66,0.67,4298,0,0,0,I,HV,1,0,0,1
current,0.66,0.67,4299,0,0,0,I,HV,1,0,0,1
current,0.66,0.67,4300,0,0,0,I,HV,1,0,0,1
current,0.66,0.67,4301,0,0,0,I,HV,1,0,0,1
current,0.66,0.67,4302,0,0,0,I,HV,1,0,0,1
current,0.66,0.67,4303,0,0,0,I,HV,1,0,0,1
current,0.66,0.67,4304,0,0,0,I,HV,1,0,0,1
current,0.66,0.67,4305,0,1,1,V+1,HV,1,0,1,1
current,0.66,0.67,4306,0,1,1,V+1,HV,1,0,1,1
current,0.66,0.67,4307,0,0,0,I,HV,1,0,0,1
current,0.66,0.67,4308,0,0,0,I,HV,1,0,0,1
current,0.66,0.67,4309,0,0,0,I,HV,1,0,0,1
current,0.66,0.67,4310,0,0,0,I,HV,1,0,0,1
current,0.66,0.67,4311,0,0,0,I,HV,1,0,0,1
current,0.66,0.67,4312,0,0,0,I,HV,1,0,0,1
current,0.66,0.67,4313,0,0,0,I,HV,1,0,0,1
current,0.66,0.67,4314,0,0,0,I,HV,1,0,0,1
current,0.66,0.67,4315,0,0,0,I,HV,1,0,0,1
current,0.66,0.67,4316,0,0,0,I,HV,1,0,0,1
current,0.66,0.67,4317,0,0,0,I,HV,1,0,0,1
current,0.66,0.67,4318,0,0,0,I,HV,1,0,0,1
current,0.66,0.67,4319,0,0,0,I,HV,1,0,0,1
current,0.66,0.67,4320,-1,1,2,V+1 H-1,VH,1,-1,1,0
current,0.66,0.67,4321,0,-1,1,V-1,HV,1,0,-1,1
current,0.66,0.67,4322,0,0,0,I,HV,1,0,0,1
current,0.66,0.67,4323,0,0,0,I,HV,1,0,0,1
current,0.66,0.67,4324,0,0,0,I,HV,1,0,0,1
current,0.66,0.67,4325,0,0,0,I,HV,1,0,0,1
current,0.66,0.67,4326,0,0,0,I,HV,1,0,0,1
current,0.66,0.67,4327,0,0,0,I,HV,1,0,0,1
current,0.66,0.67,4328,0,0,0,I,HV,1,0,0,1
current,0.66,0.67,4329,0,0,0,I,HV,1,0,0,1
current,0.66,0.67,4330,0,0,0,I,HV,1,0,0,1
current,0.66,0.67,4331,0,0,0,I,HV,1,0,0,1
current,0.66,0.67,4332,0,0,0,I,HV,1,0,0,1
current,0.66,0.67,4333,0,0,0,I,HV,1,0,0,1
current,0.66,0.67,4334,0,0,0,I,HV,1,0,0,1
current,0.66,0.67,4335,0,0,0,I,HV,1,0,0,1
current,0.66,0.67,4336,0,0,0,I,HV,1,0,0,1
current,0.66,0.67,4337,0,0,0,I,HV,1,0,0,1
current,0.66,0.67,4338,0,0,0,I,HV,1,0,0,1
current,0.66,0.67,4339,0,0,0,I,HV,1,0,0,1
current,0.66,0.67,4340,0,1,1,V+1,HV,1,0,1,1
current,0.66,0.67,4341,0,0,0,I,HV,1,0,0,1
current,0.66,0.67,4342,0,0,0,I,HV,1,0,0,1
current,0.66,0.67,4343,0,0,0,I,HV,1,0,0,1
current,0.66,0.67,4344,0,0,0,I,HV,1,0,0,1
current,0.66,0.67,4345,0,0,0,I,HV,1,0,0,1
current,0.66,0.67,4346,0,0,0,I,HV,1,0,0,1
current,0.66,0.67,4347,0,0,0,I,HV,1,0,0,1
current,0.66,0.67,4348,0,0,0,I,HV,1,0,0,1
current,0.66,0.67,4349,0,0,0,I,HV,1,0,0,1
current,0.66,0.67,4350,0,0,0,I,HV,1,0,0,1
current,0.66,0.67,4351,0,0,0,I,HV,1,0,0,1
current,0.66,0.67,4352,0,0,0,I,HV,1,0,0,1
current,0.66,0.67,4353,0,0,0,I,HV,1,0,0,1
current,0.66,0.67,4354,0,0,0,I,HV,1,0,0,1
current,0.66,0.67,4355,0,0,0,I,HV,1,0,0,1
current,0.66,0.67,4356,0,0,0,I,HV,1,0,0,1
current,0.66,0.67,4357,0,0,0,I,HV,1,0,0,1
current,0.66,0.67,4358,0,0,0,I,HV,1,0,0,1
current,0.66,0.67,4359,0,0,0,I,HV,1,0,0,1
current,0.66,0.67,4360,0,0,0,I,HV,1,0,0,1
current,0.66,0.67,4361,1,0,1,H+1,HV,1,1,0,1
current,0.66,0.67,4362,1,0,1,H+1,HV,1,1,0,1
current,0.66,0.67,4363,1,0,1,H+1,HV,1,1,0,1
current,0.66,0.67,4364,1,0,1,H+1,HV,1,1,0,1
current,0.66,0.67,4365,1,0,1,H+1,HV,1,1,0,1
current,0.66,0.67,4366,1,0,1,H+1,HV,1,1,0,1
current,0.66,0.67,4367,1,0,1,H+1,HV,1,1,0,1
current,0.66,0.67,4368,1,0,1,H+1,HV,1,1,0,1
current,0.66,0.67,4369,1,0,1,H+1,HV,1,1,0,1
current,0.66,0.67,4370,1,-1,2,H+1 V-1,HV,0,1,-1,1
current,0.66,0.67,4371,1,-1,2,H+1 V-1,HV,0,1,-1,1
current,0.66,0.67,4372,1,0,1,H+1,HV,1,1,0,1
current,0.66,0.67,4373,1,0,1,H+1,HV,1,1,0,1
current,0.66,0.67,4374,-1,0,1,H-1,HV,1,-1,0,1
current,0.66,0.67,4375,-1,0,1,H-1,HV,1,-1,0,1
current,0.66,0.67,4376,-1,0,1,H-1,HV,1,-1,0,1
current,0.66,0.67,4377,-1,0,1,H-1,HV,1,-1,0,1
current,0.66,0.67,4378,-1,0,1,H-1,HV,1,-1,0,1
current,0.66,0.67,4379,-1,0,1,H-1,HV,1,-1,0,1
current,0.66,0.67,4380,1,0,1,H+1,HV,1,1,0,1
current,0.66,0.67,4381,1,0,1,H+1,HV,1,1,0,1
current,0.66,0.67,4382,1,0,1,H+1,HV,1,1,0,1
current,0.66,0.67,4383,1,0,1,H+1,HV,1,1,0,1
current,0.66,0.67,4384,1,-1,2,H+1 V-1,HV,0,1,-1,1
current,0.66,0.67,4385,0,1,1,V+1,HV,1,0,1,1
current,0.66,0.67,4386,1,0,1,H+1,HV,1,1,0,1
current,0.66,0.67,4387,1,0,1,H+1,HV,1,1,0,1
current,0.66,0.67,4388,1,0,1,H+1,HV,1,1,0,1
current,0.66,0.67,4389,1,0,1,H+1,HV,1,1,0,1
current,0.66,0.67,4390,-1,0,1,H-1,HV,1,-1,0,1
current,0.66,0.67,4391,-1,0,1,H-1,HV,1,-1,0,1
current,0.66,0.67,4392,1,0,1,H+1,HV,1,1,0,1
current,0.66,0.67,4393,1,0,1,H+1,HV,1,1,0,1
current,0.66,0.67,4394,-1,0,1,H-1,HV,1,-1,0,1
current,0.66,0.67,4395,-1,0,1,H-1,HV,1,-1,0,1
current,0.66,0.67,4396,-1,0,1,H-1,HV,1,-1,0,1
current,0.66,0.67,4397,-1,0,1,H-1,HV,1,-1,0,1
current,0.66,0.67,4398,1,0,1,H+1,HV,1,1,0,1
current,0.66,0.67,4399,1,0,1,H+1,HV,1,1,0,1
current,0.66,0.67,4400,1,-1,2,H+1 V-1,HV,0,1,-1,1
current,0.66,0.67,4401,1,-1,2,H+1 V-1,HV,0,1,-1,1
current,0.66,0.67,4402,1,0,1,H+1,HV,1,1,0,1
current,0.66,0.67,4403,1,0,1,H+1,HV,1,1,0,1
current,0.66,0.67,4404,1,-1,2,H+1 V-1,HV,0,1,-1,1
current,0.66,0.67,4405,2,-1,3,H+1 H+1 V-1,HV,-1,2,-1,1
current,0.66,0.67,4406,-1,-1,2,V-1 H-1,VH,1,-1,-1,2
current,0.66,0.67,4407,-1,0,1,H-1,HV,1,-1,0,1
current,0.66,0.67,4408,0,2,2,V+1 V+1,HV,1,0,2,1
current,0.66,0.67,4409,-2,0,2,H-1 H-1,HV,1,-2,0,1
current,0.66,0.67,4410,-2,-1,3,V-1 H-1 H-1,VH,1,-2,-1,3
current,0.66,0.67,4411,0,-1,1,V-1,HV,1,0,-1,1
current,0.66,0.67,4412,0,1,1,V+1,HV,1,0,1,1
current,0.66,0.67,4413,-1,-1,2,V-1 H-1,VH,1,-1,-1,2
current,0.66,0.67,4414,1,-1,2,H+1 V-1,HV,0,1,-1,1
current,0.66,0.67,4415,0,0,0,I,HV,1,0,0,1
current,0.66,0.67,4416,-1,0,1,H-1,HV,1,-1,0,1
current,0.66,0.67,4417,-1,0,1,H-1,HV,1,-1,0,1
current,0.66,0.67,4418,1,0,1,H+1,HV,1,1,0,1
current,0.66,0.67,4419,1,0,1,H+1,HV,1,1,0,1
current,0.66,0.67,4420,-1,0,1,H-1,HV,1,-1,0,1
current,0.66,0.67,4421,-1,0,1,H-1,HV,1,-1,0,1
current,0.66,0.67,4422,0,1,3,H+1 V+1 H-1,longer_word,2,-1,1,0
current,0.66,0.67,4423,0,1,3,H+1 V+1 H-1,longer_word,2,-1,1,0
current,0.66,0.67,4424,1,0,1,H+1,HV,1,1,0,1
current,0.66,0.67,4425,0,0,0,I,HV,1,0,0,1
current,0.66,0.67,4426,0,0,0,I,HV,1,0,0,1
current,0.66,0.67,4427,0,0,0,I,HV,1,0,0,1
current,0.66,0.67,4428,0,0,0,I,HV,1,0,0,1
current,0.66,0.67,4429,0,0,0,I,HV,1,0,0,1
current,0.66,0.67,4430,0,0,0,I,HV,1,0,0,1
current,0.66,0.67,4431,0,0,0,I,HV,1,0,0,1
current,0.66,0.67,4432,0,0,0,I,HV,1,0,0,1
current,0.66,0.67,4433,0,0,0,I,HV,1,0,0,1
current,0.66,0.67,4434,0,0,0,I,HV,1,0,0,1
current,0.66,0.67,4435,0,0,0,I,HV,1,0,0,1
current,0.66,0.67,4436,0,0,0,I,HV,1,0,0,1
current,0.66,0.67,4437,0,0,0,I,HV,1,0,0,1
current,0.66,0.67,4438,0,0,0,I,HV,1,0,0,1
current,0.66,0.67,4439,0,0,0,I,HV,1,0,0,1
current,0.66,0.67,4440,0,0,0,I,HV,1,0,0,1
current,0.66,0.67,4441,0,0,0,I,HV,1,0,0,1
current,0.66,0.67,4442,0,0,0,I,HV,1,0,0,1
current,0.66,0.67,4443,0,0,0,I,HV,1,0,0,1
current,0.66,0.67,4444,0,1,1,V+1,HV,1,0,1,1
current,0.66,0.67,4445,0,1,1,V+1,HV,1,0,1,1
current,0.66,0.67,4446,0,0,0,I,HV,1,0,0,1
current,0.66,0.67,4447,0,0,0,I,HV,1,0,0,1
current,0.66,0.67,4448,0,0,0,I,HV,1,0,0,1
current,0.66,0.67,4449,0,0,0,I,HV,1,0,0,1
current,0.66,0.67,4450,0,0,0,I,HV,1,0,0,1
current,0.66,0.67,4451,0,0,0,I,HV,1,0,0,1
current,0.66,0.67,4452,0,0,0,I,HV,1,0,0,1
current,0.66,0.67,4453,0,0,0,I,HV,1,0,0,1
current,0.66,0.67,4454,0,0,0,I,HV,1,0,0,1
current,0.66,0.67,4455,0,0,0,I,HV,1,0,0,1
current,0.66,0.67,4456,0,0,0,I,HV,1,0,0,1
current,0.66,0.67,4457,0,0,0,I,HV,1,0,0,1
current,0.66,0.67,4458,0,0,0,I,HV,1,0,0,1
current,0.66,0.67,4459,0,0,0,I,HV,1,0,0,1
current,0.66,0.67,4460,0,-1,1,V-1,HV,1,0,-1,1
current,0.66,0.67,4461,0,-1,1,V-1,HV,1,0,-1,1
current,0.66,0.67,4462,0,0,0,I,HV,1,0,0,1
current,0.66,0.67,4463,0,0,0,I,HV,1,0,0,1
current,0.66,0.67,4464,0,0,0,I,HV,1,0,0,1
current,0.66,0.67,4465,0,0,0,I,HV,1,0,0,1
current,0.66,0.67,4466,0,0,0,I,HV,1,0,0,1
current,0.66,0.67,4467,0,0,0,I,HV,1,0,0,1
current,0.66,0.67,4468,0,0,0,I,HV,1,0,0,1
current,0.66,0.67,4469,0,0,0,I,HV,1,0,0,1
current,0.66,0.67,4470,0,0,0,I,HV,1,0,0,1
current,0.66,0.67,4471,0,0,0,I,HV,1,0,0,1
current,0.66,0.67,4472,0,0,0,I,HV,1,0,0,1
current,0.66,0.67,4473,0,0,0,I,HV,1,0,0,1
current,0.66,0.67,4474,0,0,0,I,HV,1,0,0,1
current,0.66,0.67,4475,0,0,0,I,HV,1,0,0,1
current,0.66,0.67,4476,0,0,0,I,HV,1,0,0,1
current,0.66,0.67,4477,0,0,0,I,HV,1,0,0,1
current,0.66,0.67,4478,0,0,0,I,HV,1,0,0,1
current,0.66,0.67,4479,0,1,1,V+1,HV,1,0,1,1
current,0.66,0.67,4480,0,0,0,I,HV,1,0,0,1
current,0.66,0.67,4481,0,0,0,I,HV,1,0,0,1
current,0.66,0.67,4482,0,0,0,I,HV,1,0,0,1
current,0.66,0.67,4483,0,0,0,I,HV,1,0,0,1
current,0.66,0.67,4484,0,0,0,I,HV,1,0,0,1
current,0.66,0.67,4485,0,0,0,I,HV,1,0,0,1
current,0.66,0.67,4486,0,0,0,I,HV,1,0,0,1
current,0.66,0.67,4487,0,0,0,I,HV,1,0,0,1
current,0.66,0.67,4488,0,0,0,I,HV,1,0,0,1
current,0.66,0.67,4489,0,0,0,I,HV,1,0,0,1
current,0.66,0.67,4490,0,0,0,I,HV,1,0,0,1
current,0.66,0.67,4491,0,0,0,I,HV,1,0,0,1
current,0.66,0.67,4492,0,0,0,I,HV,1,0,0,1
current,0.66,0.67,4493,0,0,0,I,HV,1,0,0,1
current,0.66,0.67,4494,0,0,0,I,HV,1,0,0,1
current,0.66,0.67,4495,0,0,0,I,HV,1,0,0,1
current,0.66,0.67,4496,0,0,0,I,HV,1,0,0,1
current,0.66,0.67,4497,0,0,0,I,HV,1,0,0,1
current,0.66,0.67,4498,0,0,0,I,HV,1,0,0,1
current,0.66,0.67,4499,0,0,0,I,HV,1,0,0,1
current,0.66,0.67,4500,0,0,0,I,HV,1,0,0,1
current,0.66,0.67,4501,1,0,1,H+1,HV,1,1,0,1
current,0.66,0.67,4502,1,0,1,H+1,HV,1,1,0,1
current,0.66,0.67,4503,1,0,1,H+1,HV,1,1,0,1
current,0.66,0.67,4504,1,0,1,H+1,HV,1,1,0,1
current,0.66,0.67,4505,1,0,1,H+1,HV,1,1,0,1
current,0.66,0.67,4506,1,0,1,H+1,HV,1,1,0,1
current,0.66,0.67,4507,1,0,1,H+1,HV,1,1,0,1
current,0.66,0.67,4508,1,0,1,H+1,HV,1,1,0,1
current,0.66,0.67,4509,0,0,0,I,HV,1,0,0,1
current,0.66,0.67,4510,0,-1,1,V-1,HV,1,0,-1,1
current,0.66,0.67,4511,0,-1,1,V-1,HV,1,0,-1,1
current,0.66,0.67,4512,0,0,0,I,HV,1,0,0,1
current,0.66,0.67,4513,0,0,0,I,HV,1,0,0,1
current,0.66,0.67,4514,0,-1,1,V-1,HV,1,0,-1,1
current,0.66,0.67,4515,-1,0,1,H-1,HV,1,-1,0,1
current,0.66,0.67,4516,-1,0,1,H-1,HV,1,-1,0,1
current,0.66,0.67,4517,-1,0,1,H-1,HV,1,-1,0,1
current,0.66,0.67,4518,-1,0,1,H-1,HV,1,-1,0,1
current,0.66,0.67,4519,-1,0,1,H-1,HV,1,-1,0,1
current,0.66,0.67,4520,1,0,1,H+1,HV,1,1,0,1
current,0.66,0.67,4521,1,0,1,H+1,HV,1,1,0,1
current,0.66,0.67,4522,1,0,1,H+1,HV,1,1,0,1
current,0.66,0.67,4523,1,0,1,H+1,HV,1,1,0,1
current,0.66,0.67,4524,1,-1,2,H+1 V-1,HV,0,1,-1,1
current,0.66,0.67,4525,1,-1,2,H+1 V-1,HV,0,1,-1,1
current,0.66,0.67,4526,1,0,1,H+1,HV,1,1,0,1
current,0.66,0.67,4527,1,0,1,H+1,HV,1,1,0,1
current,0.66,0.67,4528,1,0,1,H+1,HV,1,1,0,1
current,0.66,0.67,4529,1,0,1,H+1,HV,1,1,0,1
current,0.66,0.67,4530,-1,0,1,H-1,HV,1,-1,0,1
current,0.66,0.67,4531,-1,0,1,H-1,HV,1,-1,0,1
current,0.66,0.67,4532,1,0,1,H+1,HV,1,1,0,1
current,0.66,0.67,4533,1,0,1,H+1,HV,1,1,0,1
current,0.66,0.67,4534,0,-1,1,V-1,HV,1,0,-1,1
current,0.66,0.67,4535,0,-1,1,V-1,HV,1,0,-1,1
current,0.66,0.67,4536,-1,-1,2,V-1 H-1,VH,1,-1,-1,2
current,0.66,0.67,4537,-1,0,1,H-1,HV,1,-1,0,1
current,0.66,0.67,4538,0,0,0,I,HV,1,0,0,1
current,0.66,0.67,4539,-2,0,2,H-1 H-1,HV,1,-2,0,1
current,0.66,0.67,4540,0,-1,1,V-1,HV,1,0,-1,1
current,0.66,0.67,4541,0,-1,1,V-1,HV,1,0,-1,1
current,0.66,0.67,4542,0,1,1,V+1,HV,1,0,1,1
current,0.66,0.67,4543,0,0,0,I,HV,1,0,0,1
current,0.66,0.67,4544,0,0,0,I,HV,1,0,0,1
current,0.66,0.67,4545,0,1,1,V+1,HV,1,0,1,1
current,0.66,0.67,4546,0,-1,1,V-1,HV,1,0,-1,1
current,0.66,0.67,4547,-1,-1,2,V-1 H-1,VH,1,-1,-1,2
current,0.66,0.67,4548,0,-1,1,V-1,HV,1,0,-1,1
current,0.66,0.67,4549,0,-1,1,V-1,HV,1,0,-1,1
current,0.66,0.67,4550,1,1,2,V+1 H+1,VH,1,1,1,2
current,0.66,0.67,4551,1,1,2,V+1 H+1,VH,1,1,1,2
current,0.66,0.67,4552,0,0,0,I,HV,1,0,0,1
current,0.66,0.67,4553,0,-1,1,V-1,HV,1,0,-1,1
current,0.66,0.67,4554,0,0,0,I,HV,1,0,0,1
current,0.66,0.67,4555,0,-1,1,V-1,HV,1,0,-1,1
current,0.66,0.67,4556,0,0,0,I,HV,1,0,0,1
current,0.66,0.67,4557,-1,0,1,H-1,HV,1,-1,0,1
current,0.66,0.67,4558,1,0,1,H+1,HV,1,1,0,1
current,0.66,0.67,4559,0,0,0,I,HV,1,0,0,1
current,0.66,0.67,4560,-1,0,1,H-1,HV,1,-1,0,1
current,0.66,0.67,4561,-1,0,1,H-1,HV,1,-1,0,1
current,0.66,0.67,4562,0,1,3,H+1 V+1 H-1,longer_word,2,-1,1,0
current,0.66,0.67,4563,0,1,3,H+1 V+1 H-1,longer_word,2,-1,1,0
current,0.66,0.67,4564,0,0,0,I,HV,1,0,0,1
current,0.66,0.67,4565,2,0,2,H+1 H+1,HV,1,2,0,1
current,0.66,0.67,4566,0,0,0,I,HV,1,0,0,1
current,0.66,0.67,4567,0,0,0,I,HV,1,0,0,1
current,0.66,0.67,4568,0,0,0,I,HV,1,0,0,1
current,0.66,0.67,4569,0,0,0,I,HV,1,0,0,1
current,0.66,0.67,4570,0,0,0,I,HV,1,0,0,1
current,0.66,0.67,4571,0,0,0,I,HV,1,0,0,1
current,0.66,0.67,4572,0,0,0,I,HV,1,0,0,1
current,0.66,0.67,4573,0,0,0,I,HV,1,0,0,1
current,0.66,0.67,4574,0,0,0,I,HV,1,0,0,1
current,0.66,0.67,4575,0,0,0,I,HV,1,0,0,1
current,0.66,0.67,4576,0,0,0,I,HV,1,0,0,1
current,0.66,0.67,4577,0,0,0,I,HV,1,0,0,1
current,0.66,0.67,4578,0,0,0,I,HV,1,0,0,1
current,0.66,0.67,4579,0,0,0,I,HV,1,0,0,1
current,0.66,0.67,4580,0,0,0,I,HV,1,0,0,1
current,0.66,0.67,4581,0,0,0,I,HV,1,0,0,1
current,0.66,0.67,4582,0,0,0,I,HV,1,0,0,1
current,0.66,0.67,4583,0,0,0,I,HV,1,0,0,1
current,0.66,0.67,4584,0,1,1,V+1,HV,1,0,1,1
current,0.66,0.67,4585,0,1,1,V+1,HV,1,0,1,1
current,0.66,0.67,4586,0,0,0,I,HV,1,0,0,1
current,0.66,0.67,4587,0,0,0,I,HV,1,0,0,1
current,0.66,0.67,4588,0,0,0,I,HV,1,0,0,1
current,0.66,0.67,4589,0,0,0,I,HV,1,0,0,1
current,0.66,0.67,4590,0,0,0,I,HV,1,0,0,1
current,0.66,0.67,4591,0,0,0,I,HV,1,0,0,1
current,0.66,0.67,4592,0,0,0,I,HV,1,0,0,1
current,0.66,0.67,4593,0,0,0,I,HV,1,0,0,1
current,0.66,0.67,4594,0,0,0,I,HV,1,0,0,1
current,0.66,0.67,4595,0,0,0,I,HV,1,0,0,1
current,0.66,0.67,4596,0,0,0,I,HV,1,0,0,1
current,0.66,0.67,4597,0,0,0,I,HV,1,0,0,1
current,0.66,0.67,4598,0,0,0,I,HV,1,0,0,1
current,0.66,0.67,4599,0,0,0,I,HV,1,0,0,1
current,0.66,0.67,4600,0,-1,1,V-1,HV,1,0,-1,1
current,0.66,0.67,4601,0,-1,1,V-1,HV,1,0,-1,1
current,0.66,0.67,4602,0,0,0,I,HV,1,0,0,1
current,0.66,0.67,4603,0,0,0,I,HV,1,0,0,1
current,0.66,0.67,4604,0,0,0,I,HV,1,0,0,1
current,0.66,0.67,4605,0,0,0,I,HV,1,0,0,1
current,0.66,0.67,4606,0,0,0,I,HV,1,0,0,1
current,0.66,0.67,4607,0,0,0,I,HV,1,0,0,1
current,0.66,0.67,4608,0,0,0,I,HV,1,0,0,1
current,0.66,0.67,4609,0,0,0,I,HV,1,0,0,1
current,0.66,0.67,4610,0,0,0,I,HV,1,0,0,1
current,0.66,0.67,4611,0,0,0,I,HV,1,0,0,1
current,0.66,0.67,4612,0,0,0,I,HV,1,0,0,1
current,0.66,0.67,4613,0,0,0,I,HV,1,0,0,1
current,0.66,0.67,4614,0,0,0,I,HV,1,0,0,1
current,0.66,0.67,4615,0,0,0,I,HV,1,0,0,1
current,0.66,0.67,4616,0,0,0,I,HV,1,0,0,1
current,0.66,0.67,4617,0,0,0,I,HV,1,0,0,1
current,0.66,0.67,4618,0,0,0,I,HV,1,0,0,1
current,0.66,0.67,4619,0,1,1,V+1,HV,1,0,1,1
current,0.66,0.67,4620,0,0,0,I,HV,1,0,0,1
current,0.66,0.67,4621,0,0,0,I,HV,1,0,0,1
current,0.66,0.67,4622,0,0,0,I,HV,1,0,0,1
current,0.66,0.67,4623,0,0,0,I,HV,1,0,0,1
current,0.66,0.67,4624,0,0,0,I,HV,1,0,0,1
current,0.66,0.67,4625,0,0,0,I,HV,1,0,0,1
current,0.66,0.67,4626,0,0,0,I,HV,1,0,0,1
current,0.66,0.67,4627,0,0,0,I,HV,1,0,0,1
current,0.66,0.67,4628,0,0,0,I,HV,1,0,0,1
current,0.66,0.67,4629,0,0,0,I,HV,1,0,0,1
current,0.66,0.67,4630,0,0,0,I,HV,1,0,0,1
current,0.66,0.67,4631,0,0,0,I,HV,1,0,0,1
current,0.66,0.67,4632,0,0,0,I,HV,1,0,0,1
current,0.66,0.67,4633,0,0,0,I,HV,1,0,0,1
current,0.66,0.67,4634,0,0,0,I,HV,1,0,0,1
current,0.66,0.67,4635,0,0,0,I,HV,1,0,0,1
current,0.66,0.67,4636,0,0,0,I,HV,1,0,0,1
current,0.66,0.67,4637,0,0,0,I,HV,1,0,0,1
current,0.66,0.67,4638,0,0,0,I,HV,1,0,0,1
current,0.66,0.67,4639,0,0,0,I,HV,1,0,0,1
current,0.66,0.67,4640,0,0,0,I,HV,1,0,0,1
current,0.66,0.67,4641,0,0,0,I,HV,1,0,0,1
current,0.66,0.67,4642,0,0,0,I,HV,1,0,0,1
current,0.66,0.67,4643,0,0,0,I,HV,1,0,0,1
current,0.66,0.67,4644,0,0,0,I,HV,1,0,0,1
current,0.66,0.67,4645,0,0,0,I,HV,1,0,0,1
current,0.66,0.67,4646,0,0,0,I,HV,1,0,0,1
current,0.66,0.67,4647,0,0,0,I,HV,1,0,0,1
current,0.66,0.67,4648,0,0,0,I,HV,1,0,0,1
current,0.66,0.67,4649,1,0,1,H+1,HV,1,1,0,1
current,0.66,0.67,4650,1,-1,2,H+1 V-1,HV,0,1,-1,1
current,0.66,0.67,4651,1,-1,2,H+1 V-1,HV,0,1,-1,1
current,0.66,0.67,4652,1,0,1,H+1,HV,1,1,0,1
current,0.66,0.67,4653,1,0,1,H+1,HV,1,1,0,1
current,0.66,0.67,4654,-1,0,1,H-1,HV,1,-1,0,1
current,0.66,0.67,4655,0,-1,1,V-1,HV,1,0,-1,1
current,0.66,0.67,4656,-2,0,2,H-1 H-1,HV,1,-2,0,1
current,0.66,0.67,4657,-1,0,1,H-1,HV,1,-1,0,1
current,0.66,0.67,4658,-1,0,1,H-1,HV,1,-1,0,1
current,0.66,0.67,4659,-1,0,1,H-1,HV,1,-1,0,1
current,0.66,0.67,4660,1,0,1,H+1,HV,1,1,0,1
current,0.66,0.67,4661,1,0,1,H+1,HV,1,1,0,1
current,0.66,0.67,4662,1,0,1,H+1,HV,1,1,0,1
current,0.66,0.67,4663,1,0,1,H+1,HV,1,1,0,1
current,0.66,0.67,4664,1,-1,2,H+1 V-1,HV,0,1,-1,1
current,0.66,0.67,4665,1,-1,2,H+1 V-1,HV,0,1,-1,1
current,0.66,0.67,4666,1,0,1,H+1,HV,1,1,0,1
current,0.66,0.67,4667,1,0,1,H+1,HV,1,1,0,1
current,0.66,0.67,4668,1,0,1,H+1,HV,1,1,0,1
current,0.66,0.67,4669,1,0,1,H+1,HV,1,1,0,1
current,0.66,0.67,4670,-1,0,1,H-1,HV,1,-1,0,1
current,0.66,0.67,4671,-1,0,1,H-1,HV,1,-1,0,1
current,0.66,0.67,4672,1,1,2,V+1 H+1,VH,1,1,1,2
current,0.66,0.67,4673,1,1,2,V+1 H+1,VH,1,1,1,2
current,0.66,0.67,4674,-1,0,1,H-1,HV,1,-1,0,1
current,0.66,0.67,4675,-1,0,1,H-1,HV,1,-1,0,1
current,0.66,0.67,4676,-1,0,1,H-1,HV,1,-1,0,1
current,0.66,0.67,4677,-1,0,1,H-1,HV,1,-1,0,1
current,0.66,0.67,4678,-1,0,1,H-1,HV,1,-1,0,1
current,0.66,0.67,4679,-1,0,1,H-1,HV,1,-1,0,1
current,0.66,0.67,4680,1,-1,2,H+1 V-1,HV,0,1,-1,1
current,0.66,0.67,4681,1,-1,2,H+1 V-1,HV,0,1,-1,1
current,0.66,0.67,4682,0,0,0,I,HV,1,0,0,1
current,0.66,0.67,4683,0,1,1,V+1,HV,1,0,1,1
current,0.66,0.67,4684,-1,0,1,H-1,HV,1,-1,0,1
current,0.66,0.67,4685,1,0,1,H+1,HV,1,1,0,1
current,0.66,0.67,4686,-1,-1,2,V-1 H-1,VH,1,-1,-1,2
current,0.66,0.67,4687,0,0,0,I,HV,1,0,0,1
current,0.66,0.67,4688,-1,0,1,H-1,HV,1,-1,0,1
current,0.66,0.67,4689,-2,0,2,H-1 H-1,HV,1,-2,0,1
current,0.66,0.67,4690,1,0,1,H+1,HV,1,1,0,1
current,0.66,0.67,4691,1,1,2,V+1 H+1,VH,1,1,1,2
current,0.66,0.67,4692,0,-1,1,V-1,HV,1,0,-1,1
current,0.66,0.67,4693,-1,0,1,H-1,HV,1,-1,0,1
current,0.66,0.67,4694,0,0,0,I,HV,1,0,0,1
current,0.66,0.67,4695,0,-1,1,V-1,HV,1,0,-1,1
current,0.66,0.67,4696,0,-1,1,V-1,HV,1,0,-1,1
current,0.66,0.67,4697,-1,0,1,H-1,HV,1,-1,0,1
current,0.66,0.67,4698,0,1,1,V+1,HV,1,0,1,1
current,0.66,0.67,4699,0,1,1,V+1,HV,1,0,1,1
current,0.66,0.67,4700,0,0,0,I,HV,1,0,0,1
current,0.66,0.67,4701,0,-1,1,V-1,HV,1,0,-1,1
current,0.66,0.67,4702,-1,2,3,V+1 V+1 H-1,VH,1,-1,2,-1
current,0.66,0.67,4703,0,1,3,H+1 V+1 H-1,longer_word,2,-1,1,0
current,0.66,0.67,4704,0,0,0,I,HV,1,0,0,1
current,0.66,0.67,4705,0,0,0,I,HV,1,0,0,1
current,0.66,0.67,4706,0,0,0,I,HV,1,0,0,1
current,0.66,0.67,4707,0,0,0,I,HV,1,0,0,1
current,0.66,0.67,4708,0,0,0,I,HV,1,0,0,1
current,0.66,0.67,4709,0,0,0,I,HV,1,0,0,1
current,0.66,0.67,4710,0,0,0,I,HV,1,0,0,1
current,0.66,0.67,4711,0,0,0,I,HV,1,0,0,1
current,0.66,0.67,4712,0,0,0,I,HV,1,0,0,1
current,0.66,0.67,4713,0,0,0,I,HV,1,0,0,1
current,0.66,0.67,4714,0,0,0,I,HV,1,0,0,1
current,0.66,0.67,4715,0,0,0,I,HV,1,0,0,1
current,0.66,0.67,4716,0,0,0,I,HV,1,0,0,1
current,0.66,0.67,4717,0,0,0,I,HV,1,0,0,1
current,0.66,0.67,4718,0,0,0,I,HV,1,0,0,1
current,0.66,0.67,4719,0,0,0,I,HV,1,0,0,1
current,0.66,0.67,4720,0,0,0,I,HV,1,0,0,1
current,0.66,0.67,4721,0,0,0,I,HV,1,0,0,1
current,0.66,0.67,4722,0,0,0,I,HV,1,0,0,1
current,0.66,0.67,4723,0,0,0,I,HV,1,0,0,1
current,0.66,0.67,4724,0,1,1,V+1,HV,1,0,1,1
current,0.66,0.67,4725,0,1,1,V+1,HV,1,0,1,1
current,0.66,0.67,4726,0,0,0,I,HV,1,0,0,1
current,0.66,0.67,4727,0,0,0,I,HV,1,0,0,1
current,0.66,0.67,4728,0,0,0,I,HV,1,0,0,1
current,0.66,0.67,4729,0,0,0,I,HV,1,0,0,1
current,0.66,0.67,4730,0,0,0,I,HV,1,0,0,1
current,0.66,0.67,4731,0,0,0,I,HV,1,0,0,1
current,0.66,0.67,4732,0,0,0,I,HV,1,0,0,1
current,0.66,0.67,4733,0,0,0,I,HV,1,0,0,1
current,0.66,0.67,4734,0,0,0,I,HV,1,0,0,1
current,0.66,0.67,4735,0,0,0,I,HV,1,0,0,1
current,0.66,0.67,4736,0,0,0,I,HV,1,0,0,1
current,0.66,0.67,4737,0,0,0,I,HV,1,0,0,1
current,0.66,0.67,4738,0,0,0,I,HV,1,0,0,1
current,0.66,0.67,4739,0,0,0,I,HV,1,0,0,1
current,0.66,0.67,4740,0,-1,1,V-1,HV,1,0,-1,1
current,0.66,0.67,4741,0,0,0,I,HV,1,0,0,1
current,0.66,0.67,4742,0,0,0,I,HV,1,0,0,1
current,0.66,0.67,4743,0,0,0,I,HV,1,0,0,1
current,0.66,0.67,4744,0,0,0,I,HV,1,0,0,1
current,0.66,0.67,4745,0,0,0,I,HV,1,0,0,1
current,0.66,0.67,4746,0,0,0,I,HV,1,0,0,1
current,0.66,0.67,4747,0,0,0,I,HV,1,0,0,1
current,0.66,0.67,4748,0,0,0,I,HV,1,0,0,1
current,0.66,0.67,4749,0,0,0,I,HV,1,0,0,1
current,0.66,0.67,4750,0,0,0,I,HV,1,0,0,1
current,0.66,0.67,4751,0,0,0,I,HV,1,0,0,1
current,0.66,0.67,4752,0,0,0,I,HV,1,0,0,1
current,0.66,0.67,4753,0,0,0,I,HV,1,0,0,1
current,0.66,0.67,4754,0,0,0,I,HV,1,0,0,1
current,0.66,0.67,4755,0,0,0,I,HV,1,0,0,1
current,0.66,0.67,4756,0,0,0,I,HV,1,0,0,1
current,0.66,0.67,4757,0,0,0,I,HV,1,0,0,1
current,0.66,0.67,4758,0,1,1,V+1,HV,1,0,1,1
current,0.66,0.67,4759,0,1,1,V+1,HV,1,0,1,1
current,0.66,0.67,4760,0,0,0,I,HV,1,0,0,1
current,0.66,0.67,4761,0,0,0,I,HV,1,0,0,1
current,0.66,0.67,4762,0,0,0,I,HV,1,0,0,1
current,0.66,0.67,4763,0,0,0,I,HV,1,0,0,1
current,0.66,0.67,4764,0,0,0,I,HV,1,0,0,1
current,0.66,0.67,4765,0,0,0,I,HV,1,0,0,1
current,0.66,0.67,4766,0,0,0,I,HV,1,0,0,1
current,0.66,0.67,4767,0,0,0,I,HV,1,0,0,1
current,0.66,0.67,4768,0,0,0,I,HV,1,0,0,1
current,0.66,0.67,4769,0,0,0,I,HV,1,0,0,1
current,0.66,0.67,4770,0,0,0,I,HV,1,0,0,1
current,0.66,0.67,4771,0,0,0,I,HV,1,0,0,1
current,0.66,0.67,4772,0,0,0,I,HV,1,0,0,1
current,0.66,0.67,4773,0,0,0,I,HV,1,0,0,1
current,0.66,0.67,4774,0,0,0,I,HV,1,0,0,1
current,0.66,0.67,4775,0,0,0,I,HV,1,0,0,1
current,0.66,0.67,4776,0,0,0,I,HV,1,0,0,1
current,0.66,0.67,4777,0,0,0,I,HV,1,0,0,1
current,0.66,0.67,4778,1,0,1,H+1,HV,1,1,0,1
current,0.66,0.67,4779,0,0,0,I,HV,1,0,0,1
current,0.66,0.67,4780,1,0,1,H+1,HV,1,1,0,1
current,0.66,0.67,4781,1,0,1,H+1,HV,1,1,0,1
current,0.66,0.67,4782,1,0,1,H+1,HV,1,1,0,1
current,0.66,0.67,4783,1,0,1,H+1,HV,1,1,0,1
current,0.66,0.67,4784,1,0,1,H+1,HV,1,1,0,1
current,0.66,0.67,4785,1,0,1,H+1,HV,1,1,0,1
current,0.66,0.67,4786,1,0,1,H+1,HV,1,1,0,1
current,0.66,0.67,4787,1,0,1,H+1,HV,1,1,0,1
current,0.66,0.67,4788,1,0,1,H+1,HV,1,1,0,1
current,0.66,0.67,4789,1,-1,2,H+1 V-1,HV,0,1,-1,1
current,0.66,0.67,4790,1,-1,2,H+1 V-1,HV,0,1,-1,1
current,0.66,0.67,4791,0,1,1,V+1,HV,1,0,1,1
current,0.66,0.67,4792,1,0,1,H+1,HV,1,1,0,1
current,0.66,0.67,4793,-1,0,1,H-1,HV,1,-1,0,1
current,0.66,0.67,4794,0,0,0,I,HV,1,0,0,1
current,0.66,0.67,4795,-1,1,2,V+1 H-1,VH,1,-1,1,0
current,0.66,0.67,4796,-1,0,1,H-1,HV,1,-1,0,1
current,0.66,0.67,4797,0,1,1,V+1,HV,1,0,1,1
current,0.66,0.67,4798,0,1,1,V+1,HV,1,0,1,1
current,0.66,0.67,4799,1,0,1,H+1,HV,1,1,0,1
current,0.66,0.67,4800,1,0,1,H+1,HV,1,1,0,1
current,0.66,0.67,4801,1,0,1,H+1,HV,1,1,0,1
current,0.66,0.67,4802,1,0,1,H+1,HV,1,1,0,1
current,0.66,0.67,4803,1,-1,2,H+1 V-1,HV,0,1,-1,1
current,0.66,0.67,4804,1,-1,2,H+1 V-1,HV,0,1,-1,1
current,0.66,0.67,4805,1,0,1,H+1,HV,1,1,0,1
current,0.66,0.67,4806,1,0,1,H+1,HV,1,1,0,1
current,0.66,0.67,4807,1,0,1,H+1,HV,1,1,0,1
current,0.66,0.67,4808,1,1,2,V+1 H+1,VH,1,1,1,2
current,0.66,0.67,4809,-1,1,2,V+1 H-1,VH,1,-1,1,0
current,0.66,0.67,4810,-1,1,2,V+1 H-1,VH,1,-1,1,0
current,0.66,0.67,4811,1,0,1,H+1,HV,1,1,0,1
current,0.66,0.67,4812,1,0,1,H+1,HV,1,1,0,1
current,0.66,0.67,4813,-1,0,1,H-1,HV,1,-1,0,1
current,0.66,0.67,4814,-1,0,1,H-1,HV,1,-1,0,1
current,0.66,0.67,4815,-1,0,1,H-1,HV,1,-1,0,1
current,0.66,0.67,4816,-1,0,1,H-1,HV,1,-1,0,1
current,0.66,0.67,4817,-1,0,1,H-1,HV,1,-1,0,1
current,0.66,0.67,4818,-1,0,1,H-1,HV,1,-1,0,1
current,0.66,0.67,4819,1,-1,2,H+1 V-1,HV,0,1,-1,1
current,0.66,0.67,4820,1,-1,2,H+1 V-1,HV,0,1,-1,1
current,0.66,0.67,4821,1,0,1,H+1,HV,1,1,0,1
current,0.66,0.67,4822,0,1,1,V+1,HV,1,0,1,1
current,0.66,0.67,4823,0,1,1,V+1,HV,1,0,1,1
current,0.66,0.67,4824,0,1,1,V+1,HV,1,0,1,1
current,0.66,0.67,4825,-1,0,1,H-1,HV,1,-1,0,1
current,0.66,0.67,4826,0,0,0,I,HV,1,0,0,1
current,0.66,0.67,4827,0,0,0,I,HV,1,0,0,1
current,0.66,0.67,4828,0,0,0,I,HV,1,0,0,1
current,0.66,0.67,4829,0,1,1,V+1,HV,1,0,1,1
current,0.66,0.67,4830,1,0,1,H+1,HV,1,1,0,1
current,0.66,0.67,4831,-1,0,1,H-1,HV,1,-1,0,1
current,0.66,0.67,4832,-1,0,1,H-1,HV,1,-1,0,1
current,0.66,0.67,4833,1,-1,2,H+1 V-1,HV,0,1,-1,1
current,0.66,0.67,4834,1,-1,2,H+1 V-1,HV,0,1,-1,1
current,0.66,0.67,4835,0,0,0,I,HV,1,0,0,1
current,0.66,0.67,4836,0,0,0,I,HV,1,0,0,1
current,0.66,0.67,4837,1,1,2,H+1 V+1,HV,2,1,1,1
current,0.66,0.67,4838,0,1,1,V+1,HV,1,0,1,1
current,0.66,0.67,4839,-1,0,1,H-1,HV,1,-1,0,1
current,0.66,0.67,4840,0,0,0,I,HV,1,0,0,1
current,0.66,0.67,4841,-1,2,3,V+1 V+1 H-1,VH,1,-1,2,-1
current,0.66,0.67,4842,-1,2,3,V+1 V+1 H-1,VH,1,-1,2,-1
current,0.66,0.67,4843,0,0,0,I,HV,1,0,0,1
current,0.66,0.67,4844,0,0,0,I,HV,1,0,0,1
current,0.66,0.67,4845,0,0,0,I,HV,1,0,0,1
current,0.66,0.67,4846,0,0,0,I,HV,1,0,0,1
current,0.66,0.67,4847,0,0,0,I,HV,1,0,0,1
current,0.66,0.67,4848,0,0,0,I,HV,1,0,0,1
current,0.66,0.67,4849,0,0,0,I,HV,1,0,0,1
current,0.66,0.67,4850,0,0,0,I,HV,1,0,0,1
current,0.66,0.67,4851,0,0,0,I,HV,1,0,0,1
current,0.66,0.67,4852,0,0,0,I,HV,1,0,0,1
current,0.66,0.67,4853,0,0,0,I,HV,1,0,0,1
current,0.66,0.67,4854,0,0,0,I,HV,1,0,0,1
current,0.66,0.67,4855,0,0,0,I,HV,1,0,0,1
current,0.66,0.67,4856,0,0,0,I,HV,1,0,0,1
current,0.66,0.67,4857,0,0,0,I,HV,1,0,0,1
current,0.66,0.67,4858,0,0,0,I,HV,1,0,0,1
current,0.66,0.67,4859,0,0,0,I,HV,1,0,0,1
current,0.66,0.67,4860,0,0,0,I,HV,1,0,0,1
current,0.66,0.67,4861,0,0,0,I,HV,1,0,0,1
current,0.66,0.67,4862,0,0,0,I,HV,1,0,0,1
current,0.66,0.67,4863,0,1,1,V+1,HV,1,0,1,1
current,0.66,0.67,4864,0,1,1,V+1,HV,1,0,1,1
current,0.66,0.67,4865,0,0,0,I,HV,1,0,0,1
current,0.66,0.67,4866,0,0,0,I,HV,1,0,0,1
current,0.66,0.67,4867,0,0,0,I,HV,1,0,0,1
current,0.66,0.67,4868,0,0,0,I,HV,1,0,0,1
current,0.66,0.67,4869,0,0,0,I,HV,1,0,0,1
current,0.66,0.67,4870,0,0,0,I,HV,1,0,0,1
current,0.66,0.67,4871,0,0,0,I,HV,1,0,0,1
current,0.66,0.67,4872,0,0,0,I,HV,1,0,0,1
current,0.66,0.67,4873,0,0,0,I,HV,1,0,0,1
current,0.66,0.67,4874,0,0,0,I,HV,1,0,0,1
current,0.66,0.67,4875,0,0,0,I,HV,1,0,0,1
current,0.66,0.67,4876,0,0,0,I,HV,1,0,0,1
current,0.66,0.67,4877,0,0,0,I,HV,1,0,0,1
current,0.66,0.67,4878,0,0,0,I,HV,1,0,0,1
current,0.66,0.67,4879,-1,1,2,V+1 H-1,VH,1,-1,1,0
current,0.66,0.67,4880,-1,1,2,V+1 H-1,VH,1,-1,1,0
current,0.66,0.67,4881,0,0,0,I,HV,1,0,0,1
current,0.66,0.67,4882,0,0,0,I,HV,1,0,0,1
current,0.66,0.67,4883,0,0,0,I,HV,1,0,0,1
current,0.66,0.67,4884,0,0,0,I,HV,1,0,0,1
current,0.66,0.67,4885,0,0,0,I,HV,1,0,0,1
current,0.66,0.67,4886,0,0,0,I,HV,1,0,0,1
current,0.66,0.67,4887,0,0,0,I,HV,1,0,0,1
current,0.66,0.67,4888,0,0,0,I,HV,1,0,0,1
current,0.66,0.67,4889,0,0,0,I,HV,1,0,0,1
current,0.66,0.67,4890,0,0,0,I,HV,1,0,0,1
current,0.66,0.67,4891,0,0,0,I,HV,1,0,0,1
current,0.66,0.67,4892,0,0,0,I,HV,1,0,0,1
current,0.66,0.67,4893,0,0,0,I,HV,1,0,0,1
current,0.66,0.67,4894,0,0,0,I,HV,1,0,0,1
current,0.66,0.67,4895,0,0,0,I,HV,1,0,0,1
current,0.66,0.67,4896,0,0,0,I,HV,1,0,0,1
current,0.66,0.67,4897,0,0,0,I,HV,1,0,0,1
current,0.66,0.67,4898,0,1,1,V+1,HV,1,0,1,1
current,0.66,0.67,4899,0,1,1,V+1,HV,1,0,1,1
current,0.66,0.67,4900,0,0,0,I,HV,1,0,0,1
current,0.66,0.67,4901,0,0,0,I,HV,1,0,0,1
current,0.66,0.67,4902,0,0,0,I,HV,1,0,0,1
current,0.66,0.67,4903,0,0,0,I,HV,1,0,0,1
current,0.66,0.67,4904,0,0,0,I,HV,1,0,0,1
current,0.66,0.67,4905,0,0,0,I,HV,1,0,0,1
current,0.66,0.67,4906,0,0,0,I,HV,1,0,0,1
current,0.66,0.67,4907,0,0,0,I,HV,1,0,0,1
current,0.66,0.67,4908,0,0,0,I,HV,1,0,0,1
current,0.66,0.67,4909,0,0,0,I,HV,1,0,0,1
current,0.66,0.67,4910,0,0,0,I,HV,1,0,0,1
current,0.66,0.67,4911,0,0,0,I,HV,1,0,0,1
current,0.66,0.67,4912,0,-1,1,V-1,HV,1,0,-1,1
current,0.66,0.67,4913,0,0,0,I,HV,1,0,0,1
current,0.66,0.67,4914,-1,0,1,H-1,HV,1,-1,0,1
current,0.66,0.67,4915,0,0,0,I,HV,1,0,0,1
current,0.66,0.67,4916,-1,0,1,H-1,HV,1,-1,0,1
current,0.66,0.67,4917,0,-1,1,V-1,HV,1,0,-1,1
current,0.66,0.67,4918,0,0,0,I,HV,1,0,0,1
current,0.66,0.67,4919,0,0,0,I,HV,1,0,0,1
current,0.66,0.67,4920,0,0,0,I,HV,1,0,0,1
current,0.66,0.67,4921,1,0,1,H+1,HV,1,1,0,1
current,0.66,0.67,4922,1,0,1,H+1,HV,1,1,0,1
current,0.66,0.67,4923,1,0,1,H+1,HV,1,1,0,1
current,0.66,0.67,4924,1,0,1,H+1,HV,1,1,0,1
current,0.66,0.67,4925,1,0,1,H+1,HV,1,1,0,1
current,0.66,0.67,4926,1,0,1,H+1,HV,1,1,0,1
current,0.66,0.67,4927,1,0,1,H+1,HV,1,1,0,1
current,0.66,0.67,4928,1,0,1,H+1,HV,1,1,0,1
current,0.66,0.67,4929,0,0,0,I,HV,1,0,0,1
current,0.66,0.67,4930,1,0,1,H+1,HV,1,1,0,1
current,0.66,0.67,4931,0,1,1,V+1,HV,1,0,1,1
current,0.66,0.67,4932,-1,0,1,H-1,HV,1,-1,0,1
current,0.66,0.67,4933,-1,0,1,H-1,HV,1,-1,0,1
current,0.66,0.67,4934,1,0,1,H+1,HV,1,1,0,1
current,0.66,0.67,4935,1,0,1,H+1,HV,1,1,0,1
current,0.66,0.67,4936,-1,0,1,H-1,HV,1,-1,0,1
current,0.66,0.67,4937,-1,0,1,H-1,HV,1,-1,0,1
current,0.66,0.67,4938,1,0,1,H+1,HV,1,1,0,1
current,0.66,0.67,4939,1,0,1,H+1,HV,1,1,0,1
current,0.66,0.67,4940,1,0,1,H+1,HV,1,1,0,1
current,0.66,0.67,4941,1,0,1,H+1,HV,1,1,0,1
current,0.66,0.67,4942,1,-1,2,H+1 V-1,HV,0,1,-1,1
current,0.66,0.67,4943,1,-1,2,H+1 V-1,HV,0,1,-1,1
current,0.66,0.67,4944,1,0,1,H+1,HV,1,1,0,1
current,0.66,0.67,4945,1,1,2,V+1 H+1,VH,1,1,1,2
current,0.66,0.67,4946,1,1,2,V+1 H+1,VH,1,1,1,2
current,0.66,0.67,4947,1,0,1,H+1,HV,1,1,0,1
current,0.66,0.67,4948,-1,0,1,H-1,HV,1,-1,0,1
current,0.66,0.67,4949,-1,0,1,H-1,HV,1,-1,0,1
current,0.66,0.67,4950,1,0,1,H+1,HV,1,1,0,1
current,0.66,0.67,4951,1,0,1,H+1,HV,1,1,0,1
current,0.66,0.67,4952,-1,0,1,H-1,HV,1,-1,0,1
current,0.66,0.67,4953,-1,0,1,H-1,HV,1,-1,0,1
current,0.66,0.67,4954,-1,0,1,H-1,HV,1,-1,0,1
current,0.66,0.67,4955,-1,0,1,H-1,HV,1,-1,0,1
current,0.66,0.67,4956,-1,0,1,H-1,HV,1,-1,0,1
current,0.66,0.67,4957,-1,0,1,H-1,HV,1,-1,0,1
current,0.66,0.67,4958,1,-1,2,H+1 V-1,HV,0,1,-1,1
current,0.66,0.67,4959,1,-1,2,H+1 V-1,HV,0,1,-1,1
current,0.66,0.67,4960,1,0,1,H+1,HV,1,1,0,1
current,0.66,0.67,4961,1,0,1,H+1,HV,1,1,0,1
current,0.66,0.67,4962,1,0,1,H+1,HV,1,1,0,1
current,0.66,0.67,4963,1,1,2,V+1 H+1,VH,1,1,1,2
current,0.66,0.67,4964,-2,0,2,H-1 H-1,HV,1,-2,0,1
current,0.66,0.67,4965,-2,0,2,H-1 H-1,HV,1,-2,0,1
current,0.66,0.67,4966,-3,0,3,H-1 H-1 H-1,HV,1,-3,0,1
current,0.66,0.67,4967,-1,0,1,H-1,HV,1,-1,0,1
current,0.66,0.67,4968,1,0,1,H+1,HV,1,1,0,1
current,0.66,0.67,4969,1,0,1,H+1,HV,1,1,0,1
current,0.66,0.67,4970,-1,0,1,H-1,HV,1,-1,0,1
current,0.66,0.67,4971,-1,0,1,H-1,HV,1,-1,0,1
current,0.66,0.67,4972,1,-1,2,H+1 V-1,HV,0,1,-1,1
current,0.66,0.67,4973,0,0,0,I,HV,1,0,0,1
current,0.66,0.67,4974,-1,-2,3,V-1 V-1 H-1,VH,1,-1,-2,3
current,0.66,0.67,4975,-1,0,1,H-1,HV,1,-1,0,1
current,0.66,0.67,4976,0,1,1,V+1,HV,1,0,1,1
current,0.66,0.67,4977,1,0,1,H+1,HV,1,1,0,1
current,0.66,0.67,4978,0,-1,1,V-1,HV,1,0,-1,1
current,0.66,0.67,4979,-1,0,1,H-1,HV,1,-1,0,1
current,0.66,0.67,4980,-1,1,2,V+1 H-1,VH,1,-1,1,0
current,0.66,0.67,4981,-1,1,2,V+1 H-1,VH,1,-1,1,0
current,0.66,0.67,4982,0,0,0,I,HV,1,0,0,1
current,0.66,0.67,4983,0,0,0,I,HV,1,0,0,1
current,0.66,0.67,4984,0,0,0,I,HV,1,0,0,1
current,0.66,0.67,4985,0,0,0,I,HV,1,0,0,1
current,0.66,0.67,4986,0,0,0,I,HV,1,0,0,1
current,0.66,0.67,4987,0,0,0,I,HV,1,0,0,1
current,0.66,0.67,4988,0,0,0,I,HV,1,0,0,1
current,0.66,0.67,4989,0,0,0,I,HV,1,0,0,1
current,0.66,0.67,4990,0,0,0,I,HV,1,0,0,1
current,0.66,0.67,4991,0,0,0,I,HV,1,0,0,1
current,0.66,0.67,4992,0,0,0,I,HV,1,0,0,1
current,0.66,0.67,4993,0,0,0,I,HV,1,0,0,1
current,0.66,0.67,4994,0,0,0,I,HV,1,0,0,1
current,0.66,0.67,4995,0,0,0,I,HV,1,0,0,1
current,0.66,0.67,4996,0,0,0,I,HV,1,0,0,1
current,0.66,0.67,4997,0,0,0,I,HV,1,0,0,1
current,0.66,0.67,4998,0,0,0,I,HV,1,0,0,1
current,0.66,0.67,4999,0,0,0,I,HV,1,0,0,1
current,0.66,0.67,5000,0,0,0,I,HV,1,0,0,1
current,0.66,0.67,5001,0,0,0,I,HV,1,0,0,1
current,0.66,0.67,5002,0,1,1,V+1,HV,1,0,1,1
current,0.66,0.67,5003,0,1,1,V+1,HV,1,0,1,1
current,0.66,0.67,5004,0,0,0,I,HV,1,0,0,1
current,0.66,0.67,5005,0,0,0,I,HV,1,0,0,1
current,0.66,0.67,5006,0,0,0,I,HV,1,0,0,1
current,0.66,0.67,5007,0,0,0,I,HV,1,0,0,1
current,0.66,0.67,5008,0,0,0,I,HV,1,0,0,1
current,0.66,0.67,5009,0,0,0,I,HV,1,0,0,1
current,0.66,0.67,5010,0,0,0,I,HV,1,0,0,1
current,0.66,0.67,5011,0,0,0,I,HV,1,0,0,1
current,0.66,0.67,5012,0,0,0,I,HV,1,0,0,1
current,0.66,0.67,5013,0,0,0,I,HV,1,0,0,1
current,0.66,0.67,5014,0,0,0,I,HV,1,0,0,1
current,0.66,0.67,5015,0,0,0,I,HV,1,0,0,1
current,0.66,0.67,5016,0,0,0,I,HV,1,0,0,1
current,0.66,0.67,5017,0,0,0,I,HV,1,0,0,1
current,0.66,0.67,5018,0,-1,1,V-1,HV,1,0,-1,1
current,0.66,0.67,5019,0,-1,1,V-1,HV,1,0,-1,1
current,0.66,0.67,5020,0,0,0,I,HV,1,0,0,1
current,0.66,0.67,5021,0,0,0,I,HV,1,0,0,1
current,0.66,0.67,5022,0,0,0,I,HV,1,0,0,1
current,0.66,0.67,5023,0,0,0,I,HV,1,0,0,1
current,0.66,0.67,5024,0,0,0,I,HV,1,0,0,1
current,0.66,0.67,5025,0,0,0,I,HV,1,0,0,1
current,0.66,0.67,5026,0,0,0,I,HV,1,0,0,1
current,0.66,0.67,5027,0,0,0,I,HV,1,0,0,1
current,0.66,0.67,5028,0,0,0,I,HV,1,0,0,1
current,0.66,0.67,5029,0,0,0,I,HV,1,0,0,1
current,0.66,0.67,5030,0,0,0,I,HV,1,0,0,1
current,0.66,0.67,5031,0,0,0,I,HV,1,0,0,1
current,0.66,0.67,5032,0,0,0,I,HV,1,0,0,1
current,0.66,0.67,5033,0,0,0,I,HV,1,0,0,1
current,0.66,0.67,5034,0,0,0,I,HV,1,0,0,1
current,0.66,0.67,5035,0,0,0,I,HV,1,0,0,1
current,0.66,0.67,5036,0,0,0,I,HV,1,0,0,1
current,0.66,0.67,5037,0,0,0,I,HV,1,0,0,1
current,0.66,0.67,5038,0,1,1,V+1,HV,1,0,1,1
current,0.66,0.67,5039,0,1,1,V+1,HV,1,0,1,1
current,0.66,0.67,5040,0,0,0,I,HV,1,0,0,1
current,0.66,0.67,5041,0,0,0,I,HV,1,0,0,1
current,0.66,0.67,5042,0,0,0,I,HV,1,0,0,1
current,0.66,0.67,5043,0,0,0,I,HV,1,0,0,1
current,0.66,0.67,5044,0,0,0,I,HV,1,0,0,1
current,0.66,0.67,5045,0,0,0,I,HV,1,0,0,1
current,0.66,0.67,5046,0,0,0,I,HV,1,0,0,1
current,0.66,0.67,5047,0,0,0,I,HV,1,0,0,1
current,0.66,0.67,5048,0,0,0,I,HV,1,0,0,1
current,0.66,0.67,5049,0,0,0,I,HV,1,0,0,1
current,0.66,0.67,5050,0,0,0,I,HV,1,0,0,1
current,0.66,0.67,5051,0,0,0,I,HV,1,0,0,1
current,0.66,0.67,5052,0,0,0,I,HV,1,0,0,1
current,0.66,0.67,5053,0,0,0,I,HV,1,0,0,1
current,0.66,0.67,5054,1,0,1,H+1,HV,1,1,0,1
current,0.66,0.67,5055,0,1,1,V+1,HV,1,0,1,1
current,0.66,0.67,5056,-1,0,1,H-1,HV,1,-1,0,1
current,0.66,0.67,5057,1,0,1,H+1,HV,1,1,0,1
current,0.66,0.67,5058,1,0,1,H+1,HV,1,1,0,1
current,0.66,0.67,5059,1,0,1,H+1,HV,1,1,0,1
current,0.66,0.67,5060,1,0,1,H+1,HV,1,1,0,1
current,0.66,0.67,5061,1,0,1,H+1,HV,1,1,0,1
current,0.66,0.67,5062,1,0,1,H+1,HV,1,1,0,1
current,0.66,0.67,5063,1,0,1,H+1,HV,1,1,0,1
current,0.66,0.67,5064,1,0,1,H+1,HV,1,1,0,1
current,0.66,0.67,5065,1,0,1,H+1,HV,1,1,0,1
current,0.66,0.67,5066,1,0,1,H+1,HV,1,1,0,1
current,0.66,0.67,5067,1,0,1,H+1,HV,1,1,0,1
current,0.66,0.67,5068,1,-1,2,H+1 V-1,HV,0,1,-1,1
current,0.66,0.67,5069,1,-1,2,H+1 V-1,HV,0,1,-1,1
current,0.66,0.67,5070,1,0,1,H+1,HV,1,1,0,1
current,0.66,0.67,5071,1,0,1,H+1,HV,1,1,0,1
current,0.66,0.67,5072,-1,0,1,H-1,HV,1,-1,0,1
current,0.66,0.67,5073,-1,0,1,H-1,HV,1,-1,0,1
current,0.66,0.67,5074,1,0,1,H+1,HV,1,1,0,1
current,0.66,0.67,5075,1,0,1,H+1,HV,1,1,0,1
current,0.66,0.67,5076,-1,0,1,H-1,HV,1,-1,0,1
current,0.66,0.67,5077,-1,0,1,H-1,HV,1,-1,0,1
current,0.66,0.67,5078,1,0,1,H+1,HV,1,1,0,1
current,0.66,0.67,5079,1,0,1,H+1,HV,1,1,0,1
current,0.66,0.67,5080,1,0,1,H+1,HV,1,1,0,1
current,0.66,0.67,5081,1,0,1,H+1,HV,1,1,0,1
current,0.66,0.67,5082,1,-1,2,H+1 V-1,HV,0,1,-1,1
current,0.66,0.67,5083,0,-1,1,V-1,HV,1,0,-1,1
current,0.66,0.67,5084,1,1,2,V+1 H+1,VH,1,1,1,2
current,0.66,0.67,5085,1,0,1,H+1,HV,1,1,0,1
current,0.66,0.67,5086,1,0,1,H+1,HV,1,1,0,1
current,0.66,0.67,5087,1,0,1,H+1,HV,1,1,0,1
current,0.66,0.67,5088,-1,0,1,H-1,HV,1,-1,0,1
current,0.66,0.67,5089,-1,0,1,H-1,HV,1,-1,0,1
current,0.66,0.67,5090,1,0,1,H+1,HV,1,1,0,1
current,0.66,0.67,5091,1,0,1,H+1,HV,1,1,0,1
current,0.66,0.67,5092,-1,0,1,H-1,HV,1,-1,0,1
current,0.66,0.67,5093,-1,0,1,H-1,HV,1,-1,0,1
current,0.66,0.67,5094,-1,0,1,H-1,HV,1,-1,0,1
current,0.66,0.67,5095,-1,0,1,H-1,HV,1,-1,0,1
current,0.66,0.67,5096,-1,0,1,H-1,HV,1,-1,0,1
current,0.66,0.67,5097,-1,0,1,H-1,HV,1,-1,0,1
current,0.66,0.67,5098,1,-1,2,H+1 V-1,HV,0,1,-1,1
current,0.66,0.67,5099,1,-1,2,H+1 V-1,HV,0,1,-1,1
current,0.66,0.67,5100,1,0,1,H+1,HV,1,1,0,1
current,0.66,0.67,5101,1,0,1,H+1,HV,1,1,0,1
current,0.66,0.67,5102,1,0,1,H+1,HV,1,1,0,1
current,0.66,0.67,5103,1,0,1,H+1,HV,1,1,0,1
current,0.66,0.67,5104,-1,0,1,H-1,HV,1,-1,0,1
current,0.66,0.67,5105,-1,0,1,H-1,HV,1,-1,0,1
current,0.66,0.67,5106,-1,0,1,H-1,HV,1,-1,0,1
current,0.66,0.67,5107,-1,0,1,H-1,HV,1,-1,0,1
current,0.66,0.67,5108,1,0,1,H+1,HV,1,1,0,1
current,0.66,0.67,5109,0,1,1,V+1,HV,1,0,1,1
current,0.66,0.67,5110,0,0,0,I,HV,1,0,0,1
current,0.66,0.67,5111,0,0,0,I,HV,1,0,0,1
current,0.66,0.67,5112,1,-1,2,H+1 V-1,HV,0,1,-1,1
current,0.66,0.67,5113,0,0,0,I,HV,1,0,0,1
current,0.66,0.67,5114,0,0,0,I,HV,1,0,0,1
current,0.66,0.67,5115,-1,0,1,H-1,HV,1,-1,0,1
current,0.66,0.67,5116,0,1,1,V+1,HV,1,0,1,1
current,0.66,0.67,5117,1,0,1,H+1,HV,1,1,0,1
current,0.66,0.67,5118,0,0,0,I,HV,1,0,0,1
current,0.66,0.67,5119,0,0,0,I,HV,1,0,0,1
current,0.66,0.67,5120,-1,1,2,V+1 H-1,VH,1,-1,1,0
current,0.66,0.67,5121,-1,1,2,V+1 H-1,VH,1,-1,1,0
current,0.66,0.67,5122,0,0,0,I,HV,1,0,0,1
current,0.66,0.67,5123,0,0,0,I,HV,1,0,0,1
current,0.66,0.67,5124,0,0,0,I,HV,1,0,0,1
current,0.66,0.67,5125,0,0,0,I,HV,1,0,0,1
current,0.66,0.67,5126,0,0,0,I,HV,1,0,0,1
current,0.66,0.67,5127,0,0,0,I,HV,1,0,0,1
current,0.66,0.67,5128,0,0,0,I,HV,1,0,0,1
current,0.66,0.67,5129,0,0,0,I,HV,1,0,0,1
current,0.66,0.67,5130,0,0,0,I,HV,1,0,0,1
current,0.66,0.67,5131,0,0,0,I,HV,1,0,0,1
current,0.66,0.67,5132,0,0,0,I,HV,1,0,0,1
current,0.66,0.67,5133,0,0,0,I,HV,1,0,0,1
current,0.66,0.67,5134,0,0,0,I,HV,1,0,0,1
current,0.66,0.67,5135,0,0,0,I,HV,1,0,0,1
current,0.66,0.67,5136,0,0,0,I,HV,1,0,0,1
current,0.66,0.67,5137,0,0,0,I,HV,1,0,0,1
current,0.66,0.67,5138,0,0,0,I,HV,1,0,0,1
current,0.66,0.67,5139,0,0,0,I,HV,1,0,0,1
current,0.66,0.67,5140,0,0,0,I,HV,1,0,0,1
current,0.66,0.67,5141,0,0,0,I,HV,1,0,0,1
current,0.66,0.67,5142,0,1,1,V+1,HV,1,0,1,1
current,0.66,0.67,5143,0,1,1,V+1,HV,1,0,1,1
current,0.66,0.67,5144,0,0,0,I,HV,1,0,0,1
current,0.66,0.67,5145,0,0,0,I,HV,1,0,0,1
current,0.66,0.67,5146,0,0,0,I,HV,1,0,0,1
current,0.66,0.67,5147,0,0,0,I,HV,1,0,0,1
current,0.66,0.67,5148,0,0,0,I,HV,1,0,0,1
current,0.66,0.67,5149,0,0,0,I,HV,1,0,0,1
current,0.66,0.67,5150,0,0,0,I,HV,1,0,0,1
current,0.66,0.67,5151,0,0,0,I,HV,1,0,0,1
current,0.66,0.67,5152,0,0,0,I,HV,1,0,0,1
current,0.66,0.67,5153,0,0,0,I,HV,1,0,0,1
current,0.66,0.67,5154,0,0,0,I,HV,1,0,0,1
current,0.66,0.67,5155,0,0,0,I,HV,1,0,0,1
current,0.66,0.67,5156,0,0,0,I,HV,1,0,0,1
current,0.66,0.67,5157,0,0,0,I,HV,1,0,0,1
current,0.66,0.67,5158,0,-1,1,V-1,HV,1,0,-1,1
current,0.66,0.67,5159,0,-1,1,V-1,HV,1,0,-1,1
current,0.66,0.67,5160,0,0,0,I,HV,1,0,0,1
current,0.66,0.67,5161,0,0,0,I,HV,1,0,0,1
current,0.66,0.67,5162,0,0,0,I,HV,1,0,0,1
current,0.66,0.67,5163,0,0,0,I,HV,1,0,0,1
current,0.66,0.67,5164,0,0,0,I,HV,1,0,0,1
current,0.66,0.67,5165,0,0,0,I,HV,1,0,0,1
current,0.66,0.67,5166,0,0,0,I,HV,1,0,0,1
current,0.66,0.67,5167,0,0,0,I,HV,1,0,0,1
current,0.66,0.67,5168,0,0,0,I,HV,1,0,0,1
current,0.66,0.67,5169,0,0,0,I,HV,1,0,0,1
current,0.66,0.67,5170,0,0,0,I,HV,1,0,0,1
current,0.66,0.67,5171,0,0,0,I,HV,1,0,0,1
current,0.66,0.67,5172,0,0,0,I,HV,1,0,0,1
current,0.66,0.67,5173,0,0,0,I,HV,1,0,0,1
current,0.66,0.67,5174,0,0,0,I,HV,1,0,0,1
current,0.66,0.67,5175,0,0,0,I,HV,1,0,0,1
current,0.66,0.67,5176,0,0,0,I,HV,1,0,0,1
current,0.66,0.67,5177,0,0,0,I,HV,1,0,0,1
current,0.66,0.67,5178,0,1,1,V+1,HV,1,0,1,1
current,0.66,0.67,5179,0,1,1,V+1,HV,1,0,1,1
current,0.66,0.67,5180,0,0,0,I,HV,1,0,0,1
current,0.66,0.67,5181,0,0,0,I,HV,1,0,0,1
current,0.66,0.67,5182,0,0,0,I,HV,1,0,0,1
current,0.66,0.67,5183,0,0,0,I,HV,1,0,0,1
current,0.66,0.67,5184,0,0,0,I,HV,1,0,0,1
current,0.66,0.67,5185,0,0,0,I,HV,1,0,0,1
current,0.66,0.67,5186,0,0,0,I,HV,1,0,0,1
current,0.66,0.67,5187,0,0,0,I,HV,1,0,0,1
current,0.66,0.67,5188,0,0,0,I,HV,1,0,0,1
current,0.66,0.67,5189,0,0,0,I,HV,1,0,0,1
current,0.66,0.67,5190,-1,0,1,H-1,HV,1,-1,0,1
current,0.66,0.67,5191,0,1,1,V+1,HV,1,0,1,1
current,0.66,0.67,5192,1,0,1,H+1,HV,1,1,0,1
current,0.66,0.67,5193,1,0,1,H+1,HV,1,1,0,1
current,0.66,0.67,5194,-1,0,1,H-1,HV,1,-1,0,1
current,0.66,0.67,5195,-1,0,1,H-1,HV,1,-1,0,1
current,0.66,0.67,5196,1,0,1,H+1,HV,1,1,0,1
current,0.66,0.67,5197,1,0,1,H+1,HV,1,1,0,1
current,0.66,0.67,5198,1,0,1,H+1,HV,1,1,0,1
current,0.66,0.67,5199,1,0,1,H+1,HV,1,1,0,1
current,0.66,0.67,5200,1,0,1,H+1,HV,1,1,0,1
current,0.66,0.67,5201,1,0,1,H+1,HV,1,1,0,1
current,0.66,0.67,5202,0,0,0,I,HV,1,0,0,1
current,0.66,0.67,5203,1,0,1,H+1,HV,1,1,0,1
current,0.66,0.67,5204,1,0,1,H+1,HV,1,1,0,1
current,0.66,0.67,5205,0,0,0,I,HV,1,0,0,1
current,0.66,0.67,5206,0,1,1,V+1,HV,1,0,1,1
current,0.66,0.67,5207,1,1,2,H+1 V+1,HV,2,1,1,1
current,0.66,0.67,5208,0,-1,1,V-1,HV,1,0,-1,1
current,0.66,0.67,5209,1,-1,2,H+1 V-1,HV,0,1,-1,1
current,0.66,0.67,5210,0,0,0,I,HV,1,0,0,1
current,0.66,0.67,5211,1,0,1,H+1,HV,1,1,0,1
current,0.66,0.67,5212,-1,0,1,H-1,HV,1,-1,0,1
current,0.66,0.67,5213,-1,0,1,H-1,HV,1,-1,0,1
current,0.66,0.67,5214,1,0,1,H+1,HV,1,1,0,1
current,0.66,0.67,5215,1,0,1,H+1,HV,1,1,0,1
current,0.66,0.67,5216,-1,0,1,H-1,HV,1,-1,0,1
current,0.66,0.67,5217,-1,0,1,H-1,HV,1,-1,0,1
current,0.66,0.67,5218,1,0,1,H+1,HV,1,1,0,1
current,0.66,0.67,5219,1,0,1,H+1,HV,1,1,0,1
current,0.66,0.67,5220,1,0,1,H+1,HV,1,1,0,1
current,0.66,0.67,5221,1,1,2,V+1 H+1,VH,1,1,1,2
current,0.66,0.67,5222,0,-1,1,V-1,HV,1,0,-1,1
current,0.66,0.67,5223,1,-1,2,H+1 V-1,HV,0,1,-1,1
current,0.66,0.67,5224,1,0,1,H+1,HV,1,1,0,1
current,0.66,0.67,5225,1,0,1,H+1,HV,1,1,0,1
current,0.66,0.67,5226,1,0,1,H+1,HV,1,1,0,1
current,0.66,0.67,5227,1,0,1,H+1,HV,1,1,0,1
current,0.66,0.67,5228,-1,0,1,H-1,HV,1,-1,0,1
current,0.66,0.67,5229,-1,0,1,H-1,HV,1,-1,0,1
current,0.66,0.67,5230,1,0,1,H+1,HV,1,1,0,1
current,0.66,0.67,5231,1,0,1,H+1,HV,1,1,0,1
current,0.66,0.67,5232,-1,0,1,H-1,HV,1,-1,0,1
current,0.66,0.67,5233,-1,0,1,H-1,HV,1,-1,0,1
current,0.66,0.67,5234,-1,0,1,H-1,HV,1,-1,0,1
current,0.66,0.67,5235,-1,0,1,H-1,HV,1,-1,0,1
current,0.66,0.67,5236,-1,0,1,H-1,HV,1,-1,0,1
current,0.66,0.67,5237,-1,0,1,H-1,HV,1,-1,0,1
current,0.66,0.67,5238,1,-1,2,H+1 V-1,HV,0,1,-1,1
current,0.66,0.67,5239,1,-1,2,H+1 V-1,HV,0,1,-1,1
current,0.66,0.67,5240,1,0,1,H+1,HV,1,1,0,1
current,0.66,0.67,5241,1,1,2,V+1 H+1,VH,1,1,1,2
current,0.66,0.67,5242,1,1,2,V+1 H+1,VH,1,1,1,2
current,0.66,0.67,5243,1,0,1,H+1,HV,1,1,0,1
current,0.66,0.67,5244,-1,-1,2,V-1 H-1,VH,1,-1,-1,2
current,0.66,0.67,5245,-1,0,1,H-1,HV,1,-1,0,1
current,0.66,0.67,5246,-1,0,1,H-1,HV,1,-1,0,1
current,0.66,0.67,5247,-1,-1,2,V-1 H-1,VH,1,-1,-1,2
current,0.66,0.67,5248,0,0,0,I,HV,1,0,0,1
current,0.66,0.67,5249,1,0,1,H+1,HV,1,1,0,1
current,0.66,0.67,5250,-1,0,1,H-1,HV,1,-1,0,1
current,0.66,0.67,5251,-1,0,1,H-1,HV,1,-1,0,1
current,0.66,0.67,5252,0,0,0,I,HV,1,0,0,1
current,0.66,0.67,5253,0,0,0,I,HV,1,0,0,1
current,0.66,0.67,5254,0,0,0,I,HV,1,0,0,1
current,0.66,0.67,5255,-1,0,1,H-1,HV,1,-1,0,1
current,0.66,0.67,5256,0,1,1,V+1,HV,1,0,1,1
current,0.66,0.67,5257,0,1,1,V+1,HV,1,0,1,1
current,0.66,0.67,5258,0,0,0,I,HV,1,0,0,1
current,0.66,0.67,5259,0,0,0,I,HV,1,0,0,1
current,0.66,0.67,5260,-1,1,2,V+1 H-1,VH,1,-1,1,0
current,0.66,0.67,5261,-1,1,2,V+1 H-1,VH,1,-1,1,0
current,0.66,0.67,5262,0,0,0,I,HV,1,0,0,1
current,0.66,0.67,5263,0,0,0,I,HV,1,0,0,1
current,0.66,0.67,5264,0,0,0,I,HV,1,0,0,1
current,0.66,0.67,5265,0,0,0,I,HV,1,0,0,1
current,0.66,0.67,5266,0,0,0,I,HV,1,0,0,1
current,0.66,0.67,5267,0,0,0,I,HV,1,0,0,1
current,0.66,0.67,5268,0,0,0,I,HV,1,0,0,1
current,0.66,0.67,5269,0,0,0,I,HV,1,0,0,1
current,0.66,0.67,5270,0,0,0,I,HV,1,0,0,1
current,0.66,0.67,5271,0,0,0,I,HV,1,0,0,1
current,0.66,0.67,5272,0,0,0,I,HV,1,0,0,1
current,0.66,0.67,5273,0,0,0,I,HV,1,0,0,1
current,0.66,0.67,5274,0,0,0,I,HV,1,0,0,1
current,0.66,0.67,5275,0,0,0,I,HV,1,0,0,1
current,0.66,0.67,5276,0,0,0,I,HV,1,0,0,1
current,0.66,0.67,5277,0,0,0,I,HV,1,0,0,1
current,0.66,0.67,5278,0,0,0,I,HV,1,0,0,1
current,0.66,0.67,5279,0,0,0,I,HV,1,0,0,1
current,0.66,0.67,5280,0,0,0,I,HV,1,0,0,1
current,0.66,0.67,5281,0,0,0,I,HV,1,0,0,1
current,0.66,0.67,5282,0,1,1,V+1,HV,1,0,1,1
current,0.66,0.67,5283,0,1,1,V+1,HV,1,0,1,1
current,0.66,0.67,5284,0,0,0,I,HV,1,0,0,1
current,0.66,0.67,5285,0,0,0,I,HV,1,0,0,1
current,0.66,0.67,5286,0,0,0,I,HV,1,0,0,1
current,0.66,0.67,5287,0,0,0,I,HV,1,0,0,1
current,0.66,0.67,5288,0,0,0,I,HV,1,0,0,1
current,0.66,0.67,5289,0,0,0,I,HV,1,0,0,1
current,0.66,0.67,5290,0,0,0,I,HV,1,0,0,1
current,0.66,0.67,5291,0,0,0,I,HV,1,0,0,1
current,0.66,0.67,5292,0,0,0,I,HV,1,0,0,1
current,0.66,0.67,5293,0,0,0,I,HV,1,0,0,1
current,0.66,0.67,5294,0,0,0,I,HV,1,0,0,1
current,0.66,0.67,5295,0,0,0,I,HV,1,0,0,1
current,0.66,0.67,5296,0,0,0,I,HV,1,0,0,1
current,0.66,0.67,5297,0,0,0,I,HV,1,0,0,1
current,0.66,0.67,5298,0,-1,1,V-1,HV,1,0,-1,1
current,0.66,0.67,5299,0,-1,1,V-1,HV,1,0,-1,1
current,0.66,0.67,5300,0,0,0,I,HV,1,0,0,1
current,0.66,0.67,5301,0,0,0,I,HV,1,0,0,1
current,0.66,0.67,5302,0,0,0,I,HV,1,0,0,1
current,0.66,0.67,5303,0,0,0,I,HV,1,0,0,1
current,0.66,0.67,5304,0,0,0,I,HV,1,0,0,1
current,0.66,0.67,5305,0,0,0,I,HV,1,0,0,1
current,0.66,0.67,5306,0,0,0,I,HV,1,0,0,1
current,0.66,0.67,5307,0,0,0,I,HV,1,0,0,1
current,0.66,0.67,5308,0,0,0,I,HV,1,0,0,1
current,0.66,0.67,5309,0,0,0,I,HV,1,0,0,1
current,0.66,0.67,5310,0,0,0,I,HV,1,0,0,1
current,0.66,0.67,5311,0,0,0,I,HV,1,0,0,1
current,0.66,0.67,5312,0,0,0,I,HV,1,0,0,1
current,0.66,0.67,5313,0,0,0,I,HV,1,0,0,1
current,0.66,0.67,5314,0,0,0,I,HV,1,0,0,1
current,0.66,0.67,5315,0,0,0,I,HV,1,0,0,1
current,0.66,0.67,5316,0,0,0,I,HV,1,0,0,1
current,0.66,0.67,5317,0,0,0,I,HV,1,0,0,1
current,0.66,0.67,5318,0,1,1,V+1,HV,1,0,1,1
current,0.66,0.67,5319,0,0,0,I,HV,1,0,0,1
current,0.66,0.67,5320,0,0,0,I,HV,1,0,0,1
current,0.66,0.67,5321,0,0,0,I,HV,1,0,0,1
current,0.66,0.67,5322,0,0,0,I,HV,1,0,0,1
current,0.66,0.67,5323,0,0,0,I,HV,1,0,0,1
current,0.66,0.67,5324,0,0,0,I,HV,1,0,0,1
current,0.66,0.67,5325,0,0,0,I,HV,1,0,0,1
current,0.66,0.67,5326,0,0,0,I,HV,1,0,0,1
current,0.66,0.67,5327,0,0,0,I,HV,1,0,0,1
current,0.66,0.67,5328,0,0,0,I,HV,1,0,0,1
current,0.66,0.67,5329,0,0,0,I,HV,1,0,0,1
current,0.66,0.67,5330,-1,0,1,H-1,HV,1,-1,0,1
current,0.66,0.67,5331,-1,0,1,H-1,HV,1,-1,0,1
current,0.66,0.67,5332,1,0,1,H+1,HV,1,1,0,1
current,0.66,0.67,5333,2,1,3,V+1 H+1 H+1,VH,1,2,1,3
current,0.66,0.67,5334,0,-1,1,V-1,HV,1,0,-1,1
current,0.66,0.67,5335,-1,0,1,H-1,HV,1,-1,0,1
current,0.66,0.67,5336,1,0,1,H+1,HV,1,1,0,1
current,0.66,0.67,5337,1,0,1,H+1,HV,1,1,0,1
current,0.66,0.67,5338,1,0,1,H+1,HV,1,1,0,1
current,0.66,0.67,5339,1,0,1,H+1,HV,1,1,0,1
current,0.66,0.67,5340,1,0,1,H+1,HV,1,1,0,1
current,0.66,0.67,5341,1,0,1,H+1,HV,1,1,0,1
current,0.66,0.67,5342,1,0,1,H+1,HV,1,1,0,1
current,0.66,0.67,5343,1,0,1,H+1,HV,1,1,0,1
current,0.66,0.67,5344,1,0,1,H+1,HV,1,1,0,1
current,0.66,0.67,5345,0,1,1,V+1,HV,1,0,1,1
current,0.66,0.67,5346,0,1,1,V+1,HV,1,0,1,1
current,0.66,0.67,5347,1,0,1,H+1,HV,1,1,0,1
current,0.66,0.67,5348,1,-1,2,H+1 V-1,HV,0,1,-1,1
current,0.66,0.67,5349,0,0,0,I,HV,1,0,0,1
current,0.66,0.67,5350,0,-1,3,H+1 V-1 H-1,longer_word,0,1,-1,2
current,0.66,0.67,5351,0,-1,1,V-1,HV,1,0,-1,1
current,0.66,0.67,5352,-1,0,1,H-1,HV,1,-1,0,1
current,0.66,0.67,5353,-1,0,1,H-1,HV,1,-1,0,1
current,0.66,0.67,5354,1,0,1,H+1,HV,1,1,0,1
current,0.66,0.67,5355,1,0,1,H+1,HV,1,1,0,1
current,0.66,0.67,5356,-1,0,1,H-1,HV,1,-1,0,1
current,0.66,0.67,5357,-1,0,1,H-1,HV,1,-1,0,1
current,0.66,0.67,5358,1,0,1,H+1,HV,1,1,0,1
current,0.66,0.67,5359,1,0,1,H+1,HV,1,1,0,1
current,0.66,0.67,5360,1,0,1,H+1,HV,1,1,0,1
current,0.66,0.67,5361,1,0,1,H+1,HV,1,1,0,1
current,0.66,0.67,5362,1,-1,2,H+1 V-1,HV,0,1,-1,1
current,0.66,0.67,5363,1,-1,2,H+1 V-1,HV,0,1,-1,1
current,0.66,0.67,5364,1,0,1,H+1,HV,1,1,0,1
current,0.66,0.67,5365,1,0,1,H+1,HV,1,1,0,1
current,0.66,0.67,5366,1,0,1,H+1,HV,1,1,0,1
current,0.66,0.67,5367,1,0,1,H+1,HV,1,1,0,1
current,0.66,0.67,5368,-1,0,1,H-1,HV,1,-1,0,1
current,0.66,0.67,5369,-1,0,1,H-1,HV,1,-1,0,1
current,0.66,0.67,5370,1,0,1,H+1,HV,1,1,0,1
current,0.66,0.67,5371,0,0,0,I,HV,1,0,0,1
current,0.66,0.67,5372,0,-1,1,V-1,HV,1,0,-1,1
current,0.66,0.67,5373,-1,0,1,H-1,HV,1,-1,0,1
current,0.66,0.67,5374,-1,0,1,H-1,HV,1,-1,0,1
current,0.66,0.67,5375,-1,0,1,H-1,HV,1,-1,0,1
current,0.66,0.67,5376,-1,0,1,H-1,HV,1,-1,0,1
current,0.66,0.67,5377,-1,0,1,H-1,HV,1,-1,0,1
current,0.66,0.67,5378,1,-1,2,H+1 V-1,HV,0,1,-1,1
current,0.66,0.67,5379,0,-1,1,V-1,HV,1,0,-1,1
current,0.66,0.67,5380,1,1,2,V+1 H+1,VH,1,1,1,2
current,0.66,0.67,5381,1,0,1,H+1,HV,1,1,0,1
current,0.66,0.67,5382,1,0,1,H+1,HV,1,1,0,1
current,0.66,0.67,5383,1,0,1,H+1,HV,1,1,0,1
current,0.66,0.67,5384,-1,0,1,H-1,HV,1,-1,0,1
current,0.66,0.67,5385,-1,0,1,H-1,HV,1,-1,0,1
current,0.66,0.67,5386,-1,0,1,H-1,HV,1,-1,0,1
current,0.66,0.67,5387,0,0,0,I,HV,1,0,0,1
current,0.66,0.67,5388,0,0,0,I,HV,1,0,0,1
current,0.66,0.67,5389,2,0,2,H+1 H+1,HV,1,2,0,1
current,0.66,0.67,5390,0,0,0,I,HV,1,0,0,1
current,0.66,0.67,5391,0,0,0,I,HV,1,0,0,1
current,0.66,0.67,5392,0,0,0,I,HV,1,0,0,1
current,0.66,0.67,5393,0,0,0,I,HV,1,0,0,1
current,0.66,0.67,5394,0,0,0,I,HV,1,0,0,1
current,0.66,0.67,5395,-1,-1,2,V-1 H-1,VH,1,-1,-1,2
current,0.66,0.67,5396,0,1,1,V+1,HV,1,0,1,1
current,0.66,0.67,5397,0,1,1,V+1,HV,1,0,1,1
current,0.66,0.67,5398,0,0,0,I,HV,1,0,0,1
current,0.66,0.67,5399,0,0,0,I,HV,1,0,0,1
current,0.66,0.67,5400,0,2,4,H+1 V+1 V+1 H-1,longer_word,3,-2,2,-1
current,0.66,0.67,5401,-1,1,2,V+1 H-1,VH,1,-1,1,0
current,0.66,0.67,5402,0,0,0,I,HV,1,0,0,1
current,0.66,0.67,5403,0,0,0,I,HV,1,0,0,1
current,0.66,0.67,5404,0,0,0,I,HV,1,0,0,1
current,0.66,0.67,5405,0,0,0,I,HV,1,0,0,1
current,0.66,0.67,5406,0,0,0,I,HV,1,0,0,1
current,0.66,0.67,5407,0,0,0,I,HV,1,0,0,1
current,0.66,0.67,5408,0,0,0,I,HV,1,0,0,1
current,0.66,0.67,5409,0,0,0,I,HV,1,0,0,1
current,0.66,0.67,5410,0,0,0,I,HV,1,0,0,1
current,0.66,0.67,5411,0,0,0,I,HV,1,0,0,1
current,0.66,0.67,5412,0,0,0,I,HV,1,0,0,1
current,0.66,0.67,5413,0,0,0,I,HV,1,0,0,1
current,0.66,0.67,5414,0,0,0,I,HV,1,0,0,1
current,0.66,0.67,5415,0,0,0,I,HV,1,0,0,1
current,0.66,0.67,5416,0,0,0,I,HV,1,0,0,1
current,0.66,0.67,5417,0,0,0,I,HV,1,0,0,1
current,0.66,0.67,5418,0,0,0,I,HV,1,0,0,1
current,0.66,0.67,5419,0,0,0,I,HV,1,0,0,1
current,0.66,0.67,5420,0,0,0,I,HV,1,0,0,1
current,0.66,0.67,5421,0,0,0,I,HV,1,0,0,1
current,0.66,0.67,5422,0,1,1,V+1,HV,1,0,1,1
current,0.66,0.67,5423,0,1,1,V+1,HV,1,0,1,1
current,0.66,0.67,5424,0,0,0,I,HV,1,0,0,1
current,0.66,0.67,5425,0,0,0,I,HV,1,0,0,1
current,0.66,0.67,5426,0,0,0,I,HV,1,0,0,1
current,0.66,0.67,5427,0,0,0,I,HV,1,0,0,1
current,0.66,0.67,5428,0,0,0,I,HV,1,0,0,1
current,0.66,0.67,5429,0,0,0,I,HV,1,0,0,1
current,0.66,0.67,5430,0,0,0,I,HV,1,0,0,1
current,0.66,0.67,5431,0,0,0,I,HV,1,0,0,1
current,0.66,0.67,5432,0,0,0,I,HV,1,0,0,1
current,0.66,0.67,5433,0,0,0,I,HV,1,0,0,1
current,0.66,0.67,5434,0,0,0,I,HV,1,0,0,1
current,0.66,0.67,5435,0,0,0,I,HV,1,0,0,1
current,0.66,0.67,5436,0,0,0,I,HV,1,0,0,1
current,0.66,0.67,5437,0,0,0,I,HV,1,0,0,1
current,0.66,0.67,5438,0,-1,1,V-1,HV,1,0,-1,1
current,0.66,0.67,5439,0,-1,1,V-1,HV,1,0,-1,1
current,0.66,0.67,5440,0,0,0,I,HV,1,0,0,1
current,0.66,0.67,5441,0,0,0,I,HV,1,0,0,1
current,0.66,0.67,5442,0,0,0,I,HV,1,0,0,1
current,0.66,0.67,5443,0,0,0,I,HV,1,0,0,1
current,0.66,0.67,5444,0,0,0,I,HV,1,0,0,1
current,0.66,0.67,5445,0,0,0,I,HV,1,0,0,1
current,0.66,0.67,5446,0,0,0,I,HV,1,0,0,1
current,0.66,0.67,5447,0,0,0,I,HV,1,0,0,1
current,0.66,0.67,5448,0,0,0,I,HV,1,0,0,1
current,0.66,0.67,5449,0,0,0,I,HV,1,0,0,1
current,0.66,0.67,5450,0,0,0,I,HV,1,0,0,1
current,0.66,0.67,5451,0,0,0,I,HV,1,0,0,1
current,0.66,0.67,5452,0,0,0,I,HV,1,0,0,1
current,0.66,0.67,5453,0,0,0,I,HV,1,0,0,1
current,0.66,0.67,5454,0,0,0,I,HV,1,0,0,1
current,0.66,0.67,5455,0,0,0,I,HV,1,0,0,1
current,0.66,0.67,5456,0,0,0,I,HV,1,0,0,1
current,0.66,0.67,5457,0,1,1,V+1,HV,1,0,1,1
current,0.66,0.67,5458,0,1,1,V+1,HV,1,0,1,1
current,0.66,0.67,5459,0,0,0,I,HV,1,0,0,1
current,0.66,0.67,5460,0,0,0,I,HV,1,0,0,1
current,0.66,0.67,5461,0,0,0,I,HV,1,0,0,1
current,0.66,0.67,5462,0,0,0,I,HV,1,0,0,1
current,0.66,0.67,5463,0,0,0,I,HV,1,0,0,1
current,0.66,0.67,5464,0,0,0,I,HV,1,0,0,1
current,0.66,0.67,5465,0,0,0,I,HV,1,0,0,1
current,0.66,0.67,5466,0,0,0,I,HV,1,0,0,1
current,0.66,0.67,5467,0,0,0,I,HV,1,0,0,1
current,0.66,0.67,5468,1,0,1,H+1,HV,1,1,0,1
current,0.66,0.67,5469,1,0,1,H+1,HV,1,1,0,1
current,0.66,0.67,5470,-1,0,1,H-1,HV,1,-1,0,1
current,0.66,0.67,5471,-1,0,1,H-1,HV,1,-1,0,1
current,0.66,0.67,5472,1,0,1,H+1,HV,1,1,0,1
current,0.66,0.67,5473,1,0,1,H+1,HV,1,1,0,1
current,0.66,0.67,5474,-1,0,1,H-1,HV,1,-1,0,1
current,0.66,0.67,5475,-1,0,1,H-1,HV,1,-1,0,1
current,0.66,0.67,5476,1,0,1,H+1,HV,1,1,0,1
current,0.66,0.67,5477,1,0,1,H+1,HV,1,1,0,1
current,0.66,0.67,5478,1,0,1,H+1,HV,1,1,0,1
current,0.66,0.67,5479,1,0,1,H+1,HV,1,1,0,1
current,0.66,0.67,5480,1,0,1,H+1,HV,1,1,0,1
current,0.66,0.67,5481,1,0,1,H+1,HV,1,1,0,1
current,0.66,0.67,5482,0,1,1,V+1,HV,1,0,1,1
current,0.66,0.67,5483,0,1,1,V+1,HV,1,0,1,1
current,0.66,0.67,5484,1,0,1,H+1,HV,1,1,0,1
current,0.66,0.67,5485,1,0,1,H+1,HV,1,1,0,1
current,0.66,0.67,5486,0,0,0,I,HV,1,0,0,1
current,0.66,0.67,5487,3,-1,4,H+1 H+1 H+1 V-1,HV,-2,3,-1,1
current,0.66,0.67,5488,1,-1,2,H+1 V-1,HV,0,1,-1,1
current,0.66,0.67,5489,-1,0,1,H-1,HV,1,-1,0,1
current,0.66,0.67,5490,-1,1,2,V+1 H-1,VH,1,-1,1,0
current,0.66,0.67,5491,-1,1,2,V+1 H-1,VH,1,-1,1,0
current,0.66,0.67,5492,-1,0,1,H-1,HV,1,-1,0,1
current,0.66,0.67,5493,0,-1,1,V-1,HV,1,0,-1,1
current,0.66,0.67,5494,0,0,0,I,HV,1,0,0,1
current,0.66,0.67,5495,0,0,0,I,HV,1,0,0,1
current,0.66,0.67,5496,-1,0,1,H-1,HV,1,-1,0,1
current,0.66,0.67,5497,0,-1,1,V-1,HV,1,0,-1,1
current,0.66,0.67,5498,1,0,1,H+1,HV,1,1,0,1
current,0.66,0.67,5499,1,1,2,V+1 H+1,VH,1,1,1,2
current,0.66,0.67,5500,0,0,0,I,HV,1,0,0,1
current,0.66,0.67,5501,1,1,2,V+1 H+1,VH,1,1,1,2
current,0.66,0.67,5502,0,-1,1,V-1,HV,1,0,-1,1
current,0.66,0.67,5503,-1,1,2,V+1 H-1,VH,1,-1,1,0
current,0.66,0.67,5504,0,0,0,I,HV,1,0,0,1
current,0.66,0.67,5505,0,0,0,I,HV,1,0,0,1
current,0.66,0.67,5506,0,0,0,I,HV,1,0,0,1
current,0.66,0.67,5507,0,0,0,I,HV,1,0,0,1
current,0.66,0.67,5508,0,0,0,I,HV,1,0,0,1
current,0.66,0.67,5509,-2,0,2,H-1 H-1,HV,1,-2,0,1
current,0.66,0.67,5510,0,-1,3,H+1 V-1 H-1,longer_word,0,1,-1,2
current,0.66,0.67,5511,1,-1,2,H+1 V-1,HV,0,1,-1,1
current,0.66,0.67,5512,-1,0,1,H-1,HV,1,-1,0,1
current,0.66,0.67,5513,0,-1,1,V-1,HV,1,0,-1,1
current,0.66,0.67,5514,0,0,0,I,HV,1,0,0,1
current,0.66,0.67,5515,-2,0,2,H-1 H-1,HV,1,-2,0,1
current,0.66,0.67,5516,-1,-1,2,V-1 H-1,VH,1,-1,-1,2
current,0.66,0.67,5517,-1,-1,2,V-1 H-1,VH,1,-1,-1,2
current,0.66,0.67,5518,1,-1,2,H+1 V-1,HV,0,1,-1,1
current,0.66,0.67,5519,1,-1,2,H+1 V-1,HV,0,1,-1,1
current,0.66,0.67,5520,1,0,1,H+1,HV,1,1,0,1
current,0.66,0.67,5521,1,0,1,H+1,HV,1,1,0,1
current,0.66,0.67,5522,1,1,2,V+1 H+1,VH,1,1,1,2
current,0.66,0.67,5523,0,0,0,I,HV,1,0,0,1
current,0.66,0.67,5524,0,0,0,I,HV,1,0,0,1
current,0.66,0.67,5525,0,0,0,I,HV,1,0,0,1
current,0.66,0.67,5526,0,0,0,I,HV,1,0,0,1
current,0.66,0.67,5527,0,0,0,I,HV,1,0,0,1
current,0.66,0.67,5528,0,0,0,I,HV,1,0,0,1
current,0.66,0.67,5529,0,0,0,I,HV,1,0,0,1
current,0.66,0.67,5530,0,0,0,I,HV,1,0,0,1
current,0.66,0.67,5531,0,0,0,I,HV,1,0,0,1
current,0.66,0.67,5532,0,0,0,I,HV,1,0,0,1
current,0.66,0.67,5533,0,0,0,I,HV,1,0,0,1
current,0.66,0.67,5534,0,0,0,I,HV,1,0,0,1
current,0.66,0.67,5535,0,0,0,I,HV,1,0,0,1
current,0.66,0.67,5536,0,1,1,V+1,HV,1,0,1,1
current,0.66,0.67,5537,0,1,1,V+1,HV,1,0,1,1
current,0.66,0.67,5538,0,0,0,I,HV,1,0,0,1
current,0.66,0.67,5539,0,0,0,I,HV,1,0,0,1
current,0.66,0.67,5540,1,1,2,H+1 V+1,HV,2,1,1,1
current,0.66,0.67,5541,-1,2,3,V+1 V+1 H-1,VH,1,-1,2,-1
current,0.66,0.67,5542,0,0,0,I,HV,1,0,0,1
current,0.66,0.67,5543,0,0,0,I,HV,1,0,0,1
current,0.66,0.67,5544,0,0,0,I,HV,1,0,0,1
current,0.66,0.67,5545,0,0,0,I,HV,1,0,0,1
current,0.66,0.67,5546,0,0,0,I,HV,1,0,0,1
current,0.66,0.67,5547,0,0,0,I,HV,1,0,0,1
current,0.66,0.67,5548,0,0,0,I,HV,1,0,0,1
current,0.66,0.67,5549,0,0,0,I,HV,1,0,0,1
current,0.66,0.67,5550,0,0,0,I,HV,1,0,0,1
current,0.66,0.67,5551,0,0,0,I,HV,1,0,0,1
current,0.66,0.67,5552,0,0,0,I,HV,1,0,0,1
current,0.66,0.67,5553,0,0,0,I,HV,1,0,0,1
current,0.66,0.67,5554,0,0,0,I,HV,1,0,0,1
current,0.66,0.67,5555,0,0,0,I,HV,1,0,0,1
current,0.66,0.67,5556,0,0,0,I,HV,1,0,0,1
current,0.66,0.67,5557,0,0,0,I,HV,1,0,0,1
current,0.66,0.67,5558,0,0,0,I,HV,1,0,0,1
current,0.66,0.67,5559,0,0,0,I,HV,1,0,0,1
current,0.66,0.67,5560,0,0,0,I,HV,1,0,0,1
current,0.66,0.67,5561,0,0,0,I,HV,1,0,0,1
current,0.66,0.67,5562,0,1,1,V+1,HV,1,0,1,1
current,0.66,0.67,5563,0,1,1,V+1,HV,1,0,1,1
current,0.66,0.67,5564,0,0,0,I,HV,1,0,0,1
current,0.66,0.67,5565,0,0,0,I,HV,1,0,0,1
current,0.66,0.67,5566,0,0,0,I,HV,1,0,0,1
current,0.66,0.67,5567,0,0,0,I,HV,1,0,0,1
current,0.66,0.67,5568,0,0,0,I,HV,1,0,0,1
current,0.66,0.67,5569,0,0,0,I,HV,1,0,0,1
current,0.66,0.67,5570,0,0,0,I,HV,1,0,0,1
current,0.66,0.67,5571,0,0,0,I,HV,1,0,0,1
current,0.66,0.67,5572,0,0,0,I,HV,1,0,0,1
current,0.66,0.67,5573,0,0,0,I,HV,1,0,0,1
current,0.66,0.67,5574,0,0,0,I,HV,1,0,0,1
current,0.66,0.67,5575,0,0,0,I,HV,1,0,0,1
current,0.66,0.67,5576,0,0,0,I,HV,1,0,0,1
current,0.66,0.67,5577,0,0,0,I,HV,1,0,0,1
current,0.66,0.67,5578,0,-1,1,V-1,HV,1,0,-1,1
current,0.66,0.67,5579,0,-1,1,V-1,HV,1,0,-1,1
current,0.66,0.67,5580,0,0,0,I,HV,1,0,0,1
current,0.66,0.67,5581,0,0,0,I,HV,1,0,0,1
current,0.66,0.67,5582,0,0,0,I,HV,1,0,0,1
current,0.66,0.67,5583,0,0,0,I,HV,1,0,0,1
current,0.66,0.67,5584,0,0,0,I,HV,1,0,0,1
current,0.66,0.67,5585,0,0,0,I,HV,1,0,0,1
current,0.66,0.67,5586,0,0,0,I,HV,1,0,0,1
current,0.66,0.67,5587,0,0,0,I,HV,1,0,0,1
current,0.66,0.67,5588,0,0,0,I,HV,1,0,0,1
current,0.66,0.67,5589,0,0,0,I,HV,1,0,0,1
current,0.66,0.67,5590,0,0,0,I,HV,1,0,0,1
current,0.66,0.67,5591,0,0,0,I,HV,1,0,0,1
current,0.66,0.67,5592,0,0,0,I,HV,1,0,0,1
current,0.66,0.67,5593,0,0,0,I,HV,1,0,0,1
current,0.66,0.67,5594,0,0,0,I,HV,1,0,0,1
current,0.66,0.67,5595,0,0,0,I,HV,1,0,0,1
current,0.66,0.67,5596,0,1,1,V+1,HV,1,0,1,1
current,0.66,0.67,5597,0,1,1,V+1,HV,1,0,1,1
current,0.66,0.67,5598,0,0,0,I,HV,1,0,0,1
current,0.66,0.67,5599,0,0,0,I,HV,1,0,0,1
current,0.66,0.67,5600,0,0,0,I,HV,1,0,0,1
current,0.66,0.67,5601,0,0,0,I,HV,1,0,0,1
current,0.66,0.67,5602,0,0,0,I,HV,1,0,0,1
current,0.66,0.67,5603,0,0,0,I,HV,1,0,0,1
current,0.66,0.67,5604,0,0,0,I,HV,1,0,0,1
current,0.66,0.67,5605,0,0,0,I,HV,1,0,0,1
current,0.66,0.67,5606,1,-1,2,H+1 V-1,HV,0,1,-1,1
current,0.66,0.67,5607,0,0,0,I,HV,1,0,0,1
current,0.66,0.67,5608,1,0,1,H+1,HV,1,1,0,1
current,0.66,0.67,5609,-1,0,1,H-1,HV,1,-1,0,1
current,0.66,0.67,5610,-1,0,1,H-1,HV,1,-1,0,1
current,0.66,0.67,5611,1,0,1,H+1,HV,1,1,0,1
current,0.66,0.67,5612,1,0,1,H+1,HV,1,1,0,1
current,0.66,0.67,5613,-1,0,1,H-1,HV,1,-1,0,1
current,0.66,0.67,5614,-1,0,1,H-1,HV,1,-1,0,1
current,0.66,0.67,5615,1,0,1,H+1,HV,1,1,0,1
current,0.66,0.67,5616,1,0,1,H+1,HV,1,1,0,1
current,0.66,0.67,5617,1,0,1,H+1,HV,1,1,0,1
current,0.66,0.67,5618,1,0,1,H+1,HV,1,1,0,1
current,0.66,0.67,5619,1,0,1,H+1,HV,1,1,0,1
current,0.66,0.67,5620,1,0,1,H+1,HV,1,1,0,1
current,0.66,0.67,5621,0,-1,1,V-1,HV,1,0,-1,1
current,0.66,0.67,5622,0,-1,1,V-1,HV,1,0,-1,1
current,0.66,0.67,5623,0,0,0,I,HV,1,0,0,1
current,0.66,0.67,5624,0,0,0,I,HV,1,0,0,1
current,0.66,0.67,5625,0,0,0,I,HV,1,0,0,1
current,0.66,0.67,5626,-1,1,2,V+1 H-1,VH,1,-1,1,0
current,0.66,0.67,5627,1,1,2,H+1 V+1,HV,2,1,1,1
current,0.66,0.67,5628,-1,0,1,H-1,HV,1,-1,0,1
current,0.66,0.67,5629,1,-1,2,H+1 V-1,HV,0,1,-1,1
current,0.66,0.67,5630,0,-1,1,V-1,HV,1,0,-1,1
current,0.66,0.67,5631,-1,0,1,H-1,HV,1,-1,0,1
current,0.66,0.67,5632,0,0,0,I,HV,1,0,0,1
current,0.66,0.67,5633,1,0,1,H+1,HV,1,1,0,1
current,0.66,0.67,5634,1,0,1,H+1,HV,1,1,0,1
current,0.66,0.67,5635,-1,0,1,H-1,HV,1,-1,0,1
current,0.66,0.67,5636,-1,1,2,V+1 H-1,VH,1,-1,1,0
current,0.66,0.67,5637,0,1,1,V+1,HV,1,0,1,1
current,0.66,0.67,5638,0,1,1,V+1,HV,1,0,1,1
current,0.66,0.67,5639,0,0,0,I,HV,1,0,0,1
current,0.66,0.67,5640,1,0,1,H+1,HV,1,1,0,1
current,0.66,0.67,5641,1,-1,2,H+1 V-1,HV,0,1,-1,1
current,0.66,0.67,5642,-1,0,1,H-1,HV,1,-1,0,1
current,0.66,0.67,5643,1,0,1,H+1,HV,1,1,0,1
current,0.66,0.67,5644,1,0,1,H+1,HV,1,1,0,1
current,0.66,0.67,5645,1,0,1,H+1,HV,1,1,0,1
current,0.66,0.67,5646,1,0,1,H+1,HV,1,1,0,1
current,0.66,0.67,5647,1,0,1,H+1,HV,1,1,0,1
current,0.66,0.67,5648,1,0,1,H+1,HV,1,1,0,1
current,0.66,0.67,5649,1,-1,2,H+1 V-1,HV,0,1,-1,1
current,0.66,0.67,5650,1,-1,2,H+1 V-1,HV,0,1,-1,1
current,0.66,0.67,5651,-1,0,1,H-1,HV,1,-1,0,1
current,0.66,0.67,5652,-1,0,1,H-1,HV,1,-1,0,1
current,0.66,0.67,5653,1,0,1,H+1,HV,1,1,0,1
current,0.66,0.67,5654,1,0,1,H+1,HV,1,1,0,1
current,0.66,0.67,5655,-1,0,1,H-1,HV,1,-1,0,1
current,0.66,0.67,5656,-1,0,1,H-1,HV,1,-1,0,1
current,0.66,0.67,5657,0,-1,1,V-1,HV,1,0,-1,1
current,0.66,0.67,5658,1,-1,2,H+1 V-1,HV,0,1,-1,1
current,0.66,0.67,5659,1,0,1,H+1,HV,1,1,0,1
current,0.66,0.67,5660,2,0,2,H+1 H+1,HV,1,2,0,1
current,0.66,0.67,5661,0,0,0,I,HV,1,0,0,1
current,0.66,0.67,5662,2,0,2,H+1 H+1,HV,1,2,0,1
current,0.66,0.67,5663,0,0,0,I,HV,1,0,0,1
current,0.66,0.67,5664,0,0,0,I,HV,1,0,0,1
current,0.66,0.67,5665,0,0,0,I,HV,1,0,0,1
current,0.66,0.67,5666,0,0,0,I,HV,1,0,0,1
current,0.66,0.67,5667,0,0,0,I,HV,1,0,0,1
current,0.66,0.67,5668,0,0,0,I,HV,1,0,0,1
current,0.66,0.67,5669,0,0,0,I,HV,1,0,0,1
current,0.66,0.67,5670,0,0,0,I,HV,1,0,0,1
current,0.66,0.67,5671,0,0,0,I,HV,1,0,0,1
current,0.66,0.67,5672,0,0,0,I,HV,1,0,0,1
current,0.66,0.67,5673,0,0,0,I,HV,1,0,0,1
current,0.66,0.67,5674,0,0,0,I,HV,1,0,0,1
current,0.66,0.67,5675,0,1,1,V+1,HV,1,0,1,1
current,0.66,0.67,5676,0,1,1,V+1,HV,1,0,1,1
current,0.66,0.67,5677,0,0,0,I,HV,1,0,0,1
current,0.66,0.67,5678,0,0,0,I,HV,1,0,0,1
current,0.66,0.67,5679,1,1,2,H+1 V+1,HV,2,1,1,1
current,0.66,0.67,5680,0,1,1,V+1,HV,1,0,1,1
current,0.66,0.67,5681,0,0,0,I,HV,1,0,0,1
current,0.66,0.67,5682,0,0,0,I,HV,1,0,0,1
current,0.66,0.67,5683,0,0,0,I,HV,1,0,0,1
current,0.66,0.67,5684,0,0,0,I,HV,1,0,0,1
current,0.66,0.67,5685,0,0,0,I,HV,1,0,0,1
current,0.66,0.67,5686,0,0,0,I,HV,1,0,0,1
current,0.66,0.67,5687,0,0,0,I,HV,1,0,0,1
current,0.66,0.67,5688,0,0,0,I,HV,1,0,0,1
current,0.66,0.67,5689,0,0,0,I,HV,1,0,0,1
current,0.66,0.67,5690,0,0,0,I,HV,1,0,0,1
current,0.66,0.67,5691,0,0,0,I,HV,1,0,0,1
current,0.66,0.67,5692,0,0,0,I,HV,1,0,0,1
current,0.66,0.67,5693,0,0,0,I,HV,1,0,0,1
current,0.66,0.67,5694,0,0,0,I,HV,1,0,0,1
current,0.66,0.67,5695,0,0,0,I,HV,1,0,0,1
current,0.66,0.67,5696,0,0,0,I,HV,1,0,0,1
current,0.66,0.67,5697,0,0,0,I,HV,1,0,0,1
current,0.66,0.67,5698,0,0,0,I,HV,1,0,0,1
current,0.66,0.67,5699,0,0,0,I,HV,1,0,0,1
current,0.66,0.67,5700,0,0,0,I,HV,1,0,0,1
current,0.66,0.67,5701,0,1,1,V+1,HV,1,0,1,1
current,0.66,0.67,5702,0,1,1,V+1,HV,1,0,1,1
current,0.66,0.67,5703,0,0,0,I,HV,1,0,0,1
current,0.66,0.67,5704,0,0,0,I,HV,1,0,0,1
current,0.66,0.67,5705,0,0,0,I,HV,1,0,0,1
current,0.66,0.67,5706,0,0,0,I,HV,1,0,0,1
current,0.66,0.67,5707,0,0,0,I,HV,1,0,0,1
current,0.66,0.67,5708,0,0,0,I,HV,1,0,0,1
current,0.66,0.67,5709,0,0,0,I,HV,1,0,0,1
current,0.66,0.67,5710,0,0,0,I,HV,1,0,0,1
current,0.66,0.67,5711,0,0,0,I,HV,1,0,0,1
current,0.66,0.67,5712,0,0,0,I,HV,1,0,0,1
current,0.66,0.67,5713,0,0,0,I,HV,1,0,0,1
current,0.66,0.67,5714,0,0,0,I,HV,1,0,0,1
current,0.66,0.67,5715,0,0,0,I,HV,1,0,0,1
current,0.66,0.67,5716,0,0,0,I,HV,1,0,0,1
current,0.66,0.67,5717,-1,1,2,V+1 H-1,VH,1,-1,1,0
current,0.66,0.67,5718,-1,1,2,V+1 H-1,VH,1,-1,1,0
current,0.66,0.67,5719,0,0,0,I,HV,1,0,0,1
current,0.66,0.67,5720,0,0,0,I,HV,1,0,0,1
current,0.66,0.67,5721,0,0,0,I,HV,1,0,0,1
current,0.66,0.67,5722,0,0,0,I,HV,1,0,0,1
current,0.66,0.67,5723,0,0,0,I,HV,1,0,0,1
current,0.66,0.67,5724,0,0,0,I,HV,1,0,0,1
current,0.66,0.67,5725,0,0,0,I,HV,1,0,0,1
current,0.66,0.67,5726,0,0,0,I,HV,1,0,0,1
current,0.66,0.67,5727,0,0,0,I,HV,1,0,0,1
current,0.66,0.67,5728,0,0,0,I,HV,1,0,0,1
current,0.66,0.67,5729,0,0,0,I,HV,1,0,0,1
current,0.66,0.67,5730,0,0,0,I,HV,1,0,0,1
current,0.66,0.67,5731,0,0,0,I,HV,1,0,0,1
current,0.66,0.67,5732,0,0,0,I,HV,1,0,0,1
current,0.66,0.67,5733,0,0,0,I,HV,1,0,0,1
current,0.66,0.67,5734,0,0,0,I,HV,1,0,0,1
current,0.66,0.67,5735,0,0,0,I,HV,1,0,0,1
current,0.66,0.67,5736,0,1,1,V+1,HV,1,0,1,1
current,0.66,0.67,5737,0,1,1,V+1,HV,1,0,1,1
current,0.66,0.67,5738,0,0,0,I,HV,1,0,0,1
current,0.66,0.67,5739,0,0,0,I,HV,1,0,0,1
current,0.66,0.67,5740,0,0,0,I,HV,1,0,0,1
current,0.66,0.67,5741,0,0,0,I,HV,1,0,0,1
current,0.66,0.67,5742,0,0,0,I,HV,1,0,0,1
current,0.66,0.67,5743,0,0,0,I,HV,1,0,0,1
current,0.66,0.67,5744,0,0,0,I,HV,1,0,0,1
current,0.66,0.67,5745,1,-1,2,H+1 V-1,HV,0,1,-1,1
current,0.66,0.67,5746,1,-1,2,H+1 V-1,HV,0,1,-1,1
current,0.66,0.67,5747,1,0,1,H+1,HV,1,1,0,1
current,0.66,0.67,5748,1,0,1,H+1,HV,1,1,0,1
current,0.66,0.67,5749,1,-1,2,H+1 V-1,HV,0,1,-1,1
current,0.66,0.67,5750,1,0,1,H+1,HV,1,1,0,1
current,0.66,0.67,5751,1,0,1,H+1,HV,1,1,0,1
current,0.66,0.67,5752,-1,0,1,H-1,HV,1,-1,0,1
current,0.66,0.67,5753,-1,0,1,H-1,HV,1,-1,0,1
current,0.66,0.67,5754,1,0,1,H+1,HV,1,1,0,1
current,0.66,0.67,5755,1,0,1,H+1,HV,1,1,0,1
current,0.66,0.67,5756,1,0,1,H+1,HV,1,1,0,1
current,0.66,0.67,5757,0,0,0,I,HV,1,0,0,1
current,0.66,0.67,5758,0,0,0,I,HV,1,0,0,1
current,0.66,0.67,5759,0,0,0,I,HV,1,0,0,1
current,0.66,0.67,5760,0,-1,1,V-1,HV,1,0,-1,1
current,0.66,0.67,5761,1,-1,2,H+1 V-1,HV,0,1,-1,1
current,0.66,0.67,5762,0,0,0,I,HV,1,0,0,1
current,0.66,0.67,5763,0,0,0,I,HV,1,0,0,1
current,0.66,0.67,5764,0,1,1,V+1,HV,1,0,1,1
current,0.66,0.67,5765,0,0,0,I,HV,1,0,0,1
current,0.66,0.67,5766,0,-1,1,V-1,HV,1,0,-1,1
current,0.66,0.67,5767,0,0,0,I,HV,1,0,0,1
current,0.66,0.67,5768,1,-1,2,H+1 V-1,HV,0,1,-1,1
current,0.66,0.67,5769,1,-1,2,H+1 V-1,HV,0,1,-1,1
current,0.66,0.67,5770,-1,0,1,H-1,HV,1,-1,0,1
current,0.66,0.67,5771,-1,0,1,H-1,HV,1,-1,0,1
current,0.66,0.67,5772,0,0,0,I,HV,1,0,0,1
current,0.66,0.67,5773,-1,1,2,H-1 V+1,HV,0,-1,1,1
current,0.66,0.67,5774,0,-1,1,V-1,HV,1,0,-1,1
current,0.66,0.67,5775,0,-1,1,V-1,HV,1,0,-1,1
current,0.66,0.67,5776,1,1,2,V+1 H+1,VH,1,1,1,2
current,0.66,0.67,5777,1,0,1,H+1,HV,1,1,0,1
current,0.66,0.67,5778,1,0,1,H+1,HV,1,1,0,1
current,0.66,0.67,5779,0,0,0,I,HV,1,0,0,1
current,0.66,0.67,5780,0,-1,3,H+1 V-1 H-1,longer_word,0,1,-1,2
current,0.66,0.67,5781,0,-1,3,H+1 V-1 H-1,longer_word,0,1,-1,2
current,0.66,0.67,5782,0,0,0,I,HV,1,0,0,1
current,0.66,0.67,5783,0,0,0,I,HV,1,0,0,1
current,0.66,0.67,5784,0,0,0,I,HV,1,0,0,1
current,0.66,0.67,5785,0,0,0,I,HV,1,0,0,1
current,0.66,0.67,5786,0,0,0,I,HV,1,0,0,1
current,0.66,0.67,5787,0,0,0,I,HV,1,0,0,1
current,0.66,0.67,5788,0,-1,1,V-1,HV,1,0,-1,1
current,0.66,0.67,5789,0,-1,1,V-1,HV,1,0,-1,1
current,0.66,0.67,5790,0,-1,1,V-1,HV,1,0,-1,1
current,0.66,0.67,5791,-1,0,1,H-1,HV,1,-1,0,1
current,0.66,0.67,5792,1,0,1,H+1,HV,1,1,0,1
current,0.66,0.67,5793,1,0,1,H+1,HV,1,1,0,1
current,0.66,0.67,5794,0,-1,1,V-1,HV,1,0,-1,1
current,0.66,0.67,5795,-1,0,1,H-1,HV,1,-1,0,1
current,0.66,0.67,5796,0,0,0,I,HV,1,0,0,1
current,0.66,0.67,5797,1,-1,2,H+1 V-1,HV,0,1,-1,1
current,0.66,0.67,5798,0,0,0,I,HV,1,0,0,1
current,0.66,0.67,5799,2,0,2,H+1 H+1,HV,1,2,0,1
current,0.66,0.67,5800,0,0,0,I,HV,1,0,0,1
current,0.66,0.67,5801,0,0,0,I,HV,1,0,0,1
current,0.66,0.67,5802,0,0,0,I,HV,1,0,0,1
current,0.66,0.67,5803,0,0,0,I,HV,1,0,0,1
current,0.66,0.67,5804,0,0,0,I,HV,1,0,0,1
current,0.66,0.67,5805,0,0,0,I,HV,1,0,0,1
current,0.66,0.67,5806,0,0,0,I,HV,1,0,0,1
current,0.66,0.67,5807,0,0,0,I,HV,1,0,0,1
current,0.66,0.67,5808,0,0,0,I,HV,1,0,0,1
current,0.66,0.67,5809,0,0,0,I,HV,1,0,0,1
current,0.66,0.67,5810,0,0,0,I,HV,1,0,0,1
current,0.66,0.67,5811,0,0,0,I,HV,1,0,0,1
current,0.66,0.67,5812,0,0,0,I,HV,1,0,0,1
current,0.66,0.67,5813,0,0,0,I,HV,1,0,0,1
current,0.66,0.67,5814,0,1,1,V+1,HV,1,0,1,1
current,0.66,0.67,5815,0,1,1,V+1,HV,1,0,1,1
current,0.66,0.67,5816,0,0,0,I,HV,1,0,0,1
current,0.66,0.67,5817,0,0,0,I,HV,1,0,0,1
current,0.66,0.67,5818,0,1,1,V+1,HV,1,0,1,1
current,0.66,0.67,5819,1,0,1,H+1,HV,1,1,0,1
current,0.66,0.67,5820,0,0,0,I,HV,1,0,0,1
current,0.66,0.67,5821,0,0,0,I,HV,1,0,0,1
current,0.66,0.67,5822,0,0,0,I,HV,1,0,0,1
current,0.66,0.67,5823,0,0,0,I,HV,1,0,0,1
current,0.66,0.67,5824,0,0,0,I,HV,1,0,0,1
current,0.66,0.67,5825,0,0,0,I,HV,1,0,0,1
current,0.66,0.67,5826,0,0,0,I,HV,1,0,0,1
current,0.66,0.67,5827,0,0,0,I,HV,1,0,0,1
current,0.66,0.67,5828,0,0,0,I,HV,1,0,0,1
current,0.66,0.67,5829,0,0,0,I,HV,1,0,0,1
current,0.66,0.67,5830,0,0,0,I,HV,1,0,0,1
current,0.66,0.67,5831,0,0,0,I,HV,1,0,0,1
current,0.66,0.67,5832,0,0,0,I,HV,1,0,0,1
current,0.66,0.67,5833,0,0,0,I,HV,1,0,0,1
current,0.66,0.67,5834,0,0,0,I,HV,1,0,0,1
current,0.66,0.67,5835,0,0,0,I,HV,1,0,0,1
current,0.66,0.67,5836,0,0,0,I,HV,1,0,0,1
current,0.66,0.67,5837,0,0,0,I,HV,1,0,0,1
current,0.66,0.67,5838,0,0,0,I,HV,1,0,0,1
current,0.66,0.67,5839,0,0,0,I,HV,1,0,0,1
current,0.66,0.67,5840,0,1,1,V+1,HV,1,0,1,1
current,0.66,0.67,5841,0,1,1,V+1,HV,1,0,1,1
current,0.66,0.67,5842,0,0,0,I,HV,1,0,0,1
current,0.66,0.67,5843,0,0,0,I,HV,1,0,0,1
current,0.66,0.67,5844,0,0,0,I,HV,1,0,0,1
current,0.66,0.67,5845,0,0,0,I,HV,1,0,0,1
current,0.66,0.67,5846,0,0,0,I,HV,1,0,0,1
current,0.66,0.67,5847,0,0,0,I,HV,1,0,0,1
current,0.66,0.67,5848,0,0,0,I,HV,1,0,0,1
current,0.66,0.67,5849,0,0,0,I,HV,1,0,0,1
current,0.66,0.67,5850,0,0,0,I,HV,1,0,0,1
current,0.66,0.67,5851,0,0,0,I,HV,1,0,0,1
current,0.66,0.67,5852,0,0,0,I,HV,1,0,0,1
current,0.66,0.67,5853,0,0,0,I,HV,1,0,0,1
current,0.66,0.67,5854,0,0,0,I,HV,1,0,0,1
current,0.66,0.67,5855,0,0,0,I,HV,1,0,0,1
current,0.66,0.67,5856,0,-1,1,V-1,HV,1,0,-1,1
current,0.66,0.67,5857,0,-1,1,V-1,HV,1,0,-1,1
current,0.66,0.67,5858,0,0,0,I,HV,1,0,0,1
current,0.66,0.67,5859,0,0,0,I,HV,1,0,0,1
current,0.66,0.67,5860,0,0,0,I,HV,1,0,0,1
current,0.66,0.67,5861,0,0,0,I,HV,1,0,0,1
current,0.66,0.67,5862,0,0,0,I,HV,1,0,0,1
current,0.66,0.67,5863,0,0,0,I,HV,1,0,0,1
current,0.66,0.67,5864,0,0,0,I,HV,1,0,0,1
current,0.66,0.67,5865,0,0,0,I,HV,1,0,0,1
current,0.66,0.67,5866,0,0,0,I,HV,1,0,0,1
current,0.66,0.67,5867,0,0,0,I,HV,1,0,0,1
current,0.66,0.67,5868,0,0,0,I,HV,1,0,0,1
current,0.66,0.67,5869,0,0,0,I,HV,1,0,0,1
current,0.66,0.67,5870,0,0,0,I,HV,1,0,0,1
current,0.66,0.67,5871,0,0,0,I,HV,1,0,0,1
current,0.66,0.67,5872,0,0,0,I,HV,1,0,0,1
current,0.66,0.67,5873,0,0,0,I,HV,1,0,0,1
current,0.66,0.67,5874,0,0,0,I,HV,1,0,0,1
current,0.66,0.67,5875,0,0,0,I,HV,1,0,0,1
current,0.66,0.67,5876,0,1,1,V+1,HV,1,0,1,1
current,0.66,0.67,5877,0,1,1,V+1,HV,1,0,1,1
current,0.66,0.67,5878,0,0,0,I,HV,1,0,0,1
current,0.66,0.67,5879,0,0,0,I,HV,1,0,0,1
current,0.66,0.67,5880,0,0,0,I,HV,1,0,0,1
current,0.66,0.67,5881,0,0,0,I,HV,1,0,0,1
current,0.66,0.67,5882,0,0,0,I,HV,1,0,0,1
current,0.66,0.67,5883,2,1,3,V+1 H+1 H+1,VH,1,2,1,3
current,0.66,0.67,5884,0,0,0,I,HV,1,0,0,1
current,0.66,0.67,5885,1,-1,2,H+1 V-1,HV,0,1,-1,1
current,0.66,0.67,5886,1,0,1,H+1,HV,1,1,0,1
current,0.66,0.67,5887,1,0,1,H+1,HV,1,1,0,1
current,0.66,0.67,5888,1,-1,2,H+1 V-1,HV,0,1,-1,1
current,0.66,0.67,5889,1,-1,2,H+1 V-1,HV,0,1,-1,1
current,0.66,0.67,5890,1,0,1,H+1,HV,1,1,0,1
current,0.66,0.67,5891,1,0,1,H+1,HV,1,1,0,1
current,0.66,0.67,5892,-1,0,1,H-1,HV,1,-1,0,1
current,0.66,0.67,5893,-1,0,1,H-1,HV,1,-1,0,1
current,0.66,0.67,5894,1,0,1,H+1,HV,1,1,0,1
current,0.66,0.67,5895,1,1,2,V+1 H+1,VH,1,1,1,2
current,0.66,0.67,5896,0,-1,1,V-1,HV,1,0,-1,1
current,0.66,0.67,5897,1,-1,2,H+1 V-1,HV,0,1,-1,1
current,0.66,0.67,5898,1,0,1,H+1,HV,1,1,0,1
current,0.66,0.67,5899,2,0,2,H+1 H+1,HV,1,2,0,1
current,0.66,0.67,5900,0,-1,1,V-1,HV,1,0,-1,1
current,0.66,0.67,5901,0,0,0,I,HV,1,0,0,1
current,0.66,0.67,5902,-2,1,3,H-1 H-1 V+1,HV,-1,-2,1,1
current,0.66,0.67,5903,0,1,1,V+1,HV,1,0,1,1
current,0.66,0.67,5904,0,0,0,I,HV,1,0,0,1
current,0.66,0.67,5905,0,0,0,I,HV,1,0,0,1
current,0.66,0.67,5906,0,1,1,V+1,HV,1,0,1,1
current,0.66,0.67,5907,1,0,1,H+1,HV,1,1,0,1
current,0.66,0.67,5908,1,-1,2,H+1 V-1,HV,0,1,-1,1
current,0.66,0.67,5909,1,-1,2,H+1 V-1,HV,0,1,-1,1
current,0.66,0.67,5910,-1,0,1,H-1,HV,1,-1,0,1
current,0.66,0.67,5911,-1,0,1,H-1,HV,1,-1,0,1
current,0.66,0.67,5912,-1,1,2,H-1 V+1,HV,0,-1,1,1
current,0.66,0.67,5913,-1,1,2,H-1 V+1,HV,0,-1,1,1
current,0.66,0.67,5914,-1,0,1,H-1,HV,1,-1,0,1
current,0.66,0.67,5915,0,-1,1,V-1,HV,1,0,-1,1
current,0.66,0.67,5916,0,0,0,I,HV,1,0,0,1
current,0.66,0.67,5917,0,0,0,I,HV,1,0,0,1
current,0.66,0.67,5918,1,0,1,H+1,HV,1,1,0,1
current,0.66,0.67,5919,0,0,0,I,HV,1,0,0,1
current,0.66,0.67,5920,1,-1,2,H+1 V-1,HV,0,1,-1,1
current,0.66,0.67,5921,1,-1,2,H+1 V-1,HV,0,1,-1,1
current,0.66,0.67,5922,1,0,1,H+1,HV,1,1,0,1
current,0.66,0.67,5923,1,0,1,H+1,HV,1,1,0,1
current,0.66,0.67,5924,1,0,1,H+1,HV,1,1,0,1
current,0.66,0.67,5925,1,0,1,H+1,HV,1,1,0,1
current,0.66,0.67,5926,1,0,1,H+1,HV,1,1,0,1
current,0.66,0.67,5927,1,0,1,H+1,HV,1,1,0,1
current,0.66,0.67,5928,1,-1,2,H+1 V-1,HV,0,1,-1,1
current,0.66,0.67,5929,1,-1,2,H+1 V-1,HV,0,1,-1,1
current,0.66,0.67,5930,0,-1,1,V-1,HV,1,0,-1,1
current,0.66,0.67,5931,-1,0,1,H-1,HV,1,-1,0,1
current,0.66,0.67,5932,0,0,0,I,HV,1,0,0,1
current,0.66,0.67,5933,0,0,0,I,HV,1,0,0,1
current,0.66,0.67,5934,-1,0,1,H-1,HV,1,-1,0,1
current,0.66,0.67,5935,-1,0,1,H-1,HV,1,-1,0,1
current,0.66,0.67,5936,0,1,1,V+1,HV,1,0,1,1
current,0.66,0.67,5937,1,-1,2,H+1 V-1,HV,0,1,-1,1
current,0.66,0.67,5938,0,0,0,I,HV,1,0,0,1
current,0.66,0.67,5939,0,0,0,I,HV,1,0,0,1
current,0.66,0.67,5940,0,0,0,I,HV,1,0,0,1
current,0.66,0.67,5941,0,0,0,I,HV,1,0,0,1
current,0.66,0.67,5942,0,0,0,I,HV,1,0,0,1
current,0.66,0.67,5943,0,0,0,I,HV,1,0,0,1
current,0.66,0.67,5944,0,0,0,I,HV,1,0,0,1
current,0.66,0.67,5945,0,0,0,I,HV,1,0,0,1
current,0.66,0.67,5946,0,0,0,I,HV,1,0,0,1
current,0.66,0.67,5947,0,0,0,I,HV,1,0,0,1
current,0.66,0.67,5948,0,0,0,I,HV,1,0,0,1
current,0.66,0.67,5949,0,0,0,I,HV,1,0,0,1
current,0.66,0.67,5950,0,0,0,I,HV,1,0,0,1
current,0.66,0.67,5951,0,0,0,I,HV,1,0,0,1
current,0.66,0.67,5952,0,0,0,I,HV,1,0,0,1
current,0.66,0.67,5953,0,0,0,I,HV,1,0,0,1
current,0.66,0.67,5954,0,1,1,V+1,HV,1,0,1,1
current,0.66,0.67,5955,0,1,1,V+1,HV,1,0,1,1
current,0.66,0.67,5956,0,0,0,I,HV,1,0,0,1
current,0.66,0.67,5957,0,0,0,I,HV,1,0,0,1
current,0.66,0.67,5958,0,1,1,V+1,HV,1,0,1,1
current,0.66,0.67,5959,0,1,1,V+1,HV,1,0,1,1
current,0.66,0.67,5960,0,0,0,I,HV,1,0,0,1
current,0.66,0.67,5961,0,0,0,I,HV,1,0,0,1
current,0.66,0.67,5962,0,0,0,I,HV,1,0,0,1
current,0.66,0.67,5963,0,0,0,I,HV,1,0,0,1
current,0.66,0.67,5964,0,0,0,I,HV,1,0,0,1
current,0.66,0.67,5965,0,0,0,I,HV,1,0,0,1
current,0.66,0.67,5966,0,0,0,I,HV,1,0,0,1
current,0.66,0.67,5967,0,0,0,I,HV,1,0,0,1
current,0.66,0.67,5968,0,0,0,I,HV,1,0,0,1
current,0.66,0.67,5969,0,0,0,I,HV,1,0,0,1
current,0.66,0.67,5970,0,0,0,I,HV,1,0,0,1
current,0.66,0.67,5971,0,0,0,I,HV,1,0,0,1
current,0.66,0.67,5972,0,0,0,I,HV,1,0,0,1
current,0.66,0.67,5973,0,0,0,I,HV,1,0,0,1
current,0.66,0.67,5974,0,0,0,I,HV,1,0,0,1
current,0.66,0.67,5975,0,0,0,I,HV,1,0,0,1
current,0.66,0.67,5976,0,0,0,I,HV,1,0,0,1
current,0.66,0.67,5977,0,0,0,I,HV,1,0,0,1
current,0.66,0.67,5978,0,0,0,I,HV,1,0,0,1
current,0.66,0.67,5979,0,0,0,I,HV,1,0,0,1
current,0.66,0.67,5980,0,1,1,V+1,HV,1,0,1,1
current,0.66,0.67,5981,0,1,1,V+1,HV,1,0,1,1
current,0.66,0.67,5982,0,0,0,I,HV,1,0,0,1
current,0.66,0.67,5983,0,0,0,I,HV,1,0,0,1
current,0.66,0.67,5984,0,0,0,I,HV,1,0,0,1
current,0.66,0.67,5985,0,0,0,I,HV,1,0,0,1
current,0.66,0.67,5986,0,0,0,I,HV,1,0,0,1
current,0.66,0.67,5987,0,0,0,I,HV,1,0,0,1
current,0.66,0.67,5988,0,0,0,I,HV,1,0,0,1
current,0.66,0.67,5989,0,0,0,I,HV,1,0,0,1
current,0.66,0.67,5990,0,0,0,I,HV,1,0,0,1
current,0.66,0.67,5991,0,0,0,I,HV,1,0,0,1
current,0.66,0.67,5992,0,0,0,I,HV,1,0,0,1
current,0.66,0.67,5993,0,0,0,I,HV,1,0,0,1
current,0.66,0.67,5994,0,0,0,I,HV,1,0,0,1
current,0.66,0.67,5995,0,0,0,I,HV,1,0,0,1
current,0.66,0.67,5996,0,-1,1,V-1,HV,1,0,-1,1
current,0.66,0.67,5997,0,-1,1,V-1,HV,1,0,-1,1
current,0.66,0.67,5998,0,0,0,I,HV,1,0,0,1
current,0.66,0.67,5999,0,0,0,I,HV,1,0,0,1
current,0.66,0.67,6000,0,0,0,I,HV,1,0,0,1
current,0.66,0.67,6001,0,0,0,I,HV,1,0,0,1
current,0.66,0.67,6002,0,0,0,I,HV,1,0,0,1
current,0.66,0.67,6003,0,0,0,I,HV,1,0,0,1
current,0.66,0.67,6004,0,0,0,I,HV,1,0,0,1
current,0.66,0.67,6005,0,0,0,I,HV,1,0,0,1
current,0.66,0.67,6006,0,0,0,I,HV,1,0,0,1
current,0.66,0.67,6007,0,0,0,I,HV,1,0,0,1
current,0.66,0.67,6008,0,0,0,I,HV,1,0,0,1
current,0.66,0.67,6009,0,0,0,I,HV,1,0,0,1
current,0.66,0.67,6010,0,0,0,I,HV,1,0,0,1
current,0.66,0.67,6011,0,0,0,I,HV,1,0,0,1
current,0.66,0.67,6012,0,0,0,I,HV,1,0,0,1
current,0.66,0.67,6013,0,0,0,I,HV,1,0,0,1
current,0.66,0.67,6014,0,0,0,I,HV,1,0,0,1
current,0.66,0.67,6015,0,1,1,V+1,HV,1,0,1,1
current,0.66,0.67,6016,0,1,1,V+1,HV,1,0,1,1
current,0.66,0.67,6017,0,0,0,I,HV,1,0,0,1
current,0.66,0.67,6018,0,0,0,I,HV,1,0,0,1
current,0.66,0.67,6019,0,0,0,I,HV,1,0,0,1
current,0.66,0.67,6020,0,0,0,I,HV,1,0,0,1
current,0.66,0.67,6021,0,0,0,I,HV,1,0,0,1
current,0.66,0.67,6022,0,0,0,I,HV,1,0,0,1
current,0.66,0.67,6023,1,0,1,H+1,HV,1,1,0,1
current,0.66,0.67,6024,1,-1,2,H+1 V-1,HV,0,1,-1,1
current,0.66,0.67,6025,1,-1,2,H+1 V-1,HV,0,1,-1,1
current,0.66,0.67,6026,1,0,1,H+1,HV,1,1,0,1
current,0.66,0.67,6027,1,0,1,H+1,HV,1,1,0,1
current,0.66,0.67,6028,1,-1,2,H+1 V-1,HV,0,1,-1,1
current,0.66,0.67,6029,1,-1,2,H+1 V-1,HV,0,1,-1,1
current,0.66,0.67,6030,1,0,1,H+1,HV,1,1,0,1
current,0.66,0.67,6031,1,0,1,H+1,HV,1,1,0,1
current,0.66,0.67,6032,-1,0,1,H-1,HV,1,-1,0,1
current,0.66,0.67,6033,0,-1,1,V-1,HV,1,0,-1,1
current,0.66,0.67,6034,1,0,1,H+1,HV,1,1,0,1
current,0.66,0.67,6035,1,0,1,H+1,HV,1,1,0,1
current,0.66,0.67,6036,1,-1,2,H+1 V-1,HV,0,1,-1,1
current,0.66,0.67,6037,1,-1,2,H+1 V-1,HV,0,1,-1,1
current,0.66,0.67,6038,1,0,1,H+1,HV,1,1,0,1
current,0.66,0.67,6039,1,0,1,H+1,HV,1,1,0,1
current,0.66,0.67,6040,1,-1,2,H+1 V-1,HV,0,1,-1,1
current,0.66,0.67,6041,1,-1,2,H+1 V-1,HV,0,1,-1,1
current,0.66,0.67,6042,0,0,0,I,HV,1,0,0,1
current,0.66,0.67,6043,0,1,1,V+1,HV,1,0,1,1
current,0.66,0.67,6044,2,0,2,H+1 H+1,HV,1,2,0,1
current,0.66,0.67,6045,1,-1,2,H+1 V-1,HV,0,1,-1,1
current,0.66,0.67,6046,0,1,1,V+1,HV,1,0,1,1
current,0.66,0.67,6047,1,0,1,H+1,HV,1,1,0,1
current,0.66,0.67,6048,1,-1,2,H+1 V-1,HV,0,1,-1,1
current,0.66,0.67,6049,1,-1,2,H+1 V-1,HV,0,1,-1,1
current,0.66,0.67,6050,-1,0,1,H-1,HV,1,-1,0,1
current,0.66,0.67,6051,-1,0,1,H-1,HV,1,-1,0,1
current,0.66,0.67,6052,-1,1,2,H-1 V+1,HV,0,-1,1,1
current,0.66,0.67,6053,-1,1,2,H-1 V+1,HV,0,-1,1,1
current,0.66,0.67,6054,-1,0,1,H-1,HV,1,-1,0,1
current,0.66,0.67,6055,-1,0,1,H-1,HV,1,-1,0,1
current,0.66,0.67,6056,1,0,1,H+1,HV,1,1,0,1
current,0.66,0.67,6057,1,0,1,H+1,HV,1,1,0,1
current,0.66,0.67,6058,1,0,1,H+1,HV,1,1,0,1
current,0.66,0.67,6059,1,0,1,H+1,HV,1,1,0,1
current,0.66,0.67,6060,1,-1,2,H+1 V-1,HV,0,1,-1,1
current,0.66,0.67,6061,1,-1,2,H+1 V-1,HV,0,1,-1,1
current,0.66,0.67,6062,1,0,1,H+1,HV,1,1,0,1
current,0.66,0.67,6063,1,0,1,H+1,HV,1,1,0,1
current,0.66,0.67,6064,1,0,1,H+1,HV,1,1,0,1
current,0.66,0.67,6065,1,0,1,H+1,HV,1,1,0,1
current,0.66,0.67,6066,1,0,1,H+1,HV,1,1,0,1
current,0.66,0.67,6067,1,0,1,H+1,HV,1,1,0,1
current,0.66,0.67,6068,1,-1,2,H+1 V-1,HV,0,1,-1,1
current,0.66,0.67,6069,1,-1,2,H+1 V-1,HV,0,1,-1,1
current,0.66,0.67,6070,-1,0,1,H-1,HV,1,-1,0,1
current,0.66,0.67,6071,-1,0,1,H-1,HV,1,-1,0,1
current,0.66,0.67,6072,1,0,1,H+1,HV,1,1,0,1
current,0.66,0.67,6073,1,0,1,H+1,HV,1,1,0,1
current,0.66,0.67,6074,0,-1,1,V-1,HV,1,0,-1,1
current,0.66,0.67,6075,-1,0,1,H-1,HV,1,-1,0,1
current,0.66,0.67,6076,0,0,0,I,HV,1,0,0,1
current,0.66,0.67,6077,0,-1,1,V-1,HV,1,0,-1,1
current,0.66,0.67,6078,0,0,0,I,HV,1,0,0,1
current,0.66,0.67,6079,0,0,0,I,HV,1,0,0,1
current,0.66,0.67,6080,0,0,0,I,HV,1,0,0,1
current,0.66,0.67,6081,0,0,0,I,HV,1,0,0,1
current,0.66,0.67,6082,0,0,0,I,HV,1,0,0,1
current,0.66,0.67,6083,0,0,0,I,HV,1,0,0,1
current,0.66,0.67,6084,0,0,0,I,HV,1,0,0,1
current,0.66,0.67,6085,0,0,0,I,HV,1,0,0,1
current,0.66,0.67,6086,0,0,0,I,HV,1,0,0,1
current,0.66,0.67,6087,0,0,0,I,HV,1,0,0,1
current,0.66,0.67,6088,0,0,0,I,HV,1,0,0,1
current,0.66,0.67,6089,0,0,0,I,HV,1,0,0,1
current,0.66,0.67,6090,0,0,0,I,HV,1,0,0,1
current,0.66,0.67,6091,0,0,0,I,HV,1,0,0,1
current,0.66,0.67,6092,0,0,0,I,HV,1,0,0,1
current,0.66,0.67,6093,0,0,0,I,HV,1,0,0,1
current,0.66,0.67,6094,0,1,1,V+1,HV,1,0,1,1
current,0.66,0.67,6095,0,1,1,V+1,HV,1,0,1,1
current,0.66,0.67,6096,0,0,0,I,HV,1,0,0,1
current,0.66,0.67,6097,0,0,0,I,HV,1,0,0,1
current,0.66,0.67,6098,0,1,1,V+1,HV,1,0,1,1
current,0.66,0.67,6099,0,1,1,V+1,HV,1,0,1,1
current,0.66,0.67,6100,0,0,0,I,HV,1,0,0,1
current,0.66,0.67,6101,0,0,0,I,HV,1,0,0,1
current,0.66,0.67,6102,0,0,0,I,HV,1,0,0,1
current,0.66,0.67,6103,0,0,0,I,HV,1,0,0,1
current,0.66,0.67,6104,0,0,0,I,HV,1,0,0,1
current,0.66,0.67,6105,0,0,0,I,HV,1,0,0,1
current,0.66,0.67,6106,0,0,0,I,HV,1,0,0,1
current,0.66,0.67,6107,0,0,0,I,HV,1,0,0,1
current,0.66,0.67,6108,0,0,0,I,HV,1,0,0,1
current,0.66,0.67,6109,0,0,0,I,HV,1,0,0,1
current,0.66,0.67,6110,0,0,0,I,HV,1,0,0,1
current,0.66,0.67,6111,0,0,0,I,HV,1,0,0,1
current,0.66,0.67,6112,0,0,0,I,HV,1,0,0,1
current,0.66,0.67,6113,0,0,0,I,HV,1,0,0,1
current,0.66,0.67,6114,0,0,0,I,HV,1,0,0,1
current,0.66,0.67,6115,0,0,0,I,HV,1,0,0,1
current,0.66,0.67,6116,0,0,0,I,HV,1,0,0,1
current,0.66,0.67,6117,0,0,0,I,HV,1,0,0,1
current,0.66,0.67,6118,0,0,0,I,HV,1,0,0,1
current,0.66,0.67,6119,0,0,0,I,HV,1,0,0,1
current,0.66,0.67,6120,0,1,1,V+1,HV,1,0,1,1
current,0.66,0.67,6121,0,1,1,V+1,HV,1,0,1,1
current,0.66,0.67,6122,0,0,0,I,HV,1,0,0,1
current,0.66,0.67,6123,0,0,0,I,HV,1,0,0,1
current,0.66,0.67,6124,0,0,0,I,HV,1,0,0,1
current,0.66,0.67,6125,0,0,0,I,HV,1,0,0,1
current,0.66,0.67,6126,0,0,0,I,HV,1,0,0,1
current,0.66,0.67,6127,0,0,0,I,HV,1,0,0,1
current,0.66,0.67,6128,0,0,0,I,HV,1,0,0,1
current,0.66,0.67,6129,0,0,0,I,HV,1,0,0,1
current,0.66,0.67,6130,0,0,0,I,HV,1,0,0,1
current,0.66,0.67,6131,0,0,0,I,HV,1,0,0,1
current,0.66,0.67,6132,0,0,0,I,HV,1,0,0,1
current,0.66,0.67,6133,0,0,0,I,HV,1,0,0,1
current,0.66,0.67,6134,0,0,0,I,HV,1,0,0,1
current,0.66,0.67,6135,0,0,0,I,HV,1,0,0,1
current,0.66,0.67,6136,0,-1,1,V-1,HV,1,0,-1,1
current,0.66,0.67,6137,0,-1,1,V-1,HV,1,0,-1,1
current,0.66,0.67,6138,0,0,0,I,HV,1,0,0,1
current,0.66,0.67,6139,0,0,0,I,HV,1,0,0,1
current,0.66,0.67,6140,0,0,0,I,HV,1,0,0,1
current,0.66,0.67,6141,0,0,0,I,HV,1,0,0,1
current,0.66,0.67,6142,0,0,0,I,HV,1,0,0,1
current,0.66,0.67,6143,0,0,0,I,HV,1,0,0,1
current,0.66,0.67,6144,0,0,0,I,HV,1,0,0,1
current,0.66,0.67,6145,0,0,0,I,HV,1,0,0,1
current,0.66,0.67,6146,0,0,0,I,HV,1,0,0,1
current,0.66,0.67,6147,0,0,0,I,HV,1,0,0,1
current,0.66,0.67,6148,0,0,0,I,HV,1,0,0,1
current,0.66,0.67,6149,0,0,0,I,HV,1,0,0,1
current,0.66,0.67,6150,0,0,0,I,HV,1,0,0,1
current,0.66,0.67,6151,0,0,0,I,HV,1,0,0,1
current,0.66,0.67,6152,0,0,0,I,HV,1,0,0,1
current,0.66,0.67,6153,0,0,0,I,HV,1,0,0,1
current,0.66,0.67,6154,0,1,1,V+1,HV,1,0,1,1
current,0.66,0.67,6155,0,1,1,V+1,HV,1,0,1,1
current,0.66,0.67,6156,0,0,0,I,HV,1,0,0,1
current,0.66,0.67,6157,0,0,0,I,HV,1,0,0,1
current,0.66,0.67,6158,0,0,0,I,HV,1,0,0,1
current,0.66,0.67,6159,0,0,0,I,HV,1,0,0,1
current,0.66,0.67,6160,-2,0,2,H-1 H-1,HV,1,-2,0,1
current,0.66,0.67,6161,0,-1,1,V-1,HV,1,0,-1,1
current,0.66,0.67,6162,1,0,1,H+1,HV,1,1,0,1
current,0.66,0.67,6163,1,0,1,H+1,HV,1,1,0,1
current,0.66,0.67,6164,1,-1,2,H+1 V-1,HV,0,1,-1,1
current,0.66,0.67,6165,1,-1,2,H+1 V-1,HV,0,1,-1,1
current,0.66,0.67,6166,1,0,1,H+1,HV,1,1,0,1
current,0.66,0.67,6167,1,0,1,H+1,HV,1,1,0,1
current,0.66,0.67,6168,1,-1,2,H+1 V-1,HV,0,1,-1,1
current,0.66,0.67,6169,1,-1,2,H+1 V-1,HV,0,1,-1,1
current,0.66,0.67,6170,1,0,1,H+1,HV,1,1,0,1
current,0.66,0.67,6171,1,0,1,H+1,HV,1,1,0,1
current,0.66,0.67,6172,-1,0,1,H-1,HV,1,-1,0,1
current,0.66,0.67,6173,-1,0,1,H-1,HV,1,-1,0,1
current,0.66,0.67,6174,1,0,1,H+1,HV,1,1,0,1
current,0.66,0.67,6175,1,0,1,H+1,HV,1,1,0,1
current,0.66,0.67,6176,1,-1,2,H+1 V-1,HV,0,1,-1,1
current,0.66,0.67,6177,1,-1,2,H+1 V-1,HV,0,1,-1,1
current,0.66,0.67,6178,1,0,1,H+1,HV,1,1,0,1
current,0.66,0.67,6179,1,0,1,H+1,HV,1,1,0,1
current,0.66,0.67,6180,1,-1,2,H+1 V-1,HV,0,1,-1,1
current,0.66,0.67,6181,1,-1,2,H+1 V-1,HV,0,1,-1,1
current,0.66,0.67,6182,-1,1,2,H-1 V+1,HV,0,-1,1,1
current,0.66,0.67,6183,-1,1,2,H-1 V+1,HV,0,-1,1,1
current,0.66,0.67,6184,1,-1,2,H+1 V-1,HV,0,1,-1,1
current,0.66,0.67,6185,1,-1,2,H+1 V-1,HV,0,1,-1,1
current,0.66,0.67,6186,0,1,1,V+1,HV,1,0,1,1
current,0.66,0.67,6187,1,0,1,H+1,HV,1,1,0,1
current,0.66,0.67,6188,1,-1,2,H+1 V-1,HV,0,1,-1,1
current,0.66,0.67,6189,1,-1,2,H+1 V-1,HV,0,1,-1,1
current,0.66,0.67,6190,-1,0,1,H-1,HV,1,-1,0,1
current,0.66,0.67,6191,0,1,1,V+1,HV,1,0,1,1
current,0.66,0.67,6192,1,0,1,H+1,HV,1,1,0,1
current,0.66,0.67,6193,-1,0,1,H-1,HV,1,-1,0,1
current,0.66,0.67,6194,-1,0,1,H-1,HV,1,-1,0,1
current,0.66,0.67,6195,1,0,1,H+1,HV,1,1,0,1
current,0.66,0.67,6196,1,0,1,H+1,HV,1,1,0,1
current,0.66,0.67,6197,1,0,1,H+1,HV,1,1,0,1
current,0.66,0.67,6198,1,0,1,H+1,HV,1,1,0,1
current,0.66,0.67,6199,1,-1,2,H+1 V-1,HV,0,1,-1,1
current,0.66,0.67,6200,1,-1,2,H+1 V-1,HV,0,1,-1,1
current,0.66,0.67,6201,1,0,1,H+1,HV,1,1,0,1
current,0.66,0.67,6202,1,0,1,H+1,HV,1,1,0,1
current,0.66,0.67,6203,1,0,1,H+1,HV,1,1,0,1
current,0.66,0.67,6204,1,0,1,H+1,HV,1,1,0,1
current,0.66,0.67,6205,1,0,1,H+1,HV,1,1,0,1
current,0.66,0.67,6206,0,0,0,I,HV,1,0,0,1
current,0.66,0.67,6207,1,-1,2,H+1 V-1,HV,0,1,-1,1
current,0.66,0.67,6208,1,-1,2,H+1 V-1,HV,0,1,-1,1
current,0.66,0.67,6209,-1,0,1,H-1,HV,1,-1,0,1
current,0.66,0.67,6210,-1,0,1,H-1,HV,1,-1,0,1
current,0.66,0.67,6211,1,0,1,H+1,HV,1,1,0,1
current,0.66,0.67,6212,1,0,1,H+1,HV,1,1,0,1
current,0.66,0.67,6213,-1,0,1,H-1,HV,1,-1,0,1
current,0.66,0.67,6214,0,0,0,I,HV,1,0,0,1
current,0.66,0.67,6215,0,0,0,I,HV,1,0,0,1
current,0.66,0.67,6216,0,0,0,I,HV,1,0,0,1
current,0.66,0.67,6217,0,0,0,I,HV,1,0,0,1
current,0.66,0.67,6218,0,0,0,I,HV,1,0,0,1
current,0.66,0.67,6219,0,0,0,I,HV,1,0,0,1
current,0.66,0.67,6220,0,0,0,I,HV,1,0,0,1
current,0.66,0.67,6221,0,0,0,I,HV,1,0,0,1
current,0.66,0.67,6222,0,0,0,I,HV,1,0,0,1
current,0.66,0.67,6223,0,0,0,I,HV,1,0,0,1
current,0.66,0.67,6224,0,0,0,I,HV,1,0,0,1
current,0.66,0.67,6225,0,0,0,I,HV,1,0,0,1
current,0.66,0.67,6226,0,0,0,I,HV,1,0,0,1
current,0.66,0.67,6227,0,0,0,I,HV,1,0,0,1
current,0.66,0.67,6228,0,0,0,I,HV,1,0,0,1
current,0.66,0.67,6229,0,0,0,I,HV,1,0,0,1
current,0.66,0.67,6230,0,0,0,I,HV,1,0,0,1
current,0.66,0.67,6231,0,0,0,I,HV,1,0,0,1
current,0.66,0.67,6232,0,0,0,I,HV,1,0,0,1
current,0.66,0.67,6233,0,1,1,V+1,HV,1,0,1,1
current,0.66,0.67,6234,0,1,1,V+1,HV,1,0,1,1
current,0.66,0.67,6235,0,0,0,I,HV,1,0,0,1
current,0.66,0.67,6236,0,0,0,I,HV,1,0,0,1
current,0.66,0.67,6237,0,1,1,V+1,HV,1,0,1,1
current,0.66,0.67,6238,0,1,1,V+1,HV,1,0,1,1
current,0.66,0.67,6239,0,0,0,I,HV,1,0,0,1
current,0.66,0.67,6240,0,0,0,I,HV,1,0,0,1
current,0.66,0.67,6241,0,0,0,I,HV,1,0,0,1
current,0.66,0.67,6242,0,0,0,I,HV,1,0,0,1
current,0.66,0.67,6243,0,0,0,I,HV,1,0,0,1
current,0.66,0.67,6244,0,0,0,I,HV,1,0,0,1
current,0.66,0.67,6245,0,0,0,I,HV,1,0,0,1
current,0.66,0.67,6246,0,0,0,I,HV,1,0,0,1
current,0.66,0.67,6247,0,0,0,I,HV,1,0,0,1
current,0.66,0.67,6248,0,0,0,I,HV,1,0,0,1
current,0.66,0.67,6249,0,0,0,I,HV,1,0,0,1
current,0.66,0.67,6250,0,0,0,I,HV,1,0,0,1
current,0.66,0.67,6251,0,0,0,I,HV,1,0,0,1
current,0.66,0.67,6252,0,0,0,I,HV,1,0,0,1
current,0.66,0.67,6253,0,0,0,I,HV,1,0,0,1
current,0.66,0.67,6254,0,0,0,I,HV,1,0,0,1
current,0.66,0.67,6255,0,0,0,I,HV,1,0,0,1
current,0.66,0.67,6256,0,0,0,I,HV,1,0,0,1
current,0.66,0.67,6257,0,0,0,I,HV,1,0,0,1
current,0.66,0.67,6258,0,0,0,I,HV,1,0,0,1
current,0.66,0.67,6259,0,1,1,V+1,HV,1,0,1,1
current,0.66,0.67,6260,0,1,1,V+1,HV,1,0,1,1
current,0.66,0.67,6261,0,0,0,I,HV,1,0,0,1
current,0.66,0.67,6262,0,0,0,I,HV,1,0,0,1
current,0.66,0.67,6263,0,0,0,I,HV,1,0,0,1
current,0.66,0.67,6264,0,0,0,I,HV,1,0,0,1
current,0.66,0.67,6265,0,0,0,I,HV,1,0,0,1
current,0.66,0.67,6266,0,0,0,I,HV,1,0,0,1
current,0.66,0.67,6267,0,0,0,I,HV,1,0,0,1
current,0.66,0.67,6268,0,0,0,I,HV,1,0,0,1
current,0.66,0.67,6269,0,0,0,I,HV,1,0,0,1
current,0.66,0.67,6270,0,0,0,I,HV,1,0,0,1
current,0.66,0.67,6271,0,0,0,I,HV,1,0,0,1
current,0.66,0.67,6272,0,0,0,I,HV,1,0,0,1
current,0.66,0.67,6273,0,0,0,I,HV,1,0,0,1
current,0.66,0.67,6274,0,0,0,I,HV,1,0,0,1
current,0.66,0.67,6275,-1,1,2,V+1 H-1,VH,1,-1,1,0
current,0.66,0.67,6276,-1,1,2,V+1 H-1,VH,1,-1,1,0
current,0.66,0.67,6277,0,0,0,I,HV,1,0,0,1
current,0.66,0.67,6278,0,0,0,I,HV,1,0,0,1
current,0.66,0.67,6279,0,0,0,I,HV,1,0,0,1
current,0.66,0.67,6280,0,0,0,I,HV,1,0,0,1
current,0.66,0.67,6281,0,0,0,I,HV,1,0,0,1
current,0.66,0.67,6282,0,0,0,I,HV,1,0,0,1
current,0.66,0.67,6283,0,0,0,I,HV,1,0,0,1
current,0.66,0.67,6284,0,0,0,I,HV,1,0,0,1
current,0.66,0.67,6285,0,0,0,I,HV,1,0,0,1
current,0.66,0.67,6286,0,0,0,I,HV,1,0,0,1
current,0.66,0.67,6287,0,0,0,I,HV,1,0,0,1
current,0.66,0.67,6288,0,0,0,I,HV,1,0,0,1
current,0.66,0.67,6289,0,0,0,I,HV,1,0,0,1
current,0.66,0.67,6290,0,0,0,I,HV,1,0,0,1
current,0.66,0.67,6291,0,0,0,I,HV,1,0,0,1
current,0.66,0.67,6292,0,0,0,I,HV,1,0,0,1
current,0.66,0.67,6293,0,0,0,I,HV,1,0,0,1
current,0.66,0.67,6294,0,1,1,V+1,HV,1,0,1,1
current,0.66,0.67,6295,0,1,1,V+1,HV,1,0,1,1
current,0.66,0.67,6296,0,0,0,I,HV,1,0,0,1
current,0.66,0.67,6297,0,0,0,I,HV,1,0,0,1
current,0.66,0.67,6298,0,0,0,I,HV,1,0,0,1
current,0.66,0.67,6299,3,0,3,H+1 H+1 H+1,HV,1,3,0,1
current,0.66,0.67,6300,-1,0,1,H-1,HV,1,-1,0,1
current,0.66,0.67,6301,-1,0,1,H-1,HV,1,-1,0,1
current,0.66,0.67,6302,1,0,1,H+1,HV,1,1,0,1
current,0.66,0.67,6303,1,0,1,H+1,HV,1,1,0,1
current,0.66,0.67,6304,1,-1,2,H+1 V-1,HV,0,1,-1,1
current,0.66,0.67,6305,1,-1,2,H+1 V-1,HV,0,1,-1,1
current,0.66,0.67,6306,1,0,1,H+1,HV,1,1,0,1
current,0.66,0.67,6307,1,0,1,H+1,HV,1,1,0,1
current,0.66,0.67,6308,1,-1,2,H+1 V-1,HV,0,1,-1,1
current,0.66,0.67,6309,1,-1,2,H+1 V-1,HV,0,1,-1,1
current,0.66,0.67,6310,1,0,1,H+1,HV,1,1,0,1
current,0.66,0.67,6311,1,0,1,H+1,HV,1,1,0,1
current,0.66,0.67,6312,-1,0,1,H-1,HV,1,-1,0,1
current,0.66,0.67,6313,-1,0,1,H-1,HV,1,-1,0,1
current,0.66,0.67,6314,1,0,1,H+1,HV,1,1,0,1
current,0.66,0.67,6315,0,-1,1,V-1,HV,1,0,-1,1
current,0.66,0.67,6316,1,-1,2,H+1 V-1,HV,0,1,-1,1
current,0.66,0.67,6317,1,-1,2,H+1 V-1,HV,0,1,-1,1
current,0.66,0.67,6318,1,0,1,H+1,HV,1,1,0,1
current,0.66,0.67,6319,1,0,1,H+1,HV,1,1,0,1
current,0.66,0.67,6320,1,-1,2,H+1 V-1,HV,0,1,-1,1
current,0.66,0.67,6321,1,-1,2,H+1 V-1,HV,0,1,-1,1
current,0.66,0.67,6322,-1,1,2,H-1 V+1,HV,0,-1,1,1
current,0.66,0.67,6323,-1,1,2,H-1 V+1,HV,0,-1,1,1
current,0.66,0.67,6324,1,-1,2,H+1 V-1,HV,0,1,-1,1
current,0.66,0.67,6325,1,-1,2,H+1 V-1,HV,0,1,-1,1
current,0.66,0.67,6326,1,0,1,H+1,HV,1,1,0,1
current,0.66,0.67,6327,1,0,1,H+1,HV,1,1,0,1
current,0.66,0.67,6328,1,-1,2,H+1 V-1,HV,0,1,-1,1
current,0.66,0.67,6329,1,-1,2,H+1 V-1,HV,0,1,-1,1
current,0.66,0.67,6330,-1,0,1,H-1,HV,1,-1,0,1
current,0.66,0.67,6331,1,0,1,H+1,HV,1,1,0,1
current,0.66,0.67,6332,-1,0,1,H-1,HV,1,-1,0,1
current,0.66,0.67,6333,-1,0,1,H-1,HV,1,-1,0,1
current,0.66,0.67,6334,1,0,1,H+1,HV,1,1,0,1
current,0.66,0.67,6335,1,0,1,H+1,HV,1,1,0,1
current,0.66,0.67,6336,1,0,1,H+1,HV,1,1,0,1
current,0.66,0.67,6337,1,0,1,H+1,HV,1,1,0,1
current,0.66,0.67,6338,1,-1,2,H+1 V-1,HV,0,1,-1,1
current,0.66,0.67,6339,1,-1,2,H+1 V-1,HV,0,1,-1,1
current,0.66,0.67,6340,1,0,1,H+1,HV,1,1,0,1
current,0.66,0.67,6341,1,0,1,H+1,HV,1,1,0,1
current,0.66,0.67,6342,1,0,1,H+1,HV,1,1,0,1
current,0.66,0.67,6343,1,0,1,H+1,HV,1,1,0,1
current,0.66,0.67,6344,1,0,1,H+1,HV,1,1,0,1
current,0.66,0.67,6345,0,0,0,I,HV,1,0,0,1
current,0.66,0.67,6346,0,0,0,I,HV,1,0,0,1
current,0.66,0.67,6347,0,0,0,I,HV,1,0,0,1
current,0.66,0.67,6348,-1,0,1,H-1,HV,1,-1,0,1
current,0.66,0.67,6349,-1,0,1,H-1,HV,1,-1,0,1
current,0.66,0.67,6350,1,0,1,H+1,HV,1,1,0,1
current,0.66,0.67,6351,1,0,1,H+1,HV,1,1,0,1
current,0.66,0.67,6352,0,-1,1,V-1,HV,1,0,-1,1
current,0.66,0.67,6353,0,-1,1,V-1,HV,1,0,-1,1
current,0.66,0.67,6354,0,0,0,I,HV,1,0,0,1
current,0.66,0.67,6355,0,0,0,I,HV,1,0,0,1
current,0.66,0.67,6356,0,0,0,I,HV,1,0,0,1
current,0.66,0.67,6357,0,0,0,I,HV,1,0,0,1
current,0.66,0.67,6358,0,0,0,I,HV,1,0,0,1
current,0.66,0.67,6359,0,0,0,I,HV,1,0,0,1
current,0.66,0.67,6360,0,0,0,I,HV,1,0,0,1
current,0.66,0.67,6361,0,0,0,I,HV,1,0,0,1
current,0.66,0.67,6362,0,0,0,I,HV,1,0,0,1
current,0.66,0.67,6363,0,0,0,I,HV,1,0,0,1
current,0.66,0.67,6364,0,0,0,I,HV,1,0,0,1
current,0.66,0.67,6365,0,0,0,I,HV,1,0,0,1
current,0.66,0.67,6366,0,0,0,I,HV,1,0,0,1
current,0.66,0.67,6367,0,0,0,I,HV,1,0,0,1
current,0.66,0.67,6368,0,0,0,I,HV,1,0,0,1
current,0.66,0.67,6369,0,0,0,I,HV,1,0,0,1
current,0.66,0.67,6370,0,0,0,I,HV,1,0,0,1
current,0.66,0.67,6371,0,0,0,I,HV,1,0,0,1
current,0.66,0.67,6372,0,1,1,V+1,HV,1,0,1,1
current,0.66,0.67,6373,0,1,1,V+1,HV,1,0,1,1
current,0.66,0.67,6374,0,0,0,I,HV,1,0,0,1
current,0.66,0.67,6375,0,0,0,I,HV,1,0,0,1
current,0.66,0.67,6376,0,1,1,V+1,HV,1,0,1,1
current,0.66,0.67,6377,0,1,1,V+1,HV,1,0,1,1
current,0.66,0.67,6378,0,0,0,I,HV,1,0,0,1
current,0.66,0.67,6379,0,0,0,I,HV,1,0,0,1
current,0.66,0.67,6380,0,0,0,I,HV,1,0,0,1
current,0.66,0.67,6381,0,0,0,I,HV,1,0,0,1
current,0.66,0.67,6382,0,0,0,I,HV,1,0,0,1
current,0.66,0.67,6383,0,0,0,I,HV,1,0,0,1
current,0.66,0.67,6384,0,0,0,I,HV,1,0,0,1
current,0.66,0.67,6385,0,0,0,I,HV,1,0,0,1
current,0.66,0.67,6386,0,0,0,I,HV,1,0,0,1
current,0.66,0.67,6387,0,0,0,I,HV,1,0,0,1
current,0.66,0.67,6388,0,0,0,I,HV,1,0,0,1
current,0.66,0.67,6389,0,0,0,I,HV,1,0,0,1
current,0.66,0.67,6390,0,0,0,I,HV,1,0,0,1
current,0.66,0.67,6391,0,0,0,I,HV,1,0,0,1
current,0.66,0.67,6392,0,0,0,I,HV,1,0,0,1
current,0.66,0.67,6393,0,0,0,I,HV,1,0,0,1
current,0.66,0.67,6394,0,0,0,I,HV,1,0,0,1
current,0.66,0.67,6395,0,0,0,I,HV,1,0,0,1
current,0.66,0.67,6396,0,0,0,I,HV,1,0,0,1
current,0.66,0.67,6397,0,0,0,I,HV,1,0,0,1
current,0.66,0.67,6398,0,1,1,V+1,HV,1,0,1,1
current,0.66,0.67,6399,0,1,1,V+1,HV,1,0,1,1
current,0.66,0.67,6400,0,0,0,I,HV,1,0,0,1
current,0.66,0.67,6401,0,0,0,I,HV,1,0,0,1
current,0.66,0.67,6402,0,0,0,I,HV,1,0,0,1
current,0.66,0.67,6403,0,0,0,I,HV,1,0,0,1
current,0.66,0.67,6404,0,0,0,I,HV,1,0,0,1
current,0.66,0.67,6405,0,0,0,I,HV,1,0,0,1
current,0.66,0.67,6406,0,0,0,I,HV,1,0,0,1
current,0.66,0.67,6407,0,0,0,I,HV,1,0,0,1
current,0.66,0.67,6408,0,0,0,I,HV,1,0,0,1
current,0.66,0.67,6409,0,0,0,I,HV,1,0,0,1
current,0.66,0.67,6410,0,0,0,I,HV,1,0,0,1
current,0.66,0.67,6411,0,0,0,I,HV,1,0,0,1
current,0.66,0.67,6412,0,0,0,I,HV,1,0,0,1
current,0.66,0.67,6413,0,0,0,I,HV,1,0,0,1
current,0.66,0.67,6414,0,-1,1,V-1,HV,1,0,-1,1
current,0.66,0.67,6415,0,-1,1,V-1,HV,1,0,-1,1
current,0.66,0.67,6416,0,0,0,I,HV,1,0,0,1
current,0.66,0.67,6417,0,0,0,I,HV,1,0,0,1
current,0.66,0.67,6418,0,0,0,I,HV,1,0,0,1
current,0.66,0.67,6419,0,0,0,I,HV,1,0,0,1
current,0.66,0.67,6420,0,0,0,I,HV,1,0,0,1
current,0.66,0.67,6421,0,0,0,I,HV,1,0,0,1
current,0.66,0.67,6422,0,0,0,I,HV,1,0,0,1
current,0.66,0.67,6423,0,0,0,I,HV,1,0,0,1
current,0.66,0.67,6424,0,0,0,I,HV,1,0,0,1
current,0.66,0.67,6425,0,0,0,I,HV,1,0,0,1
current,0.66,0.67,6426,0,0,0,I,HV,1,0,0,1
current,0.66,0.67,6427,0,0,0,I,HV,1,0,0,1
current,0.66,0.67,6428,0,0,0,I,HV,1,0,0,1
current,0.66,0.67,6429,0,0,0,I,HV,1,0,0,1
current,0.66,0.67,6430,0,0,0,I,HV,1,0,0,1
current,0.66,0.67,6431,0,0,0,I,HV,1,0,0,1
current,0.66,0.67,6432,0,0,0,I,HV,1,0,0,1
current,0.66,0.67,6433,0,0,0,I,HV,1,0,0,1
current,0.66,0.67,6434,0,1,1,V+1,HV,1,0,1,1
current,0.66,0.67,6435,0,1,1,V+1,HV,1,0,1,1
current,0.66,0.67,6436,0,0,0,I,HV,1,0,0,1
current,0.66,0.67,6437,0,0,0,I,HV,1,0,0,1
current,0.66,0.67,6438,0,0,0,I,HV,1,0,0,1
current,0.66,0.67,6439,0,1,1,V+1,HV,1,0,1,1
current,0.66,0.67,6440,-1,0,1,H-1,HV,1,-1,0,1
current,0.66,0.67,6441,-1,0,1,H-1,HV,1,-1,0,1
current,0.66,0.67,6442,1,0,1,H+1,HV,1,1,0,1
current,0.66,0.67,6443,1,0,1,H+1,HV,1,1,0,1
current,0.66,0.67,6444,1,-1,2,H+1 V-1,HV,0,1,-1,1
current,0.66,0.67,6445,3,-1,4,H+1 H+1 H+1 V-1,HV,-2,3,-1,1
current,0.66,0.67,6446,1,0,1,H+1,HV,1,1,0,1
current,0.66,0.67,6447,1,0,1,H+1,HV,1,1,0,1
current,0.66,0.67,6448,1,-1,2,H+1 V-1,HV,0,1,-1,1
current,0.66,0.67,6449,1,-1,2,H+1 V-1,HV,0,1,-1,1
current,0.66,0.67,6450,1,0,1,H+1,HV,1,1,0,1
current,0.66,0.67,6451,1,0,1,H+1,HV,1,1,0,1
current,0.66,0.67,6452,-1,0,1,H-1,HV,1,-1,0,1
current,0.66,0.67,6453,-1,0,1,H-1,HV,1,-1,0,1
current,0.66,0.67,6454,1,0,1,H+1,HV,1,1,0,1
current,0.66,0.67,6455,1,0,1,H+1,HV,1,1,0,1
current,0.66,0.67,6456,1,-1,2,H+1 V-1,HV,0,1,-1,1
current,0.66,0.67,6457,1,-1,2,H+1 V-1,HV,0,1,-1,1
current,0.66,0.67,6458,1,0,1,H+1,HV,1,1,0,1
current,0.66,0.67,6459,1,0,1,H+1,HV,1,1,0,1
current,0.66,0.67,6460,1,-1,2,H+1 V-1,HV,0,1,-1,1
current,0.66,0.67,6461,-1,0,1,H-1,HV,1,-1,0,1
current,0.66,0.67,6462,1,0,1,H+1,HV,1,1,0,1
current,0.66,0.67,6463,1,-1,2,H+1 V-1,HV,0,1,-1,1
current,0.66,0.67,6464,1,-1,2,H+1 V-1,HV,0,1,-1,1
current,0.66,0.67,6465,1,0,1,H+1,HV,1,1,0,1
current,0.66,0.67,6466,-1,0,1,H-1,HV,1,-1,0,1
current,0.66,0.67,6467,1,0,1,H+1,HV,1,1,0,1
current,0.66,0.67,6468,1,-1,2,H+1 V-1,HV,0,1,-1,1
current,0.66,0.67,6469,-1,0,1,H-1,HV,1,-1,0,1
current,0.66,0.67,6470,1,0,1,H+1,HV,1,1,0,1
current,0.66,0.67,6471,1,0,1,H+1,HV,1,1,0,1
current,0.66,0.67,6472,-1,0,1,H-1,HV,1,-1,0,1
current,0.66,0.67,6473,-1,0,1,H-1,HV,1,-1,0,1
current,0.66,0.67,6474,1,0,1,H+1,HV,1,1,0,1
current,0.66,0.67,6475,1,0,1,H+1,HV,1,1,0,1
current,0.66,0.67,6476,1,0,1,H+1,HV,1,1,0,1
current,0.66,0.67,6477,1,0,1,H+1,HV,1,1,0,1
current,0.66,0.67,6478,1,-1,2,H+1 V-1,HV,0,1,-1,1
current,0.66,0.67,6479,1,-1,2,H+1 V-1,HV,0,1,-1,1
current,0.66,0.67,6480,1,0,1,H+1,HV,1,1,0,1
current,0.66,0.67,6481,1,0,1,H+1,HV,1,1,0,1
current,0.66,0.67,6482,1,0,1,H+1,HV,1,1,0,1
current,0.66,0.67,6483,1,0,1,H+1,HV,1,1,0,1
current,0.66,0.67,6484,0,0,0,I,HV,1,0,0,1
current,0.66,0.67,6485,0,0,0,I,HV,1,0,0,1
current,0.66,0.67,6486,0,0,0,I,HV,1,0,0,1
current,0.66,0.67,6487,0,0,0,I,HV,1,0,0,1
current,0.66,0.67,6488,0,0,0,I,HV,1,0,0,1
current,0.66,0.67,6489,0,0,0,I,HV,1,0,0,1
current,0.66,0.67,6490,0,0,0,I,HV,1,0,0,1
current,0.66,0.67,6491,0,0,0,I,HV,1,0,0,1
current,0.66,0.67,6492,0,-1,1,V-1,HV,1,0,-1,1
current,0.66,0.67,6493,0,-1,1,V-1,HV,1,0,-1,1
current,0.66,0.67,6494,0,0,0,I,HV,1,0,0,1
current,0.66,0.67,6495,0,0,0,I,HV,1,0,0,1
current,0.66,0.67,6496,0,0,0,I,HV,1,0,0,1
current,0.66,0.67,6497,0,0,0,I,HV,1,0,0,1
current,0.66,0.67,6498,0,0,0,I,HV,1,0,0,1
current,0.66,0.67,6499,0,0,0,I,HV,1,0,0,1
current,0.66,0.67,6500,0,0,0,I,HV,1,0,0,1
current,0.66,0.67,6501,0,0,0,I,HV,1,0,0,1
current,0.66,0.67,6502,0,0,0,I,HV,1,0,0,1
current,0.66,0.67,6503,0,0,0,I,HV,1,0,0,1
current,0.66,0.67,6504,0,0,0,I,HV,1,0,0,1
current,0.66,0.67,6505,0,0,0,I,HV,1,0,0,1
current,0.66,0.67,6506,0,0,0,I,HV,1,0,0,1
current,0.66,0.67,6507,0,0,0,I,HV,1,0,0,1
current,0.66,0.67,6508,0,0,0,I,HV,1,0,0,1
current,0.66,0.67,6509,0,0,0,I,HV,1,0,0,1
current,0.66,0.67,6510,0,0,0,I,HV,1,0,0,1
current,0.66,0.67,6511,0,0,0,I,HV,1,0,0,1
current,0.66,0.67,6512,0,1,1,V+1,HV,1,0,1,1
current,0.66,0.67,6513,0,1,1,V+1,HV,1,0,1,1
current,0.66,0.67,6514,0,0,0,I,HV,1,0,0,1
current,0.66,0.67,6515,0,0,0,I,HV,1,0,0,1
current,0.66,0.67,6516,0,1,1,V+1,HV,1,0,1,1
current,0.66,0.67,6517,0,1,1,V+1,HV,1,0,1,1
current,0.66,0.67,6518,0,0,0,I,HV,1,0,0,1
current,0.66,0.67,6519,0,0,0,I,HV,1,0,0,1
current,0.66,0.67,6520,0,0,0,I,HV,1,0,0,1
current,0.66,0.67,6521,0,0,0,I,HV,1,0,0,1
current,0.66,0.67,6522,0,0,0,I,HV,1,0,0,1
current,0.66,0.67,6523,0,0,0,I,HV,1,0,0,1
current,0.66,0.67,6524,0,0,0,I,HV,1,0,0,1
current,0.66,0.67,6525,0,0,0,I,HV,1,0,0,1
current,0.66,0.67,6526,0,0,0,I,HV,1,0,0,1
current,0.66,0.67,6527,0,0,0,I,HV,1,0,0,1
current,0.66,0.67,6528,0,0,0,I,HV,1,0,0,1
current,0.66,0.67,6529,0,0,0,I,HV,1,0,0,1
current,0.66,0.67,6530,0,0,0,I,HV,1,0,0,1
current,0.66,0.67,6531,0,0,0,I,HV,1,0,0,1
current,0.66,0.67,6532,0,0,0,I,HV,1,0,0,1
current,0.66,0.67,6533,0,0,0,I,HV,1,0,0,1
current,0.66,0.67,6534,0,0,0,I,HV,1,0,0,1
current,0.66,0.67,6535,0,0,0,I,HV,1,0,0,1
current,0.66,0.67,6536,0,0,0,I,HV,1,0,0,1
current,0.66,0.67,6537,0,0,0,I,HV,1,0,0,1
current,0.66,0.67,6538,0,1,1,V+1,HV,1,0,1,1
current,0.66,0.67,6539,0,1,1,V+1,HV,1,0,1,1
current,0.66,0.67,6540,0,0,0,I,HV,1,0,0,1
current,0.66,0.67,6541,0,0,0,I,HV,1,0,0,1
current,0.66,0.67,6542,0,0,0,I,HV,1,0,0,1
current,0.66,0.67,6543,0,0,0,I,HV,1,0,0,1
current,0.66,0.67,6544,0,0,0,I,HV,1,0,0,1
current,0.66,0.67,6545,0,0,0,I,HV,1,0,0,1
current,0.66,0.67,6546,0,0,0,I,HV,1,0,0,1
current,0.66,0.67,6547,0,0,0,I,HV,1,0,0,1
current,0.66,0.67,6548,0,0,0,I,HV,1,0,0,1
current,0.66,0.67,6549,0,0,0,I,HV,1,0,0,1
current,0.66,0.67,6550,0,0,0,I,HV,1,0,0,1
current,0.66,0.67,6551,0,0,0,I,HV,1,0,0,1
current,0.66,0.67,6552,0,0,0,I,HV,1,0,0,1
current,0.66,0.67,6553,0,0,0,I,HV,1,0,0,1
current,0.66,0.67,6554,0,-1,1,V-1,HV,1,0,-1,1
current,0.66,0.67,6555,0,-1,1,V-1,HV,1,0,-1,1
current,0.66,0.67,6556,0,0,0,I,HV,1,0,0,1
current,0.66,0.67,6557,0,0,0,I,HV,1,0,0,1
current,0.66,0.67,6558,0,0,0,I,HV,1,0,0,1
current,0.66,0.67,6559,0,0,0,I,HV,1,0,0,1
current,0.66,0.67,6560,0,0,0,I,HV,1,0,0,1
current,0.66,0.67,6561,0,0,0,I,HV,1,0,0,1
current,0.66,0.67,6562,0,0,0,I,HV,1,0,0,1
current,0.66,0.67,6563,0,0,0,I,HV,1,0,0,1
current,0.66,0.67,6564,0,0,0,I,HV,1,0,0,1
current,0.66,0.67,6565,0,0,0,I,HV,1,0,0,1
current,0.66,0.67,6566,0,0,0,I,HV,1,0,0,1
current,0.66,0.67,6567,0,0,0,I,HV,1,0,0,1
current,0.66,0.67,6568,0,0,0,I,HV,1,0,0,1
current,0.66,0.67,6569,0,0,0,I,HV,1,0,0,1
current,0.66,0.67,6570,0,0,0,I,HV,1,0,0,1
current,0.66,0.67,6571,0,0,0,I,HV,1,0,0,1
current,0.66,0.67,6572,0,0,0,I,HV,1,0,0,1
current,0.66,0.67,6573,0,0,0,I,HV,1,0,0,1
current,0.66,0.67,6574,1,0,1,H+1,HV,1,1,0,1
current,0.66,0.67,6575,0,1,1,V+1,HV,1,0,1,1
current,0.66,0.67,6576,-1,0,1,H-1,HV,1,-1,0,1
current,0.66,0.67,6577,-1,0,1,H-1,HV,1,-1,0,1
current,0.66,0.67,6578,1,0,1,H+1,HV,1,1,0,1
current,0.66,0.67,6579,0,1,1,V+1,HV,1,0,1,1
current,0.66,0.67,6580,-1,0,1,H-1,HV,1,-1,0,1
current,0.66,0.67,6581,-1,0,1,H-1,HV,1,-1,0,1
current,0.66,0.67,6582,1,0,1,H+1,HV,1,1,0,1
current,0.66,0.67,6583,1,0,1,H+1,HV,1,1,0,1
current,0.66,0.67,6584,1,-1,2,H+1 V-1,HV,0,1,-1,1
current,0.66,0.67,6585,1,-1,2,H+1 V-1,HV,0,1,-1,1
current,0.66,0.67,6586,1,0,1,H+1,HV,1,1,0,1
current,0.66,0.67,6587,1,0,1,H+1,HV,1,1,0,1
current,0.66,0.67,6588,1,-1,2,H+1 V-1,HV,0,1,-1,1
current,0.66,0.67,6589,1,0,1,H+1,HV,1,1,0,1
current,0.66,0.67,6590,-1,0,1,H-1,HV,1,-1,0,1
current,0.66,0.67,6591,1,0,1,H+1,HV,1,1,0,1
current,0.66,0.67,6592,1,0,1,H+1,HV,1,1,0,1
current,0.66,0.67,6593,-1,0,1,H-1,HV,1,-1,0,1
current,0.66,0.67,6594,0,1,1,V+1,HV,1,0,1,1
current,0.66,0.67,6595,-1,1,2,V+1 H-1,VH,1,-1,1,0
current,0.66,0.67,6596,1,-1,2,H+1 V-1,HV,0,1,-1,1
current,0.66,0.67,6597,1,0,1,H+1,HV,1,1,0,1
current,0.66,0.67,6598,1,0,1,H+1,HV,1,1,0,1
current,0.66,0.67,6599,-1,0,1,H-1,HV,1,-1,0,1
current,0.66,0.67,6600,1,0,1,H+1,HV,1,1,0,1
current,0.66,0.67,6601,1,0,1,H+1,HV,1,1,0,1
current,0.66,0.67,6602,1,-1,2,H+1 V-1,HV,0,1,-1,1
current,0.66,0.67,6603,1,-1,2,H+1 V-1,HV,0,1,-1,1
current,0.66,0.67,6604,1,0,1,H+1,HV,1,1,0,1
current,0.66,0.67,6605,1,0,1,H+1,HV,1,1,0,1
current,0.66,0.67,6606,-1,0,1,H-1,HV,1,-1,0,1
current,0.66,0.67,6607,-1,0,1,H-1,HV,1,-1,0,1
current,0.66,0.67,6608,-1,0,1,H-1,HV,1,-1,0,1
current,0.66,0.67,6609,-1,0,1,H-1,HV,1,-1,0,1
current,0.66,0.67,6610,1,0,1,H+1,HV,1,1,0,1
current,0.66,0.67,6611,1,0,1,H+1,HV,1,1,0,1
current,0.66,0.67,6612,-1,0,1,H-1,HV,1,-1,0,1
current,0.66,0.67,6613,-1,0,1,H-1,HV,1,-1,0,1
current,0.66,0.67,6614,1,0,1,H+1,HV,1,1,0,1
current,0.66,0.67,6615,1,0,1,H+1,HV,1,1,0,1
current,0.66,0.67,6616,1,0,1,H+1,HV,1,1,0,1
current,0.66,0.67,6617,1,0,1,H+1,HV,1,1,0,1
current,0.66,0.67,6618,1,-1,2,H+1 V-1,HV,0,1,-1,1
current,0.66,0.67,6619,1,-1,2,H+1 V-1,HV,0,1,-1,1
current,0.66,0.67,6620,1,0,1,H+1,HV,1,1,0,1
current,0.66,0.67,6621,1,0,1,H+1,HV,1,1,0,1
current,0.66,0.67,6622,1,0,1,H+1,HV,1,1,0,1
current,0.66,0.67,6623,1,1,2,H+1 V+1,HV,2,1,1,1
current,0.66,0.67,6624,0,0,0,I,HV,1,0,0,1
current,0.66,0.67,6625,0,0,0,I,HV,1,0,0,1
current,0.66,0.67,6626,0,0,0,I,HV,1,0,0,1
current,0.66,0.67,6627,0,0,0,I,HV,1,0,0,1
current,0.66,0.67,6628,0,0,0,I,HV,1,0,0,1
current,0.66,0.67,6629,0,0,0,I,HV,1,0,0,1
current,0.66,0.67,6630,0,0,0,I,HV,1,0,0,1
current,0.66,0.67,6631,0,0,0,I,HV,1,0,0,1
current,0.66,0.67,6632,0,-1,1,V-1,HV,1,0,-1,1
current,0.66,0.67,6633,0,-1,1,V-1,HV,1,0,-1,1
current,0.66,0.67,6634,0,0,0,I,HV,1,0,0,1
current,0.66,0.67,6635,0,0,0,I,HV,1,0,0,1
current,0.66,0.67,6636,0,0,0,I,HV,1,0,0,1
current,0.66,0.67,6637,0,0,0,I,HV,1,0,0,1
current,0.66,0.67,6638,0,0,0,I,HV,1,0,0,1
current,0.66,0.67,6639,0,0,0,I,HV,1,0,0,1
current,0.66,0.67,6640,0,0,0,I,HV,1,0,0,1
current,0.66,0.67,6641,0,0,0,I,HV,1,0,0,1
current,0.66,0.67,6642,0,0,0,I,HV,1,0,0,1
current,0.66,0.67,6643,0,0,0,I,HV,1,0,0,1
current,0.66,0.67,6644,0,0,0,I,HV,1,0,0,1
current,0.66,0.67,6645,0,0,0,I,HV,1,0,0,1
current,0.66,0.67,6646,0,0,0,I,HV,1,0,0,1
current,0.66,0.67,6647,0,0,0,I,HV,1,0,0,1
current,0.66,0.67,6648,0,0,0,I,HV,1,0,0,1
current,0.66,0.67,6649,0,0,0,I,HV,1,0,0,1
current,0.66,0.67,6650,0,0,0,I,HV,1,0,0,1
current,0.66,0.67,6651,0,0,0,I,HV,1,0,0,1
current,0.66,0.67,6652,0,1,1,V+1,HV,1,0,1,1
current,0.66,0.67,6653,0,1,1,V+1,HV,1,0,1,1
current,0.66,0.67,6654,0,0,0,I,HV,1,0,0,1
current,0.66,0.67,6655,0,0,0,I,HV,1,0,0,1
current,0.66,0.67,6656,0,1,1,V+1,HV,1,0,1,1
current,0.66,0.67,6657,0,1,1,V+1,HV,1,0,1,1
current,0.66,0.67,6658,0,0,0,I,HV,1,0,0,1
current,0.66,0.67,6659,0,0,0,I,HV,1,0,0,1
current,0.66,0.67,6660,0,0,0,I,HV,1,0,0,1
current,0.66,0.67,6661,0,0,0,I,HV,1,0,0,1
current,0.66,0.67,6662,0,0,0,I,HV,1,0,0,1
current,0.66,0.67,6663,0,0,0,I,HV,1,0,0,1
current,0.66,0.67,6664,0,0,0,I,HV,1,0,0,1
current,0.66,0.67,6665,0,0,0,I,HV,1,0,0,1
current,0.66,0.67,6666,0,0,0,I,HV,1,0,0,1
current,0.66,0.67,6667,0,0,0,I,HV,1,0,0,1
current,0.66,0.67,6668,0,0,0,I,HV,1,0,0,1
current,0.66,0.67,6669,0,0,0,I,HV,1,0,0,1
current,0.66,0.67,6670,0,0,0,I,HV,1,0,0,1
current,0.66,0.67,6671,0,0,0,I,HV,1,0,0,1
current,0.66,0.67,6672,0,0,0,I,HV,1,0,0,1
current,0.66,0.67,6673,0,0,0,I,HV,1,0,0,1
current,0.66,0.67,6674,0,0,0,I,HV,1,0,0,1
current,0.66,0.67,6675,0,0,0,I,HV,1,0,0,1
current,0.66,0.67,6676,0,0,0,I,HV,1,0,0,1
current,0.66,0.67,6677,0,0,0,I,HV,1,0,0,1
current,0.66,0.67,6678,0,1,1,V+1,HV,1,0,1,1
current,0.66,0.67,6679,0,1,1,V+1,HV,1,0,1,1
current,0.66,0.67,6680,0,0,0,I,HV,1,0,0,1
current,0.66,0.67,6681,0,0,0,I,HV,1,0,0,1
current,0.66,0.67,6682,0,0,0,I,HV,1,0,0,1
current,0.66,0.67,6683,0,0,0,I,HV,1,0,0,1
current,0.66,0.67,6684,0,0,0,I,HV,1,0,0,1
current,0.66,0.67,6685,0,0,0,I,HV,1,0,0,1
current,0.66,0.67,6686,0,0,0,I,HV,1,0,0,1
current,0.66,0.67,6687,0,0,0,I,HV,1,0,0,1
current,0.66,0.67,6688,0,0,0,I,HV,1,0,0,1
current,0.66,0.67,6689,0,0,0,I,HV,1,0,0,1
current,0.66,0.67,6690,0,0,0,I,HV,1,0,0,1
current,0.66,0.67,6691,0,0,0,I,HV,1,0,0,1
current,0.66,0.67,6692,0,0,0,I,HV,1,0,0,1
current,0.66,0.67,6693,0,0,0,I,HV,1,0,0,1
current,0.66,0.67,6694,0,-1,1,V-1,HV,1,0,-1,1
current,0.66,0.67,6695,0,-1,1,V-1,HV,1,0,-1,1
current,0.66,0.67,6696,0,0,0,I,HV,1,0,0,1
current,0.66,0.67,6697,0,0,0,I,HV,1,0,0,1
current,0.66,0.67,6698,0,0,0,I,HV,1,0,0,1
current,0.66,0.67,6699,0,0,0,I,HV,1,0,0,1
current,0.66,0.67,6700,0,0,0,I,HV,1,0,0,1
current,0.66,0.67,6701,0,0,0,I,HV,1,0,0,1
current,0.66,0.67,6702,0,0,0,I,HV,1,0,0,1
current,0.66,0.67,6703,0,0,0,I,HV,1,0,0,1
current,0.66,0.67,6704,0,0,0,I,HV,1,0,0,1
current,0.66,0.67,6705,0,0,0,I,HV,1,0,0,1
current,0.66,0.67,6706,-1,0,1,H-1,HV,1,-1,0,1
current,0.66,0.67,6707,0,0,0,I,HV,1,0,0,1
current,0.66,0.67,6708,0,0,0,I,HV,1,0,0,1
current,0.66,0.67,6709,0,0,0,I,HV,1,0,0,1
current,0.66,0.67,6710,0,0,0,I,HV,1,0,0,1
current,0.66,0.67,6711,1,-1,2,H+1 V-1,HV,0,1,-1,1
current,0.66,0.67,6712,-1,0,1,H-1,HV,1,-1,0,1
current,0.66,0.67,6713,-1,0,1,H-1,HV,1,-1,0,1
current,0.66,0.67,6714,1,0,1,H+1,HV,1,1,0,1
current,0.66,0.67,6715,0,1,1,V+1,HV,1,0,1,1
current,0.66,0.67,6716,0,0,0,I,HV,1,0,0,1
current,0.66,0.67,6717,0,0,0,I,HV,1,0,0,1
current,0.66,0.67,6718,0,1,1,V+1,HV,1,0,1,1
current,0.66,0.67,6719,1,0,1,H+1,HV,1,1,0,1
current,0.66,0.67,6720,-1,0,1,H-1,HV,1,-1,0,1
current,0.66,0.67,6721,1,0,1,H+1,HV,1,1,0,1
current,0.66,0.67,6722,1,0,1,H+1,HV,1,1,0,1
current,0.66,0.67,6723,1,-1,2,H+1 V-1,HV,0,1,-1,1
current,0.66,0.67,6724,1,-1,2,H+1 V-1,HV,0,1,-1,1
current,0.66,0.67,6725,1,0,1,H+1,HV,1,1,0,1
current,0.66,0.67,6726,1,0,1,H+1,HV,1,1,0,1
current,0.66,0.67,6727,-1,0,1,H-1,HV,1,-1,0,1
current,0.66,0.67,6728,-1,0,1,H-1,HV,1,-1,0,1
current,0.66,0.67,6729,1,0,1,H+1,HV,1,1,0,1
current,0.66,0.67,6730,-1,0,1,H-1,HV,1,-1,0,1
current,0.66,0.67,6731,-1,0,1,H-1,HV,1,-1,0,1
current,0.66,0.67,6732,1,0,1,H+1,HV,1,1,0,1
current,0.66,0.67,6733,1,0,1,H+1,HV,1,1,0,1
current,0.66,0.67,6734,1,-1,2,H+1 V-1,HV,0,1,-1,1
current,0.66,0.67,6735,1,-1,2,H+1 V-1,HV,0,1,-1,1
current,0.66,0.67,6736,1,0,1,H+1,HV,1,1,0,1
current,0.66,0.67,6737,1,0,1,H+1,HV,1,1,0,1
current,0.66,0.67,6738,-1,0,1,H-1,HV,1,-1,0,1
current,0.66,0.67,6739,-1,0,1,H-1,HV,1,-1,0,1
current,0.66,0.67,6740,1,0,1,H+1,HV,1,1,0,1
current,0.66,0.67,6741,1,0,1,H+1,HV,1,1,0,1
current,0.66,0.67,6742,1,-1,2,H+1 V-1,HV,0,1,-1,1
current,0.66,0.67,6743,1,-1,2,H+1 V-1,HV,0,1,-1,1
current,0.66,0.67,6744,1,0,1,H+1,HV,1,1,0,1
current,0.66,0.67,6745,1,0,1,H+1,HV,1,1,0,1
current,0.66,0.67,6746,-1,0,1,H-1,HV,1,-1,0,1
current,0.66,0.67,6747,-1,0,1,H-1,HV,1,-1,0,1
current,0.66,0.67,6748,-1,0,1,H-1,HV,1,-1,0,1
current,0.66,0.67,6749,-1,0,1,H-1,HV,1,-1,0,1
current,0.66,0.67,6750,1,0,1,H+1,HV,1,1,0,1
current,0.66,0.67,6751,0,1,1,V+1,HV,1,0,1,1
current,0.66,0.67,6752,-1,0,1,H-1,HV,1,-1,0,1
current,0.66,0.67,6753,-1,0,1,H-1,HV,1,-1,0,1
current,0.66,0.67,6754,1,0,1,H+1,HV,1,1,0,1
current,0.66,0.67,6755,1,0,1,H+1,HV,1,1,0,1
current,0.66,0.67,6756,1,0,1,H+1,HV,1,1,0,1
current,0.66,0.67,6757,1,0,1,H+1,HV,1,1,0,1
current,0.66,0.67,6758,1,-1,2,H+1 V-1,HV,0,1,-1,1
current,0.66,0.67,6759,1,-1,2,H+1 V-1,HV,0,1,-1,1
current,0.66,0.67,6760,1,0,1,H+1,HV,1,1,0,1
current,0.66,0.67,6761,1,0,1,H+1,HV,1,1,0,1
current,0.66,0.67,6762,1,0,1,H+1,HV,1,1,0,1
current,0.66,0.67,6763,0,0,0,I,HV,1,0,0,1
current,0.66,0.67,6764,0,0,0,I,HV,1,0,0,1
current,0.66,0.67,6765,0,0,0,I,HV,1,0,0,1
current,0.66,0.67,6766,0,0,0,I,HV,1,0,0,1
current,0.66,0.67,6767,0,0,0,I,HV,1,0,0,1
current,0.66,0.67,6768,0,0,0,I,HV,1,0,0,1
current,0.66,0.67,6769,0,0,0,I,HV,1,0,0,1
current,0.66,0.67,6770,0,0,0,I,HV,1,0,0,1
current,0.66,0.67,6771,0,0,0,I,HV,1,0,0,1
current,0.66,0.67,6772,0,-1,1,V-1,HV,1,0,-1,1
current,0.66,0.67,6773,0,-1,1,V-1,HV,1,0,-1,1
current,0.66,0.67,6774,0,0,0,I,HV,1,0,0,1
current,0.66,0.67,6775,0,0,0,I,HV,1,0,0,1
current,0.66,0.67,6776,0,0,0,I,HV,1,0,0,1
current,0.66,0.67,6777,0,0,0,I,HV,1,0,0,1
current,0.66,0.67,6778,0,0,0,I,HV,1,0,0,1
current,0.66,0.67,6779,0,0,0,I,HV,1,0,0,1
current,0.66,0.67,6780,0,0,0,I,HV,1,0,0,1
current,0.66,0.67,6781,0,0,0,I,HV,1,0,0,1
current,0.66,0.67,6782,0,0,0,I,HV,1,0,0,1
current,0.66,0.67,6783,0,0,0,I,HV,1,0,0,1
current,0.66,0.67,6784,0,0,0,I,HV,1,0,0,1
current,0.66,0.67,6785,0,0,0,I,HV,1,0,0,1
current,0.66,0.67,6786,0,0,0,I,HV,1,0,0,1
current,0.66,0.67,6787,0,0,0,I,HV,1,0,0,1
current,0.66,0.67,6788,0,0,0,I,HV,1,0,0,1
current,0.66,0.67,6789,0,0,0,I,HV,1,0,0,1
current,0.66,0.67,6790,0,0,0,I,HV,1,0,0,1
current,0.66,0.67,6791,0,0,0,I,HV,1,0,0,1
current,0.66,0.67,6792,0,1,1,V+1,HV,1,0,1,1
current,0.66,0.67,6793,0,1,1,V+1,HV,1,0,1,1
current,0.66,0.67,6794,0,0,0,I,HV,1,0,0,1
current,0.66,0.67,6795,0,1,1,V+1,HV,1,0,1,1
current,0.66,0.67,6796,0,1,1,V+1,HV,1,0,1,1
current,0.66,0.67,6797,0,0,0,I,HV,1,0,0,1
current,0.66,0.67,6798,0,0,0,I,HV,1,0,0,1
current,0.66,0.67,6799,0,0,0,I,HV,1,0,0,1
current,0.66,0.67,6800,0,0,0,I,HV,1,0,0,1
current,0.66,0.67,6801,0,0,0,I,HV,1,0,0,1
current,0.66,0.67,6802,0,0,0,I,HV,1,0,0,1
current,0.66,0.67,6803,0,0,0,I,HV,1,0,0,1
current,0.66,0.67,6804,0,0,0,I,HV,1,0,0,1
current,0.66,0.67,6805,0,0,0,I,HV,1,0,0,1
current,0.66,0.67,6806,0,0,0,I,HV,1,0,0,1
current,0.66,0.67,6807,0,0,0,I,HV,1,0,0,1
current,0.66,0.67,6808,0,0,0,I,HV,1,0,0,1
current,0.66,0.67,6809,0,0,0,I,HV,1,0,0,1
current,0.66,0.67,6810,0,0,0,I,HV,1,0,0,1
current,0.66,0.67,6811,0,0,0,I,HV,1,0,0,1
current,0.66,0.67,6812,0,0,0,I,HV,1,0,0,1
current,0.66,0.67,6813,0,0,0,I,HV,1,0,0,1
current,0.66,0.67,6814,0,0,0,I,HV,1,0,0,1
current,0.66,0.67,6815,0,0,0,I,HV,1,0,0,1
current,0.66,0.67,6816,0,0,0,I,HV,1,0,0,1
current,0.66,0.67,6817,0,1,1,V+1,HV,1,0,1,1
current,0.66,0.67,6818,0,1,1,V+1,HV,1,0,1,1
current,0.66,0.67,6819,0,0,0,I,HV,1,0,0,1
current,0.66,0.67,6820,0,0,0,I,HV,1,0,0,1
current,0.66,0.67,6821,0,0,0,I,HV,1,0,0,1
current,0.66,0.67,6822,0,0,0,I,HV,1,0,0,1
current,0.66,0.67,6823,0,0,0,I,HV,1,0,0,1
current,0.66,0.67,6824,0,0,0,I,HV,1,0,0,1
current,0.66,0.67,6825,0,0,0,I,HV,1,0,0,1
current,0.66,0.67,6826,0,0,0,I,HV,1,0,0,1
current,0.66,0.67,6827,0,0,0,I,HV,1,0,0,1
current,0.66,0.67,6828,0,0,0,I,HV,1,0,0,1
current,0.66,0.67,6829,0,0,0,I,HV,1,0,0,1
current,0.66,0.67,6830,0,0,0,I,HV,1,0,0,1
current,0.66,0.67,6831,0,0,0,I,HV,1,0,0,1
current,0.66,0.67,6832,0,0,0,I,HV,1,0,0,1
current,0.66,0.67,6833,-1,1,2,V+1 H-1,VH,1,-1,1,0
current,0.66,0.67,6834,-1,1,2,V+1 H-1,VH,1,-1,1,0
current,0.66,0.67,6835,0,0,0,I,HV,1,0,0,1
current,0.66,0.67,6836,0,0,0,I,HV,1,0,0,1
current,0.66,0.67,6837,0,0,0,I,HV,1,0,0,1
current,0.66,0.67,6838,0,0,0,I,HV,1,0,0,1
current,0.66,0.67,6839,0,0,0,I,HV,1,0,0,1
current,0.66,0.67,6840,0,0,0,I,HV,1,0,0,1
current,0.66,0.67,6841,0,0,0,I,HV,1,0,0,1
current,0.66,0.67,6842,0,0,0,I,HV,1,0,0,1
current,0.66,0.67,6843,0,0,0,I,HV,1,0,0,1
current,0.66,0.67,6844,0,0,0,I,HV,1,0,0,1
current,0.66,0.67,6845,-1,0,1,H-1,HV,1,-1,0,1
current,0.66,0.67,6846,-1,0,1,H-1,HV,1,-1,0,1
current,0.66,0.67,6847,-1,0,1,H-1,HV,1,-1,0,1
current,0.66,0.67,6848,0,0,0,I,HV,1,0,0,1
current,0.66,0.67,6849,-1,0,1,H-1,HV,1,-1,0,1
current,0.66,0.67,6850,1,-1,2,H+1 V-1,HV,0,1,-1,1
current,0.66,0.67,6851,0,0,0,I,HV,1,0,0,1
current,0.66,0.67,6852,0,0,0,I,HV,1,0,0,1
current,0.66,0.67,6853,0,0,0,I,HV,1,0,0,1
current,0.66,0.67,6854,0,1,1,V+1,HV,1,0,1,1
current,0.66,0.67,6855,1,1,2,H+1 V+1,HV,2,1,1,1
current,0.66,0.67,6856,1,0,1,H+1,HV,1,1,0,1
current,0.66,0.67,6857,1,1,2,V+1 H+1,VH,1,1,1,2
current,0.66,0.67,6858,2,0,2,H+1 H+1,HV,1,2,0,1
current,0.66,0.67,6859,-1,0,1,H-1,HV,1,-1,0,1
current,0.66,0.67,6860,1,0,1,H+1,HV,1,1,0,1
current,0.66,0.67,6861,1,0,1,H+1,HV,1,1,0,1
current,0.66,0.67,6862,1,-1,2,H+1 V-1,HV,0,1,-1,1
current,0.66,0.67,6863,1,-1,2,H+1 V-1,HV,0,1,-1,1
current,0.66,0.67,6864,1,0,1,H+1,HV,1,1,0,1
current,0.66,0.67,6865,1,0,1,H+1,HV,1,1,0,1
current,0.66,0.67,6866,-1,0,1,H-1,HV,1,-1,0,1
current,0.66,0.67,6867,-1,0,1,H-1,HV,1,-1,0,1
current,0.66,0.67,6868,1,0,1,H+1,HV,1,1,0,1
current,0.66,0.67,6869,1,0,1,H+1,HV,1,1,0,1
current,0.66,0.67,6870,-1,0,1,H-1,HV,1,-1,0,1
current,0.66,0.67,6871,-1,0,1,H-1,HV,1,-1,0,1
current,0.66,0.67,6872,1,0,1,H+1,HV,1,1,0,1
current,0.66,0.67,6873,1,0,1,H+1,HV,1,1,0,1
current,0.66,0.67,6874,1,-1,2,H+1 V-1,HV,0,1,-1,1
current,0.66,0.67,6875,1,-1,2,H+1 V-1,HV,0,1,-1,1
current,0.66,0.67,6876,1,0,1,H+1,HV,1,1,0,1
current,0.66,0.67,6877,1,0,1,H+1,HV,1,1,0,1
current,0.66,0.67,6878,-1,0,1,H-1,HV,1,-1,0,1
current,0.66,0.67,6879,-1,0,1,H-1,HV,1,-1,0,1
current,0.66,0.67,6880,1,0,1,H+1,HV,1,1,0,1
current,0.66,0.67,6881,1,0,1,H+1,HV,1,1,0,1
current,0.66,0.67,6882,1,-1,2,H+1 V-1,HV,0,1,-1,1
current,0.66,0.67,6883,1,-1,2,H+1 V-1,HV,0,1,-1,1
current,0.66,0.67,6884,1,0,1,H+1,HV,1,1,0,1
current,0.66,0.67,6885,1,0,1,H+1,HV,1,1,0,1
current,0.66,0.67,6886,-1,0,1,H-1,HV,1,-1,0,1
current,0.66,0.67,6887,-1,0,1,H-1,HV,1,-1,0,1
current,0.66,0.67,6888,-1,0,1,H-1,HV,1,-1,0,1
current,0.66,0.67,6889,-1,0,1,H-1,HV,1,-1,0,1
current,0.66,0.67,6890,1,0,1,H+1,HV,1,1,0,1
current,0.66,0.67,6891,1,0,1,H+1,HV,1,1,0,1
current,0.66,0.67,6892,-1,0,1,H-1,HV,1,-1,0,1
current,0.66,0.67,6893,-1,0,1,H-1,HV,1,-1,0,1
current,0.66,0.67,6894,1,0,1,H+1,HV,1,1,0,1
current,0.66,0.67,6895,1,0,1,H+1,HV,1,1,0,1
current,0.66,0.67,6896,0,1,1,V+1,HV,1,0,1,1
current,0.66,0.67,6897,1,0,1,H+1,HV,1,1,0,1
current,0.66,0.67,6898,1,-1,2,H+1 V-1,HV,0,1,-1,1
current,0.66,0.67,6899,1,-1,2,H+1 V-1,HV,0,1,-1,1
current,0.66,0.67,6900,1,0,1,H+1,HV,1,1,0,1
current,0.66,0.67,6901,0,1,1,V+1,HV,1,0,1,1
current,0.66,0.67,6902,0,0,0,I,HV,1,0,0,1
current,0.66,0.67,6903,0,0,0,I,HV,1,0,0,1
current,0.66,0.67,6904,0,0,0,I,HV,1,0,0,1
current,0.66,0.67,6905,0,0,0,I,HV,1,0,0,1
current,0.66,0.67,6906,0,0,0,I,HV,1,0,0,1
current,0.66,0.67,6907,0,0,0,I,HV,1,0,0,1
current,0.66,0.67,6908,0,0,0,I,HV,1,0,0,1
current,0.66,0.67,6909,0,0,0,I,HV,1,0,0,1
current,0.66,0.67,6910,0,0,0,I,HV,1,0,0,1
current,0.66,0.67,6911,0,0,0,I,HV,1,0,0,1
current,0.66,0.67,6912,0,-1,1,V-1,HV,1,0,-1,1
current,0.66,0.67,6913,0,-1,1,V-1,HV,1,0,-1,1
current,0.66,0.67,6914,0,0,0,I,HV,1,0,0,1
current,0.66,0.67,6915,0,0,0,I,HV,1,0,0,1
current,0.66,0.67,6916,0,0,0,I,HV,1,0,0,1
current,0.66,0.67,6917,0,0,0,I,HV,1,0,0,1
current,0.66,0.67,6918,0,0,0,I,HV,1,0,0,1
current,0.66,0.67,6919,0,0,0,I,HV,1,0,0,1
current,0.66,0.67,6920,0,0,0,I,HV,1,0,0,1
current,0.66,0.67,6921,0,0,0,I,HV,1,0,0,1
current,0.66,0.67,6922,0,0,0,I,HV,1,0,0,1
current,0.66,0.67,6923,0,0,0,I,HV,1,0,0,1
current,0.66,0.67,6924,0,0,0,I,HV,1,0,0,1
current,0.66,0.67,6925,0,0,0,I,HV,1,0,0,1
current,0.66,0.67,6926,0,0,0,I,HV,1,0,0,1
current,0.66,0.67,6927,0,0,0,I,HV,1,0,0,1
current,0.66,0.67,6928,0,0,0,I,HV,1,0,0,1
current,0.66,0.67,6929,0,0,0,I,HV,1,0,0,1
current,0.66,0.67,6930,0,0,0,I,HV,1,0,0,1
current,0.66,0.67,6931,0,0,0,I,HV,1,0,0,1
current,0.66,0.67,6932,0,0,0,I,HV,1,0,0,1
current,0.66,0.67,6933,0,0,0,I,HV,1,0,0,1
current,0.66,0.67,6934,0,1,1,V+1,HV,1,0,1,1
current,0.66,0.67,6935,0,1,1,V+1,HV,1,0,1,1
current,0.66,0.67,6936,0,0,0,I,HV,1,0,0,1
current,0.66,0.67,6937,0,0,0,I,HV,1,0,0,1
current,0.66,0.67,6938,0,0,0,I,HV,1,0,0,1
current,0.66,0.67,6939,0,0,0,I,HV,1,0,0,1
current,0.66,0.67,6940,0,0,0,I,HV,1,0,0,1
current,0.66,0.67,6941,0,0,0,I,HV,1,0,0,1
current,0.66,0.67,6942,0,0,0,I,HV,1,0,0,1
current,0.66,0.67,6943,0,0,0,I,HV,1,0,0,1
current,0.66,0.67,6944,0,0,0,I,HV,1,0,0,1
current,0.66,0.67,6945,0,0,0,I,HV,1,0,0,1
current,0.66,0.67,6946,0,0,0,I,HV,1,0,0,1
current,0.66,0.67,6947,0,0,0,I,HV,1,0,0,1
current,0.66,0.67,6948,0,0,0,I,HV,1,0,0,1
current,0.66,0.67,6949,0,0,0,I,HV,1,0,0,1
current,0.66,0.67,6950,0,0,0,I,HV,1,0,0,1
current,0.66,0.67,6951,0,0,0,I,HV,1,0,0,1
current,0.66,0.67,6952,0,0,0,I,HV,1,0,0,1
current,0.66,0.67,6953,0,0,0,I,HV,1,0,0,1
current,0.66,0.67,6954,0,0,0,I,HV,1,0,0,1
current,0.66,0.67,6955,0,0,0,I,HV,1,0,0,1
current,0.66,0.67,6956,0,1,1,V+1,HV,1,0,1,1
current,0.66,0.67,6957,-1,0,1,H-1,HV,1,-1,0,1
current,0.66,0.67,6958,0,0,0,I,HV,1,0,0,1
current,0.66,0.67,6959,0,0,0,I,HV,1,0,0,1
current,0.66,0.67,6960,0,0,0,I,HV,1,0,0,1
current,0.66,0.67,6961,0,0,0,I,HV,1,0,0,1
current,0.66,0.67,6962,0,0,0,I,HV,1,0,0,1
current,0.66,0.67,6963,0,0,0,I,HV,1,0,0,1
current,0.66,0.67,6964,0,0,0,I,HV,1,0,0,1
current,0.66,0.67,6965,0,0,0,I,HV,1,0,0,1
current,0.66,0.67,6966,0,0,0,I,HV,1,0,0,1
current,0.66,0.67,6967,0,0,0,I,HV,1,0,0,1
current,0.66,0.67,6968,0,0,0,I,HV,1,0,0,1
current,0.66,0.67,6969,0,0,0,I,HV,1,0,0,1
current,0.66,0.67,6970,0,0,0,I,HV,1,0,0,1
current,0.66,0.67,6971,0,0,0,I,HV,1,0,0,1
current,0.66,0.67,6972,0,-1,1,V-1,HV,1,0,-1,1
current,0.66,0.67,6973,0,-1,1,V-1,HV,1,0,-1,1
current,0.66,0.67,6974,0,0,0,I,HV,1,0,0,1
current,0.66,0.67,6975,0,0,0,I,HV,1,0,0,1
current,0.66,0.67,6976,0,0,0,I,HV,1,0,0,1
current,0.66,0.67,6977,0,0,0,I,HV,1,0,0,1
current,0.66,0.67,6978,0,0,0,I,HV,1,0,0,1
current,0.66,0.67,6979,0,0,0,I,HV,1,0,0,1
current,0.66,0.67,6980,0,0,0,I,HV,1,0,0,1
current,0.66,0.67,6981,1,-1,2,H+1 V-1,HV,0,1,-1,1
current,0.66,0.67,6982,-1,0,1,H-1,HV,1,-1,0,1
current,0.66,0.67,6983,-1,0,1,H-1,HV,1,-1,0,1
current,0.66,0.67,6984,-2,0,2,H-1 H-1,HV,1,-2,0,1
current,0.66,0.67,6985,-2,0,2,H-1 H-1,HV,1,-2,0,1
current,0.66,0.67,6986,-1,0,1,H-1,HV,1,-1,0,1
current,0.66,0.67,6987,0,0,0,I,HV,1,0,0,1
current,0.66,0.67,6988,0,0,0,I,HV,1,0,0,1
current,0.66,0.67,6989,0,0,0,I,HV,1,0,0,1
current,0.66,0.67,6990,1,0,1,H+1,HV,1,1,0,1
current,0.66,0.67,6991,1,0,1,H+1,HV,1,1,0,1
current,0.66,0.67,6992,1,0,1,H+1,HV,1,1,0,1
current,0.66,0.67,6993,1,1,2,H+1 V+1,HV,2,1,1,1
current,0.66,0.67,6994,1,0,1,H+1,HV,1,1,0,1
current,0.66,0.67,6995,1,0,1,H+1,HV,1,1,0,1
current,0.66,0.67,6996,1,0,1,H+1,HV,1,1,0,1
current,0.66,0.67,6997,1,0,1,H+1,HV,1,1,0,1
current,0.66,0.67,6998,1,0,1,H+1,HV,1,1,0,1
current,0.66,0.67,6999,1,-1,2,H+1 V-1,HV,0,1,-1,1
current,0.66,0.67,7000,1,0,1,H+1,HV,1,1,0,1
current,0.66,0.67,7001,1,0,1,H+1,HV,1,1,0,1
current,0.66,0.67,7002,1,-1,2,H+1 V-1,HV,0,1,-1,1
current,0.66,0.67,7003,1,-1,2,H+1 V-1,HV,0,1,-1,1
current,0.66,0.67,7004,1,0,1,H+1,HV,1,1,0,1
current,0.66,0.67,7005,1,0,1,H+1,HV,1,1,0,1
current,0.66,0.67,7006,-1,0,1,H-1,HV,1,-1,0,1
current,0.66,0.67,7007,-1,0,1,H-1,HV,1,-1,0,1
current,0.66,0.67,7008,1,0,1,H+1,HV,1,1,0,1
current,0.66,0.67,7009,1,0,1,H+1,HV,1,1,0,1
current,0.66,0.67,7010,-1,0,1,H-1,HV,1,-1,0,1
current,0.66,0.67,7011,-1,0,1,H-1,HV,1,-1,0,1
current,0.66,0.67,7012,1,0,1,H+1,HV,1,1,0,1
current,0.66,0.67,7013,1,0,1,H+1,HV,1,1,0,1
current,0.66,0.67,7014,1,-1,2,H+1 V-1,HV,0,1,-1,1
current,0.66,0.67,7015,1,0,1,H+1,HV,1,1,0,1
current,0.66,0.67,7016,1,0,1,H+1,HV,1,1,0,1
current,0.66,0.67,7017,-1,0,1,H-1,HV,1,-1,0,1
current,0.66,0.67,7018,-1,0,1,H-1,HV,1,-1,0,1
current,0.66,0.67,7019,1,0,1,H+1,HV,1,1,0,1
current,0.66,0.67,7020,-1,1,2,V+1 H-1,VH,1,-1,1,0
current,0.66,0.67,7021,1,-1,2,H+1 V-1,HV,0,1,-1,1
current,0.66,0.67,7022,1,-1,2,H+1 V-1,HV,0,1,-1,1
current,0.66,0.67,7023,1,0,1,H+1,HV,1,1,0,1
current,0.66,0.67,7024,1,0,1,H+1,HV,1,1,0,1
current,0.66,0.67,7025,-1,0,1,H-1,HV,1,-1,0,1
current,0.66,0.67,7026,-1,0,1,H-1,HV,1,-1,0,1
current,0.66,0.67,7027,-1,0,1,H-1,HV,1,-1,0,1
current,0.66,0.67,7028,-1,0,1,H-1,HV,1,-1,0,1
current,0.66,0.67,7029,1,0,1,H+1,HV,1,1,0,1
current,0.66,0.67,7030,1,0,1,H+1,HV,1,1,0,1
current,0.66,0.67,7031,-1,0,1,H-1,HV,1,-1,0,1
current,0.66,0.67,7032,-1,0,1,H-1,HV,1,-1,0,1
current,0.66,0.67,7033,1,0,1,H+1,HV,1,1,0,1
current,0.66,0.67,7034,1,0,1,H+1,HV,1,1,0,1
current,0.66,0.67,7035,1,0,1,H+1,HV,1,1,0,1
current,0.66,0.67,7036,0,2,2,V+1 V+1,HV,1,0,2,1
current,0.66,0.67,7037,0,0,0,I,HV,1,0,0,1
current,0.66,0.67,7038,1,-1,2,H+1 V-1,HV,0,1,-1,1
current,0.66,0.67,7039,0,0,0,I,HV,1,0,0,1
current,0.66,0.67,7040,1,1,2,V+1 H+1,VH,1,1,1,2
current,0.66,0.67,7041,0,0,0,I,HV,1,0,0,1
current,0.66,0.67,7042,0,0,0,I,HV,1,0,0,1
current,0.66,0.67,7043,0,0,0,I,HV,1,0,0,1
current,0.66,0.67,7044,0,0,0,I,HV,1,0,0,1
current,0.66,0.67,7045,0,0,0,I,HV,1,0,0,1
current,0.66,0.67,7046,0,0,0,I,HV,1,0,0,1
current,0.66,0.67,7047,0,0,0,I,HV,1,0,0,1
current,0.66,0.67,7048,0,0,0,I,HV,1,0,0,1
current,0.66,0.67,7049,0,0,0,I,HV,1,0,0,1
current,0.66,0.67,7050,0,0,0,I,HV,1,0,0,1
current,0.66,0.67,7051,-1,1,2,V+1 H-1,VH,1,-1,1,0
current,0.66,0.67,7052,-1,1,2,V+1 H-1,VH,1,-1,1,0
current,0.66,0.67,7053,0,0,0,I,HV,1,0,0,1
current,0.66,0.67,7054,0,0,0,I,HV,1,0,0,1
current,0.66,0.67,7055,0,0,0,I,HV,1,0,0,1
current,0.66,0.67,7056,0,0,0,I,HV,1,0,0,1
current,0.66,0.67,7057,0,0,0,I,HV,1,0,0,1
current,0.66,0.67,7058,0,0,0,I,HV,1,0,0,1
current,0.66,0.67,7059,0,0,0,I,HV,1,0,0,1
current,0.66,0.67,7060,0,0,0,I,HV,1,0,0,1
current,0.66,0.67,7061,0,0,0,I,HV,1,0,0,1
current,0.66,0.67,7062,0,0,0,I,HV,1,0,0,1
current,0.66,0.67,7063,0,0,0,I,HV,1,0,0,1
current,0.66,0.67,7064,0,0,0,I,HV,1,0,0,1
current,0.66,0.67,7065,0,0,0,I,HV,1,0,0,1
current,0.66,0.67,7066,0,0,0,I,HV,1,0,0,1
current,0.66,0.67,7067,0,0,0,I,HV,1,0,0,1
current,0.66,0.67,7068,0,0,0,I,HV,1,0,0,1
current,0.66,0.67,7069,0,0,0,I,HV,1,0,0,1
current,0.66,0.67,7070,0,1,1,V+1,HV,1,0,1,1
current,0.66,0.67,7071,0,1,1,V+1,HV,1,0,1,1
current,0.66,0.67,7072,0,0,0,I,HV,1,0,0,1
current,0.66,0.67,7073,0,0,0,I,HV,1,0,0,1
current,0.66,0.67,7074,0,1,1,V+1,HV,1,0,1,1
current,0.66,0.67,7075,0,1,1,V+1,HV,1,0,1,1
current,0.66,0.67,7076,0,0,0,I,HV,1,0,0,1
current,0.66,0.67,7077,0,0,0,I,HV,1,0,0,1
current,0.66,0.67,7078,0,0,0,I,HV,1,0,0,1
current,0.66,0.67,7079,0,0,0,I,HV,1,0,0,1
current,0.66,0.67,7080,0,0,0,I,HV,1,0,0,1
current,0.66,0.67,7081,0,0,0,I,HV,1,0,0,1
current,0.66,0.67,7082,0,0,0,I,HV,1,0,0,1
current,0.66,0.67,7083,0,0,0,I,HV,1,0,0,1
current,0.66,0.67,7084,0,0,0,I,HV,1,0,0,1
current,0.66,0.67,7085,0,0,0,I,HV,1,0,0,1
current,0.66,0.67,7086,0,0,0,I,HV,1,0,0,1
current,0.66,0.67,7087,0,0,0,I,HV,1,0,0,1
current,0.66,0.67,7088,0,0,0,I,HV,1,0,0,1
current,0.66,0.67,7089,0,0,0,I,HV,1,0,0,1
current,0.66,0.67,7090,0,0,0,I,HV,1,0,0,1
current,0.66,0.67,7091,0,0,0,I,HV,1,0,0,1
current,0.66,0.67,7092,0,0,0,I,HV,1,0,0,1
current,0.66,0.67,7093,0,0,0,I,HV,1,0,0,1
current,0.66,0.67,7094,0,0,0,I,HV,1,0,0,1
current,0.66,0.67,7095,0,0,0,I,HV,1,0,0,1
current,0.66,0.67,7096,0,1,1,V+1,HV,1,0,1,1
current,0.66,0.67,7097,-1,0,1,H-1,HV,1,-1,0,1
current,0.66,0.67,7098,0,0,0,I,HV,1,0,0,1
current,0.66,0.67,7099,0,0,0,I,HV,1,0,0,1
current,0.66,0.67,7100,0,0,0,I,HV,1,0,0,1
current,0.66,0.67,7101,0,0,0,I,HV,1,0,0,1
current,0.66,0.67,7102,0,0,0,I,HV,1,0,0,1
current,0.66,0.67,7103,0,0,0,I,HV,1,0,0,1
current,0.66,0.67,7104,0,0,0,I,HV,1,0,0,1
current,0.66,0.67,7105,0,0,0,I,HV,1,0,0,1
current,0.66,0.67,7106,0,0,0,I,HV,1,0,0,1
current,0.66,0.67,7107,0,0,0,I,HV,1,0,0,1
current,0.66,0.67,7108,0,0,0,I,HV,1,0,0,1
current,0.66,0.67,7109,0,0,0,I,HV,1,0,0,1
current,0.66,0.67,7110,0,0,0,I,HV,1,0,0,1
current,0.66,0.67,7111,0,0,0,I,HV,1,0,0,1
current,0.66,0.67,7112,0,-1,1,V-1,HV,1,0,-1,1
current,0.66,0.67,7113,0,-1,1,V-1,HV,1,0,-1,1
current,0.66,0.67,7114,0,0,0,I,HV,1,0,0,1
current,0.66,0.67,7115,0,0,0,I,HV,1,0,0,1
current,0.66,0.67,7116,0,0,0,I,HV,1,0,0,1
current,0.66,0.67,7117,0,0,0,I,HV,1,0,0,1
current,0.66,0.67,7118,0,0,0,I,HV,1,0,0,1
current,0.66,0.67,7119,1,-1,2,H+1 V-1,HV,0,1,-1,1
current,0.66,0.67,7120,1,-1,2,H+1 V-1,HV,0,1,-1,1
current,0.66,0.67,7121,0,0,0,I,HV,1,0,0,1
current,0.66,0.67,7122,0,0,0,I,HV,1,0,0,1
current,0.66,0.67,7123,0,0,0,I,HV,1,0,0,1
current,0.66,0.67,7124,-1,0,1,H-1,HV,1,-1,0,1
current,0.66,0.67,7125,0,0,0,I,HV,1,0,0,1
current,0.66,0.67,7126,1,0,1,H+1,HV,1,1,0,1
current,0.66,0.67,7127,1,0,1,H+1,HV,1,1,0,1
current,0.66,0.67,7128,1,0,1,H+1,HV,1,1,0,1
current,0.66,0.67,7129,1,-1,2,H+1 V-1,HV,0,1,-1,1
current,0.66,0.67,7130,0,0,0,I,HV,1,0,0,1
current,0.66,0.67,7131,-2,-1,3,V-1 H-1 H-1,VH,1,-2,-1,3
current,0.66,0.67,7132,1,1,2,V+1 H+1,VH,1,1,1,2
current,0.66,0.67,7133,1,0,1,H+1,HV,1,1,0,1
current,0.66,0.67,7134,1,0,1,H+1,HV,1,1,0,1
current,0.66,0.67,7135,1,0,1,H+1,HV,1,1,0,1
current,0.66,0.67,7136,1,0,1,H+1,HV,1,1,0,1
current,0.66,0.67,7137,1,0,1,H+1,HV,1,1,0,1
current,0.66,0.67,7138,1,-1,2,H+1 V-1,HV,0,1,-1,1
current,0.66,0.67,7139,1,-1,2,H+1 V-1,HV,0,1,-1,1
current,0.66,0.67,7140,1,0,1,H+1,HV,1,1,0,1
current,0.66,0.67,7141,1,0,1,H+1,HV,1,1,0,1
current,0.66,0.67,7142,1,-1,2,H+1 V-1,HV,0,1,-1,1
current,0.66,0.67,7143,1,-1,2,H+1 V-1,HV,0,1,-1,1
current,0.66,0.67,7144,1,0,1,H+1,HV,1,1,0,1
current,0.66,0.67,7145,1,0,1,H+1,HV,1,1,0,1
current,0.66,0.67,7146,-1,0,1,H-1,HV,1,-1,0,1
current,0.66,0.67,7147,-1,0,1,H-1,HV,1,-1,0,1
current,0.66,0.67,7148,1,0,1,H+1,HV,1,1,0,1
current,0.66,0.67,7149,-1,0,1,H-1,HV,1,-1,0,1
current,0.66,0.67,7150,-1,0,1,H-1,HV,1,-1,0,1
current,0.66,0.67,7151,1,0,1,H+1,HV,1,1,0,1
current,0.66,0.67,7152,1,0,1,H+1,HV,1,1,0,1
current,0.66,0.67,7153,1,-1,2,H+1 V-1,HV,0,1,-1,1
current,0.66,0.67,7154,-1,0,1,H-1,HV,1,-1,0,1
current,0.66,0.67,7155,1,0,1,H+1,HV,1,1,0,1
current,0.66,0.67,7156,-1,0,1,H-1,HV,1,-1,0,1
current,0.66,0.67,7157,-1,0,1,H-1,HV,1,-1,0,1
current,0.66,0.67,7158,1,0,1,H+1,HV,1,1,0,1
current,0.66,0.67,7159,1,0,1,H+1,HV,1,1,0,1
current,0.66,0.67,7160,-1,0,1,H-1,HV,1,-1,0,1
current,0.66,0.67,7161,1,-1,2,H+1 V-1,HV,0,1,-1,1
current,0.66,0.67,7162,1,0,1,H+1,HV,1,1,0,1
current,0.66,0.67,7163,1,0,1,H+1,HV,1,1,0,1
current,0.66,0.67,7164,-1,0,1,H-1,HV,1,-1,0,1
current,0.66,0.67,7165,-1,0,1,H-1,HV,1,-1,0,1
current,0.66,0.67,7166,-1,0,1,H-1,HV,1,-1,0,1
current,0.66,0.67,7167,-1,0,1,H-1,HV,1,-1,0,1
current,0.66,0.67,7168,0,1,1,V+1,HV,1,0,1,1
current,0.66,0.67,7169,2,0,2,H+1 H+1,HV,1,2,0,1
current,0.66,0.67,7170,-1,0,1,H-1,HV,1,-1,0,1
current,0.66,0.67,7171,-2,0,2,H-1 H-1,HV,1,-2,0,1
current,0.66,0.67,7172,1,0,1,H+1,HV,1,1,0,1
current,0.66,0.67,7173,1,0,1,H+1,HV,1,1,0,1
current,0.66,0.67,7174,1,0,1,H+1,HV,1,1,0,1
current,0.66,0.67,7175,1,-1,2,H+1 V-1,HV,0,1,-1,1
current,0.66,0.67,7176,1,-1,2,H+1 V-1,HV,0,1,-1,1
current,0.66,0.67,7177,0,0,0,I,HV,1,0,0,1
current,0.66,0.67,7178,0,0,0,I,HV,1,0,0,1
current,0.66,0.67,7179,0,0,0,I,HV,1,0,0,1
current,0.66,0.67,7180,0,0,0,I,HV,1,0,0,1
current,0.66,0.67,7181,0,0,0,I,HV,1,0,0,1
current,0.66,0.67,7182,0,0,0,I,HV,1,0,0,1
current,0.66,0.67,7183,0,0,0,I,HV,1,0,0,1
current,0.66,0.67,7184,0,0,0,I,HV,1,0,0,1
current,0.66,0.67,7185,0,0,0,I,HV,1,0,0,1
current,0.66,0.67,7186,0,0,0,I,HV,1,0,0,1
current,0.66,0.67,7187,0,0,0,I,HV,1,0,0,1
current,0.66,0.67,7188,0,0,0,I,HV,1,0,0,1
current,0.66,0.67,7189,0,0,0,I,HV,1,0,0,1
current,0.66,0.67,7190,0,-1,1,V-1,HV,1,0,-1,1
current,0.66,0.67,7191,0,-1,1,V-1,HV,1,0,-1,1
current,0.66,0.67,7192,0,0,0,I,HV,1,0,0,1
current,0.66,0.67,7193,0,0,0,I,HV,1,0,0,1
current,0.66,0.67,7194,0,0,0,I,HV,1,0,0,1
current,0.66,0.67,7195,0,0,0,I,HV,1,0,0,1
current,0.66,0.67,7196,0,0,0,I,HV,1,0,0,1
current,0.66,0.67,7197,0,0,0,I,HV,1,0,0,1
current,0.66,0.67,7198,0,0,0,I,HV,1,0,0,1
current,0.66,0.67,7199,0,0,0,I,HV,1,0,0,1
current,0.66,0.67,7200,0,0,0,I,HV,1,0,0,1
current,0.66,0.67,7201,0,0,0,I,HV,1,0,0,1
current,0.66,0.67,7202,0,0,0,I,HV,1,0,0,1
current,0.66,0.67,7203,0,0,0,I,HV,1,0,0,1
current,0.66,0.67,7204,0,0,0,I,HV,1,0,0,1
current,0.66,0.67,7205,0,0,0,I,HV,1,0,0,1
current,0.66,0.67,7206,0,0,0,I,HV,1,0,0,1
current,0.66,0.67,7207,0,0,0,I,HV,1,0,0,1
current,0.66,0.67,7208,0,0,0,I,HV,1,0,0,1
current,0.66,0.67,7209,0,0,0,I,HV,1,0,0,1
current,0.66,0.67,7210,0,1,1,V+1,HV,1,0,1,1
current,0.66,0.67,7211,0,1,1,V+1,HV,1,0,1,1
current,0.66,0.67,7212,0,0,0,I,HV,1,0,0,1
current,0.66,0.67,7213,0,0,0,I,HV,1,0,0,1
current,0.66,0.67,7214,0,1,1,V+1,HV,1,0,1,1
current,0.66,0.67,7215,0,1,1,V+1,HV,1,0,1,1
current,0.66,0.67,7216,0,0,0,I,HV,1,0,0,1
current,0.66,0.67,7217,0,0,0,I,HV,1,0,0,1
current,0.66,0.67,7218,0,0,0,I,HV,1,0,0,1
current,0.66,0.67,7219,0,0,0,I,HV,1,0,0,1
current,0.66,0.67,7220,0,0,0,I,HV,1,0,0,1
current,0.66,0.67,7221,0,0,0,I,HV,1,0,0,1
current,0.66,0.67,7222,0,0,0,I,HV,1,0,0,1
current,0.66,0.67,7223,0,0,0,I,HV,1,0,0,1
current,0.66,0.67,7224,0,0,0,I,HV,1,0,0,1
current,0.66,0.67,7225,0,0,0,I,HV,1,0,0,1
current,0.66,0.67,7226,0,0,0,I,HV,1,0,0,1
current,0.66,0.67,7227,0,0,0,I,HV,1,0,0,1
current,0.66,0.67,7228,0,0,0,I,HV,1,0,0,1
current,0.66,0.67,7229,0,0,0,I,HV,1,0,0,1
current,0.66,0.67,7230,0,0,0,I,HV,1,0,0,1
current,0.66,0.67,7231,0,0,0,I,HV,1,0,0,1
current,0.66,0.67,7232,0,0,0,I,HV,1,0,0,1
current,0.66,0.67,7233,0,0,0,I,HV,1,0,0,1
current,0.66,0.67,7234,0,0,0,I,HV,1,0,0,1
current,0.66,0.67,7235,0,0,0,I,HV,1,0,0,1
current,0.66,0.67,7236,0,1,1,V+1,HV,1,0,1,1
current,0.66,0.67,7237,-1,0,1,H-1,HV,1,-1,0,1
current,0.66,0.67,7238,0,0,0,I,HV,1,0,0,1
current,0.66,0.67,7239,0,0,0,I,HV,1,0,0,1
current,0.66,0.67,7240,0,0,0,I,HV,1,0,0,1
current,0.66,0.67,7241,0,0,0,I,HV,1,0,0,1
current,0.66,0.67,7242,0,0,0,I,HV,1,0,0,1
current,0.66,0.67,7243,0,0,0,I,HV,1,0,0,1
current,0.66,0.67,7244,0,0,0,I,HV,1,0,0,1
current,0.66,0.67,7245,0,0,0,I,HV,1,0,0,1
current,0.66,0.67,7246,0,0,0,I,HV,1,0,0,1
current,0.66,0.67,7247,0,0,0,I,HV,1,0,0,1
current,0.66,0.67,7248,0,0,0,I,HV,1,0,0,1
current,0.66,0.67,7249,0,0,0,I,HV,1,0,0,1
current,0.66,0.67,7250,0,0,0,I,HV,1,0,0,1
current,0.66,0.67,7251,0,0,0,I,HV,1,0,0,1
current,0.66,0.67,7252,0,-1,1,V-1,HV,1,0,-1,1
current,0.66,0.67,7253,0,-1,1,V-1,HV,1,0,-1,1
current,0.66,0.67,7254,0,0,0,I,HV,1,0,0,1
current,0.66,0.67,7255,0,0,0,I,HV,1,0,0,1
current,0.66,0.67,7256,0,0,0,I,HV,1,0,0,1
current,0.66,0.67,7257,0,0,0,I,HV,1,0,0,1
current,0.66,0.67,7258,0,0,0,I,HV,1,0,0,1
current,0.66,0.67,7259,0,0,0,I,HV,1,0,0,1
current,0.66,0.67,7260,0,0,0,I,HV,1,0,0,1
current,0.66,0.67,7261,1,0,1,H+1,HV,1,1,0,1
current,0.66,0.67,7262,1,0,1,H+1,HV,1,1,0,1
current,0.66,0.67,7263,1,0,1,H+1,HV,1,1,0,1
current,0.66,0.67,7264,0,0,0,I,HV,1,0,0,1
current,0.66,0.67,7265,0,-1,3,H+1 V-1 H-1,longer_word,0,1,-1,2
current,0.66,0.67,7266,-1,0,1,H-1,HV,1,-1,0,1
current,0.66,0.67,7267,-1,0,1,H-1,HV,1,-1,0,1
current,0.66,0.67,7268,1,-1,2,H+1 V-1,HV,0,1,-1,1
current,0.66,0.67,7269,0,0,0,I,HV,1,0,0,1
current,0.66,0.67,7270,0,0,0,I,HV,1,0,0,1
current,0.66,0.67,7271,1,0,1,H+1,HV,1,1,0,1
current,0.66,0.67,7272,1,0,1,H+1,HV,1,1,0,1
current,0.66,0.67,7273,1,0,1,H+1,HV,1,1,0,1
current,0.66,0.67,7274,1,0,1,H+1,HV,1,1,0,1
current,0.66,0.67,7275,1,0,1,H+1,HV,1,1,0,1
current,0.66,0.67,7276,1,0,1,H+1,HV,1,1,0,1
current,0.66,0.67,7277,1,0,1,H+1,HV,1,1,0,1
current,0.66,0.67,7278,1,-1,2,H+1 V-1,HV,0,1,-1,1
current,0.66,0.67,7279,1,-1,2,H+1 V-1,HV,0,1,-1,1
current,0.66,0.67,7280,1,0,1,H+1,HV,1,1,0,1
current,0.66,0.67,7281,1,-1,2,H+1 V-1,HV,0,1,-1,1
current,0.66,0.67,7282,1,-1,2,H+1 V-1,HV,0,1,-1,1
current,0.66,0.67,7283,1,0,1,H+1,HV,1,1,0,1
current,0.66,0.67,7284,1,0,1,H+1,HV,1,1,0,1
current,0.66,0.67,7285,-1,0,1,H-1,HV,1,-1,0,1
current,0.66,0.67,7286,-1,0,1,H-1,HV,1,-1,0,1
current,0.66,0.67,7287,1,0,1,H+1,HV,1,1,0,1
current,0.66,0.67,7288,1,0,1,H+1,HV,1,1,0,1
current,0.66,0.67,7289,1,-1,2,H+1 V-1,HV,0,1,-1,1
current,0.66,0.67,7290,1,0,1,H+1,HV,1,1,0,1
current,0.66,0.67,7291,1,0,1,H+1,HV,1,1,0,1
current,0.66,0.67,7292,-1,0,1,H-1,HV,1,-1,0,1
current,0.66,0.67,7293,-1,0,1,H-1,HV,1,-1,0,1
current,0.66,0.67,7294,1,0,1,H+1,HV,1,1,0,1
current,0.66,0.67,7295,1,0,1,H+1,HV,1,1,0,1
current,0.66,0.67,7296,-1,0,1,H-1,HV,1,-1,0,1
current,0.66,0.67,7297,-1,0,1,H-1,HV,1,-1,0,1
current,0.66,0.67,7298,1,0,1,H+1,HV,1,1,0,1
current,0.66,0.67,7299,1,0,1,H+1,HV,1,1,0,1
current,0.66,0.67,7300,1,-1,2,H+1 V-1,HV,0,1,-1,1
current,0.66,0.67,7301,1,-1,2,H+1 V-1,HV,0,1,-1,1
current,0.66,0.67,7302,0,1,1,V+1,HV,1,0,1,1
current,0.66,0.67,7303,1,0,1,H+1,HV,1,1,0,1
current,0.66,0.67,7304,0,0,0,I,HV,1,0,0,1
current,0.66,0.67,7305,0,0,0,I,HV,1,0,0,1
current,0.66,0.67,7306,0,0,0,I,HV,1,0,0,1
current,0.66,0.67,7307,0,0,0,I,HV,1,0,0,1
current,0.66,0.67,7308,1,0,1,H+1,HV,1,1,0,1
current,0.66,0.67,7309,0,1,1,V+1,HV,1,0,1,1
current,0.66,0.67,7310,-2,0,2,H-1 H-1,HV,1,-2,0,1
current,0.66,0.67,7311,0,0,0,I,HV,1,0,0,1
current,0.66,0.67,7312,1,1,2,V+1 H+1,VH,1,1,1,2
current,0.66,0.67,7313,2,0,2,H+1 H+1,HV,1,2,0,1
current,0.66,0.67,7314,0,0,0,I,HV,1,0,0,1
current,0.66,0.67,7315,1,0,1,H+1,HV,1,1,0,1
current,0.66,0.67,7316,0,0,0,I,HV,1,0,0,1
current,0.66,0.67,7317,0,0,0,I,HV,1,0,0,1
current,0.66,0.67,7318,0,0,0,I,HV,1,0,0,1
current,0.66,0.67,7319,0,0,0,I,HV,1,0,0,1
current,0.66,0.67,7320,0,0,0,I,HV,1,0,0,1
current,0.66,0.67,7321,0,0,0,I,HV,1,0,0,1
current,0.66,0.67,7322,0,0,0,I,HV,1,0,0,1
current,0.66,0.67,7323,0,0,0,I,HV,1,0,0,1
current,0.66,0.67,7324,0,0,0,I,HV,1,0,0,1
current,0.66,0.67,7325,0,0,0,I,HV,1,0,0,1
current,0.66,0.67,7326,0,0,0,I,HV,1,0,0,1
current,0.66,0.67,7327,0,0,0,I,HV,1,0,0,1
current,0.66,0.67,7328,0,0,0,I,HV,1,0,0,1
current,0.66,0.67,7329,0,0,0,I,HV,1,0,0,1
current,0.66,0.67,7330,0,-1,1,V-1,HV,1,0,-1,1
current,0.66,0.67,7331,0,-1,1,V-1,HV,1,0,-1,1
current,0.66,0.67,7332,0,0,0,I,HV,1,0,0,1
current,0.66,0.67,7333,0,0,0,I,HV,1,0,0,1
current,0.66,0.67,7334,0,0,0,I,HV,1,0,0,1
current,0.66,0.67,7335,0,0,0,I,HV,1,0,0,1
current,0.66,0.67,7336,0,0,0,I,HV,1,0,0,1
current,0.66,0.67,7337,0,0,0,I,HV,1,0,0,1
current,0.66,0.67,7338,0,0,0,I,HV,1,0,0,1
current,0.66,0.67,7339,0,0,0,I,HV,1,0,0,1
current,0.66,0.67,7340,0,0,0,I,HV,1,0,0,1
current,0.66,0.67,7341,0,0,0,I,HV,1,0,0,1
current,0.66,0.67,7342,0,0,0,I,HV,1,0,0,1
current,0.66,0.67,7343,0,0,0,I,HV,1,0,0,1
current,0.66,0.67,7344,0,0,0,I,HV,1,0,0,1
current,0.66,0.67,7345,0,0,0,I,HV,1,0,0,1
current,0.66,0.67,7346,0,0,0,I,HV,1,0,0,1
current,0.66,0.67,7347,0,0,0,I,HV,1,0,0,1
current,0.66,0.67,7348,0,0,0,I,HV,1,0,0,1
current,0.66,0.67,7349,0,0,0,I,HV,1,0,0,1
current,0.66,0.67,7350,0,1,1,V+1,HV,1,0,1,1
current,0.66,0.67,7351,0,1,1,V+1,HV,1,0,1,1
current,0.66,0.67,7352,0,0,0,I,HV,1,0,0,1
current,0.66,0.67,7353,0,0,0,I,HV,1,0,0,1
current,0.66,0.67,7354,0,1,1,V+1,HV,1,0,1,1
current,0.66,0.67,7355,0,1,1,V+1,HV,1,0,1,1
current,0.66,0.67,7356,0,0,0,I,HV,1,0,0,1
current,0.66,0.67,7357,0,0,0,I,HV,1,0,0,1
current,0.66,0.67,7358,0,0,0,I,HV,1,0,0,1
current,0.66,0.67,7359,0,0,0,I,HV,1,0,0,1
current,0.66,0.67,7360,0,0,0,I,HV,1,0,0,1
current,0.66,0.67,7361,0,0,0,I,HV,1,0,0,1
current,0.66,0.67,7362,0,0,0,I,HV,1,0,0,1
current,0.66,0.67,7363,0,0,0,I,HV,1,0,0,1
current,0.66,0.67,7364,0,0,0,I,HV,1,0,0,1
current,0.66,0.67,7365,0,0,0,I,HV,1,0,0,1
current,0.66,0.67,7366,0,0,0,I,HV,1,0,0,1
current,0.66,0.67,7367,0,0,0,I,HV,1,0,0,1
current,0.66,0.67,7368,0,0,0,I,HV,1,0,0,1
current,0.66,0.67,7369,0,0,0,I,HV,1,0,0,1
current,0.66,0.67,7370,0,0,0,I,HV,1,0,0,1
current,0.66,0.67,7371,0,0,0,I,HV,1,0,0,1
current,0.66,0.67,7372,0,0,0,I,HV,1,0,0,1
current,0.66,0.67,7373,0,0,0,I,HV,1,0,0,1
current,0.66,0.67,7374,0,0,0,I,HV,1,0,0,1
current,0.66,0.67,7375,0,0,0,I,HV,1,0,0,1
current,0.66,0.67,7376,0,1,1,V+1,HV,1,0,1,1
current,0.66,0.67,7377,0,1,1,V+1,HV,1,0,1,1
current,0.66,0.67,7378,0,0,0,I,HV,1,0,0,1
current,0.66,0.67,7379,0,0,0,I,HV,1,0,0,1
current,0.66,0.67,7380,0,0,0,I,HV,1,0,0,1
current,0.66,0.67,7381,0,0,0,I,HV,1,0,0,1
current,0.66,0.67,7382,0,0,0,I,HV,1,0,0,1
current,0.66,0.67,7383,0,0,0,I,HV,1,0,0,1
current,0.66,0.67,7384,0,0,0,I,HV,1,0,0,1
current,0.66,0.67,7385,0,0,0,I,HV,1,0,0,1
current,0.66,0.67,7386,0,0,0,I,HV,1,0,0,1
current,0.66,0.67,7387,0,0,0,I,HV,1,0,0,1
current,0.66,0.67,7388,0,0,0,I,HV,1,0,0,1
current,0.66,0.67,7389,0,0,0,I,HV,1,0,0,1
current,0.66,0.67,7390,0,0,0,I,HV,1,0,0,1
current,0.66,0.67,7391,0,0,0,I,HV,1,0,0,1
current,0.66,0.67,7392,0,0,0,I,HV,1,0,0,1
current,0.66,0.67,7393,0,0,0,I,HV,1,0,0,1
current,0.66,0.67,7394,0,-1,1,V-1,HV,1,0,-1,1
current,0.66,0.67,7395,-1,0,1,H-1,HV,1,-1,0,1
current,0.66,0.67,7396,-1,0,1,H-1,HV,1,-1,0,1
current,0.66,0.67,7397,-1,0,1,H-1,HV,1,-1,0,1
current,0.66,0.67,7398,1,-1,2,H+1 V-1,HV,0,1,-1,1
current,0.66,0.67,7399,1,-1,2,H+1 V-1,HV,0,1,-1,1
current,0.66,0.67,7400,1,0,1,H+1,HV,1,1,0,1
current,0.66,0.67,7401,0,0,0,I,HV,1,0,0,1
current,0.66,0.67,7402,2,0,2,H+1 H+1,HV,1,2,0,1
current,0.66,0.67,7403,0,0,0,I,HV,1,0,0,1
current,0.66,0.67,7404,0,-1,3,H+1 V-1 H-1,longer_word,0,1,-1,2
current,0.66,0.67,7405,0,-1,3,H+1 V-1 H-1,longer_word,0,1,-1,2
current,0.66,0.67,7406,-1,0,1,H-1,HV,1,-1,0,1
current,0.66,0.67,7407,-1,-1,2,V-1 H-1,VH,1,-1,-1,2
current,0.66,0.67,7408,1,-1,2,H+1 V-1,HV,0,1,-1,1
current,0.66,0.67,7409,0,0,0,I,HV,1,0,0,1
current,0.66,0.67,7410,1,0,1,H+1,HV,1,1,0,1
current,0.66,0.67,7411,1,0,1,H+1,HV,1,1,0,1
current,0.66,0.67,7412,1,0,1,H+1,HV,1,1,0,1
current,0.66,0.67,7413,1,0,1,H+1,HV,1,1,0,1
current,0.66,0.67,7414,1,0,1,H+1,HV,1,1,0,1
current,0.66,0.67,7415,1,0,1,H+1,HV,1,1,0,1
current,0.66,0.67,7416,1,0,1,H+1,HV,1,1,0,1
current,0.66,0.67,7417,1,0,1,H+1,HV,1,1,0,1
current,0.66,0.67,7418,1,-1,2,H+1 V-1,HV,0,1,-1,1
current,0.66,0.67,7419,1,0,1,H+1,HV,1,1,0,1
current,0.66,0.67,7420,1,-1,2,H+1 V-1,HV,0,1,-1,1
current,0.66,0.67,7421,1,-1,2,H+1 V-1,HV,0,1,-1,1
current,0.66,0.67,7422,1,0,1,H+1,HV,1,1,0,1
current,0.66,0.67,7423,1,0,1,H+1,HV,1,1,0,1
current,0.66,0.67,7424,-1,0,1,H-1,HV,1,-1,0,1
current,0.66,0.67,7425,-1,0,1,H-1,HV,1,-1,0,1
current,0.66,0.67,7426,1,0,1,H+1,HV,1,1,0,1
current,0.66,0.67,7427,1,0,1,H+1,HV,1,1,0,1
current,0.66,0.67,7428,1,-1,2,H+1 V-1,HV,0,1,-1,1
current,0.66,0.67,7429,1,-1,2,H+1 V-1,HV,0,1,-1,1
current,0.66,0.67,7430,1,0,1,H+1,HV,1,1,0,1
current,0.66,0.67,7431,1,0,1,H+1,HV,1,1,0,1
current,0.66,0.67,7432,-1,0,1,H-1,HV,1,-1,0,1
current,0.66,0.67,7433,-1,0,1,H-1,HV,1,-1,0,1
current,0.66,0.67,7434,1,0,1,H+1,HV,1,1,0,1
current,0.66,0.67,7435,1,0,1,H+1,HV,1,1,0,1
current,0.66,0.67,7436,-1,0,1,H-1,HV,1,-1,0,1
current,0.66,0.67,7437,-1,0,1,H-1,HV,1,-1,0,1
current,0.66,0.67,7438,1,0,1,H+1,HV,1,1,0,1
current,0.66,0.67,7439,1,0,1,H+1,HV,1,1,0,1
current,0.66,0.67,7440,1,-1,2,H+1 V-1,HV,0,1,-1,1
current,0.66,0.67,7441,1,-1,2,H+1 V-1,HV,0,1,-1,1
current,0.66,0.67,7442,1,0,1,H+1,HV,1,1,0,1
current,0.66,0.67,7443,1,0,1,H+1,HV,1,1,0,1
current,0.66,0.67,7444,-1,0,1,H-1,HV,1,-1,0,1
current,0.66,0.67,7445,-1,0,1,H-1,HV,1,-1,0,1
current,0.66,0.67,7446,-2,0,2,H-1 H-1,HV,1,-2,0,1
current,0.66,0.67,7447,-1,0,1,H-1,HV,1,-1,0,1
current,0.66,0.67,7448,0,1,1,V+1,HV,1,0,1,1
current,0.66,0.67,7449,0,0,0,I,HV,1,0,0,1
current,0.66,0.67,7450,-1,0,1,H-1,HV,1,-1,0,1
current,0.66,0.67,7451,1,0,1,H+1,HV,1,1,0,1
current,0.66,0.67,7452,0,0,0,I,HV,1,0,0,1
current,0.66,0.67,7453,1,1,2,V+1 H+1,VH,1,1,1,2
current,0.66,0.67,7454,0,0,0,I,HV,1,0,0,1
current,0.66,0.67,7455,0,0,0,I,HV,1,0,0,1
current,0.66,0.67,7456,0,0,0,I,HV,1,0,0,1
current,0.66,0.67,7457,0,0,0,I,HV,1,0,0,1
current,0.66,0.67,7458,0,0,0,I,HV,1,0,0,1
current,0.66,0.67,7459,0,0,0,I,HV,1,0,0,1
current,0.66,0.67,7460,0,0,0,I,HV,1,0,0,1
current,0.66,0.67,7461,0,0,0,I,HV,1,0,0,1
current,0.66,0.67,7462,0,0,0,I,HV,1,0,0,1
current,0.66,0.67,7463,0,0,0,I,HV,1,0,0,1
current,0.66,0.67,7464,0,0,0,I,HV,1,0,0,1
current,0.66,0.67,7465,0,0,0,I,HV,1,0,0,1
current,0.66,0.67,7466,0,0,0,I,HV,1,0,0,1
current,0.66,0.67,7467,0,0,0,I,HV,1,0,0,1
current,0.66,0.67,7468,0,0,0,I,HV,1,0,0,1
current,0.66,0.67,7469,0,0,0,I,HV,1,0,0,1
current,0.66,0.67,7470,0,-1,1,V-1,HV,1,0,-1,1
current,0.66,0.67,7471,0,-1,1,V-1,HV,1,0,-1,1
current,0.66,0.67,7472,0,0,0,I,HV,1,0,0,1
current,0.66,0.67,7473,0,0,0,I,HV,1,0,0,1
current,0.66,0.67,7474,0,0,0,I,HV,1,0,0,1
current,0.66,0.67,7475,0,0,0,I,HV,1,0,0,1
current,0.66,0.67,7476,0,0,0,I,HV,1,0,0,1
current,0.66,0.67,7477,0,0,0,I,HV,1,0,0,1
current,0.66,0.67,7478,0,0,0,I,HV,1,0,0,1
current,0.66,0.67,7479,0,0,0,I,HV,1,0,0,1
current,0.66,0.67,7480,0,0,0,I,HV,1,0,0,1
current,0.66,0.67,7481,0,0,0,I,HV,1,0,0,1
current,0.66,0.67,7482,0,0,0,I,HV,1,0,0,1
current,0.66,0.67,7483,0,0,0,I,HV,1,0,0,1
current,0.66,0.67,7484,0,0,0,I,HV,1,0,0,1
current,0.66,0.67,7485,0,0,0,I,HV,1,0,0,1
current,0.66,0.67,7486,0,0,0,I,HV,1,0,0,1
current,0.66,0.67,7487,0,0,0,I,HV,1,0,0,1
current,0.66,0.67,7488,0,0,0,I,HV,1,0,0,1
current,0.66,0.67,7489,0,0,0,I,HV,1,0,0,1
current,0.66,0.67,7490,0,1,1,V+1,HV,1,0,1,1
current,0.66,0.67,7491,0,1,1,V+1,HV,1,0,1,1
current,0.66,0.67,7492,0,0,0,I,HV,1,0,0,1
current,0.66,0.67,7493,0,0,0,I,HV,1,0,0,1
current,0.66,0.67,7494,0,1,1,V+1,HV,1,0,1,1
current,0.66,0.67,7495,0,1,1,V+1,HV,1,0,1,1
current,0.66,0.67,7496,0,0,0,I,HV,1,0,0,1
current,0.66,0.67,7497,0,0,0,I,HV,1,0,0,1
current,0.66,0.67,7498,0,0,0,I,HV,1,0,0,1
current,0.66,0.67,7499,0,0,0,I,HV,1,0,0,1
current,0.66,0.67,7500,0,0,0,I,HV,1,0,0,1
current,0.66,0.67,7501,0,0,0,I,HV,1,0,0,1
current,0.66,0.67,7502,0,0,0,I,HV,1,0,0,1
current,0.66,0.67,7503,0,0,0,I,HV,1,0,0,1
current,0.66,0.67,7504,0,0,0,I,HV,1,0,0,1
current,0.66,0.67,7505,0,0,0,I,HV,1,0,0,1
current,0.66,0.67,7506,0,0,0,I,HV,1,0,0,1
current,0.66,0.67,7507,0,0,0,I,HV,1,0,0,1
current,0.66,0.67,7508,0,0,0,I,HV,1,0,0,1
current,0.66,0.67,7509,0,0,0,I,HV,1,0,0,1
current,0.66,0.67,7510,0,0,0,I,HV,1,0,0,1
current,0.66,0.67,7511,0,0,0,I,HV,1,0,0,1
current,0.66,0.67,7512,0,0,0,I,HV,1,0,0,1
current,0.66,0.67,7513,0,0,0,I,HV,1,0,0,1
current,0.66,0.67,7514,0,0,0,I,HV,1,0,0,1
current,0.66,0.67,7515,0,0,0,I,HV,1,0,0,1
current,0.66,0.67,7516,0,1,1,V+1,HV,1,0,1,1
current,0.66,0.67,7517,0,1,1,V+1,HV,1,0,1,1
current,0.66,0.67,7518,0,0,0,I,HV,1,0,0,1
current,0.66,0.67,7519,0,0,0,I,HV,1,0,0,1
current,0.66,0.67,7520,0,0,0,I,HV,1,0,0,1
current,0.66,0.67,7521,0,0,0,I,HV,1,0,0,1
current,0.66,0.67,7522,0,0,0,I,HV,1,0,0,1
current,0.66,0.67,7523,0,0,0,I,HV,1,0,0,1
current,0.66,0.67,7524,0,0,0,I,HV,1,0,0,1
current,0.66,0.67,7525,0,0,0,I,HV,1,0,0,1
current,0.66,0.67,7526,0,0,0,I,HV,1,0,0,1
current,0.66,0.67,7527,0,0,0,I,HV,1,0,0,1
current,0.66,0.67,7528,0,0,0,I,HV,1,0,0,1
current,0.66,0.67,7529,0,0,0,I,HV,1,0,0,1
current,0.66,0.67,7530,0,0,0,I,HV,1,0,0,1
current,0.66,0.67,7531,0,0,0,I,HV,1,0,0,1
current,0.66,0.67,7532,0,0,0,I,HV,1,0,0,1
current,0.66,0.67,7533,0,0,0,I,HV,1,0,0,1
current,0.66,0.67,7534,0,-1,1,V-1,HV,1,0,-1,1
current,0.66,0.67,7535,-1,0,1,H-1,HV,1,-1,0,1
current,0.66,0.67,7536,1,0,1,H+1,HV,1,1,0,1
current,0.66,0.67,7537,1,1,2,V+1 H+1,VH,1,1,1,2
current,0.66,0.67,7538,0,-1,3,H+1 V-1 H-1,longer_word,0,1,-1,2
current,0.66,0.67,7539,0,-1,1,V-1,HV,1,0,-1,1
current,0.66,0.67,7540,0,0,0,I,HV,1,0,0,1
current,0.66,0.67,7541,1,-1,2,H+1 V-1,HV,0,1,-1,1
current,0.66,0.67,7542,1,0,1,H+1,HV,1,1,0,1
current,0.66,0.67,7543,0,1,1,V+1,HV,1,0,1,1
current,0.66,0.67,7544,-1,-1,4,H+1 V-1 H-1 H-1,longer_word,0,1,-1,3
current,0.66,0.67,7545,0,-1,3,H+1 V-1 H-1,longer_word,0,1,-1,2
current,0.66,0.67,7546,0,0,0,I,HV,1,0,0,1
current,0.66,0.67,7547,-1,0,1,H-1,HV,1,-1,0,1
current,0.66,0.67,7548,1,-1,2,H+1 V-1,HV,0,1,-1,1
current,0.66,0.67,7549,2,0,2,H+1 H+1,HV,1,2,0,1
current,0.66,0.67,7550,1,0,1,H+1,HV,1,1,0,1
current,0.66,0.67,7551,0,0,0,I,HV,1,0,0,1
current,0.66,0.67,7552,1,0,1,H+1,HV,1,1,0,1
current,0.66,0.67,7553,1,0,1,H+1,HV,1,1,0,1
current,0.66,0.67,7554,1,0,1,H+1,HV,1,1,0,1
current,0.66,0.67,7555,1,0,1,H+1,HV,1,1,0,1
current,0.66,0.67,7556,1,0,1,H+1,HV,1,1,0,1
current,0.66,0.67,7557,-1,0,1,H-1,HV,1,-1,0,1
current,0.66,0.67,7558,-1,0,1,H-1,HV,1,-1,0,1
current,0.66,0.67,7559,1,0,1,H+1,HV,1,1,0,1
current,0.66,0.67,7560,0,0,0,I,HV,1,0,0,1
current,0.66,0.67,7561,0,0,0,I,HV,1,0,0,1
current,0.66,0.67,7562,2,0,2,H+1 H+1,HV,1,2,0,1
current,0.66,0.67,7563,2,0,2,H+1 H+1,HV,1,2,0,1
current,0.66,0.67,7564,0,0,0,I,HV,1,0,0,1
current,0.66,0.67,7565,-1,0,1,H-1,HV,1,-1,0,1
current,0.66,0.67,7566,1,0,1,H+1,HV,1,1,0,1
current,0.66,0.67,7567,1,0,1,H+1,HV,1,1,0,1
current,0.66,0.67,7568,1,-1,2,H+1 V-1,HV,0,1,-1,1
current,0.66,0.67,7569,1,-1,2,H+1 V-1,HV,0,1,-1,1
current,0.66,0.67,7570,1,0,1,H+1,HV,1,1,0,1
current,0.66,0.67,7571,1,0,1,H+1,HV,1,1,0,1
current,0.66,0.67,7572,-1,0,1,H-1,HV,1,-1,0,1
current,0.66,0.67,7573,-1,0,1,H-1,HV,1,-1,0,1
current,0.66,0.67,7574,1,0,1,H+1,HV,1,1,0,1
current,0.66,0.67,7575,1,0,1,H+1,HV,1,1,0,1
current,0.66,0.67,7576,-1,0,1,H-1,HV,1,-1,0,1
current,0.66,0.67,7577,-1,0,1,H-1,HV,1,-1,0,1
current,0.66,0.67,7578,1,0,1,H+1,HV,1,1,0,1
current,0.66,0.67,7579,1,0,1,H+1,HV,1,1,0,1
current,0.66,0.67,7580,1,-1,2,H+1 V-1,HV,0,1,-1,1
current,0.66,0.67,7581,1,-1,2,H+1 V-1,HV,0,1,-1,1
current,0.66,0.67,7582,1,0,1,H+1,HV,1,1,0,1
current,0.66,0.67,7583,1,0,1,H+1,HV,1,1,0,1
current,0.66,0.67,7584,-1,0,1,H-1,HV,1,-1,0,1
current,0.66,0.67,7585,-1,0,1,H-1,HV,1,-1,0,1
current,0.66,0.67,7586,-1,0,1,H-1,HV,1,-1,0,1
current,0.66,0.67,7587,-1,0,1,H-1,HV,1,-1,0,1
current,0.66,0.67,7588,1,0,1,H+1,HV,1,1,0,1
current,0.66,0.67,7589,1,0,1,H+1,HV,1,1,0,1
current,0.66,0.67,7590,1,0,1,H+1,HV,1,1,0,1
current,0.66,0.67,7591,1,0,1,H+1,HV,1,1,0,1
current,0.66,0.67,7592,0,0,0,I,HV,1,0,0,1
current,0.66,0.67,7593,0,0,0,I,HV,1,0,0,1
current,0.66,0.67,7594,0,0,0,I,HV,1,0,0,1
current,0.66,0.67,7595,0,0,0,I,HV,1,0,0,1
current,0.66,0.67,7596,0,0,0,I,HV,1,0,0,1
current,0.66,0.67,7597,0,0,0,I,HV,1,0,0,1
current,0.66,0.67,7598,0,0,0,I,HV,1,0,0,1
current,0.66,0.67,7599,0,0,0,I,HV,1,0,0,1
current,0.66,0.67,7600,0,0,0,I,HV,1,0,0,1
current,0.66,0.67,7601,0,0,0,I,HV,1,0,0,1
current,0.66,0.67,7602,0,0,0,I,HV,1,0,0,1
current,0.66,0.67,7603,0,0,0,I,HV,1,0,0,1
current,0.66,0.67,7604,0,0,0,I,HV,1,0,0,1
current,0.66,0.67,7605,0,0,0,I,HV,1,0,0,1
current,0.66,0.67,7606,0,0,0,I,HV,1,0,0,1
current,0.66,0.67,7607,0,0,0,I,HV,1,0,0,1
current,0.66,0.67,7608,0,0,0,I,HV,1,0,0,1
current,0.66,0.67,7609,0,0,0,I,HV,1,0,0,1
current,0.66,0.67,7610,0,-1,1,V-1,HV,1,0,-1,1
current,0.66,0.67,7611,0,-1,1,V-1,HV,1,0,-1,1
current,0.66,0.67,7612,0,0,0,I,HV,1,0,0,1
current,0.66,0.67,7613,0,0,0,I,HV,1,0,0,1
current,0.66,0.67,7614,0,0,0,I,HV,1,0,0,1
current,0.66,0.67,7615,0,0,0,I,HV,1,0,0,1
current,0.66,0.67,7616,0,0,0,I,HV,1,0,0,1
current,0.66,0.67,7617,0,0,0,I,HV,1,0,0,1
current,0.66,0.67,7618,0,0,0,I,HV,1,0,0,1
current,0.66,0.67,7619,0,0,0,I,HV,1,0,0,1
current,0.66,0.67,7620,0,0,0,I,HV,1,0,0,1
current,0.66,0.67,7621,0,0,0,I,HV,1,0,0,1
current,0.66,0.67,7622,0,0,0,I,HV,1,0,0,1
current,0.66,0.67,7623,0,0,0,I,HV,1,0,0,1
current,0.66,0.67,7624,0,0,0,I,HV,1,0,0,1
current,0.66,0.67,7625,0,0,0,I,HV,1,0,0,1
current,0.66,0.67,7626,0,0,0,I,HV,1,0,0,1
current,0.66,0.67,7627,0,0,0,I,HV,1,0,0,1
current,0.66,0.67,7628,0,0,0,I,HV,1,0,0,1
current,0.66,0.67,7629,0,0,0,I,HV,1,0,0,1
current,0.66,0.67,7630,0,1,1,V+1,HV,1,0,1,1
current,0.66,0.67,7631,0,1,1,V+1,HV,1,0,1,1
current,0.66,0.67,7632,0,0,0,I,HV,1,0,0,1
current,0.66,0.67,7633,0,0,0,I,HV,1,0,0,1
current,0.66,0.67,7634,0,1,1,V+1,HV,1,0,1,1
current,0.66,0.67,7635,0,1,1,V+1,HV,1,0,1,1
current,0.66,0.67,7636,0,0,0,I,HV,1,0,0,1
current,0.66,0.67,7637,0,0,0,I,HV,1,0,0,1
current,0.66,0.67,7638,0,0,0,I,HV,1,0,0,1
current,0.66,0.67,7639,0,0,0,I,HV,1,0,0,1
current,0.66,0.67,7640,0,0,0,I,HV,1,0,0,1
current,0.66,0.67,7641,0,0,0,I,HV,1,0,0,1
current,0.66,0.67,7642,0,0,0,I,HV,1,0,0,1
current,0.66,0.67,7643,0,0,0,I,HV,1,0,0,1
current,0.66,0.67,7644,0,0,0,I,HV,1,0,0,1
current,0.66,0.67,7645,0,0,0,I,HV,1,0,0,1
current,0.66,0.67,7646,0,0,0,I,HV,1,0,0,1
current,0.66,0.67,7647,0,0,0,I,HV,1,0,0,1
current,0.66,0.67,7648,0,0,0,I,HV,1,0,0,1
current,0.66,0.67,7649,0,0,0,I,HV,1,0,0,1
current,0.66,0.67,7650,0,0,0,I,HV,1,0,0,1
current,0.66,0.67,7651,0,0,0,I,HV,1,0,0,1
current,0.66,0.67,7652,0,0,0,I,HV,1,0,0,1
current,0.66,0.67,7653,0,0,0,I,HV,1,0,0,1
current,0.66,0.67,7654,0,0,0,I,HV,1,0,0,1
current,0.66,0.67,7655,0,0,0,I,HV,1,0,0,1
current,0.66,0.67,7656,0,1,1,V+1,HV,1,0,1,1
current,0.66,0.67,7657,0,1,1,V+1,HV,1,0,1,1
current,0.66,0.67,7658,0,0,0,I,HV,1,0,0,1
current,0.66,0.67,7659,0,0,0,I,HV,1,0,0,1
current,0.66,0.67,7660,0,0,0,I,HV,1,0,0,1
current,0.66,0.67,7661,0,0,0,I,HV,1,0,0,1
current,0.66,0.67,7662,0,0,0,I,HV,1,0,0,1
current,0.66,0.67,7663,0,0,0,I,HV,1,0,0,1
current,0.66,0.67,7664,0,0,0,I,HV,1,0,0,1
current,0.66,0.67,7665,0,0,0,I,HV,1,0,0,1
current,0.66,0.67,7666,0,0,0,I,HV,1,0,0,1
current,0.66,0.67,7667,0,0,0,I,HV,1,0,0,1
current,0.66,0.67,7668,0,0,0,I,HV,1,0,0,1
current,0.66,0.67,7669,0,0,0,I,HV,1,0,0,1
current,0.66,0.67,7670,0,0,0,I,HV,1,0,0,1
current,0.66,0.67,7671,0,0,0,I,HV,1,0,0,1
current,0.66,0.67,7672,0,0,0,I,HV,1,0,0,1
current,0.66,0.67,7673,0,0,0,I,HV,1,0,0,1
current,0.66,0.67,7674,0,-1,1,V-1,HV,1,0,-1,1
current,0.66,0.67,7675,0,-1,1,V-1,HV,1,0,-1,1
current,0.66,0.67,7676,0,1,1,V+1,HV,1,0,1,1
current,0.66,0.67,7677,0,1,1,V+1,HV,1,0,1,1
current,0.66,0.67,7678,0,-1,1,V-1,HV,1,0,-1,1
current,0.66,0.67,7679,0,-1,1,V-1,HV,1,0,-1,1
current,0.66,0.67,7680,1,-1,2,H+1 V-1,HV,0,1,-1,1
current,0.66,0.67,7681,1,-1,2,H+1 V-1,HV,0,1,-1,1
current,0.66,0.67,7682,1,0,1,H+1,HV,1,1,0,1
current,0.66,0.67,7683,1,0,1,H+1,HV,1,1,0,1
current,0.66,0.67,7684,0,-1,3,H+1 V-1 H-1,longer_word,0,1,-1,2
current,0.66,0.67,7685,-2,1,3,V+1 H-1 H-1,VH,1,-2,1,-1
current,0.66,0.67,7686,-1,0,1,H-1,HV,1,-1,0,1
current,0.66,0.67,7687,-1,0,1,H-1,HV,1,-1,0,1
current,0.66,0.67,7688,-1,0,1,H-1,HV,1,-1,0,1
current,0.66,0.67,7689,1,0,1,H+1,HV,1,1,0,1
current,0.66,0.67,7690,1,0,1,H+1,HV,1,1,0,1
current,0.66,0.67,7691,1,0,1,H+1,HV,1,1,0,1
current,0.66,0.67,7692,1,0,1,H+1,HV,1,1,0,1
current,0.66,0.67,7693,1,0,1,H+1,HV,1,1,0,1
current,0.66,0.67,7694,1,0,1,H+1,HV,1,1,0,1
current,0.66,0.67,7695,1,0,1,H+1,HV,1,1,0,1
current,0.66,0.67,7696,-1,0,1,H-1,HV,1,-1,0,1
current,0.66,0.67,7697,-1,0,1,H-1,HV,1,-1,0,1
current,0.66,0.67,7698,1,0,1,H+1,HV,1,1,0,1
current,0.66,0.67,7699,2,0,2,H+1 H+1,HV,1,2,0,1
current,0.66,0.67,7700,1,-1,2,H+1 V-1,HV,0,1,-1,1
current,0.66,0.67,7701,1,-1,2,H+1 V-1,HV,0,1,-1,1
current,0.66,0.67,7702,1,0,1,H+1,HV,1,1,0,1
current,0.66,0.67,7703,1,0,1,H+1,HV,1,1,0,1
current,0.66,0.67,7704,-1,0,1,H-1,HV,1,-1,0,1
current,0.66,0.67,7705,0,0,0,I,HV,1,0,0,1
current,0.66,0.67,7706,2,0,2,H+1 H+1,HV,1,2,0,1
current,0.66,0.67,7707,2,0,2,H+1 H+1,HV,1,2,0,1
current,0.66,0.67,7708,0,0,0,I,HV,1,0,0,1
current,0.66,0.67,7709,0,0,0,I,HV,1,0,0,1
current,0.66,0.67,7710,2,0,2,H+1 H+1,HV,1,2,0,1
current,0.66,0.67,7711,2,0,2,H+1 H+1,HV,1,2,0,1
current,0.66,0.67,7712,-1,0,1,H-1,HV,1,-1,0,1
current,0.66,0.67,7713,0,0,0,I,HV,1,0,0,1
current,0.66,0.67,7714,1,0,1,H+1,HV,1,1,0,1
current,0.66,0.67,7715,2,0,2,H+1 H+1,HV,1,2,0,1
current,0.66,0.67,7716,0,0,0,I,HV,1,0,0,1
current,0.66,0.67,7717,-1,0,1,H-1,HV,1,-1,0,1
current,0.66,0.67,7718,1,0,1,H+1,HV,1,1,0,1
current,0.66,0.67,7719,1,0,1,H+1,HV,1,1,0,1
current,0.66,0.67,7720,1,-1,2,H+1 V-1,HV,0,1,-1,1
current,0.66,0.67,7721,0,0,0,I,HV,1,0,0,1
current,0.66,0.67,7722,2,0,2,H+1 H+1,HV,1,2,0,1
current,0.66,0.67,7723,0,1,1,V+1,HV,1,0,1,1
current,0.66,0.67,7724,0,0,0,I,HV,1,0,0,1
current,0.66,0.67,7725,-1,0,1,H-1,HV,1,-1,0,1
current,0.66,0.67,7726,-1,0,1,H-1,HV,1,-1,0,1
current,0.66,0.67,7727,-1,0,1,H-1,HV,1,-1,0,1
current,0.66,0.67,7728,1,0,1,H+1,HV,1,1,0,1
current,0.66,0.67,7729,1,0,1,H+1,HV,1,1,0,1
current,0.66,0.67,7730,1,0,1,H+1,HV,1,1,0,1
current,0.66,0.67,7731,1,0,1,H+1,HV,1,1,0,1
current,0.66,0.67,7732,0,0,0,I,HV,1,0,0,1
current,0.66,0.67,7733,0,0,0,I,HV,1,0,0,1
current,0.66,0.67,7734,0,0,0,I,HV,1,0,0,1
current,0.66,0.67,7735,0,0,0,I,HV,1,0,0,1
current,0.66,0.67,7736,0,0,0,I,HV,1,0,0,1
current,0.66,0.67,7737,0,0,0,I,HV,1,0,0,1
current,0.66,0.67,7738,0,0,0,I,HV,1,0,0,1
current,0.66,0.67,7739,0,0,0,I,HV,1,0,0,1
current,0.66,0.67,7740,0,0,0,I,HV,1,0,0,1
current,0.66,0.67,7741,0,0,0,I,HV,1,0,0,1
current,0.66,0.67,7742,0,0,0,I,HV,1,0,0,1
current,0.66,0.67,7743,0,0,0,I,HV,1,0,0,1
current,0.66,0.67,7744,0,0,0,I,HV,1,0,0,1
current,0.66,0.67,7745,0,0,0,I,HV,1,0,0,1
current,0.66,0.67,7746,0,0,0,I,HV,1,0,0,1
current,0.66,0.67,7747,0,0,0,I,HV,1,0,0,1
current,0.66,0.67,7748,0,0,0,I,HV,1,0,0,1
current,0.66,0.67,7749,0,0,0,I,HV,1,0,0,1
current,0.66,0.67,7750,0,-1,1,V-1,HV,1,0,-1,1
current,0.66,0.67,7751,0,-1,1,V-1,HV,1,0,-1,1
current,0.66,0.67,7752,0,0,0,I,HV,1,0,0,1
current,0.66,0.67,7753,0,0,0,I,HV,1,0,0,1
current,0.66,0.67,7754,0,0,0,I,HV,1,0,0,1
current,0.66,0.67,7755,0,0,0,I,HV,1,0,0,1
current,0.66,0.67,7756,0,0,0,I,HV,1,0,0,1
current,0.66,0.67,7757,0,0,0,I,HV,1,0,0,1
current,0.66,0.67,7758,0,0,0,I,HV,1,0,0,1
current,0.66,0.67,7759,0,0,0,I,HV,1,0,0,1
current,0.66,0.67,7760,0,0,0,I,HV,1,0,0,1
current,0.66,0.67,7761,0,0,0,I,HV,1,0,0,1
current,0.66,0.67,7762,0,0,0,I,HV,1,0,0,1
current,0.66,0.67,7763,0,0,0,I,HV,1,0,0,1
current,0.66,0.67,7764,0,0,0,I,HV,1,0,0,1
current,0.66,0.67,7765,0,0,0,I,HV,1,0,0,1
current,0.66,0.67,7766,0,0,0,I,HV,1,0,0,1
current,0.66,0.67,7767,0,0,0,I,HV,1,0,0,1
current,0.66,0.67,7768,0,0,0,I,HV,1,0,0,1
current,0.66,0.67,7769,0,0,0,I,HV,1,0,0,1
current,0.66,0.67,7770,0,1,1,V+1,HV,1,0,1,1
current,0.66,0.67,7771,0,1,1,V+1,HV,1,0,1,1
current,0.66,0.67,7772,0,0,0,I,HV,1,0,0,1
current,0.66,0.67,7773,0,0,0,I,HV,1,0,0,1
current,0.66,0.67,7774,0,1,1,V+1,HV,1,0,1,1
current,0.66,0.67,7775,0,1,1,V+1,HV,1,0,1,1
current,0.66,0.67,7776,0,0,0,I,HV,1,0,0,1
current,0.66,0.67,7777,0,0,0,I,HV,1,0,0,1
current,0.66,0.67,7778,0,0,0,I,HV,1,0,0,1
current,0.66,0.67,7779,0,0,0,I,HV,1,0,0,1
current,0.66,0.67,7780,0,0,0,I,HV,1,0,0,1
current,0.66,0.67,7781,0,0,0,I,HV,1,0,0,1
current,0.66,0.67,7782,0,0,0,I,HV,1,0,0,1
current,0.66,0.67,7783,0,0,0,I,HV,1,0,0,1
current,0.66,0.67,7784,0,0,0,I,HV,1,0,0,1
current,0.66,0.67,7785,0,0,0,I,HV,1,0,0,1
current,0.66,0.67,7786,0,0,0,I,HV,1,0,0,1
current,0.66,0.67,7787,0,0,0,I,HV,1,0,0,1
current,0.66,0.67,7788,0,0,0,I,HV,1,0,0,1
current,0.66,0.67,7789,0,0,0,I,HV,1,0,0,1
current,0.66,0.67,7790,0,0,0,I,HV,1,0,0,1
current,0.66,0.67,7791,0,0,0,I,HV,1,0,0,1
current,0.66,0.67,7792,0,0,0,I,HV,1,0,0,1
current,0.66,0.67,7793,0,0,0,I,HV,1,0,0,1
current,0.66,0.67,7794,0,0,0,I,HV,1,0,0,1
current,0.66,0.67,7795,0,0,0,I,HV,1,0,0,1
current,0.66,0.67,7796,0,1,1,V+1,HV,1,0,1,1
current,0.66,0.67,7797,0,1,1,V+1,HV,1,0,1,1
current,0.66,0.67,7798,0,0,0,I,HV,1,0,0,1
current,0.66,0.67,7799,0,0,0,I,HV,1,0,0,1
current,0.66,0.67,7800,0,0,0,I,HV,1,0,0,1
current,0.66,0.67,7801,0,0,0,I,HV,1,0,0,1
current,0.66,0.67,7802,0,0,0,I,HV,1,0,0,1
current,0.66,0.67,7803,0,0,0,I,HV,1,0,0,1
current,0.66,0.67,7804,0,0,0,I,HV,1,0,0,1
current,0.66,0.67,7805,0,0,0,I,HV,1,0,0,1
current,0.66,0.67,7806,0,0,0,I,HV,1,0,0,1
current,0.66,0.67,7807,0,0,0,I,HV,1,0,0,1
current,0.66,0.67,7808,0,0,0,I,HV,1,0,0,1
current,0.66,0.67,7809,0,0,0,I,HV,1,0,0,1
current,0.66,0.67,7810,0,0,0,I,HV,1,0,0,1
current,0.66,0.67,7811,0,0,0,I,HV,1,0,0,1
current,0.66,0.67,7812,0,0,0,I,HV,1,0,0,1
current,0.66,0.67,7813,0,0,0,I,HV,1,0,0,1
current,0.66,0.67,7814,0,-1,1,V-1,HV,1,0,-1,1
current,0.66,0.67,7815,0,-1,1,V-1,HV,1,0,-1,1
current,0.66,0.67,7816,0,1,1,V+1,HV,1,0,1,1
current,0.66,0.67,7817,0,1,1,V+1,HV,1,0,1,1
current,0.66,0.67,7818,1,-1,2,H+1 V-1,HV,0,1,-1,1
current,0.66,0.67,7819,1,-1,2,H+1 V-1,HV,0,1,-1,1
current,0.66,0.67,7820,1,-1,2,H+1 V-1,HV,0,1,-1,1
current,0.66,0.67,7821,0,0,0,I,HV,1,0,0,1
current,0.66,0.67,7822,0,0,0,I,HV,1,0,0,1
current,0.66,0.67,7823,-2,0,2,H-1 H-1,HV,1,-2,0,1
current,0.66,0.67,7824,-1,0,1,H-1,HV,1,-1,0,1
current,0.66,0.67,7825,1,-1,2,H+1 V-1,HV,0,1,-1,1
current,0.66,0.67,7826,-1,0,1,H-1,HV,1,-1,0,1
current,0.66,0.67,7827,-1,0,1,H-1,HV,1,-1,0,1
current,0.66,0.67,7828,2,0,2,H+1 H+1,HV,1,2,0,1
current,0.66,0.67,7829,1,0,1,H+1,HV,1,1,0,1
current,0.66,0.67,7830,2,0,2,H+1 H+1,HV,1,2,0,1
current,0.66,0.67,7831,2,0,2,H+1 H+1,HV,1,2,0,1
current,0.66,0.67,7832,2,0,2,H+1 H+1,HV,1,2,0,1
current,0.66,0.67,7833,2,1,3,H+1 V+1 H+1,longer_word,2,3,1,2
current,0.66,0.67,7834,2,0,2,H+1 H+1,HV,1,2,0,1
current,0.66,0.67,7835,2,0,2,H+1 H+1,HV,1,2,0,1
current,0.66,0.67,7836,0,0,0,I,HV,1,0,0,1
current,0.66,0.67,7837,-1,0,1,H-1,HV,1,-1,0,1
current,0.66,0.67,7838,1,0,1,H+1,HV,1,1,0,1
current,0.66,0.67,7839,1,0,1,H+1,HV,1,1,0,1
current,0.66,0.67,7840,1,-1,2,H+1 V-1,HV,0,1,-1,1
current,0.66,0.67,7841,1,-1,2,H+1 V-1,HV,0,1,-1,1
current,0.66,0.67,7842,1,0,1,H+1,HV,1,1,0,1
current,0.66,0.67,7843,1,0,1,H+1,HV,1,1,0,1
current,0.66,0.67,7844,-1,0,1,H-1,HV,1,-1,0,1
current,0.66,0.67,7845,-1,0,1,H-1,HV,1,-1,0,1
current,0.66,0.67,7846,1,0,1,H+1,HV,1,1,0,1
current,0.66,0.67,7847,1,0,1,H+1,HV,1,1,0,1
current,0.66,0.67,7848,1,-1,2,H+1 V-1,HV,0,1,-1,1
current,0.66,0.67,7849,1,-1,2,H+1 V-1,HV,0,1,-1,1
current,0.66,0.67,7850,1,0,1,H+1,HV,1,1,0,1
current,0.66,0.67,7851,1,0,1,H+1,HV,1,1,0,1
current,0.66,0.67,7852,-1,0,1,H-1,HV,1,-1,0,1
current,0.66,0.67,7853,0,0,0,I,HV,1,0,0,1
current,0.66,0.67,7854,2,0,2,H+1 H+1,HV,1,2,0,1
current,0.66,0.67,7855,1,0,1,H+1,HV,1,1,0,1
current,0.66,0.67,7856,-1,0,1,H-1,HV,1,-1,0,1
current,0.66,0.67,7857,0,0,0,I,HV,1,0,0,1
current,0.66,0.67,7858,2,0,2,H+1 H+1,HV,1,2,0,1
current,0.66,0.67,7859,0,0,0,I,HV,1,0,0,1
current,0.66,0.67,7860,0,0,0,I,HV,1,0,0,1
current,0.66,0.67,7861,1,-1,2,H+1 V-1,HV,0,1,-1,1
current,0.66,0.67,7862,1,0,1,H+1,HV,1,1,0,1
current,0.66,0.67,7863,1,0,1,H+1,HV,1,1,0,1
current,0.66,0.67,7864,-1,0,1,H-1,HV,1,-1,0,1
current,0.66,0.67,7865,0,0,0,I,HV,1,0,0,1
current,0.66,0.67,7866,0,0,0,I,HV,1,0,0,1
current,0.66,0.67,7867,-1,0,1,H-1,HV,1,-1,0,1
current,0.66,0.67,7868,1,0,1,H+1,HV,1,1,0,1
current,0.66,0.67,7869,1,0,1,H+1,HV,1,1,0,1
current,0.66,0.67,7870,1,0,1,H+1,HV,1,1,0,1
current,0.66,0.67,7871,0,0,0,I,HV,1,0,0,1
current,0.66,0.67,7872,0,0,0,I,HV,1,0,0,1
current,0.66,0.67,7873,0,0,0,I,HV,1,0,0,1
current,0.66,0.67,7874,0,0,0,I,HV,1,0,0,1
current,0.66,0.67,7875,0,0,0,I,HV,1,0,0,1
current,0.66,0.67,7876,0,0,0,I,HV,1,0,0,1
current,0.66,0.67,7877,0,0,0,I,HV,1,0,0,1
current,0.66,0.67,7878,0,0,0,I,HV,1,0,0,1
current,0.66,0.67,7879,0,0,0,I,HV,1,0,0,1
current,0.66,0.67,7880,0,0,0,I,HV,1,0,0,1
current,0.66,0.67,7881,0,0,0,I,HV,1,0,0,1
current,0.66,0.67,7882,0,0,0,I,HV,1,0,0,1
current,0.66,0.67,7883,0,0,0,I,HV,1,0,0,1
current,0.66,0.67,7884,0,0,0,I,HV,1,0,0,1
current,0.66,0.67,7885,0,0,0,I,HV,1,0,0,1
current,0.66,0.67,7886,0,0,0,I,HV,1,0,0,1
current,0.66,0.67,7887,0,0,0,I,HV,1,0,0,1
current,0.66,0.67,7888,0,0,0,I,HV,1,0,0,1
current,0.66,0.67,7889,0,0,0,I,HV,1,0,0,1
current,0.66,0.67,7890,0,-1,1,V-1,HV,1,0,-1,1
current,0.66,0.67,7891,0,-1,1,V-1,HV,1,0,-1,1
current,0.66,0.67,7892,0,0,0,I,HV,1,0,0,1
current,0.66,0.67,7893,0,0,0,I,HV,1,0,0,1
current,0.66,0.67,7894,0,0,0,I,HV,1,0,0,1
current,0.66,0.67,7895,0,0,0,I,HV,1,0,0,1
current,0.66,0.67,7896,0,0,0,I,HV,1,0,0,1
current,0.66,0.67,7897,0,0,0,I,HV,1,0,0,1
current,0.66,0.67,7898,0,0,0,I,HV,1,0,0,1
current,0.66,0.67,7899,0,0,0,I,HV,1,0,0,1
current,0.66,0.67,7900,0,0,0,I,HV,1,0,0,1
current,0.66,0.67,7901,0,0,0,I,HV,1,0,0,1
current,0.66,0.67,7902,0,0,0,I,HV,1,0,0,1
current,0.66,0.67,7903,0,0,0,I,HV,1,0,0,1
current,0.66,0.67,7904,0,0,0,I,HV,1,0,0,1
current,0.66,0.67,7905,0,0,0,I,HV,1,0,0,1
current,0.66,0.67,7906,0,0,0,I,HV,1,0,0,1
current,0.66,0.67,7907,0,0,0,I,HV,1,0,0,1
current,0.66,0.67,7908,0,0,0,I,HV,1,0,0,1
current,0.66,0.67,7909,0,0,0,I,HV,1,0,0,1
current,0.66,0.67,7910,0,1,1,V+1,HV,1,0,1,1
current,0.66,0.67,7911,0,1,1,V+1,HV,1,0,1,1
current,0.66,0.67,7912,0,0,0,I,HV,1,0,0,1
current,0.66,0.67,7913,0,0,0,I,HV,1,0,0,1
current,0.66,0.67,7914,0,1,1,V+1,HV,1,0,1,1
current,0.66,0.67,7915,0,1,1,V+1,HV,1,0,1,1
current,0.66,0.67,7916,0,0,0,I,HV,1,0,0,1
current,0.66,0.67,7917,0,0,0,I,HV,1,0,0,1
current,0.66,0.67,7918,0,0,0,I,HV,1,0,0,1
current,0.66,0.67,7919,0,0,0,I,HV,1,0,0,1
current,0.66,0.67,7920,0,0,0,I,HV,1,0,0,1
current,0.66,0.67,7921,0,0,0,I,HV,1,0,0,1
current,0.66,0.67,7922,0,0,0,I,HV,1,0,0,1
current,0.66,0.67,7923,0,0,0,I,HV,1,0,0,1
current,0.66,0.67,7924,0,0,0,I,HV,1,0,0,1
current,0.66,0.67,7925,0,0,0,I,HV,1,0,0,1
current,0.66,0.67,7926,0,0,0,I,HV,1,0,0,1
current,0.66,0.67,7927,0,0,0,I,HV,1,0,0,1
current,0.66,0.67,7928,0,0,0,I,HV,1,0,0,1
current,0.66,0.67,7929,0,0,0,I,HV,1,0,0,1
current,0.66,0.67,7930,0,0,0,I,HV,1,0,0,1
current,0.66,0.67,7931,0,0,0,I,HV,1,0,0,1
current,0.66,0.67,7932,0,0,0,I,HV,1,0,0,1
current,0.66,0.67,7933,0,0,0,I,HV,1,0,0,1
current,0.66,0.67,7934,0,0,0,I,HV,1,0,0,1
current,0.66,0.67,7935,0,0,0,I,HV,1,0,0,1
current,0.66,0.67,7936,0,1,1,V+1,HV,1,0,1,1
current,0.66,0.67,7937,0,1,1,V+1,HV,1,0,1,1
current,0.66,0.67,7938,0,0,0,I,HV,1,0,0,1
current,0.66,0.67,7939,0,0,0,I,HV,1,0,0,1
current,0.66,0.67,7940,0,0,0,I,HV,1,0,0,1
current,0.66,0.67,7941,0,0,0,I,HV,1,0,0,1
current,0.66,0.67,7942,0,0,0,I,HV,1,0,0,1
current,0.66,0.67,7943,0,0,0,I,HV,1,0,0,1
current,0.66,0.67,7944,0,0,0,I,HV,1,0,0,1
current,0.66,0.67,7945,0,0,0,I,HV,1,0,0,1
current,0.66,0.67,7946,0,0,0,I,HV,1,0,0,1
current,0.66,0.67,7947,0,0,0,I,HV,1,0,0,1
current,0.66,0.67,7948,0,0,0,I,HV,1,0,0,1
current,0.66,0.67,7949,0,0,0,I,HV,1,0,0,1
current,0.66,0.67,7950,0,0,0,I,HV,1,0,0,1
current,0.66,0.67,7951,0,0,0,I,HV,1,0,0,1
current,0.66,0.67,7952,0,0,0,I,HV,1,0,0,1
current,0.66,0.67,7953,-1,1,2,V+1 H-1,VH,1,-1,1,0
current,0.66,0.67,7954,-1,1,2,V+1 H-1,VH,1,-1,1,0
current,0.66,0.67,7955,0,1,1,V+1,HV,1,0,1,1
current,0.66,0.67,7956,0,1,1,V+1,HV,1,0,1,1
current,0.66,0.67,7957,1,-1,2,H+1 V-1,HV,0,1,-1,1
current,0.66,0.67,7958,0,0,0,I,HV,1,0,0,1
current,0.66,0.67,7959,1,-1,2,H+1 V-1,HV,0,1,-1,1
current,0.66,0.67,7960,0,0,0,I,HV,1,0,0,1
current,0.66,0.67,7961,0,0,0,I,HV,1,0,0,1
current,0.66,0.67,7962,-2,0,2,H-1 H-1,HV,1,-2,0,1
current,0.66,0.67,7963,-1,0,1,H-1,HV,1,-1,0,1
current,0.66,0.67,7964,1,-1,2,H+1 V-1,HV,0,1,-1,1
current,0.66,0.67,7965,0,0,0,I,HV,1,0,0,1
current,0.66,0.67,7966,2,0,2,H+1 H+1,HV,1,2,0,1
current,0.66,0.67,7967,0,0,0,I,HV,1,0,0,1
current,0.66,0.67,7968,1,0,1,H+1,HV,1,1,0,1
current,0.66,0.67,7969,2,0,2,H+1 H+1,HV,1,2,0,1
current,0.66,0.67,7970,1,0,1,H+1,HV,1,1,0,1
current,0.66,0.67,7971,1,0,1,H+1,HV,1,1,0,1
current,0.66,0.67,7972,1,0,1,H+1,HV,1,1,0,1
current,0.66,0.67,7973,1,0,1,H+1,HV,1,1,0,1
current,0.66,0.67,7974,1,0,1,H+1,HV,1,1,0,1
current,0.66,0.67,7975,1,0,1,H+1,HV,1,1,0,1
current,0.66,0.67,7976,-1,0,1,H-1,HV,1,-1,0,1
current,0.66,0.67,7977,0,0,0,I,HV,1,0,0,1
current,0.66,0.67,7978,2,0,2,H+1 H+1,HV,1,2,0,1
current,0.66,0.67,7979,1,0,1,H+1,HV,1,1,0,1
current,0.66,0.67,7980,1,-1,2,H+1 V-1,HV,0,1,-1,1
current,0.66,0.67,7981,1,-1,2,H+1 V-1,HV,0,1,-1,1
current,0.66,0.67,7982,1,0,1,H+1,HV,1,1,0,1
current,0.66,0.67,7983,1,0,1,H+1,HV,1,1,0,1
current,0.66,0.67,7984,-1,0,1,H-1,HV,1,-1,0,1
current,0.66,0.67,7985,-1,0,1,H-1,HV,1,-1,0,1
current,0.66,0.67,7986,1,0,1,H+1,HV,1,1,0,1
current,0.66,0.67,7987,1,0,1,H+1,HV,1,1,0,1
current,0.66,0.67,7988,1,-1,2,H+1 V-1,HV,0,1,-1,1
current,0.66,0.67,7989,1,-1,2,H+1 V-1,HV,0,1,-1,1
current,0.66,0.67,7990,1,0,1,H+1,HV,1,1,0,1
current,0.66,0.67,7991,1,0,1,H+1,HV,1,1,0,1
current,0.66,0.67,7992,-1,0,1,H-1,HV,1,-1,0,1
current,0.66,0.67,7993,-1,0,1,H-1,HV,1,-1,0,1
current,0.66,0.67,7994,1,0,1,H+1,HV,1,1,0,1
current,0.66,0.67,7995,0,1,1,V+1,HV,1,0,1,1
current,0.66,0.67,7996,0,0,0,I,HV,1,0,0,1
current,0.66,0.67,7997,0,0,0,I,HV,1,0,0,1
current,0.66,0.67,7998,0,0,0,I,HV,1,0,0,1
current,0.66,0.67,7999,2,0,2,H+1 H+1,HV,1,2,0,1
current,0.66,0.67,8000,2,-1,3,H+1 H+1 V-1,HV,-1,2,-1,1
current,0.66,0.67,8001,0,0,0,I,HV,1,0,0,1
current,0.66,0.67,8002,2,0,2,H+1 H+1,HV,1,2,0,1
current,0.66,0.67,8003,1,-1,2,H+1 V-1,HV,0,1,-1,1
current,0.66,0.67,8004,0,-1,1,V-1,HV,1,0,-1,1
current,0.66,0.67,8005,0,1,1,V+1,HV,1,0,1,1
current,0.66,0.67,8006,-1,0,1,H-1,HV,1,-1,0,1
current,0.66,0.67,8007,1,1,2,H+1 V+1,HV,2,1,1,1
current,0.66,0.67,8008,2,0,2,H+1 H+1,HV,1,2,0,1
current,0.66,0.67,8009,0,0,0,I,HV,1,0,0,1
current,0.66,0.67,8010,0,0,0,I,HV,1,0,0,1
current,0.66,0.67,8011,0,0,0,I,HV,1,0,0,1
current,0.66,0.67,8012,0,0,0,I,HV,1,0,0,1
current,0.66,0.67,8013,0,0,0,I,HV,1,0,0,1
current,0.66,0.67,8014,0,0,0,I,HV,1,0,0,1
current,0.66,0.67,8015,0,0,0,I,HV,1,0,0,1
current,0.66,0.67,8016,0,0,0,I,HV,1,0,0,1
current,0.66,0.67,8017,0,0,0,I,HV,1,0,0,1
current,0.66,0.67,8018,0,0,0,I,HV,1,0,0,1
current,0.66,0.67,8019,0,0,0,I,HV,1,0,0,1
current,0.66,0.67,8020,0,0,0,I,HV,1,0,0,1
current,0.66,0.67,8021,0,0,0,I,HV,1,0,0,1
current,0.66,0.67,8022,0,0,0,I,HV,1,0,0,1
current,0.66,0.67,8023,0,0,0,I,HV,1,0,0,1
current,0.66,0.67,8024,0,0,0,I,HV,1,0,0,1
current,0.66,0.67,8025,0,0,0,I,HV,1,0,0,1
current,0.66,0.67,8026,0,0,0,I,HV,1,0,0,1
current,0.66,0.67,8027,0,0,0,I,HV,1,0,0,1
current,0.66,0.67,8028,0,0,0,I,HV,1,0,0,1
current,0.66,0.67,8029,0,0,0,I,HV,1,0,0,1
current,0.66,0.67,8030,0,-1,1,V-1,HV,1,0,-1,1
current,0.66,0.67,8031,0,-1,1,V-1,HV,1,0,-1,1
current,0.66,0.67,8032,0,0,0,I,HV,1,0,0,1
current,0.66,0.67,8033,0,0,0,I,HV,1,0,0,1
current,0.66,0.67,8034,0,0,0,I,HV,1,0,0,1
current,0.66,0.67,8035,0,0,0,I,HV,1,0,0,1
current,0.66,0.67,8036,0,0,0,I,HV,1,0,0,1
current,0.66,0.67,8037,0,0,0,I,HV,1,0,0,1
current,0.66,0.67,8038,0,0,0,I,HV,1,0,0,1
current,0.66,0.67,8039,0,0,0,I,HV,1,0,0,1
current,0.66,0.67,8040,0,0,0,I,HV,1,0,0,1
current,0.66,0.67,8041,0,0,0,I,HV,1,0,0,1
current,0.66,0.67,8042,0,0,0,I,HV,1,0,0,1
current,0.66,0.67,8043,0,0,0,I,HV,1,0,0,1
current,0.66,0.67,8044,0,0,0,I,HV,1,0,0,1
current,0.66,0.67,8045,0,0,0,I,HV,1,0,0,1
current,0.66,0.67,8046,0,0,0,I,HV,1,0,0,1
current,0.66,0.67,8047,0,0,0,I,HV,1,0,0,1
current,0.66,0.67,8048,0,0,0,I,HV,1,0,0,1
current,0.66,0.67,8049,0,0,0,I,HV,1,0,0,1
current,0.66,0.67,8050,0,1,1,V+1,HV,1,0,1,1
current,0.66,0.67,8051,0,1,1,V+1,HV,1,0,1,1
current,0.66,0.67,8052,0,0,0,I,HV,1,0,0,1
current,0.66,0.67,8053,0,0,0,I,HV,1,0,0,1
current,0.66,0.67,8054,0,1,1,V+1,HV,1,0,1,1
current,0.66,0.67,8055,0,1,1,V+1,HV,1,0,1,1
current,0.66,0.67,8056,0,0,0,I,HV,1,0,0,1
current,0.66,0.67,8057,0,0,0,I,HV,1,0,0,1
current,0.66,0.67,8058,0,0,0,I,HV,1,0,0,1
current,0.66,0.67,8059,0,0,0,I,HV,1,0,0,1
current,0.66,0.67,8060,0,0,0,I,HV,1,0,0,1
current,0.66,0.67,8061,0,0,0,I,HV,1,0,0,1
current,0.66,0.67,8062,0,0,0,I,HV,1,0,0,1
current,0.66,0.67,8063,0,0,0,I,HV,1,0,0,1
current,0.66,0.67,8064,0,0,0,I,HV,1,0,0,1
current,0.66,0.67,8065,0,0,0,I,HV,1,0,0,1
current,0.66,0.67,8066,0,0,0,I,HV,1,0,0,1
current,0.66,0.67,8067,0,0,0,I,HV,1,0,0,1
current,0.66,0.67,8068,0,0,0,I,HV,1,0,0,1
current,0.66,0.67,8069,0,0,0,I,HV,1,0,0,1
current,0.66,0.67,8070,0,0,0,I,HV,1,0,0,1
current,0.66,0.67,8071,0,0,0,I,HV,1,0,0,1
current,0.66,0.67,8072,0,0,0,I,HV,1,0,0,1
current,0.66,0.67,8073,0,0,0,I,HV,1,0,0,1
current,0.66,0.67,8074,0,0,0,I,HV,1,0,0,1
current,0.66,0.67,8075,0,1,1,V+1,HV,1,0,1,1
current,0.66,0.67,8076,0,1,1,V+1,HV,1,0,1,1
current,0.66,0.67,8077,0,0,0,I,HV,1,0,0,1
current,0.66,0.67,8078,0,0,0,I,HV,1,0,0,1
current,0.66,0.67,8079,0,0,0,I,HV,1,0,0,1
current,0.66,0.67,8080,0,0,0,I,HV,1,0,0,1
current,0.66,0.67,8081,0,0,0,I,HV,1,0,0,1
current,0.66,0.67,8082,0,0,0,I,HV,1,0,0,1
current,0.66,0.67,8083,0,0,0,I,HV,1,0,0,1
current,0.66,0.67,8084,0,0,0,I,HV,1,0,0,1
current,0.66,0.67,8085,0,0,0,I,HV,1,0,0,1
current,0.66,0.67,8086,0,0,0,I,HV,1,0,0,1
current,0.66,0.67,8087,0,0,0,I,HV,1,0,0,1
current,0.66,0.67,8088,0,0,0,I,HV,1,0,0,1
current,0.66,0.67,8089,0,0,0,I,HV,1,0,0,1
current,0.66,0.67,8090,0,0,0,I,HV,1,0,0,1
current,0.66,0.67,8091,0,0,0,I,HV,1,0,0,1
current,0.66,0.67,8092,0,-1,1,V-1,HV,1,0,-1,1
current,0.66,0.67,8093,0,-1,1,V-1,HV,1,0,-1,1
current,0.66,0.67,8094,0,1,1,V+1,HV,1,0,1,1
current,0.66,0.67,8095,1,0,1,H+1,HV,1,1,0,1
current,0.66,0.67,8096,-1,0,1,H-1,HV,1,-1,0,1
current,0.66,0.67,8097,0,0,0,I,HV,1,0,0,1
current,0.66,0.67,8098,1,-1,2,H+1 V-1,HV,0,1,-1,1
current,0.66,0.67,8099,1,-1,2,H+1 V-1,HV,0,1,-1,1
current,0.66,0.67,8100,1,-1,2,H+1 V-1,HV,0,1,-1,1
current,0.66,0.67,8101,0,0,0,I,HV,1,0,0,1
current,0.66,0.67,8102,0,0,0,I,HV,1,0,0,1
current,0.66,0.67,8103,0,0,0,I,HV,1,0,0,1
current,0.66,0.67,8104,0,0,0,I,HV,1,0,0,1
current,0.66,0.67,8105,1,-1,2,H+1 V-1,HV,0,1,-1,1
current,0.66,0.67,8106,1,0,1,H+1,HV,1,1,0,1
current,0.66,0.67,8107,1,0,1,H+1,HV,1,1,0,1
current,0.66,0.67,8108,1,0,1,H+1,HV,1,1,0,1
current,0.66,0.67,8109,1,0,1,H+1,HV,1,1,0,1
current,0.66,0.67,8110,1,0,1,H+1,HV,1,1,0,1
current,0.66,0.67,8111,1,0,1,H+1,HV,1,1,0,1
current,0.66,0.67,8112,1,0,1,H+1,HV,1,1,0,1
current,0.66,0.67,8113,1,0,1,H+1,HV,1,1,0,1
current,0.66,0.67,8114,1,0,1,H+1,HV,1,1,0,1
current,0.66,0.67,8115,1,0,1,H+1,HV,1,1,0,1
current,0.66,0.67,8116,-1,0,1,H-1,HV,1,-1,0,1
current,0.66,0.67,8117,-1,0,1,H-1,HV,1,-1,0,1
current,0.66,0.67,8118,1,0,1,H+1,HV,1,1,0,1
current,0.66,0.67,8119,1,0,1,H+1,HV,1,1,0,1
current,0.66,0.67,8120,1,-1,2,H+1 V-1,HV,0,1,-1,1
current,0.66,0.67,8121,1,-1,2,H+1 V-1,HV,0,1,-1,1
current,0.66,0.67,8122,1,0,1,H+1,HV,1,1,0,1
current,0.66,0.67,8123,1,0,1,H+1,HV,1,1,0,1
current,0.66,0.67,8124,-1,0,1,H-1,HV,1,-1,0,1
current,0.66,0.67,8125,-1,0,1,H-1,HV,1,-1,0,1
current,0.66,0.67,8126,1,0,1,H+1,HV,1,1,0,1
current,0.66,0.67,8127,1,0,1,H+1,HV,1,1,0,1
current,0.66,0.67,8128,1,-1,2,H+1 V-1,HV,0,1,-1,1
current,0.66,0.67,8129,1,-1,2,H+1 V-1,HV,0,1,-1,1
current,0.66,0.67,8130,1,0,1,H+1,HV,1,1,0,1
current,0.66,0.67,8131,1,0,1,H+1,HV,1,1,0,1
current,0.66,0.67,8132,-1,0,1,H-1,HV,1,-1,0,1
current,0.66,0.67,8133,-1,0,1,H-1,HV,1,-1,0,1
current,0.66,0.67,8134,1,0,1,H+1,HV,1,1,0,1
current,0.66,0.67,8135,0,1,1,V+1,HV,1,0,1,1
current,0.66,0.67,8136,-1,0,1,H-1,HV,1,-1,0,1
current,0.66,0.67,8137,-1,0,1,H-1,HV,1,-1,0,1
current,0.66,0.67,8138,1,0,1,H+1,HV,1,1,0,1
current,0.66,0.67,8139,1,0,1,H+1,HV,1,1,0,1
current,0.66,0.67,8140,1,-1,2,H+1 V-1,HV,0,1,-1,1
current,0.66,0.67,8141,1,-1,2,H+1 V-1,HV,0,1,-1,1
current,0.66,0.67,8142,1,0,1,H+1,HV,1,1,0,1
current,0.66,0.67,8143,0,0,0,I,HV,1,0,0,1
current,0.66,0.67,8144,1,0,1,H+1,HV,1,1,0,1
current,0.66,0.67,8145,0,1,1,V+1,HV,1,0,1,1
current,0.66,0.67,8146,0,0,0,I,HV,1,0,0,1
current,0.66,0.67,8147,0,0,0,I,HV,1,0,0,1
current,0.66,0.67,8148,0,0,0,I,HV,1,0,0,1
current,0.66,0.67,8149,0,0,0,I,HV,1,0,0,1
current,0.66,0.67,8150,0,0,0,I,HV,1,0,0,1
current,0.66,0.67,8151,0,0,0,I,HV,1,0,0,1
current,0.66,0.67,8152,0,0,0,I,HV,1,0,0,1
current,0.66,0.67,8153,0,0,0,I,HV,1,0,0,1
current,0.66,0.67,8154,0,0,0,I,HV,1,0,0,1
current,0.66,0.67,8155,0,0,0,I,HV,1,0,0,1
current,0.66,0.67,8156,0,0,0,I,HV,1,0,0,1
current,0.66,0.67,8157,0,0,0,I,HV,1,0,0,1
current,0.66,0.67,8158,0,0,0,I,HV,1,0,0,1
current,0.66,0.67,8159,0,0,0,I,HV,1,0,0,1
current,0.66,0.67,8160,0,0,0,I,HV,1,0,0,1
current,0.66,0.67,8161,0,0,0,I,HV,1,0,0,1
current,0.66,0.67,8162,0,0,0,I,HV,1,0,0,1
current,0.66,0.67,8163,0,0,0,I,HV,1,0,0,1
current,0.66,0.67,8164,0,0,0,I,HV,1,0,0,1
current,0.66,0.67,8165,0,0,0,I,HV,1,0,0,1
current,0.66,0.67,8166,0,0,0,I,HV,1,0,0,1
current,0.66,0.67,8167,0,0,0,I,HV,1,0,0,1
current,0.66,0.67,8168,0,0,0,I,HV,1,0,0,1
current,0.66,0.67,8169,0,0,0,I,HV,1,0,0,1
current,0.66,0.67,8170,0,-1,1,V-1,HV,1,0,-1,1
current,0.66,0.67,8171,0,-1,1,V-1,HV,1,0,-1,1
current,0.66,0.67,8172,0,0,0,I,HV,1,0,0,1
current,0.66,0.67,8173,0,0,0,I,HV,1,0,0,1
current,0.66,0.67,8174,0,0,0,I,HV,1,0,0,1
current,0.66,0.67,8175,0,0,0,I,HV,1,0,0,1
current,0.66,0.67,8176,0,0,0,I,HV,1,0,0,1
current,0.66,0.67,8177,0,0,0,I,HV,1,0,0,1
current,0.66,0.67,8178,0,0,0,I,HV,1,0,0,1
current,0.66,0.67,8179,0,0,0,I,HV,1,0,0,1
current,0.66,0.67,8180,0,0,0,I,HV,1,0,0,1
current,0.66,0.67,8181,0,0,0,I,HV,1,0,0,1
current,0.66,0.67,8182,0,0,0,I,HV,1,0,0,1
current,0.66,0.67,8183,0,0,0,I,HV,1,0,0,1
current,0.66,0.67,8184,0,0,0,I,HV,1,0,0,1
current,0.66,0.67,8185,0,0,0,I,HV,1,0,0,1
current,0.66,0.67,8186,0,0,0,I,HV,1,0,0,1
current,0.66,0.67,8187,0,0,0,I,HV,1,0,0,1
current,0.66,0.67,8188,0,0,0,I,HV,1,0,0,1
current,0.66,0.67,8189,0,0,0,I,HV,1,0,0,1
current,0.66,0.67,8190,0,1,1,V+1,HV,1,0,1,1
current,0.66,0.67,8191,0,1,1,V+1,HV,1,0,1,1
current,0.66,0.67,8192,0,0,0,I,HV,1,0,0,1
current,0.66,0.67,8193,0,0,0,I,HV,1,0,0,1
current,0.66,0.67,8194,0,1,1,V+1,HV,1,0,1,1
current,0.66,0.67,8195,0,1,1,V+1,HV,1,0,1,1
current,0.66,0.67,8196,0,0,0,I,HV,1,0,0,1
current,0.66,0.67,8197,0,0,0,I,HV,1,0,0,1
current,0.66,0.67,8198,0,0,0,I,HV,1,0,0,1
current,0.66,0.67,8199,0,0,0,I,HV,1,0,0,1
current,0.66,0.67,8200,0,0,0,I,HV,1,0,0,1
current,0.66,0.67,8201,0,0,0,I,HV,1,0,0,1
current,0.66,0.67,8202,0,0,0,I,HV,1,0,0,1
current,0.66,0.67,8203,0,0,0,I,HV,1,0,0,1
current,0.66,0.67,8204,0,0,0,I,HV,1,0,0,1
current,0.66,0.67,8205,0,0,0,I,HV,1,0,0,1
current,0.66,0.67,8206,0,0,0,I,HV,1,0,0,1
current,0.66,0.67,8207,0,0,0,I,HV,1,0,0,1
current,0.66,0.67,8208,0,0,0,I,HV,1,0,0,1
current,0.66,0.67,8209,0,0,0,I,HV,1,0,0,1
current,0.66,0.67,8210,0,0,0,I,HV,1,0,0,1
current,0.66,0.67,8211,0,0,0,I,HV,1,0,0,1
current,0.66,0.67,8212,0,0,0,I,HV,1,0,0,1
current,0.66,0.67,8213,0,0,0,I,HV,1,0,0,1
current,0.66,0.67,8214,0,1,1,V+1,HV,1,0,1,1
current,0.66,0.67,8215,0,0,0,I,HV,1,0,0,1
current,0.66,0.67,8216,0,0,0,I,HV,1,0,0,1
current,0.66,0.67,8217,0,0,0,I,HV,1,0,0,1
current,0.66,0.67,8218,0,0,0,I,HV,1,0,0,1
current,0.66,0.67,8219,0,0,0,I,HV,1,0,0,1
current,0.66,0.67,8220,0,0,0,I,HV,1,0,0,1
current,0.66,0.67,8221,0,0,0,I,HV,1,0,0,1
current,0.66,0.67,8222,0,0,0,I,HV,1,0,0,1
current,0.66,0.67,8223,0,0,0,I,HV,1,0,0,1
current,0.66,0.67,8224,0,0,0,I,HV,1,0,0,1
current,0.66,0.67,8225,0,0,0,I,HV,1,0,0,1
current,0.66,0.67,8226,0,0,0,I,HV,1,0,0,1
current,0.66,0.67,8227,0,0,0,I,HV,1,0,0,1
current,0.66,0.67,8228,0,0,0,I,HV,1,0,0,1
current,0.66,0.67,8229,0,0,0,I,HV,1,0,0,1
current,0.66,0.67,8230,0,0,0,I,HV,1,0,0,1
current,0.66,0.67,8231,0,0,0,I,HV,1,0,0,1
current,0.66,0.67,8232,0,-1,1,V-1,HV,1,0,-1,1
current,0.66,0.67,8233,-1,0,1,H-1,HV,1,-1,0,1
current,0.66,0.67,8234,1,0,1,H+1,HV,1,1,0,1
current,0.66,0.67,8235,1,0,1,H+1,HV,1,1,0,1
current,0.66,0.67,8236,0,0,0,I,HV,1,0,0,1
current,0.66,0.67,8237,0,0,0,I,HV,1,0,0,1
current,0.66,0.67,8238,1,-1,2,H+1 V-1,HV,0,1,-1,1
current,0.66,0.67,8239,-1,1,2,V+1 H-1,VH,1,-1,1,0
current,0.66,0.67,8240,0,0,0,I,HV,1,0,0,1
current,0.66,0.67,8241,1,-1,2,H+1 V-1,HV,0,1,-1,1
current,0.66,0.67,8242,-2,0,2,H-1 H-1,HV,1,-2,0,1
current,0.66,0.67,8243,-2,0,2,H-1 H-1,HV,1,-2,0,1
current,0.66,0.67,8244,1,-1,2,H+1 V-1,HV,0,1,-1,1
current,0.66,0.67,8245,2,0,2,H+1 H+1,HV,1,2,0,1
current,0.66,0.67,8246,0,1,1,V+1,HV,1,0,1,1
current,0.66,0.67,8247,2,1,3,V+1 H+1 H+1,VH,1,2,1,3
current,0.66,0.67,8248,1,0,1,H+1,HV,1,1,0,1
current,0.66,0.67,8249,1,0,1,H+1,HV,1,1,0,1
current,0.66,0.67,8250,1,0,1,H+1,HV,1,1,0,1
current,0.66,0.67,8251,1,0,1,H+1,HV,1,1,0,1
current,0.66,0.67,8252,1,0,1,H+1,HV,1,1,0,1
current,0.66,0.67,8253,1,0,1,H+1,HV,1,1,0,1
current,0.66,0.67,8254,1,0,1,H+1,HV,1,1,0,1
current,0.66,0.67,8255,1,0,1,H+1,HV,1,1,0,1
current,0.66,0.67,8256,-1,0,1,H-1,HV,1,-1,0,1
current,0.66,0.67,8257,-1,0,1,H-1,HV,1,-1,0,1
current,0.66,0.67,8258,1,0,1,H+1,HV,1,1,0,1
current,0.66,0.67,8259,1,0,1,H+1,HV,1,1,0,1
current,0.66,0.67,8260,1,-1,2,H+1 V-1,HV,0,1,-1,1
current,0.66,0.67,8261,1,-1,2,H+1 V-1,HV,0,1,-1,1
current,0.66,0.67,8262,1,0,1,H+1,HV,1,1,0,1
current,0.66,0.67,8263,1,0,1,H+1,HV,1,1,0,1
current,0.66,0.67,8264,-1,0,1,H-1,HV,1,-1,0,1
current,0.66,0.67,8265,-1,0,1,H-1,HV,1,-1,0,1
current,0.66,0.67,8266,1,0,1,H+1,HV,1,1,0,1
current,0.66,0.67,8267,1,0,1,H+1,HV,1,1,0,1
current,0.66,0.67,8268,1,-1,2,H+1 V-1,HV,0,1,-1,1
current,0.66,0.67,8269,1,-1,2,H+1 V-1,HV,0,1,-1,1
current,0.66,0.67,8270,1,0,1,H+1,HV,1,1,0,1
current,0.66,0.67,8271,0,1,1,V+1,HV,1,0,1,1
current,0.66,0.67,8272,-1,-1,2,V-1 H-1,VH,1,-1,-1,2
current,0.66,0.67,8273,0,0,0,I,HV,1,0,0,1
current,0.66,0.67,8274,1,0,1,H+1,HV,1,1,0,1
current,0.66,0.67,8275,1,0,1,H+1,HV,1,1,0,1
current,0.66,0.67,8276,-1,0,1,H-1,HV,1,-1,0,1
current,0.66,0.67,8277,-1,0,1,H-1,HV,1,-1,0,1
current,0.66,0.67,8278,1,0,1,H+1,HV,1,1,0,1
current,0.66,0.67,8279,1,0,1,H+1,HV,1,1,0,1
current,0.66,0.67,8280,1,-1,2,H+1 V-1,HV,0,1,-1,1
current,0.66,0.67,8281,1,-1,2,H+1 V-1,HV,0,1,-1,1
current,0.66,0.67,8282,3,0,3,H+1 H+1 H+1,HV,1,3,0,1
current,0.66,0.67,8283,0,0,0,I,HV,1,0,0,1
current,0.66,0.67,8284,0,0,0,I,HV,1,0,0,1
current,0.66,0.67,8285,0,0,0,I,HV,1,0,0,1
current,0.66,0.67,8286,0,0,0,I,HV,1,0,0,1
current,0.66,0.67,8287,0,0,0,I,HV,1,0,0,1
current,0.66,0.67,8288,0,0,0,I,HV,1,0,0,1
current,0.66,0.67,8289,0,0,0,I,HV,1,0,0,1
current,0.66,0.67,8290,0,0,0,I,HV,1,0,0,1
current,0.66,0.67,8291,0,0,0,I,HV,1,0,0,1
current,0.66,0.67,8292,0,0,0,I,HV,1,0,0,1
current,0.66,0.67,8293,0,0,0,I,HV,1,0,0,1
current,0.66,0.67,8294,0,0,0,I,HV,1,0,0,1
current,0.66,0.67,8295,0,0,0,I,HV,1,0,0,1
current,0.66,0.67,8296,0,0,0,I,HV,1,0,0,1
current,0.66,0.67,8297,0,0,0,I,HV,1,0,0,1
current,0.66,0.67,8298,0,0,0,I,HV,1,0,0,1
current,0.66,0.67,8299,0,0,0,I,HV,1,0,0,1
current,0.66,0.67,8300,0,0,0,I,HV,1,0,0,1
current,0.66,0.67,8301,0,0,0,I,HV,1,0,0,1
current,0.66,0.67,8302,0,0,0,I,HV,1,0,0,1
current,0.66,0.67,8303,0,0,0,I,HV,1,0,0,1
current,0.66,0.67,8304,0,0,0,I,HV,1,0,0,1
current,0.66,0.67,8305,0,0,0,I,HV,1,0,0,1
current,0.66,0.67,8306,0,0,0,I,HV,1,0,0,1
current,0.66,0.67,8307,0,0,0,I,HV,1,0,0,1
current,0.66,0.67,8308,0,0,0,I,HV,1,0,0,1
current,0.66,0.67,8309,0,0,0,I,HV,1,0,0,1
current,0.66,0.67,8310,0,-1,1,V-1,HV,1,0,-1,1
current,0.66,0.67,8311,0,-1,1,V-1,HV,1,0,-1,1
current,0.66,0.67,8312,0,0,0,I,HV,1,0,0,1
current,0.66,0.67,8313,0,0,0,I,HV,1,0,0,1
current,0.66,0.67,8314,0,0,0,I,HV,1,0,0,1
current,0.66,0.67,8315,0,0,0,I,HV,1,0,0,1
current,0.66,0.67,8316,0,0,0,I,HV,1,0,0,1
current,0.66,0.67,8317,0,0,0,I,HV,1,0,0,1
current,0.66,0.67,8318,0,0,0,I,HV,1,0,0,1
current,0.66,0.67,8319,0,0,0,I,HV,1,0,0,1
current,0.66,0.67,8320,0,0,0,I,HV,1,0,0,1
current,0.66,0.67,8321,0,0,0,I,HV,1,0,0,1
current,0.66,0.67,8322,0,0,0,I,HV,1,0,0,1
current,0.66,0.67,8323,0,0,0,I,HV,1,0,0,1
current,0.66,0.67,8324,0,0,0,I,HV,1,0,0,1
current,0.66,0.67,8325,0,0,0,I,HV,1,0,0,1
current,0.66,0.67,8326,0,0,0,I,HV,1,0,0,1
current,0.66,0.67,8327,0,0,0,I,HV,1,0,0,1
current,0.66,0.67,8328,0,0,0,I,HV,1,0,0,1
current,0.66,0.67,8329,0,0,0,I,HV,1,0,0,1
current,0.66,0.67,8330,0,1,1,V+1,HV,1,0,1,1
current,0.66,0.67,8331,0,1,1,V+1,HV,1,0,1,1
current,0.66,0.67,8332,0,0,0,I,HV,1,0,0,1
current,0.66,0.67,8333,0,1,1,V+1,HV,1,0,1,1
current,0.66,0.67,8334,0,0,0,I,HV,1,0,0,1
current,0.66,0.67,8335,0,1,1,V+1,HV,1,0,1,1
current,0.66,0.67,8336,0,0,0,I,HV,1,0,0,1
current,0.66,0.67,8337,0,0,0,I,HV,1,0,0,1
current,0.66,0.67,8338,0,0,0,I,HV,1,0,0,1
current,0.66,0.67,8339,0,0,0,I,HV,1,0,0,1
current,0.66,0.67,8340,0,0,0,I,HV,1,0,0,1
current,0.66,0.67,8341,0,0,0,I,HV,1,0,0,1
current,0.66,0.67,8342,0,0,0,I,HV,1,0,0,1
current,0.66,0.67,8343,0,0,0,I,HV,1,0,0,1
current,0.66,0.67,8344,0,0,0,I,HV,1,0,0,1
current,0.66,0.67,8345,0,0,0,I,HV,1,0,0,1
current,0.66,0.67,8346,0,0,0,I,HV,1,0,0,1
current,0.66,0.67,8347,0,0,0,I,HV,1,0,0,1
current,0.66,0.67,8348,0,0,0,I,HV,1,0,0,1
current,0.66,0.67,8349,0,0,0,I,HV,1,0,0,1
current,0.66,0.67,8350,0,0,0,I,HV,1,0,0,1
current,0.66,0.67,8351,0,0,0,I,HV,1,0,0,1
current,0.66,0.67,8352,0,0,0,I,HV,1,0,0,1
current,0.66,0.67,8353,0,0,0,I,HV,1,0,0,1
current,0.66,0.67,8354,0,0,0,I,HV,1,0,0,1
current,0.66,0.67,8355,0,0,0,I,HV,1,0,0,1
current,0.66,0.67,8356,0,0,0,I,HV,1,0,0,1
current,0.66,0.67,8357,0,0,0,I,HV,1,0,0,1
current,0.66,0.67,8358,0,0,0,I,HV,1,0,0,1
current,0.66,0.67,8359,0,0,0,I,HV,1,0,0,1
current,0.66,0.67,8360,0,0,0,I,HV,1,0,0,1
current,0.66,0.67,8361,0,0,0,I,HV,1,0,0,1
current,0.66,0.67,8362,0,0,0,I,HV,1,0,0,1
current,0.66,0.67,8363,0,0,0,I,HV,1,0,0,1
current,0.66,0.67,8364,0,0,0,I,HV,1,0,0,1
current,0.66,0.67,8365,0,0,0,I,HV,1,0,0,1
current,0.66,0.67,8366,0,0,0,I,HV,1,0,0,1
current,0.66,0.67,8367,0,0,0,I,HV,1,0,0,1
current,0.66,0.67,8368,0,0,0,I,HV,1,0,0,1
current,0.66,0.67,8369,0,0,0,I,HV,1,0,0,1
current,0.66,0.67,8370,0,0,0,I,HV,1,0,0,1
current,0.66,0.67,8371,1,0,1,H+1,HV,1,1,0,1
current,0.66,0.67,8372,-1,0,1,H-1,HV,1,-1,0,1
current,0.66,0.67,8373,-1,0,1,H-1,HV,1,-1,0,1
current,0.66,0.67,8374,1,0,1,H+1,HV,1,1,0,1
current,0.66,0.67,8375,1,0,1,H+1,HV,1,1,0,1
current,0.66,0.67,8376,0,0,0,I,HV,1,0,0,1
current,0.66,0.67,8377,0,0,0,I,HV,1,0,0,1
current,0.66,0.67,8378,0,0,0,I,HV,1,0,0,1
current,0.66,0.67,8379,1,0,1,H+1,HV,1,1,0,1
current,0.66,0.67,8380,0,1,1,V+1,HV,1,0,1,1
current,0.66,0.67,8381,0,0,0,I,HV,1,0,0,1
current,0.66,0.67,8382,-1,0,1,H-1,HV,1,-1,0,1
current,0.66,0.67,8383,0,1,1,V+1,HV,1,0,1,1
current,0.66,0.67,8384,0,0,0,I,HV,1,0,0,1
current,0.66,0.67,8385,1,0,1,H+1,HV,1,1,0,1
current,0.66,0.67,8386,-1,0,1,H-1,HV,1,-1,0,1
current,0.66,0.67,8387,-1,0,1,H-1,HV,1,-1,0,1
current,0.66,0.67,8388,1,0,1,H+1,HV,1,1,0,1
current,0.66,0.67,8389,1,0,1,H+1,HV,1,1,0,1
current,0.66,0.67,8390,1,0,1,H+1,HV,1,1,0,1
current,0.66,0.67,8391,1,0,1,H+1,HV,1,1,0,1
current,0.66,0.67,8392,1,0,1,H+1,HV,1,1,0,1
current,0.66,0.67,8393,1,0,1,H+1,HV,1,1,0,1
current,0.66,0.67,8394,1,0,1,H+1,HV,1,1,0,1
current,0.66,0.67,8395,1,0,1,H+1,HV,1,1,0,1
current,0.66,0.67,8396,-1,0,1,H-1,HV,1,-1,0,1
current,0.66,0.67,8397,-1,0,1,H-1,HV,1,-1,0,1
current,0.66,0.67,8398,1,0,1,H+1,HV,1,1,0,1
current,0.66,0.67,8399,1,0,1,H+1,HV,1,1,0,1
current,0.66,0.67,8400,1,-1,2,H+1 V-1,HV,0,1,-1,1
current,0.66,0.67,8401,1,-1,2,H+1 V-1,HV,0,1,-1,1
current,0.66,0.67,8402,1,0,1,H+1,HV,1,1,0,1
current,0.66,0.67,8403,1,1,2,V+1 H+1,VH,1,1,1,2
current,0.66,0.67,8404,0,-1,1,V-1,HV,1,0,-1,1
current,0.66,0.67,8405,0,-1,1,V-1,HV,1,0,-1,1
current,0.66,0.67,8406,-2,0,2,H-1 H-1,HV,1,-2,0,1
current,0.66,0.67,8407,0,0,0,I,HV,1,0,0,1
current,0.66,0.67,8408,0,-1,1,V-1,HV,1,0,-1,1
current,0.66,0.67,8409,0,-1,1,V-1,HV,1,0,-1,1
current,0.66,0.67,8410,0,-1,1,V-1,HV,1,0,-1,1
current,0.66,0.67,8411,0,-1,1,V-1,HV,1,0,-1,1
current,0.66,0.67,8412,-1,0,1,H-1,HV,1,-1,0,1
current,0.66,0.67,8413,0,-1,1,V-1,HV,1,0,-1,1
current,0.66,0.67,8414,1,0,1,H+1,HV,1,1,0,1
current,0.66,0.67,8415,0,0,0,I,HV,1,0,0,1
current,0.66,0.67,8416,0,0,0,I,HV,1,0,0,1
current,0.66,0.67,8417,-2,0,2,H-1 H-1,HV,1,-2,0,1
current,0.66,0.67,8418,-2,0,2,H-1 H-1,HV,1,-2,0,1
current,0.66,0.67,8419,0,0,0,I,HV,1,0,0,1
current,0.66,0.67,8420,0,0,0,I,HV,1,0,0,1
current,0.66,0.67,8421,0,1,1,V+1,HV,1,0,1,1
current,0.66,0.67,8422,0,0,0,I,HV,1,0,0,1
current,0.66,0.67,8423,0,0,0,I,HV,1,0,0,1
current,0.66,0.67,8424,0,0,0,I,HV,1,0,0,1
current,0.66,0.67,8425,0,0,0,I,HV,1,0,0,1
current,0.66,0.67,8426,0,0,0,I,HV,1,0,0,1
current,0.66,0.67,8427,0,0,0,I,HV,1,0,0,1
current,0.66,0.67,8428,0,0,0,I,HV,1,0,0,1
current,0.66,0.67,8429,0,0,0,I,HV,1,0,0,1
current,0.66,0.67,8430,0,0,0,I,HV,1,0,0,1
current,0.66,0.67,8431,0,0,0,I,HV,1,0,0,1
current,0.66,0.67,8432,0,0,0,I,HV,1,0,0,1
current,0.66,0.67,8433,0,0,0,I,HV,1,0,0,1
current,0.66,0.67,8434,0,0,0,I,HV,1,0,0,1
current,0.66,0.67,8435,0,0,0,I,HV,1,0,0,1
current,0.66,0.67,8436,0,0,0,I,HV,1,0,0,1
current,0.66,0.67,8437,0,0,0,I,HV,1,0,0,1
current,0.66,0.67,8438,0,0,0,I,HV,1,0,0,1
current,0.66,0.67,8439,0,0,0,I,HV,1,0,0,1
current,0.66,0.67,8440,0,0,0,I,HV,1,0,0,1
current,0.66,0.67,8441,0,0,0,I,HV,1,0,0,1
current,0.66,0.67,8442,0,0,0,I,HV,1,0,0,1
current,0.66,0.67,8443,0,0,0,I,HV,1,0,0,1
current,0.66,0.67,8444,0,0,0,I,HV,1,0,0,1
current,0.66,0.67,8445,0,0,0,I,HV,1,0,0,1
current,0.66,0.67,8446,0,0,0,I,HV,1,0,0,1
current,0.66,0.67,8447,0,0,0,I,HV,1,0,0,1
current,0.66,0.67,8448,0,0,0,I,HV,1,0,0,1
current,0.66,0.67,8449,0,0,0,I,HV,1,0,0,1
current,0.66,0.67,8450,0,-1,1,V-1,HV,1,0,-1,1
current,0.66,0.67,8451,0,-1,1,V-1,HV,1,0,-1,1
current,0.66,0.67,8452,0,0,0,I,HV,1,0,0,1
current,0.66,0.67,8453,0,0,0,I,HV,1,0,0,1
current,0.66,0.67,8454,0,0,0,I,HV,1,0,0,1
current,0.66,0.67,8455,0,0,0,I,HV,1,0,0,1
current,0.66,0.67,8456,0,0,0,I,HV,1,0,0,1
current,0.66,0.67,8457,0,0,0,I,HV,1,0,0,1
current,0.66,0.67,8458,0,0,0,I,HV,1,0,0,1
current,0.66,0.67,8459,0,0,0,I,HV,1,0,0,1
current,0.66,0.67,8460,0,0,0,I,HV,1,0,0,1
current,0.66,0.67,8461,0,0,0,I,HV,1,0,0,1
current,0.66,0.67,8462,0,0,0,I,HV,1,0,0,1
current,0.66,0.67,8463,0,0,0,I,HV,1,0,0,1
current,0.66,0.67,8464,0,0,0,I,HV,1,0,0,1
current,0.66,0.67,8465,0,0,0,I,HV,1,0,0,1
current,0.66,0.67,8466,0,0,0,I,HV,1,0,0,1
current,0.66,0.67,8467,0,0,0,I,HV,1,0,0,1
current,0.66,0.67,8468,0,0,0,I,HV,1,0,0,1
current,0.66,0.67,8469,0,1,1,V+1,HV,1,0,1,1
current,0.66,0.67,8470,0,0,0,I,HV,1,0,0,1
current,0.66,0.67,8471,0,1,1,V+1,HV,1,0,1,1
current,0.66,0.67,8472,0,0,0,I,HV,1,0,0,1
current,0.66,0.67,8473,0,1,1,V+1,HV,1,0,1,1
current,0.66,0.67,8474,0,0,0,I,HV,1,0,0,1
current,0.66,0.67,8475,0,0,0,I,HV,1,0,0,1
current,0.66,0.67,8476,0,0,0,I,HV,1,0,0,1
current,0.66,0.67,8477,0,0,0,I,HV,1,0,0,1
current,0.66,0.67,8478,0,0,0,I,HV,1,0,0,1
current,0.66,0.67,8479,0,0,0,I,HV,1,0,0,1
current,0.66,0.67,8480,0,0,0,I,HV,1,0,0,1
current,0.66,0.67,8481,0,0,0,I,HV,1,0,0,1
current,0.66,0.67,8482,0,0,0,I,HV,1,0,0,1
current,0.66,0.67,8483,0,0,0,I,HV,1,0,0,1
current,0.66,0.67,8484,0,0,0,I,HV,1,0,0,1
current,0.66,0.67,8485,0,0,0,I,HV,1,0,0,1
current,0.66,0.67,8486,0,0,0,I,HV,1,0,0,1
current,0.66,0.67,8487,0,0,0,I,HV,1,0,0,1
current,0.66,0.67,8488,0,0,0,I,HV,1,0,0,1
current,0.66,0.67,8489,0,0,0,I,HV,1,0,0,1
current,0.66,0.67,8490,0,0,0,I,HV,1,0,0,1
current,0.66,0.67,8491,0,0,0,I,HV,1,0,0,1
current,0.66,0.67,8492,0,0,0,I,HV,1,0,0,1
current,0.66,0.67,8493,0,0,0,I,HV,1,0,0,1
current,0.66,0.67,8494,0,0,0,I,HV,1,0,0,1
current,0.66,0.67,8495,0,0,0,I,HV,1,0,0,1
current,0.66,0.67,8496,0,0,0,I,HV,1,0,0,1
current,0.66,0.67,8497,0,0,0,I,HV,1,0,0,1
current,0.66,0.67,8498,0,0,0,I,HV,1,0,0,1
current,0.66,0.67,8499,0,0,0,I,HV,1,0,0,1
current,0.66,0.67,8500,0,0,0,I,HV,1,0,0,1
current,0.66,0.67,8501,0,0,0,I,HV,1,0,0,1
current,0.66,0.67,8502,0,0,0,I,HV,1,0,0,1
current,0.66,0.67,8503,0,0,0,I,HV,1,0,0,1
current,0.66,0.67,8504,0,0,0,I,HV,1,0,0,1
current,0.66,0.67,8505,0,0,0,I,HV,1,0,0,1
current,0.66,0.67,8506,0,0,0,I,HV,1,0,0,1
current,0.66,0.67,8507,0,0,0,I,HV,1,0,0,1
current,0.66,0.67,8508,0,0,0,I,HV,1,0,0,1
current,0.66,0.67,8509,0,0,0,I,HV,1,0,0,1
current,0.66,0.67,8510,0,1,1,V+1,HV,1,0,1,1
current,0.66,0.67,8511,1,1,2,V+1 H+1,VH,1,1,1,2
current,0.66,0.67,8512,-1,-1,2,V-1 H-1,VH,1,-1,-1,2
current,0.66,0.67,8513,-1,0,1,H-1,HV,1,-1,0,1
current,0.66,0.67,8514,1,0,1,H+1,HV,1,1,0,1
current,0.66,0.67,8515,1,0,1,H+1,HV,1,1,0,1
current,0.66,0.67,8516,0,0,0,I,HV,1,0,0,1
current,0.66,0.67,8517,-1,1,2,V+1 H-1,VH,1,-1,1,0
current,0.66,0.67,8518,-1,1,2,V+1 H-1,VH,1,-1,1,0
current,0.66,0.67,8519,0,1,1,V+1,HV,1,0,1,1
current,0.66,0.67,8520,1,1,2,H+1 V+1,HV,2,1,1,1
current,0.66,0.67,8521,0,-1,3,H+1 V-1 H-1,longer_word,0,1,-1,2
current,0.66,0.67,8522,-1,-1,2,V-1 H-1,VH,1,-1,-1,2
current,0.66,0.67,8523,-1,-1,2,V-1 H-1,VH,1,-1,-1,2
current,0.66,0.67,8524,1,1,2,V+1 H+1,VH,1,1,1,2
current,0.66,0.67,8525,1,0,1,H+1,HV,1,1,0,1
current,0.66,0.67,8526,-1,0,1,H-1,HV,1,-1,0,1
current,0.66,0.67,8527,-1,0,1,H-1,HV,1,-1,0,1
current,0.66,0.67,8528,1,0,1,H+1,HV,1,1,0,1
current,0.66,0.67,8529,1,0,1,H+1,HV,1,1,0,1
current,0.66,0.67,8530,1,0,1,H+1,HV,1,1,0,1
current,0.66,0.67,8531,1,0,1,H+1,HV,1,1,0,1
current,0.66,0.67,8532,1,0,1,H+1,HV,1,1,0,1
current,0.66,0.67,8533,1,0,1,H+1,HV,1,1,0,1
current,0.66,0.67,8534,1,0,1,H+1,HV,1,1,0,1
current,0.66,0.67,8535,1,0,1,H+1,HV,1,1,0,1
current,0.66,0.67,8536,-1,0,1,H-1,HV,1,-1,0,1
current,0.66,0.67,8537,-1,0,1,H-1,HV,1,-1,0,1
current,0.66,0.67,8538,1,0,1,H+1,HV,1,1,0,1
current,0.66,0.67,8539,1,0,1,H+1,HV,1,1,0,1
current,0.66,0.67,8540,1,-1,2,H+1 V-1,HV,0,1,-1,1
current,0.66,0.67,8541,0,-1,1,V-1,HV,1,0,-1,1
current,0.66,0.67,8542,1,1,2,V+1 H+1,VH,1,1,1,2
current,0.66,0.67,8543,1,0,1,H+1,HV,1,1,0,1
current,0.66,0.67,8544,-1,0,1,H-1,HV,1,-1,0,1
current,0.66,0.67,8545,-1,0,1,H-1,HV,1,-1,0,1
current,0.66,0.67,8546,-1,0,1,H-1,HV,1,-1,0,1
current,0.66,0.67,8547,-1,0,1,H-1,HV,1,-1,0,1
current,0.66,0.67,8548,1,-1,2,H+1 V-1,HV,0,1,-1,1
current,0.66,0.67,8549,0,0,0,I,HV,1,0,0,1
current,0.66,0.67,8550,1,0,1,H+1,HV,1,1,0,1
current,0.66,0.67,8551,0,1,1,V+1,HV,1,0,1,1
current,0.66,0.67,8552,-1,0,1,H-1,HV,1,-1,0,1
current,0.66,0.67,8553,0,-1,1,V-1,HV,1,0,-1,1
current,0.66,0.67,8554,0,0,0,I,HV,1,0,0,1
current,0.66,0.67,8555,1,0,1,H+1,HV,1,1,0,1
current,0.66,0.67,8556,1,1,2,H+1 V+1,HV,2,1,1,1
current,0.66,0.67,8557,1,0,1,H+1,HV,1,1,0,1
current,0.66,0.67,8558,-1,0,1,H-1,HV,1,-1,0,1
current,0.66,0.67,8559,-1,0,1,H-1,HV,1,-1,0,1
current,0.66,0.67,8560,1,0,1,H+1,HV,1,1,0,1
current,0.66,0.67,8561,0,0,0,I,HV,1,0,0,1
current,0.66,0.67,8562,0,0,0,I,HV,1,0,0,1
current,0.66,0.67,8563,0,0,0,I,HV,1,0,0,1
current,0.66,0.67,8564,0,0,0,I,HV,1,0,0,1
current,0.66,0.67,8565,0,0,0,I,HV,1,0,0,1
current,0.66,0.67,8566,0,0,0,I,HV,1,0,0,1
current,0.66,0.67,8567,0,0,0,I,HV,1,0,0,1
current,0.66,0.67,8568,0,0,0,I,HV,1,0,0,1
current,0.66,0.67,8569,0,0,0,I,HV,1,0,0,1
current,0.66,0.67,8570,0,0,0,I,HV,1,0,0,1
current,0.66,0.67,8571,0,0,0,I,HV,1,0,0,1
current,0.66,0.67,8572,0,0,0,I,HV,1,0,0,1
current,0.66,0.67,8573,0,0,0,I,HV,1,0,0,1
current,0.66,0.67,8574,0,0,0,I,HV,1,0,0,1
current,0.66,0.67,8575,0,0,0,I,HV,1,0,0,1
current,0.66,0.67,8576,0,0,0,I,HV,1,0,0,1
current,0.66,0.67,8577,0,0,0,I,HV,1,0,0,1
current,0.66,0.67,8578,0,0,0,I,HV,1,0,0,1
current,0.66,0.67,8579,0,0,0,I,HV,1,0,0,1
current,0.66,0.67,8580,0,0,0,I,HV,1,0,0,1
current,0.66,0.67,8581,0,0,0,I,HV,1,0,0,1
current,0.66,0.67,8582,0,0,0,I,HV,1,0,0,1
current,0.66,0.67,8583,0,0,0,I,HV,1,0,0,1
current,0.66,0.67,8584,0,0,0,I,HV,1,0,0,1
current,0.66,0.67,8585,0,0,0,I,HV,1,0,0,1
current,0.66,0.67,8586,0,0,0,I,HV,1,0,0,1
current,0.66,0.67,8587,0,0,0,I,HV,1,0,0,1
current,0.66,0.67,8588,-1,1,2,V+1 H-1,VH,1,-1,1,0
current,0.66,0.67,8589,0,0,0,I,HV,1,0,0,1
current,0.66,0.67,8590,0,0,0,I,HV,1,0,0,1
current,0.66,0.67,8591,-1,1,2,V+1 H-1,VH,1,-1,1,0
current,0.66,0.67,8592,0,0,0,I,HV,1,0,0,1
current,0.66,0.67,8593,0,0,0,I,HV,1,0,0,1
current,0.66,0.67,8594,0,0,0,I,HV,1,0,0,1
current,0.66,0.67,8595,0,0,0,I,HV,1,0,0,1
current,0.66,0.67,8596,0,0,0,I,HV,1,0,0,1
current,0.66,0.67,8597,0,0,0,I,HV,1,0,0,1
current,0.66,0.67,8598,0,0,0,I,HV,1,0,0,1
current,0.66,0.67,8599,0,0,0,I,HV,1,0,0,1
current,0.66,0.67,8600,0,0,0,I,HV,1,0,0,1
current,0.66,0.67,8601,0,0,0,I,HV,1,0,0,1
current,0.66,0.67,8602,0,0,0,I,HV,1,0,0,1
current,0.66,0.67,8603,0,0,0,I,HV,1,0,0,1
current,0.66,0.67,8604,0,0,0,I,HV,1,0,0,1
current,0.66,0.67,8605,0,0,0,I,HV,1,0,0,1
current,0.66,0.67,8606,0,0,0,I,HV,1,0,0,1
current,0.66,0.67,8607,0,0,0,I,HV,1,0,0,1
current,0.66,0.67,8608,0,1,1,V+1,HV,1,0,1,1
current,0.66,0.67,8609,0,1,1,V+1,HV,1,0,1,1
current,0.66,0.67,8610,0,0,0,I,HV,1,0,0,1
current,0.66,0.67,8611,0,0,0,I,HV,1,0,0,1
current,0.66,0.67,8612,0,1,1,V+1,HV,1,0,1,1
current,0.66,0.67,8613,0,1,1,V+1,HV,1,0,1,1
current,0.66,0.67,8614,0,0,0,I,HV,1,0,0,1
current,0.66,0.67,8615,0,0,0,I,HV,1,0,0,1
current,0.66,0.67,8616,0,0,0,I,HV,1,0,0,1
current,0.66,0.67,8617,0,0,0,I,HV,1,0,0,1
current,0.66,0.67,8618,0,0,0,I,HV,1,0,0,1
current,0.66,0.67,8619,0,0,0,I,HV,1,0,0,1
current,0.66,0.67,8620,0,0,0,I,HV,1,0,0,1
current,0.66,0.67,8621,0,0,0,I,HV,1,0,0,1
current,0.66,0.67,8622,0,0,0,I,HV,1,0,0,1
current,0.66,0.67,8623,0,0,0,I,HV,1,0,0,1
current,0.66,0.67,8624,0,0,0,I,HV,1,0,0,1
current,0.66,0.67,8625,0,0,0,I,HV,1,0,0,1
current,0.66,0.67,8626,0,0,0,I,HV,1,0,0,1
current,0.66,0.67,8627,0,0,0,I,HV,1,0,0,1
current,0.66,0.67,8628,0,0,0,I,HV,1,0,0,1
current,0.66,0.67,8629,0,0,0,I,HV,1,0,0,1
current,0.66,0.67,8630,0,0,0,I,HV,1,0,0,1
current,0.66,0.67,8631,0,0,0,I,HV,1,0,0,1
current,0.66,0.67,8632,0,0,0,I,HV,1,0,0,1
current,0.66,0.67,8633,0,0,0,I,HV,1,0,0,1
current,0.66,0.67,8634,0,0,0,I,HV,1,0,0,1
current,0.66,0.67,8635,0,0,0,I,HV,1,0,0,1
current,0.66,0.67,8636,0,0,0,I,HV,1,0,0,1
current,0.66,0.67,8637,0,0,0,I,HV,1,0,0,1
current,0.66,0.67,8638,0,0,0,I,HV,1,0,0,1
current,0.66,0.67,8639,0,0,0,I,HV,1,0,0,1
current,0.66,0.67,8640,0,0,0,I,HV,1,0,0,1
current,0.66,0.67,8641,0,0,0,I,HV,1,0,0,1
current,0.66,0.67,8642,0,0,0,I,HV,1,0,0,1
current,0.66,0.67,8643,0,0,0,I,HV,1,0,0,1
current,0.66,0.67,8644,0,0,0,I,HV,1,0,0,1
current,0.66,0.67,8645,0,0,0,I,HV,1,0,0,1
current,0.66,0.67,8646,0,0,0,I,HV,1,0,0,1
current,0.66,0.67,8647,0,0,0,I,HV,1,0,0,1
current,0.66,0.67,8648,0,0,0,I,HV,1,0,0,1
current,0.66,0.67,8649,0,0,0,I,HV,1,0,0,1
current,0.66,0.67,8650,0,1,1,V+1,HV,1,0,1,1
current,0.66,0.67,8651,0,1,1,V+1,HV,1,0,1,1
current,0.66,0.67,8652,1,0,1,H+1,HV,1,1,0,1
current,0.66,0.67,8653,-3,0,3,H-1 H-1 H-1,HV,1,-3,0,1
current,0.66,0.67,8654,2,1,3,H+1 V+1 H+1,longer_word,2,3,1,2
current,0.66,0.67,8655,0,0,0,I,HV,1,0,0,1
current,0.66,0.67,8656,0,0,0,I,HV,1,0,0,1
current,0.66,0.67,8657,1,-1,4,H+1 H+1 V-1 H-1,longer_word,-1,3,-1,2
current,0.66,0.67,8658,2,0,2,H+1 H+1,HV,1,2,0,1
current,0.66,0.67,8659,0,-1,3,H+1 V-1 H-1,longer_word,0,1,-1,2
current,0.66,0.67,8660,0,0,0,I,HV,1,0,0,1
current,0.66,0.67,8661,0,0,0,I,HV,1,0,0,1
current,0.66,0.67,8662,-3,0,3,H-1 H-1 H-1,HV,1,-3,0,1
current,0.66,0.67,8663,-2,0,2,H-1 H-1,HV,1,-2,0,1
current,0.66,0.67,8664,1,0,1,H+1,HV,1,1,0,1
current,0.66,0.67,8665,1,0,1,H+1,HV,1,1,0,1
current,0.66,0.67,8666,-2,-1,3,H-1 V-1 H-1,longer_word,2,-3,-1,2
current,0.66,0.67,8667,-1,0,1,H-1,HV,1,-1,0,1
current,0.66,0.67,8668,1,0,1,H+1,HV,1,1,0,1
current,0.66,0.67,8669,1,0,1,H+1,HV,1,1,0,1
current,0.66,0.67,8670,1,0,1,H+1,HV,1,1,0,1
current,0.66,0.67,8671,1,0,1,H+1,HV,1,1,0,1
current,0.66,0.67,8672,1,0,1,H+1,HV,1,1,0,1
current,0.66,0.67,8673,1,0,1,H+1,HV,1,1,0,1
current,0.66,0.67,8674,1,0,1,H+1,HV,1,1,0,1
current,0.66,0.67,8675,1,0,1,H+1,HV,1,1,0,1
current,0.66,0.67,8676,-1,0,1,H-1,HV,1,-1,0,1
current,0.66,0.67,8677,-1,0,1,H-1,HV,1,-1,0,1
current,0.66,0.67,8678,1,0,1,H+1,HV,1,1,0,1
current,0.66,0.67,8679,1,0,1,H+1,HV,1,1,0,1
current,0.66,0.67,8680,0,-1,1,V-1,HV,1,0,-1,1
current,0.66,0.67,8681,1,-1,2,H+1 V-1,HV,0,1,-1,1
current,0.66,0.67,8682,1,0,1,H+1,HV,1,1,0,1
current,0.66,0.67,8683,0,1,1,V+1,HV,1,0,1,1
current,0.66,0.67,8684,-1,-1,2,V-1 H-1,VH,1,-1,-1,2
current,0.66,0.67,8685,-1,-1,2,V-1 H-1,VH,1,-1,-1,2
current,0.66,0.67,8686,-1,-1,2,V-1 H-1,VH,1,-1,-1,2
current,0.66,0.67,8687,0,0,0,I,HV,1,0,0,1
current,0.66,0.67,8688,0,0,0,I,HV,1,0,0,1
current,0.66,0.67,8689,1,-1,2,H+1 V-1,HV,0,1,-1,1
current,0.66,0.67,8690,1,0,1,H+1,HV,1,1,0,1
current,0.66,0.67,8691,1,0,1,H+1,HV,1,1,0,1
current,0.66,0.67,8692,-1,0,1,H-1,HV,1,-1,0,1
current,0.66,0.67,8693,-1,0,1,H-1,HV,1,-1,0,1
current,0.66,0.67,8694,1,0,1,H+1,HV,1,1,0,1
current,0.66,0.67,8695,1,0,1,H+1,HV,1,1,0,1
current,0.66,0.67,8696,0,1,1,V+1,HV,1,0,1,1
current,0.66,0.67,8697,0,0,0,I,HV,1,0,0,1
current,0.66,0.67,8698,0,0,0,I,HV,1,0,0,1
current,0.66,0.67,8699,0,0,0,I,HV,1,0,0,1
current,0.66,0.67,8700,0,0,0,I,HV,1,0,0,1
current,0.66,0.67,8701,0,1,1,V+1,HV,1,0,1,1
current,0.66,0.67,8702,0,0,0,I,HV,1,0,0,1
current,0.66,0.67,8703,0,0,0,I,HV,1,0,0,1
current,0.66,0.67,8704,0,0,0,I,HV,1,0,0,1
current,0.66,0.67,8705,0,0,0,I,HV,1,0,0,1
current,0.66,0.67,8706,0,0,0,I,HV,1,0,0,1
current,0.66,0.67,8707,0,0,0,I,HV,1,0,0,1
current,0.66,0.67,8708,0,0,0,I,HV,1,0,0,1
current,0.66,0.67,8709,0,0,0,I,HV,1,0,0,1
current,0.66,0.67,8710,0,0,0,I,HV,1,0,0,1
current,0.66,0.67,8711,0,0,0,I,HV,1,0,0,1
current,0.66,0.67,8712,0,0,0,I,HV,1,0,0,1
current,0.66,0.67,8713,0,0,0,I,HV,1,0,0,1
current,0.66,0.67,8714,0,0,0,I,HV,1,0,0,1
current,0.66,0.67,8715,0,0,0,I,HV,1,0,0,1
current,0.66,0.67,8716,0,0,0,I,HV,1,0,0,1
current,0.66,0.67,8717,0,0,0,I,HV,1,0,0,1
current,0.66,0.67,8718,0,0,0,I,HV,1,0,0,1
current,0.66,0.67,8719,0,0,0,I,HV,1,0,0,1
current,0.66,0.67,8720,0,0,0,I,HV,1,0,0,1
current,0.66,0.67,8721,0,0,0,I,HV,1,0,0,1
current,0.66,0.67,8722,0,0,0,I,HV,1,0,0,1
current,0.66,0.67,8723,0,0,0,I,HV,1,0,0,1
current,0.66,0.67,8724,0,0,0,I,HV,1,0,0,1
current,0.66,0.67,8725,0,0,0,I,HV,1,0,0,1
current,0.66,0.67,8726,0,0,0,I,HV,1,0,0,1
current,0.66,0.67,8727,0,0,0,I,HV,1,0,0,1
current,0.66,0.67,8728,0,-1,1,V-1,HV,1,0,-1,1
current,0.66,0.67,8729,0,-1,1,V-1,HV,1,0,-1,1
current,0.66,0.67,8730,0,0,0,I,HV,1,0,0,1
current,0.66,0.67,8731,0,0,0,I,HV,1,0,0,1
current,0.66,0.67,8732,0,0,0,I,HV,1,0,0,1
current,0.66,0.67,8733,0,0,0,I,HV,1,0,0,1
current,0.66,0.67,8734,0,0,0,I,HV,1,0,0,1
current,0.66,0.67,8735,0,0,0,I,HV,1,0,0,1
current,0.66,0.67,8736,0,0,0,I,HV,1,0,0,1
current,0.66,0.67,8737,0,0,0,I,HV,1,0,0,1
current,0.66,0.67,8738,0,0,0,I,HV,1,0,0,1
current,0.66,0.67,8739,0,0,0,I,HV,1,0,0,1
current,0.66,0.67,8740,0,0,0,I,HV,1,0,0,1
current,0.66,0.67,8741,0,0,0,I,HV,1,0,0,1
current,0.66,0.67,8742,0,0,0,I,HV,1,0,0,1
current,0.66,0.67,8743,0,0,0,I,HV,1,0,0,1
current,0.66,0.67,8744,0,0,0,I,HV,1,0,0,1
current,0.66,0.67,8745,0,0,0,I,HV,1,0,0,1
current,0.66,0.67,8746,0,0,0,I,HV,1,0,0,1
current,0.66,0.67,8747,0,0,0,I,HV,1,0,0,1
current,0.66,0.67,8748,0,1,1,V+1,HV,1,0,1,1
current,0.66,0.67,8749,0,1,1,V+1,HV,1,0,1,1
current,0.66,0.67,8750,0,0,0,I,HV,1,0,0,1
current,0.66,0.67,8751,0,0,0,I,HV,1,0,0,1
current,0.66,0.67,8752,0,1,1,V+1,HV,1,0,1,1
current,0.66,0.67,8753,0,1,1,V+1,HV,1,0,1,1
current,0.66,0.67,8754,0,0,0,I,HV,1,0,0,1
current,0.66,0.67,8755,0,0,0,I,HV,1,0,0,1
current,0.66,0.67,8756,0,0,0,I,HV,1,0,0,1
current,0.66,0.67,8757,0,0,0,I,HV,1,0,0,1
current,0.66,0.67,8758,0,0,0,I,HV,1,0,0,1
current,0.66,0.67,8759,0,0,0,I,HV,1,0,0,1
current,0.66,0.67,8760,0,0,0,I,HV,1,0,0,1
current,0.66,0.67,8761,0,0,0,I,HV,1,0,0,1
current,0.66,0.67,8762,0,0,0,I,HV,1,0,0,1
current,0.66,0.67,8763,0,0,0,I,HV,1,0,0,1
current,0.66,0.67,8764,0,0,0,I,HV,1,0,0,1
current,0.66,0.67,8765,0,0,0,I,HV,1,0,0,1
current,0.66,0.67,8766,0,0,0,I,HV,1,0,0,1
current,0.66,0.67,8767,0,0,0,I,HV,1,0,0,1
current,0.66,0.67,8768,0,0,0,I,HV,1,0,0,1
current,0.66,0.67,8769,0,0,0,I,HV,1,0,0,1
current,0.66,0.67,8770,0,0,0,I,HV,1,0,0,1
current,0.66,0.67,8771,0,0,0,I,HV,1,0,0,1
current,0.66,0.67,8772,0,0,0,I,HV,1,0,0,1
current,0.66,0.67,8773,0,0,0,I,HV,1,0,0,1
current,0.66,0.67,8774,0,0,0,I,HV,1,0,0,1
current,0.66,0.67,8775,0,0,0,I,HV,1,0,0,1
current,0.66,0.67,8776,0,0,0,I,HV,1,0,0,1
current,0.66,0.67,8777,0,0,0,I,HV,1,0,0,1
current,0.66,0.67,8778,0,0,0,I,HV,1,0,0,1
current,0.66,0.67,8779,0,0,0,I,HV,1,0,0,1
current,0.66,0.67,8780,0,0,0,I,HV,1,0,0,1
current,0.66,0.67,8781,0,0,0,I,HV,1,0,0,1
current,0.66,0.67,8782,0,-1,1,V-1,HV,1,0,-1,1
current,0.66,0.67,8783,0,-1,1,V-1,HV,1,0,-1,1
current,0.66,0.67,8784,0,0,0,I,HV,1,0,0,1
current,0.66,0.67,8785,0,0,0,I,HV,1,0,0,1
current,0.66,0.67,8786,0,0,0,I,HV,1,0,0,1
current,0.66,0.67,8787,0,0,0,I,HV,1,0,0,1
current,0.66,0.67,8788,0,0,0,I,HV,1,0,0,1
current,0.66,0.67,8789,0,0,0,I,HV,1,0,0,1
current,0.66,0.67,8790,0,1,1,V+1,HV,1,0,1,1
current,0.66,0.67,8791,0,1,1,V+1,HV,1,0,1,1
current,0.66,0.67,8792,1,0,1,H+1,HV,1,1,0,1
current,0.66,0.67,8793,1,0,1,H+1,HV,1,1,0,1
current,0.66,0.67,8794,0,0,0,I,HV,1,0,0,1
current,0.66,0.67,8795,-1,0,1,H-1,HV,1,-1,0,1
current,0.66,0.67,8796,1,-1,2,H+1 V-1,HV,0,1,-1,1
current,0.66,0.67,8797,1,-1,2,H+1 V-1,HV,0,1,-1,1
current,0.66,0.67,8798,0,-1,1,V-1,HV,1,0,-1,1
current,0.66,0.67,8799,0,-1,1,V-1,HV,1,0,-1,1
current,0.66,0.67,8800,0,0,0,I,HV,1,0,0,1
current,0.66,0.67,8801,0,-1,3,H+1 V-1 H-1,longer_word,0,1,-1,2
current,0.66,0.67,8802,-1,1,2,V+1 H-1,VH,1,-1,1,0
current,0.66,0.67,8803,1,1,2,V+1 H+1,VH,1,1,1,2
current,0.66,0.67,8804,1,2,3,V+1 V+1 H+1,VH,1,1,2,3
current,0.66,0.67,8805,1,0,1,H+1,HV,1,1,0,1
current,0.66,0.67,8806,-1,0,1,H-1,HV,1,-1,0,1
current,0.66,0.67,8807,-1,0,1,H-1,HV,1,-1,0,1
current,0.66,0.67,8808,2,0,2,H+1 H+1,HV,1,2,0,1
current,0.66,0.67,8809,1,0,1,H+1,HV,1,1,0,1
current,0.66,0.67,8810,1,0,1,H+1,HV,1,1,0,1
current,0.66,0.67,8811,1,0,1,H+1,HV,1,1,0,1
current,0.66,0.67,8812,1,0,1,H+1,HV,1,1,0,1
current,0.66,0.67,8813,1,0,1,H+1,HV,1,1,0,1
current,0.66,0.67,8814,1,0,1,H+1,HV,1,1,0,1
current,0.66,0.67,8815,1,0,1,H+1,HV,1,1,0,1
current,0.66,0.67,8816,-1,0,1,H-1,HV,1,-1,0,1
current,0.66,0.67,8817,-1,0,1,H-1,HV,1,-1,0,1
current,0.66,0.67,8818,1,0,1,H+1,HV,1,1,0,1
current,0.66,0.67,8819,1,1,2,V+1 H+1,VH,1,1,1,2
current,0.66,0.67,8820,1,-1,2,H+1 V-1,HV,0,1,-1,1
current,0.66,0.67,8821,2,-1,3,H+1 H+1 V-1,HV,-1,2,-1,1
current,0.66,0.67,8822,0,1,1,V+1,HV,1,0,1,1
current,0.66,0.67,8823,1,0,1,H+1,HV,1,1,0,1
current,0.66,0.67,8824,-1,0,1,H-1,HV,1,-1,0,1
current,0.66,0.67,8825,-1,0,1,H-1,HV,1,-1,0,1
current,0.66,0.67,8826,-1,0,1,H-1,HV,1,-1,0,1
current,0.66,0.67,8827,-1,0,1,H-1,HV,1,-1,0,1
current,0.66,0.67,8828,1,-1,2,H+1 V-1,HV,0,1,-1,1
current,0.66,0.67,8829,1,-1,2,H+1 V-1,HV,0,1,-1,1
current,0.66,0.67,8830,1,0,1,H+1,HV,1,1,0,1
current,0.66,0.67,8831,1,0,1,H+1,HV,1,1,0,1
current,0.66,0.67,8832,-1,0,1,H-1,HV,1,-1,0,1
current,0.66,0.67,8833,-1,0,1,H-1,HV,1,-1,0,1
current,0.66,0.67,8834,1,0,1,H+1,HV,1,1,0,1
current,0.66,0.67,8835,0,1,1,V+1,HV,1,0,1,1
current,0.66,0.67,8836,1,0,1,H+1,HV,1,1,0,1
current,0.66,0.67,8837,-1,0,1,H-1,HV,1,-1,0,1
current,0.66,0.67,8838,-1,0,1,H-1,HV,1,-1,0,1
current,0.66,0.67,8839,1,0,1,H+1,HV,1,1,0,1
current,0.66,0.67,8840,0,0,0,I,HV,1,0,0,1
current,0.66,0.67,8841,0,0,0,I,HV,1,0,0,1
current,0.66,0.67,8842,0,0,0,I,HV,1,0,0,1
current,0.66,0.67,8843,0,0,0,I,HV,1,0,0,1
current,0.66,0.67,8844,0,0,0,I,HV,1,0,0,1
current,0.66,0.67,8845,0,0,0,I,HV,1,0,0,1
current,0.66,0.67,8846,0,0,0,I,HV,1,0,0,1
current,0.66,0.67,8847,0,0,0,I,HV,1,0,0,1
current,0.66,0.67,8848,0,0,0,I,HV,1,0,0,1
current,0.66,0.67,8849,0,0,0,I,HV,1,0,0,1
current,0.66,0.67,8850,0,0,0,I,HV,1,0,0,1
current,0.66,0.67,8851,0,0,0,I,HV,1,0,0,1
current,0.66,0.67,8852,0,0,0,I,HV,1,0,0,1
current,0.66,0.67,8853,0,0,0,I,HV,1,0,0,1
current,0.66,0.67,8854,0,0,0,I,HV,1,0,0,1
current,0.66,0.67,8855,0,0,0,I,HV,1,0,0,1
current,0.66,0.67,8856,0,0,0,I,HV,1,0,0,1
current,0.66,0.67,8857,0,0,0,I,HV,1,0,0,1
current,0.66,0.67,8858,0,0,0,I,HV,1,0,0,1
current,0.66,0.67,8859,0,0,0,I,HV,1,0,0,1
current,0.66,0.67,8860,0,0,0,I,HV,1,0,0,1
current,0.66,0.67,8861,0,0,0,I,HV,1,0,0,1
current,0.66,0.67,8862,0,0,0,I,HV,1,0,0,1
current,0.66,0.67,8863,0,0,0,I,HV,1,0,0,1
current,0.66,0.67,8864,0,0,0,I,HV,1,0,0,1
current,0.66,0.67,8865,0,0,0,I,HV,1,0,0,1
current,0.66,0.67,8866,0,0,0,I,HV,1,0,0,1
current,0.66,0.67,8867,0,0,0,I,HV,1,0,0,1
current,0.66,0.67,8868,0,-1,1,V-1,HV,1,0,-1,1
current,0.66,0.67,8869,0,-1,1,V-1,HV,1,0,-1,1
current,0.66,0.67,8870,0,0,0,I,HV,1,0,0,1
current,0.66,0.67,8871,0,0,0,I,HV,1,0,0,1
current,0.66,0.67,8872,0,0,0,I,HV,1,0,0,1
current,0.66,0.67,8873,0,0,0,I,HV,1,0,0,1
current,0.66,0.67,8874,0,0,0,I,HV,1,0,0,1
current,0.66,0.67,8875,0,0,0,I,HV,1,0,0,1
current,0.66,0.67,8876,0,0,0,I,HV,1,0,0,1
current,0.66,0.67,8877,0,0,0,I,HV,1,0,0,1
current,0.66,0.67,8878,0,0,0,I,HV,1,0,0,1
current,0.66,0.67,8879,0,0,0,I,HV,1,0,0,1
current,0.66,0.67,8880,0,0,0,I,HV,1,0,0,1
current,0.66,0.67,8881,0,0,0,I,HV,1,0,0,1
current,0.66,0.67,8882,0,0,0,I,HV,1,0,0,1
current,0.66,0.67,8883,0,0,0,I,HV,1,0,0,1
current,0.66,0.67,8884,0,0,0,I,HV,1,0,0,1
current,0.66,0.67,8885,0,0,0,I,HV,1,0,0,1
current,0.66,0.67,8886,0,0,0,I,HV,1,0,0,1
current,0.66,0.67,8887,0,0,0,I,HV,1,0,0,1
current,0.66,0.67,8888,0,1,1,V+1,HV,1,0,1,1
current,0.66,0.67,8889,0,1,1,V+1,HV,1,0,1,1
current,0.66,0.67,8890,0,0,0,I,HV,1,0,0,1
current,0.66,0.67,8891,0,0,0,I,HV,1,0,0,1
current,0.66,0.67,8892,0,1,1,V+1,HV,1,0,1,1
current,0.66,0.67,8893,0,1,1,V+1,HV,1,0,1,1
current,0.66,0.67,8894,0,0,0,I,HV,1,0,0,1
current,0.66,0.67,8895,0,0,0,I,HV,1,0,0,1
current,0.66,0.67,8896,0,0,0,I,HV,1,0,0,1
current,0.66,0.67,8897,0,0,0,I,HV,1,0,0,1
current,0.66,0.67,8898,0,0,0,I,HV,1,0,0,1
current,0.66,0.67,8899,0,0,0,I,HV,1,0,0,1
current,0.66,0.67,8900,0,0,0,I,HV,1,0,0,1
current,0.66,0.67,8901,0,0,0,I,HV,1,0,0,1
current,0.66,0.67,8902,0,0,0,I,HV,1,0,0,1
current,0.66,0.67,8903,0,0,0,I,HV,1,0,0,1
current,0.66,0.67,8904,0,0,0,I,HV,1,0,0,1
current,0.66,0.67,8905,0,0,0,I,HV,1,0,0,1
current,0.66,0.67,8906,0,0,0,I,HV,1,0,0,1
current,0.66,0.67,8907,0,0,0,I,HV,1,0,0,1
current,0.66,0.67,8908,0,0,0,I,HV,1,0,0,1
current,0.66,0.67,8909,0,0,0,I,HV,1,0,0,1
current,0.66,0.67,8910,0,0,0,I,HV,1,0,0,1
current,0.66,0.67,8911,0,0,0,I,HV,1,0,0,1
current,0.66,0.67,8912,0,0,0,I,HV,1,0,0,1
current,0.66,0.67,8913,0,0,0,I,HV,1,0,0,1
current,0.66,0.67,8914,0,0,0,I,HV,1,0,0,1
current,0.66,0.67,8915,0,0,0,I,HV,1,0,0,1
current,0.66,0.67,8916,0,0,0,I,HV,1,0,0,1
current,0.66,0.67,8917,0,0,0,I,HV,1,0,0,1
current,0.66,0.67,8918,0,0,0,I,HV,1,0,0,1
current,0.66,0.67,8919,0,0,0,I,HV,1,0,0,1
current,0.66,0.67,8920,-1,0,1,H-1,HV,1,-1,0,1
current,0.66,0.67,8921,0,0,0,I,HV,1,0,0,1
current,0.66,0.67,8922,0,0,0,I,HV,1,0,0,1
current,0.66,0.67,8923,0,0,0,I,HV,1,0,0,1
current,0.66,0.67,8924,0,0,0,I,HV,1,0,0,1
current,0.66,0.67,8925,0,0,0,I,HV,1,0,0,1
current,0.66,0.67,8926,0,0,0,I,HV,1,0,0,1
current,0.66,0.67,8927,0,0,0,I,HV,1,0,0,1
current,0.66,0.67,8928,0,0,0,I,HV,1,0,0,1
current,0.66,0.67,8929,0,0,0,I,HV,1,0,0,1
current,0.66,0.67,8930,0,1,1,V+1,HV,1,0,1,1
current,0.66,0.67,8931,1,0,1,H+1,HV,1,1,0,1
current,0.66,0.67,8932,0,0,0,I,HV,1,0,0,1
current,0.66,0.67,8933,0,0,0,I,HV,1,0,0,1
current,0.66,0.67,8934,-1,0,1,H-1,HV,1,-1,0,1
current,0.66,0.67,8935,0,-1,1,V-1,HV,1,0,-1,1
current,0.66,0.67,8936,1,-1,2,H+1 V-1,HV,0,1,-1,1
current,0.66,0.67,8937,0,-1,3,H+1 V-1 H-1,longer_word,0,1,-1,2
current,0.66,0.67,8938,1,0,1,H+1,HV,1,1,0,1
current,0.66,0.67,8939,0,-1,1,V-1,HV,1,0,-1,1
current,0.66,0.67,8940,1,-1,2,H+1 V-1,HV,0,1,-1,1
current,0.66,0.67,8941,0,0,0,I,HV,1,0,0,1
current,0.66,0.67,8942,0,0,0,I,HV,1,0,0,1
current,0.66,0.67,8943,0,0,0,I,HV,1,0,0,1
current,0.66,0.67,8944,1,0,1,H+1,HV,1,1,0,1
current,0.66,0.67,8945,1,0,1,H+1,HV,1,1,0,1
current,0.66,0.67,8946,-1,0,1,H-1,HV,1,-1,0,1
current,0.66,0.67,8947,-1,0,1,H-1,HV,1,-1,0,1
current,0.66,0.67,8948,1,0,1,H+1,HV,1,1,0,1
current,0.66,0.67,8949,1,0,1,H+1,HV,1,1,0,1
current,0.66,0.67,8950,1,0,1,H+1,HV,1,1,0,1
current,0.66,0.67,8951,1,0,1,H+1,HV,1,1,0,1
current,0.66,0.67,8952,1,0,1,H+1,HV,1,1,0,1
current,0.66,0.67,8953,1,0,1,H+1,HV,1,1,0,1
current,0.66,0.67,8954,1,0,1,H+1,HV,1,1,0,1
current,0.66,0.67,8955,1,0,1,H+1,HV,1,1,0,1
current,0.66,0.67,8956,-1,0,1,H-1,HV,1,-1,0,1
current,0.66,0.67,8957,-1,0,1,H-1,HV,1,-1,0,1
current,0.66,0.67,8958,1,0,1,H+1,HV,1,1,0,1
current,0.66,0.67,8959,1,0,1,H+1,HV,1,1,0,1
current,0.66,0.67,8960,1,-1,2,H+1 V-1,HV,0,1,-1,1
current,0.66,0.67,8961,1,0,1,H+1,HV,1,1,0,1
current,0.66,0.67,8962,0,0,0,I,HV,1,0,0,1
current,0.66,0.67,8963,-1,0,1,H-1,HV,1,-1,0,1
current,0.66,0.67,8964,-1,0,1,H-1,HV,1,-1,0,1
current,0.66,0.67,8965,-1,0,1,H-1,HV,1,-1,0,1
current,0.66,0.67,8966,-1,0,1,H-1,HV,1,-1,0,1
current,0.66,0.67,8967,1,-1,2,H+1 V-1,HV,0,1,-1,1
current,0.66,0.67,8968,1,-1,2,H+1 V-1,HV,0,1,-1,1
current,0.66,0.67,8969,1,0,1,H+1,HV,1,1,0,1
current,0.66,0.67,8970,-1,0,1,H-1,HV,1,-1,0,1
current,0.66,0.67,8971,1,0,1,H+1,HV,1,1,0,1
current,0.66,0.67,8972,1,0,1,H+1,HV,1,1,0,1
current,0.66,0.67,8973,-1,0,1,H-1,HV,1,-1,0,1
current,0.66,0.67,8974,0,1,1,V+1,HV,1,0,1,1
current,0.66,0.67,8975,1,0,1,H+1,HV,1,1,0,1
current,0.66,0.67,8976,0,0,0,I,HV,1,0,0,1
current,0.66,0.67,8977,0,0,0,I,HV,1,0,0,1
current,0.66,0.67,8978,0,0,0,I,HV,1,0,0,1
current,0.66,0.67,8979,0,0,0,I,HV,1,0,0,1
current,0.66,0.67,8980,0,0,0,I,HV,1,0,0,1
current,0.66,0.67,8981,0,0,0,I,HV,1,0,0,1
current,0.66,0.67,8982,0,0,0,I,HV,1,0,0,1
current,0.66,0.67,8983,0,0,0,I,HV,1,0,0,1
current,0.66,0.67,8984,0,0,0,I,HV,1,0,0,1
current,0.66,0.67,8985,0,0,0,I,HV,1,0,0,1
current,0.66,0.67,8986,0,0,0,I,HV,1,0,0,1
current,0.66,0.67,8987,0,0,0,I,HV,1,0,0,1
current,0.66,0.67,8988,0,0,0,I,HV,1,0,0,1
current,0.66,0.67,8989,0,0,0,I,HV,1,0,0,1
current,0.66,0.67,8990,0,0,0,I,HV,1,0,0,1
current,0.66,0.67,8991,0,0,0,I,HV,1,0,0,1
current,0.66,0.67,8992,0,0,0,I,HV,1,0,0,1
current,0.66,0.67,8993,0,0,0,I,HV,1,0,0,1
current,0.66,0.67,8994,0,0,0,I,HV,1,0,0,1
current,0.66,0.67,8995,0,0,0,I,HV,1,0,0,1
current,0.66,0.67,8996,0,0,0,I,HV,1,0,0,1
current,0.66,0.67,8997,0,0,0,I,HV,1,0,0,1
current,0.66,0.67,8998,0,0,0,I,HV,1,0,0,1
current,0.66,0.67,8999,0,0,0,I,HV,1,0,0,1
current,0.66,0.67,9000,0,0,0,I,HV,1,0,0,1
current,0.66,0.67,9001,0,0,0,I,HV,1,0,0,1
current,0.66,0.67,9002,0,0,0,I,HV,1,0,0,1
current,0.66,0.67,9003,0,0,0,I,HV,1,0,0,1
current,0.66,0.67,9004,0,0,0,I,HV,1,0,0,1
current,0.66,0.67,9005,0,0,0,I,HV,1,0,0,1
current,0.66,0.67,9006,0,0,0,I,HV,1,0,0,1
current,0.66,0.67,9007,0,0,0,I,HV,1,0,0,1
current,0.66,0.67,9008,0,-1,1,V-1,HV,1,0,-1,1
current,0.66,0.67,9009,0,-1,1,V-1,HV,1,0,-1,1
current,0.66,0.67,9010,0,0,0,I,HV,1,0,0,1
current,0.66,0.67,9011,0,0,0,I,HV,1,0,0,1
current,0.66,0.67,9012,0,0,0,I,HV,1,0,0,1
current,0.66,0.67,9013,0,0,0,I,HV,1,0,0,1
current,0.66,0.67,9014,0,0,0,I,HV,1,0,0,1
current,0.66,0.67,9015,0,0,0,I,HV,1,0,0,1
current,0.66,0.67,9016,0,0,0,I,HV,1,0,0,1
current,0.66,0.67,9017,0,0,0,I,HV,1,0,0,1
current,0.66,0.67,9018,0,0,0,I,HV,1,0,0,1
current,0.66,0.67,9019,0,0,0,I,HV,1,0,0,1
current,0.66,0.67,9020,0,0,0,I,HV,1,0,0,1
current,0.66,0.67,9021,0,0,0,I,HV,1,0,0,1
current,0.66,0.67,9022,0,0,0,I,HV,1,0,0,1
current,0.66,0.67,9023,0,0,0,I,HV,1,0,0,1
current,0.66,0.67,9024,0,0,0,I,HV,1,0,0,1
current,0.66,0.67,9025,0,0,0,I,HV,1,0,0,1
current,0.66,0.67,9026,0,0,0,I,HV,1,0,0,1
current,0.66,0.67,9027,0,0,0,I,HV,1,0,0,1
current,0.66,0.67,9028,0,1,1,V+1,HV,1,0,1,1
current,0.66,0.67,9029,0,1,1,V+1,HV,1,0,1,1
current,0.66,0.67,9030,0,0,0,I,HV,1,0,0,1
current,0.66,0.67,9031,0,0,0,I,HV,1,0,0,1
current,0.66,0.67,9032,0,1,1,V+1,HV,1,0,1,1
current,0.66,0.67,9033,0,1,1,V+1,HV,1,0,1,1
current,0.66,0.67,9034,0,0,0,I,HV,1,0,0,1
current,0.66,0.67,9035,0,0,0,I,HV,1,0,0,1
current,0.66,0.67,9036,0,0,0,I,HV,1,0,0,1
current,0.66,0.67,9037,0,0,0,I,HV,1,0,0,1
current,0.66,0.67,9038,0,0,0,I,HV,1,0,0,1
current,0.66,0.67,9039,0,0,0,I,HV,1,0,0,1
current,0.66,0.67,9040,0,0,0,I,HV,1,0,0,1
current,0.66,0.67,9041,0,0,0,I,HV,1,0,0,1
current,0.66,0.67,9042,0,0,0,I,HV,1,0,0,1
current,0.66,0.67,9043,0,0,0,I,HV,1,0,0,1
current,0.66,0.67,9044,0,0,0,I,HV,1,0,0,1
current,0.66,0.67,9045,0,0,0,I,HV,1,0,0,1
current,0.66,0.67,9046,0,0,0,I,HV,1,0,0,1
current,0.66,0.67,9047,0,0,0,I,HV,1,0,0,1
current,0.66,0.67,9048,0,0,0,I,HV,1,0,0,1
current,0.66,0.67,9049,0,0,0,I,HV,1,0,0,1
current,0.66,0.67,9050,0,0,0,I,HV,1,0,0,1
current,0.66,0.67,9051,0,0,0,I,HV,1,0,0,1
current,0.66,0.67,9052,0,0,0,I,HV,1,0,0,1
current,0.66,0.67,9053,0,0,0,I,HV,1,0,0,1
current,0.66,0.67,9054,0,0,0,I,HV,1,0,0,1
current,0.66,0.67,9055,0,0,0,I,HV,1,0,0,1
current,0.66,0.67,9056,0,0,0,I,HV,1,0,0,1
current,0.66,0.67,9057,0,0,0,I,HV,1,0,0,1
current,0.66,0.67,9058,0,0,0,I,HV,1,0,0,1
current,0.66,0.67,9059,0,0,0,I,HV,1,0,0,1
current,0.66,0.67,9060,-1,0,1,H-1,HV,1,-1,0,1
current,0.66,0.67,9061,1,0,1,H+1,HV,1,1,0,1
current,0.66,0.67,9062,0,0,0,I,HV,1,0,0,1
current,0.66,0.67,9063,0,0,0,I,HV,1,0,0,1
current,0.66,0.67,9064,0,0,0,I,HV,1,0,0,1
current,0.66,0.67,9065,0,0,0,I,HV,1,0,0,1
current,0.66,0.67,9066,0,0,0,I,HV,1,0,0,1
current,0.66,0.67,9067,1,-1,2,H+1 V-1,HV,0,1,-1,1
current,0.66,0.67,9068,-1,0,1,H-1,HV,1,-1,0,1
current,0.66,0.67,9069,-1,0,1,H-1,HV,1,-1,0,1
current,0.66,0.67,9070,1,0,1,H+1,HV,1,1,0,1
current,0.66,0.67,9071,0,0,0,I,HV,1,0,0,1
current,0.66,0.67,9072,0,0,0,I,HV,1,0,0,1
current,0.66,0.67,9073,0,0,0,I,HV,1,0,0,1
current,0.66,0.67,9074,0,-1,1,V-1,HV,1,0,-1,1
current,0.66,0.67,9075,-1,0,1,H-1,HV,1,-1,0,1
current,0.66,0.67,9076,0,0,0,I,HV,1,0,0,1
current,0.66,0.67,9077,0,1,1,V+1,HV,1,0,1,1
current,0.66,0.67,9078,1,-1,2,H+1 V-1,HV,0,1,-1,1
current,0.66,0.67,9079,1,-1,2,H+1 V-1,HV,0,1,-1,1
current,0.66,0.67,9080,0,-1,1,V-1,HV,1,0,-1,1
current,0.66,0.67,9081,0,1,1,V+1,HV,1,0,1,1
current,0.66,0.67,9082,0,0,0,I,HV,1,0,0,1
current,0.66,0.67,9083,0,0,0,I,HV,1,0,0,1
current,0.66,0.67,9084,1,0,1,H+1,HV,1,1,0,1
current,0.66,0.67,9085,1,0,1,H+1,HV,1,1,0,1
current,0.66,0.67,9086,-1,0,1,H-1,HV,1,-1,0,1
current,0.66,0.67,9087,-1,0,1,H-1,HV,1,-1,0,1
current,0.66,0.67,9088,1,0,1,H+1,HV,1,1,0,1
current,0.66,0.67,9089,1,0,1,H+1,HV,1,1,0,1
current,0.66,0.67,9090,1,0,1,H+1,HV,1,1,0,1
current,0.66,0.67,9091,1,0,1,H+1,HV,1,1,0,1
current,0.66,0.67,9092,1,0,1,H+1,HV,1,1,0,1
current,0.66,0.67,9093,1,0,1,H+1,HV,1,1,0,1
current,0.66,0.67,9094,1,0,1,H+1,HV,1,1,0,1
current,0.66,0.67,9095,1,0,1,H+1,HV,1,1,0,1
current,0.66,0.67,9096,-1,0,1,H-1,HV,1,-1,0,1
current,0.66,0.67,9097,-1,0,1,H-1,HV,1,-1,0,1
current,0.66,0.67,9098,1,0,1,H+1,HV,1,1,0,1
current,0.66,0.67,9099,0,0,0,I,HV,1,0,0,1
current,0.66,0.67,9100,0,0,0,I,HV,1,0,0,1
current,0.66,0.67,9101,1,0,1,H+1,HV,1,1,0,1
current,0.66,0.67,9102,-1,0,1,H-1,HV,1,-1,0,1
current,0.66,0.67,9103,-1,0,1,H-1,HV,1,-1,0,1
current,0.66,0.67,9104,-1,0,1,H-1,HV,1,-1,0,1
current,0.66,0.67,9105,-1,0,1,H-1,HV,1,-1,0,1
current,0.66,0.67,9106,1,-1,2,H+1 V-1,HV,0,1,-1,1
current,0.66,0.67,9107,1,-1,2,H+1 V-1,HV,0,1,-1,1
current,0.66,0.67,9108,0,1,1,V+1,HV,1,0,1,1
current,0.66,0.67,9109,1,0,1,H+1,HV,1,1,0,1
current,0.66,0.67,9110,0,0,0,I,HV,1,0,0,1
current,0.66,0.67,9111,0,0,0,I,HV,1,0,0,1
current,0.66,0.67,9112,1,0,1,H+1,HV,1,1,0,1
current,0.66,0.67,9113,0,1,1,V+1,HV,1,0,1,1
current,0.66,0.67,9114,1,0,1,H+1,HV,1,1,0,1
current,0.66,0.67,9115,0,0,0,I,HV,1,0,0,1
current,0.66,0.67,9116,0,0,0,I,HV,1,0,0,1
current,0.66,0.67,9117,0,0,0,I,HV,1,0,0,1
current,0.66,0.67,9118,0,0,0,I,HV,1,0,0,1
current,0.66,0.67,9119,0,0,0,I,HV,1,0,0,1
current,0.66,0.67,9120,0,0,0,I,HV,1,0,0,1
current,0.66,0.67,9121,0,0,0,I,HV,1,0,0,1
current,0.66,0.67,9122,0,0,0,I,HV,1,0,0,1
current,0.66,0.67,9123,0,0,0,I,HV,1,0,0,1
current,0.66,0.67,9124,0,0,0,I,HV,1,0,0,1
current,0.66,0.67,9125,0,0,0,I,HV,1,0,0,1
current,0.66,0.67,9126,0,0,0,I,HV,1,0,0,1
current,0.66,0.67,9127,0,0,0,I,HV,1,0,0,1
current,0.66,0.67,9128,0,0,0,I,HV,1,0,0,1
current,0.66,0.67,9129,0,0,0,I,HV,1,0,0,1
current,0.66,0.67,9130,0,0,0,I,HV,1,0,0,1
current,0.66,0.67,9131,0,0,0,I,HV,1,0,0,1
current,0.66,0.67,9132,0,0,0,I,HV,1,0,0,1
current,0.66,0.67,9133,0,0,0,I,HV,1,0,0,1
current,0.66,0.67,9134,0,0,0,I,HV,1,0,0,1
current,0.66,0.67,9135,0,0,0,I,HV,1,0,0,1
current,0.66,0.67,9136,0,0,0,I,HV,1,0,0,1
current,0.66,0.67,9137,0,0,0,I,HV,1,0,0,1
current,0.66,0.67,9138,0,0,0,I,HV,1,0,0,1
current,0.66,0.67,9139,0,0,0,I,HV,1,0,0,1
current,0.66,0.67,9140,0,0,0,I,HV,1,0,0,1
current,0.66,0.67,9141,0,0,0,I,HV,1,0,0,1
current,0.66,0.67,9142,0,0,0,I,HV,1,0,0,1
current,0.66,0.67,9143,0,0,0,I,HV,1,0,0,1
current,0.66,0.67,9144,0,0,0,I,HV,1,0,0,1
current,0.66,0.67,9145,0,0,0,I,HV,1,0,0,1
current,0.66,0.67,9146,0,0,0,I,HV,1,0,0,1
current,0.66,0.67,9147,0,0,0,I,HV,1,0,0,1
current,0.66,0.67,9148,0,-1,1,V-1,HV,1,0,-1,1
current,0.66,0.67,9149,0,-1,1,V-1,HV,1,0,-1,1
current,0.66,0.67,9150,0,0,0,I,HV,1,0,0,1
current,0.66,0.67,9151,0,0,0,I,HV,1,0,0,1
current,0.66,0.67,9152,0,0,0,I,HV,1,0,0,1
current,0.66,0.67,9153,0,0,0,I,HV,1,0,0,1
current,0.66,0.67,9154,0,0,0,I,HV,1,0,0,1
current,0.66,0.67,9155,0,0,0,I,HV,1,0,0,1
current,0.66,0.67,9156,0,0,0,I,HV,1,0,0,1
current,0.66,0.67,9157,0,0,0,I,HV,1,0,0,1
current,0.66,0.67,9158,0,0,0,I,HV,1,0,0,1
current,0.66,0.67,9159,0,0,0,I,HV,1,0,0,1
current,0.66,0.67,9160,0,0,0,I,HV,1,0,0,1
current,0.66,0.67,9161,0,0,0,I,HV,1,0,0,1
current,0.66,0.67,9162,0,0,0,I,HV,1,0,0,1
current,0.66,0.67,9163,0,0,0,I,HV,1,0,0,1
current,0.66,0.67,9164,0,0,0,I,HV,1,0,0,1
current,0.66,0.67,9165,0,0,0,I,HV,1,0,0,1
current,0.66,0.67,9166,0,0,0,I,HV,1,0,0,1
current,0.66,0.67,9167,0,0,0,I,HV,1,0,0,1
current,0.66,0.67,9168,0,1,1,V+1,HV,1,0,1,1
current,0.66,0.67,9169,0,1,1,V+1,HV,1,0,1,1
current,0.66,0.67,9170,0,0,0,I,HV,1,0,0,1
current,0.66,0.67,9171,0,0,0,I,HV,1,0,0,1
current,0.66,0.67,9172,0,1,1,V+1,HV,1,0,1,1
current,0.66,0.67,9173,0,1,1,V+1,HV,1,0,1,1
current,0.66,0.67,9174,0,0,0,I,HV,1,0,0,1
current,0.66,0.67,9175,0,0,0,I,HV,1,0,0,1
current,0.66,0.67,9176,0,0,0,I,HV,1,0,0,1
current,0.66,0.67,9177,0,0,0,I,HV,1,0,0,1
current,0.66,0.67,9178,0,0,0,I,HV,1,0,0,1
current,0.66,0.67,9179,0,0,0,I,HV,1,0,0,1
current,0.66,0.67,9180,0,0,0,I,HV,1,0,0,1
current,0.66,0.67,9181,0,0,0,I,HV,1,0,0,1
current,0.66,0.67,9182,0,0,0,I,HV,1,0,0,1
current,0.66,0.67,9183,0,0,0,I,HV,1,0,0,1
current,0.66,0.67,9184,0,0,0,I,HV,1,0,0,1
current,0.66,0.67,9185,0,0,0,I,HV,1,0,0,1
current,0.66,0.67,9186,0,0,0,I,HV,1,0,0,1
current,0.66,0.67,9187,0,0,0,I,HV,1,0,0,1
current,0.66,0.67,9188,0,0,0,I,HV,1,0,0,1
current,0.66,0.67,9189,0,0,0,I,HV,1,0,0,1
current,0.66,0.67,9190,0,0,0,I,HV,1,0,0,1
current,0.66,0.67,9191,0,0,0,I,HV,1,0,0,1
current,0.66,0.67,9192,0,0,0,I,HV,1,0,0,1
current,0.66,0.67,9193,0,0,0,I,HV,1,0,0,1
current,0.66,0.67,9194,0,0,0,I,HV,1,0,0,1
current,0.66,0.67,9195,0,0,0,I,HV,1,0,0,1
current,0.66,0.67,9196,0,0,0,I,HV,1,0,0,1
current,0.66,0.67,9197,0,0,0,I,HV,1,0,0,1
current,0.66,0.67,9198,0,0,0,I,HV,1,0,0,1
current,0.66,0.67,9199,0,0,0,I,HV,1,0,0,1
current,0.66,0.67,9200,1,0,1,H+1,HV,1,1,0,1
current,0.66,0.67,9201,0,0,0,I,HV,1,0,0,1
current,0.66,0.67,9202,0,-1,1,V-1,HV,1,0,-1,1
current,0.66,0.67,9203,-1,0,1,H-1,HV,1,-1,0,1
current,0.66,0.67,9204,-1,0,1,H-1,HV,1,-1,0,1
current,0.66,0.67,9205,0,-1,1,V-1,HV,1,0,-1,1
current,0.66,0.67,9206,1,-1,2,H+1 V-1,HV,0,1,-1,1
current,0.66,0.67,9207,2,0,2,H+1 H+1,HV,1,2,0,1
current,0.66,0.67,9208,0,-1,1,V-1,HV,1,0,-1,1
current,0.66,0.67,9209,-1,0,1,H-1,HV,1,-1,0,1
current,0.66,0.67,9210,1,0,1,H+1,HV,1,1,0,1
current,0.66,0.67,9211,0,1,1,V+1,HV,1,0,1,1
current,0.66,0.67,9212,0,1,1,V+1,HV,1,0,1,1
current,0.66,0.67,9213,1,0,1,H+1,HV,1,1,0,1
current,0.66,0.67,9214,0,0,0,I,HV,1,0,0,1
current,0.66,0.67,9215,-1,0,1,H-1,HV,1,-1,0,1
current,0.66,0.67,9216,1,0,1,H+1,HV,1,1,0,1
current,0.66,0.67,9217,1,0,1,H+1,HV,1,1,0,1
current,0.66,0.67,9218,1,-1,2,H+1 V-1,HV,0,1,-1,1
current,0.66,0.67,9219,1,-1,2,H+1 V-1,HV,0,1,-1,1
current,0.66,0.67,9220,1,-1,2,H+1 V-1,HV,0,1,-1,1
current,0.66,0.67,9221,1,-1,2,H+1 V-1,HV,0,1,-1,1
current,0.66,0.67,9222,0,0,0,I,HV,1,0,0,1
current,0.66,0.67,9223,0,0,0,I,HV,1,0,0,1
current,0.66,0.67,9224,1,0,1,H+1,HV,1,1,0,1
current,0.66,0.67,9225,1,0,1,H+1,HV,1,1,0,1
current,0.66,0.67,9226,-1,0,1,H-1,HV,1,-1,0,1
current,0.66,0.67,9227,-1,0,1,H-1,HV,1,-1,0,1
current,0.66,0.67,9228,1,0,1,H+1,HV,1,1,0,1
current,0.66,0.67,9229,1,0,1,H+1,HV,1,1,0,1
current,0.66,0.67,9230,1,0,1,H+1,HV,1,1,0,1
current,0.66,0.67,9231,1,0,1,H+1,HV,1,1,0,1
current,0.66,0.67,9232,1,0,1,H+1,HV,1,1,0,1
current,0.66,0.67,9233,1,0,1,H+1,HV,1,1,0,1
current,0.66,0.67,9234,1,1,2,V+1 H+1,VH,1,1,1,2
current,0.66,0.67,9235,-1,1,2,V+1 H-1,VH,1,-1,1,0
current,0.66,0.67,9236,-1,1,2,V+1 H-1,VH,1,-1,1,0
current,0.66,0.67,9237,1,1,2,V+1 H+1,VH,1,1,1,2
current,0.66,0.67,9238,0,0,0,I,HV,1,0,0,1
current,0.66,0.67,9239,1,-1,2,H+1 V-1,HV,0,1,-1,1
current,0.66,0.67,9240,1,0,1,H+1,HV,1,1,0,1
current,0.66,0.67,9241,1,0,1,H+1,HV,1,1,0,1
current,0.66,0.67,9242,-1,0,1,H-1,HV,1,-1,0,1
current,0.66,0.67,9243,-1,0,1,H-1,HV,1,-1,0,1
current,0.66,0.67,9244,-1,0,1,H-1,HV,1,-1,0,1
current,0.66,0.67,9245,-1,0,1,H-1,HV,1,-1,0,1
current,0.66,0.67,9246,0,0,0,I,HV,1,0,0,1
current,0.66,0.67,9247,1,-1,2,H+1 V-1,HV,0,1,-1,1
current,0.66,0.67,9248,1,0,1,H+1,HV,1,1,0,1
current,0.66,0.67,9249,0,1,1,V+1,HV,1,0,1,1
current,0.66,0.67,9250,-1,0,1,H-1,HV,1,-1,0,1
current,0.66,0.67,9251,-1,0,1,H-1,HV,1,-1,0,1
current,0.66,0.67,9252,1,0,1,H+1,HV,1,1,0,1
current,0.66,0.67,9253,1,0,1,H+1,HV,1,1,0,1
current,0.66,0.67,9254,1,0,1,H+1,HV,1,1,0,1
current,0.66,0.67,9255,0,0,0,I,HV,1,0,0,1
current,0.66,0.67,9256,0,0,0,I,HV,1,0,0,1
current,0.66,0.67,9257,0,0,0,I,HV,1,0,0,1
current,0.66,0.67,9258,0,0,0,I,HV,1,0,0,1
current,0.66,0.67,9259,0,0,0,I,HV,1,0,0,1
current,0.66,0.67,9260,0,0,0,I,HV,1,0,0,1
current,0.66,0.67,9261,0,0,0,I,HV,1,0,0,1
current,0.66,0.67,9262,0,0,0,I,HV,1,0,0,1
current,0.66,0.67,9263,0,0,0,I,HV,1,0,0,1
current,0.66,0.67,9264,0,0,0,I,HV,1,0,0,1
current,0.66,0.67,9265,0,0,0,I,HV,1,0,0,1
current,0.66,0.67,9266,0,0,0,I,HV,1,0,0,1
current,0.66,0.67,9267,0,0,0,I,HV,1,0,0,1
current,0.66,0.67,9268,0,0,0,I,HV,1,0,0,1
current,0.66,0.67,9269,0,0,0,I,HV,1,0,0,1
current,0.66,0.67,9270,0,0,0,I,HV,1,0,0,1
current,0.66,0.67,9271,0,0,0,I,HV,1,0,0,1
current,0.66,0.67,9272,0,0,0,I,HV,1,0,0,1
current,0.66,0.67,9273,0,0,0,I,HV,1,0,0,1
current,0.66,0.67,9274,0,0,0,I,HV,1,0,0,1
current,0.66,0.67,9275,0,0,0,I,HV,1,0,0,1
current,0.66,0.67,9276,0,0,0,I,HV,1,0,0,1
current,0.66,0.67,9277,0,0,0,I,HV,1,0,0,1
current,0.66,0.67,9278,0,0,0,I,HV,1,0,0,1
current,0.66,0.67,9279,0,0,0,I,HV,1,0,0,1
current,0.66,0.67,9280,0,0,0,I,HV,1,0,0,1
current,0.66,0.67,9281,0,0,0,I,HV,1,0,0,1
current,0.66,0.67,9282,0,0,0,I,HV,1,0,0,1
current,0.66,0.67,9283,0,0,0,I,HV,1,0,0,1
current,0.66,0.67,9284,0,0,0,I,HV,1,0,0,1
current,0.66,0.67,9285,0,0,0,I,HV,1,0,0,1
current,0.66,0.67,9286,0,0,0,I,HV,1,0,0,1
current,0.66,0.67,9287,0,0,0,I,HV,1,0,0,1
current,0.66,0.67,9288,0,-1,1,V-1,HV,1,0,-1,1
current,0.66,0.67,9289,0,-1,1,V-1,HV,1,0,-1,1
current,0.66,0.67,9290,0,0,0,I,HV,1,0,0,1
current,0.66,0.67,9291,0,0,0,I,HV,1,0,0,1
current,0.66,0.67,9292,0,0,0,I,HV,1,0,0,1
current,0.66,0.67,9293,0,0,0,I,HV,1,0,0,1
current,0.66,0.67,9294,0,0,0,I,HV,1,0,0,1
current,0.66,0.67,9295,0,0,0,I,HV,1,0,0,1
current,0.66,0.67,9296,0,0,0,I,HV,1,0,0,1
current,0.66,0.67,9297,0,0,0,I,HV,1,0,0,1
current,0.66,0.67,9298,0,0,0,I,HV,1,0,0,1
current,0.66,0.67,9299,0,0,0,I,HV,1,0,0,1
current,0.66,0.67,9300,0,0,0,I,HV,1,0,0,1
current,0.66,0.67,9301,0,0,0,I,HV,1,0,0,1
current,0.66,0.67,9302,0,0,0,I,HV,1,0,0,1
current,0.66,0.67,9303,0,0,0,I,HV,1,0,0,1
current,0.66,0.67,9304,0,0,0,I,HV,1,0,0,1
current,0.66,0.67,9305,0,0,0,I,HV,1,0,0,1
current,0.66,0.67,9306,0,0,0,I,HV,1,0,0,1
current,0.66,0.67,9307,0,0,0,I,HV,1,0,0,1
current,0.66,0.67,9308,0,1,1,V+1,HV,1,0,1,1
current,0.66,0.67,9309,0,1,1,V+1,HV,1,0,1,1
current,0.66,0.67,9310,0,0,0,I,HV,1,0,0,1
current,0.66,0.67,9311,0,0,0,I,HV,1,0,0,1
current,0.66,0.67,9312,0,1,1,V+1,HV,1,0,1,1
current,0.66,0.67,9313,0,1,1,V+1,HV,1,0,1,1
current,0.66,0.67,9314,0,0,0,I,HV,1,0,0,1
current,0.66,0.67,9315,0,0,0,I,HV,1,0,0,1
current,0.66,0.67,9316,0,0,0,I,HV,1,0,0,1
current,0.66,0.67,9317,0,0,0,I,HV,1,0,0,1
current,0.66,0.67,9318,0,0,0,I,HV,1,0,0,1
current,0.66,0.67,9319,0,0,0,I,HV,1,0,0,1
current,0.66,0.67,9320,0,0,0,I,HV,1,0,0,1
current,0.66,0.67,9321,0,0,0,I,HV,1,0,0,1
current,0.66,0.67,9322,0,0,0,I,HV,1,0,0,1
current,0.66,0.67,9323,0,0,0,I,HV,1,0,0,1
current,0.66,0.67,9324,0,0,0,I,HV,1,0,0,1
current,0.66,0.67,9325,0,0,0,I,HV,1,0,0,1
current,0.66,0.67,9326,0,0,0,I,HV,1,0,0,1
current,0.66,0.67,9327,0,0,0,I,HV,1,0,0,1
current,0.66,0.67,9328,0,0,0,I,HV,1,0,0,1
current,0.66,0.67,9329,0,0,0,I,HV,1,0,0,1
current,0.66,0.67,9330,0,0,0,I,HV,1,0,0,1
current,0.66,0.67,9331,0,0,0,I,HV,1,0,0,1
current,0.66,0.67,9332,0,0,0,I,HV,1,0,0,1
current,0.66,0.67,9333,0,0,0,I,HV,1,0,0,1
current,0.66,0.67,9334,0,0,0,I,HV,1,0,0,1
current,0.66,0.67,9335,0,0,0,I,HV,1,0,0,1
current,0.66,0.67,9336,0,0,0,I,HV,1,0,0,1
current,0.66,0.67,9337,0,0,0,I,HV,1,0,0,1
current,0.66,0.67,9338,0,0,0,I,HV,1,0,0,1
current,0.66,0.67,9339,0,0,0,I,HV,1,0,0,1
current,0.66,0.67,9340,0,1,1,V+1,HV,1,0,1,1
current,0.66,0.67,9341,0,1,1,V+1,HV,1,0,1,1
current,0.66,0.67,9342,-1,-1,2,V-1 H-1,VH,1,-1,-1,2
current,0.66,0.67,9343,0,-1,1,V-1,HV,1,0,-1,1
current,0.66,0.67,9344,0,-1,1,V-1,HV,1,0,-1,1
current,0.66,0.67,9345,-2,0,2,H-1 H-1,HV,1,-2,0,1
current,0.66,0.67,9346,0,0,0,I,HV,1,0,0,1
current,0.66,0.67,9347,2,0,2,H+1 H+1,HV,1,2,0,1
current,0.66,0.67,9348,0,-1,1,V-1,HV,1,0,-1,1
current,0.66,0.67,9349,0,-1,1,V-1,HV,1,0,-1,1
current,0.66,0.67,9350,1,0,1,H+1,HV,1,1,0,1
current,0.66,0.67,9351,0,0,0,I,HV,1,0,0,1
current,0.66,0.67,9352,1,0,1,H+1,HV,1,1,0,1
current,0.66,0.67,9353,1,0,1,H+1,HV,1,1,0,1
current,0.66,0.67,9354,0,0,0,I,HV,1,0,0,1
current,0.66,0.67,9355,-1,0,1,H-1,HV,1,-1,0,1
current,0.66,0.67,9356,0,1,1,V+1,HV,1,0,1,1
current,0.66,0.67,9357,1,0,1,H+1,HV,1,1,0,1
current,0.66,0.67,9358,0,-1,1,V-1,HV,1,0,-1,1
current,0.66,0.67,9359,1,-1,2,H+1 V-1,HV,0,1,-1,1
current,0.66,0.67,9360,1,-1,2,H+1 V-1,HV,0,1,-1,1
current,0.66,0.67,9361,1,-1,2,H+1 V-1,HV,0,1,-1,1
current,0.66,0.67,9362,0,0,0,I,HV,1,0,0,1
current,0.66,0.67,9363,0,0,0,I,HV,1,0,0,1
current,0.66,0.67,9364,1,0,1,H+1,HV,1,1,0,1
current,0.66,0.67,9365,1,0,1,H+1,HV,1,1,0,1
current,0.66,0.67,9366,1,0,1,H+1,HV,1,1,0,1
current,0.66,0.67,9367,-1,0,1,H-1,HV,1,-1,0,1
current,0.66,0.67,9368,1,0,1,H+1,HV,1,1,0,1
current,0.66,0.67,9369,1,0,1,H+1,HV,1,1,0,1
current,0.66,0.67,9370,0,0,0,I,HV,1,0,0,1
current,0.66,0.67,9371,1,1,2,V+1 H+1,VH,1,1,1,2
current,0.66,0.67,9372,0,1,1,V+1,HV,1,0,1,1
current,0.66,0.67,9373,0,0,0,I,HV,1,0,0,1
current,0.66,0.67,9374,0,0,0,I,HV,1,0,0,1
current,0.66,0.67,9375,-1,-1,2,V-1 H-1,VH,1,-1,-1,2
current,0.66,0.67,9376,1,-1,4,H+1 H+1 V-1 H-1,longer_word,-1,3,-1,2
current,0.66,0.67,9377,1,-1,2,H+1 V-1,HV,0,1,-1,1
current,0.66,0.67,9378,1,-1,2,H+1 V-1,HV,0,1,-1,1
current,0.66,0.67,9379,1,-1,2,H+1 V-1,HV,0,1,-1,1
current,0.66,0.67,9380,1,0,1,H+1,HV,1,1,0,1
current,0.66,0.67,9381,0,1,1,V+1,HV,1,0,1,1
current,0.66,0.67,9382,0,0,0,I,HV,1,0,0,1
current,0.66,0.67,9383,0,0,0,I,HV,1,0,0,1
current,0.66,0.67,9384,0,0,0,I,HV,1,0,0,1
current,0.66,0.67,9385,0,0,0,I,HV,1,0,0,1
current,0.66,0.67,9386,1,-1,2,H+1 V-1,HV,0,1,-1,1
current,0.66,0.67,9387,0,0,0,I,HV,1,0,0,1
current,0.66,0.67,9388,1,0,1,H+1,HV,1,1,0,1
current,0.66,0.67,9389,1,0,1,H+1,HV,1,1,0,1
current,0.66,0.67,9390,-1,0,1,H-1,HV,1,-1,0,1
current,0.66,0.67,9391,-1,0,1,H-1,HV,1,-1,0,1
current,0.66,0.67,9392,0,0,0,I,HV,1,0,0,1
current,0.66,0.67,9393,1,0,1,H+1,HV,1,1,0,1
current,0.66,0.67,9394,0,0,0,I,HV,1,0,0,1
current,0.66,0.67,9395,0,0,0,I,HV,1,0,0,1
current,0.66,0.67,9396,0,0,0,I,HV,1,0,0,1
current,0.66,0.67,9397,0,0,0,I,HV,1,0,0,1
current,0.66,0.67,9398,0,0,0,I,HV,1,0,0,1
current,0.66,0.67,9399,0,0,0,I,HV,1,0,0,1
current,0.66,0.67,9400,0,0,0,I,HV,1,0,0,1
current,0.66,0.67,9401,0,0,0,I,HV,1,0,0,1
current,0.66,0.67,9402,0,0,0,I,HV,1,0,0,1
current,0.66,0.67,9403,0,0,0,I,HV,1,0,0,1
current,0.66,0.67,9404,0,0,0,I,HV,1,0,0,1
current,0.66,0.67,9405,0,0,0,I,HV,1,0,0,1
current,0.66,0.67,9406,0,0,0,I,HV,1,0,0,1
current,0.66,0.67,9407,0,0,0,I,HV,1,0,0,1
current,0.66,0.67,9408,0,0,0,I,HV,1,0,0,1
current,0.66,0.67,9409,0,0,0,I,HV,1,0,0,1
current,0.66,0.67,9410,0,0,0,I,HV,1,0,0,1
current,0.66,0.67,9411,0,0,0,I,HV,1,0,0,1
current,0.66,0.67,9412,0,0,0,I,HV,1,0,0,1
current,0.66,0.67,9413,0,0,0,I,HV,1,0,0,1
current,0.66,0.67,9414,0,0,0,I,HV,1,0,0,1
current,0.66,0.67,9415,0,0,0,I,HV,1,0,0,1
current,0.66,0.67,9416,0,0,0,I,HV,1,0,0,1
current,0.66,0.67,9417,0,0,0,I,HV,1,0,0,1
current,0.66,0.67,9418,0,0,0,I,HV,1,0,0,1
current,0.66,0.67,9419,0,0,0,I,HV,1,0,0,1
current,0.66,0.67,9420,0,0,0,I,HV,1,0,0,1
current,0.66,0.67,9421,0,0,0,I,HV,1,0,0,1
current,0.66,0.67,9422,0,0,0,I,HV,1,0,0,1
current,0.66,0.67,9423,0,0,0,I,HV,1,0,0,1
current,0.66,0.67,9424,0,0,0,I,HV,1,0,0,1
current,0.66,0.67,9425,0,0,0,I,HV,1,0,0,1
current,0.66,0.67,9426,0,0,0,I,HV,1,0,0,1
current,0.66,0.67,9427,0,0,0,I,HV,1,0,0,1
current,0.66,0.67,9428,0,-1,1,V-1,HV,1,0,-1,1
current,0.66,0.67,9429,0,-1,1,V-1,HV,1,0,-1,1
current,0.66,0.67,9430,0,0,0,I,HV,1,0,0,1
current,0.66,0.67,9431,0,0,0,I,HV,1,0,0,1
current,0.66,0.67,9432,0,0,0,I,HV,1,0,0,1
current,0.66,0.67,9433,0,0,0,I,HV,1,0,0,1
current,0.66,0.67,9434,0,0,0,I,HV,1,0,0,1
current,0.66,0.67,9435,0,0,0,I,HV,1,0,0,1
current,0.66,0.67,9436,0,0,0,I,HV,1,0,0,1
current,0.66,0.67,9437,0,0,0,I,HV,1,0,0,1
current,0.66,0.67,9438,0,0,0,I,HV,1,0,0,1
current,0.66,0.67,9439,0,0,0,I,HV,1,0,0,1
current,0.66,0.67,9440,0,0,0,I,HV,1,0,0,1
current,0.66,0.67,9441,0,0,0,I,HV,1,0,0,1
current,0.66,0.67,9442,0,0,0,I,HV,1,0,0,1
current,0.66,0.67,9443,0,0,0,I,HV,1,0,0,1
current,0.66,0.67,9444,0,0,0,I,HV,1,0,0,1
current,0.66,0.67,9445,0,0,0,I,HV,1,0,0,1
current,0.66,0.67,9446,0,0,0,I,HV,1,0,0,1
current,0.66,0.67,9447,0,0,0,I,HV,1,0,0,1
current,0.66,0.67,9448,0,1,1,V+1,HV,1,0,1,1
current,0.66,0.67,9449,0,1,1,V+1,HV,1,0,1,1
current,0.66,0.67,9450,0,0,0,I,HV,1,0,0,1
current,0.66,0.67,9451,0,0,0,I,HV,1,0,0,1
current,0.66,0.67,9452,0,1,1,V+1,HV,1,0,1,1
current,0.66,0.67,9453,0,1,1,V+1,HV,1,0,1,1
current,0.66,0.67,9454,0,0,0,I,HV,1,0,0,1
current,0.66,0.67,9455,0,0,0,I,HV,1,0,0,1
current,0.66,0.67,9456,0,0,0,I,HV,1,0,0,1
current,0.66,0.67,9457,0,0,0,I,HV,1,0,0,1
current,0.66,0.67,9458,0,0,0,I,HV,1,0,0,1
current,0.66,0.67,9459,0,0,0,I,HV,1,0,0,1
current,0.66,0.67,9460,0,0,0,I,HV,1,0,0,1
current,0.66,0.67,9461,0,0,0,I,HV,1,0,0,1
current,0.66,0.67,9462,0,0,0,I,HV,1,0,0,1
current,0.66,0.67,9463,0,0,0,I,HV,1,0,0,1
current,0.66,0.67,9464,0,0,0,I,HV,1,0,0,1
current,0.66,0.67,9465,0,0,0,I,HV,1,0,0,1
current,0.66,0.67,9466,0,0,0,I,HV,1,0,0,1
current,0.66,0.67,9467,0,0,0,I,HV,1,0,0,1
current,0.66,0.67,9468,0,0,0,I,HV,1,0,0,1
current,0.66,0.67,9469,0,0,0,I,HV,1,0,0,1
current,0.66,0.67,9470,0,0,0,I,HV,1,0,0,1
current,0.66,0.67,9471,0,0,0,I,HV,1,0,0,1
current,0.66,0.67,9472,0,0,0,I,HV,1,0,0,1
current,0.66,0.67,9473,0,0,0,I,HV,1,0,0,1
current,0.66,0.67,9474,0,0,0,I,HV,1,0,0,1
current,0.66,0.67,9475,0,0,0,I,HV,1,0,0,1
current,0.66,0.67,9476,0,0,0,I,HV,1,0,0,1
current,0.66,0.67,9477,0,0,0,I,HV,1,0,0,1
current,0.66,0.67,9478,0,0,0,I,HV,1,0,0,1
current,0.66,0.67,9479,0,0,0,I,HV,1,0,0,1
current,0.66,0.67,9480,1,0,1,H+1,HV,1,1,0,1
current,0.66,0.67,9481,0,1,1,V+1,HV,1,0,1,1
current,0.66,0.67,9482,-1,-1,2,V-1 H-1,VH,1,-1,-1,2
current,0.66,0.67,9483,0,-1,1,V-1,HV,1,0,-1,1
current,0.66,0.67,9484,-1,0,1,H-1,HV,1,-1,0,1
current,0.66,0.67,9485,-1,0,1,H-1,HV,1,-1,0,1
current,0.66,0.67,9486,1,1,2,V+1 H+1,VH,1,1,1,2
current,0.66,0.67,9487,0,1,1,V+1,HV,1,0,1,1
current,0.66,0.67,9488,-2,0,2,H-1 H-1,HV,1,-2,0,1
current,0.66,0.67,9489,0,-1,1,V-1,HV,1,0,-1,1
current,0.66,0.67,9490,0,0,0,I,HV,1,0,0,1
current,0.66,0.67,9491,1,0,1,H+1,HV,1,1,0,1
current,0.66,0.67,9492,1,0,1,H+1,HV,1,1,0,1
current,0.66,0.67,9493,1,0,1,H+1,HV,1,1,0,1
current,0.66,0.67,9494,-1,0,1,H-1,HV,1,-1,0,1
current,0.66,0.67,9495,-1,0,1,H-1,HV,1,-1,0,1
current,0.66,0.67,9496,1,0,1,H+1,HV,1,1,0,1
current,0.66,0.67,9497,1,0,1,H+1,HV,1,1,0,1
current,0.66,0.67,9498,1,-1,2,H+1 V-1,HV,0,1,-1,1
current,0.66,0.67,9499,1,-1,2,H+1 V-1,HV,0,1,-1,1
current,0.66,0.67,9500,1,-1,2,H+1 V-1,HV,0,1,-1,1
current,0.66,0.67,9501,0,0,0,I,HV,1,0,0,1
current,0.66,0.67,9502,0,0,0,I,HV,1,0,0,1
current,0.66,0.67,9503,1,0,1,H+1,HV,1,1,0,1
current,0.66,0.67,9504,-1,0,1,H-1,HV,1,-1,0,1
current,0.66,0.67,9505,1,-1,2,H+1 V-1,HV,0,1,-1,1
current,0.66,0.67,9506,1,0,1,H+1,HV,1,1,0,1
current,0.66,0.67,9507,1,0,1,H+1,HV,1,1,0,1
current,0.66,0.67,9508,1,1,2,V+1 H+1,VH,1,1,1,2
current,0.66,0.67,9509,1,0,1,H+1,HV,1,1,0,1
current,0.66,0.67,9510,0,1,1,V+1,HV,1,0,1,1
current,0.66,0.67,9511,0,1,1,V+1,HV,1,0,1,1
current,0.66,0.67,9512,1,0,1,H+1,HV,1,1,0,1
current,0.66,0.67,9513,1,0,1,H+1,HV,1,1,0,1
current,0.66,0.67,9514,1,0,1,H+1,HV,1,1,0,1
current,0.66,0.67,9515,1,0,1,H+1,HV,1,1,0,1
current,0.66,0.67,9516,1,-1,2,H+1 V-1,HV,0,1,-1,1
current,0.66,0.67,9517,1,-1,2,H+1 V-1,HV,0,1,-1,1
current,0.66,0.67,9518,1,-1,2,H+1 V-1,HV,0,1,-1,1
current,0.66,0.67,9519,1,-1,2,H+1 V-1,HV,0,1,-1,1
current,0.66,0.67,9520,0,0,0,I,HV,1,0,0,1
current,0.66,0.67,9521,0,-1,1,V-1,HV,1,0,-1,1
current,0.66,0.67,9522,0,-1,1,V-1,HV,1,0,-1,1
current,0.66,0.67,9523,-1,0,1,H-1,HV,1,-1,0,1
current,0.66,0.67,9524,-1,0,1,H-1,HV,1,-1,0,1
current,0.66,0.67,9525,-2,0,2,H-1 H-1,HV,1,-2,0,1
current,0.66,0.67,9526,1,-1,2,H+1 V-1,HV,0,1,-1,1
current,0.66,0.67,9527,0,-1,3,H+1 V-1 H-1,longer_word,0,1,-1,2
current,0.66,0.67,9528,0,0,0,I,HV,1,0,0,1
current,0.66,0.67,9529,0,0,0,I,HV,1,0,0,1
current,0.66,0.67,9530,0,-1,1,V-1,HV,1,0,-1,1
current,0.66,0.67,9531,-1,0,1,H-1,HV,1,-1,0,1
current,0.66,0.67,9532,1,0,1,H+1,HV,1,1,0,1
current,0.66,0.67,9533,1,0,1,H+1,HV,1,1,0,1
current,0.66,0.67,9534,0,0,0,I,HV,1,0,0,1
current,0.66,0.67,9535,0,0,0,I,HV,1,0,0,1
current,0.66,0.67,9536,0,0,0,I,HV,1,0,0,1
current,0.66,0.67,9537,0,0,0,I,HV,1,0,0,1
current,0.66,0.67,9538,0,0,0,I,HV,1,0,0,1
current,0.66,0.67,9539,0,0,0,I,HV,1,0,0,1
current,0.66,0.67,9540,0,0,0,I,HV,1,0,0,1
current,0.66,0.67,9541,0,0,0,I,HV,1,0,0,1
current,0.66,0.67,9542,0,0,0,I,HV,1,0,0,1
current,0.66,0.67,9543,0,0,0,I,HV,1,0,0,1
current,0.66,0.67,9544,0,0,0,I,HV,1,0,0,1
current,0.66,0.67,9545,0,0,0,I,HV,1,0,0,1
current,0.66,0.67,9546,0,0,0,I,HV,1,0,0,1
current,0.66,0.67,9547,0,0,0,I,HV,1,0,0,1
current,0.66,0.67,9548,0,0,0,I,HV,1,0,0,1
current,0.66,0.67,9549,0,0,0,I,HV,1,0,0,1
current,0.66,0.67,9550,0,0,0,I,HV,1,0,0,1
current,0.66,0.67,9551,0,0,0,I,HV,1,0,0,1
current,0.66,0.67,9552,0,0,0,I,HV,1,0,0,1
current,0.66,0.67,9553,0,0,0,I,HV,1,0,0,1
current,0.66,0.67,9554,0,0,0,I,HV,1,0,0,1
current,0.66,0.67,9555,0,0,0,I,HV,1,0,0,1
current,0.66,0.67,9556,0,0,0,I,HV,1,0,0,1
current,0.66,0.67,9557,0,0,0,I,HV,1,0,0,1
current,0.66,0.67,9558,0,0,0,I,HV,1,0,0,1
current,0.66,0.67,9559,0,0,0,I,HV,1,0,0,1
current,0.66,0.67,9560,0,0,0,I,HV,1,0,0,1
current,0.66,0.67,9561,0,0,0,I,HV,1,0,0,1
current,0.66,0.67,9562,0,0,0,I,HV,1,0,0,1
current,0.66,0.67,9563,0,0,0,I,HV,1,0,0,1
current,0.66,0.67,9564,0,0,0,I,HV,1,0,0,1
current,0.66,0.67,9565,0,0,0,I,HV,1,0,0,1
current,0.66,0.67,9566,0,0,0,I,HV,1,0,0,1
current,0.66,0.67,9567,0,0,0,I,HV,1,0,0,1
current,0.66,0.67,9568,0,-1,1,V-1,HV,1,0,-1,1
current,0.66,0.67,9569,0,-1,1,V-1,HV,1,0,-1,1
current,0.66,0.67,9570,0,0,0,I,HV,1,0,0,1
current,0.66,0.67,9571,0,0,0,I,HV,1,0,0,1
current,0.66,0.67,9572,0,0,0,I,HV,1,0,0,1
current,0.66,0.67,9573,0,0,0,I,HV,1,0,0,1
current,0.66,0.67,9574,0,0,0,I,HV,1,0,0,1
current,0.66,0.67,9575,0,0,0,I,HV,1,0,0,1
current,0.66,0.67,9576,0,0,0,I,HV,1,0,0,1
current,0.66,0.67,9577,0,0,0,I,HV,1,0,0,1
current,0.66,0.67,9578,0,0,0,I,HV,1,0,0,1
current,0.66,0.67,9579,0,0,0,I,HV,1,0,0,1
current,0.66,0.67,9580,0,0,0,I,HV,1,0,0,1
current,0.66,0.67,9581,0,0,0,I,HV,1,0,0,1
current,0.66,0.67,9582,0,0,0,I,HV,1,0,0,1
current,0.66,0.67,9583,0,0,0,I,HV,1,0,0,1
current,0.66,0.67,9584,0,0,0,I,HV,1,0,0,1
current,0.66,0.67,9585,0,0,0,I,HV,1,0,0,1
current,0.66,0.67,9586,0,0,0,I,HV,1,0,0,1
current,0.66,0.67,9587,0,0,0,I,HV,1,0,0,1
current,0.66,0.67,9588,0,1,1,V+1,HV,1,0,1,1
current,0.66,0.67,9589,0,1,1,V+1,HV,1,0,1,1
current,0.66,0.67,9590,0,0,0,I,HV,1,0,0,1
current,0.66,0.67,9591,0,0,0,I,HV,1,0,0,1
current,0.66,0.67,9592,0,1,1,V+1,HV,1,0,1,1
current,0.66,0.67,9593,0,1,1,V+1,HV,1,0,1,1
current,0.66,0.67,9594,0,0,0,I,HV,1,0,0,1
current,0.66,0.67,9595,0,0,0,I,HV,1,0,0,1
current,0.66,0.67,9596,0,0,0,I,HV,1,0,0,1
current,0.66,0.67,9597,0,0,0,I,HV,1,0,0,1
current,0.66,0.67,9598,0,0,0,I,HV,1,0,0,1
current,0.66,0.67,9599,0,0,0,I,HV,1,0,0,1
current,0.66,0.67,9600,0,0,0,I,HV,1,0,0,1
current,0.66,0.67,9601,0,0,0,I,HV,1,0,0,1
current,0.66,0.67,9602,0,0,0,I,HV,1,0,0,1
current,0.66,0.67,9603,0,0,0,I,HV,1,0,0,1
current,0.66,0.67,9604,0,0,0,I,HV,1,0,0,1
current,0.66,0.67,9605,0,0,0,I,HV,1,0,0,1
current,0.66,0.67,9606,0,0,0,I,HV,1,0,0,1
current,0.66,0.67,9607,0,0,0,I,HV,1,0,0,1
current,0.66,0.67,9608,0,0,0,I,HV,1,0,0,1
current,0.66,0.67,9609,0,0,0,I,HV,1,0,0,1
current,0.66,0.67,9610,0,0,0,I,HV,1,0,0,1
current,0.66,0.67,9611,0,0,0,I,HV,1,0,0,1
current,0.66,0.67,9612,0,0,0,I,HV,1,0,0,1
current,0.66,0.67,9613,0,0,0,I,HV,1,0,0,1
current,0.66,0.67,9614,0,0,0,I,HV,1,0,0,1
current,0.66,0.67,9615,0,0,0,I,HV,1,0,0,1
current,0.66,0.67,9616,0,0,0,I,HV,1,0,0,1
current,0.66,0.67,9617,0,0,0,I,HV,1,0,0,1
current,0.66,0.67,9618,0,0,0,I,HV,1,0,0,1
current,0.66,0.67,9619,0,0,0,I,HV,1,0,0,1
current,0.66,0.67,9620,0,0,0,I,HV,1,0,0,1
current,0.66,0.67,9621,1,0,1,H+1,HV,1,1,0,1
current,0.66,0.67,9622,-1,-1,2,H-1 V-1,HV,2,-1,-1,1
current,0.66,0.67,9623,-1,0,1,H-1,HV,1,-1,0,1
current,0.66,0.67,9624,0,-1,1,V-1,HV,1,0,-1,1
current,0.66,0.67,9625,0,0,0,I,HV,1,0,0,1
current,0.66,0.67,9626,2,0,2,H+1 H+1,HV,1,2,0,1
current,0.66,0.67,9627,-1,0,1,H-1,HV,1,-1,0,1
current,0.66,0.67,9628,-1,0,1,H-1,HV,1,-1,0,1
current,0.66,0.67,9629,1,0,1,H+1,HV,1,1,0,1
current,0.66,0.67,9630,1,0,1,H+1,HV,1,1,0,1
current,0.66,0.67,9631,1,0,1,H+1,HV,1,1,0,1
current,0.66,0.67,9632,1,0,1,H+1,HV,1,1,0,1
current,0.66,0.67,9633,-1,0,1,H-1,HV,1,-1,0,1
current,0.66,0.67,9634,-1,0,1,H-1,HV,1,-1,0,1
current,0.66,0.67,9635,1,0,1,H+1,HV,1,1,0,1
current,0.66,0.67,9636,1,0,1,H+1,HV,1,1,0,1
current,0.66,0.67,9637,-1,0,1,H-1,HV,1,-1,0,1
current,0.66,0.67,9638,-1,0,1,H-1,HV,1,-1,0,1
current,0.66,0.67,9639,1,-1,2,H+1 V-1,HV,0,1,-1,1
current,0.66,0.67,9640,0,0,0,I,HV,1,0,0,1
current,0.66,0.67,9641,0,0,0,I,HV,1,0,0,1
current,0.66,0.67,9642,1,0,1,H+1,HV,1,1,0,1
current,0.66,0.67,9643,1,0,1,H+1,HV,1,1,0,1
current,0.66,0.67,9644,1,-1,2,H+1 V-1,HV,0,1,-1,1
current,0.66,0.67,9645,1,-1,2,H+1 V-1,HV,0,1,-1,1
current,0.66,0.67,9646,1,0,1,H+1,HV,1,1,0,1
current,0.66,0.67,9647,1,0,1,H+1,HV,1,1,0,1
current,0.66,0.67,9648,1,0,1,H+1,HV,1,1,0,1
current,0.66,0.67,9649,1,0,1,H+1,HV,1,1,0,1
current,0.66,0.67,9650,-1,0,1,H-1,HV,1,-1,0,1
current,0.66,0.67,9651,0,-1,1,V-1,HV,1,0,-1,1
current,0.66,0.67,9652,0,0,0,I,HV,1,0,0,1
current,0.66,0.67,9653,0,0,0,I,HV,1,0,0,1
current,0.66,0.67,9654,0,0,0,I,HV,1,0,0,1
current,0.66,0.67,9655,0,1,1,V+1,HV,1,0,1,1
current,0.66,0.67,9656,0,-1,1,V-1,HV,1,0,-1,1
current,0.66,0.67,9657,0,0,0,I,HV,1,0,0,1
current,0.66,0.67,9658,0,0,0,I,HV,1,0,0,1
current,0.66,0.67,9659,0,0,0,I,HV,1,0,0,1
current,0.66,0.67,9660,0,0,0,I,HV,1,0,0,1
current,0.66,0.67,9661,0,0,0,I,HV,1,0,0,1
current,0.66,0.67,9662,0,0,0,I,HV,1,0,0,1
current,0.66,0.67,9663,0,-1,1,V-1,HV,1,0,-1,1
current,0.66,0.67,9664,0,-1,1,V-1,HV,1,0,-1,1
current,0.66,0.67,9665,-1,0,1,H-1,HV,1,-1,0,1
current,0.66,0.67,9666,1,-1,2,H+1 V-1,HV,0,1,-1,1
current,0.66,0.67,9667,1,-1,2,H+1 V-1,HV,0,1,-1,1
current,0.66,0.67,9668,1,0,1,H+1,HV,1,1,0,1
current,0.66,0.67,9669,0,1,1,V+1,HV,1,0,1,1
current,0.66,0.67,9670,-1,0,1,H-1,HV,1,-1,0,1
current,0.66,0.67,9671,1,0,1,H+1,HV,1,1,0,1
current,0.66,0.67,9672,1,0,1,H+1,HV,1,1,0,1
current,0.66,0.67,9673,0,0,0,I,HV,1,0,0,1
current,0.66,0.67,9674,0,0,0,I,HV,1,0,0,1
current,0.66,0.67,9675,0,0,0,I,HV,1,0,0,1
current,0.66,0.67,9676,0,0,0,I,HV,1,0,0,1
current,0.66,0.67,9677,0,0,0,I,HV,1,0,0,1
current,0.66,0.67,9678,0,0,0,I,HV,1,0,0,1
current,0.66,0.67,9679,0,0,0,I,HV,1,0,0,1
current,0.66,0.67,9680,0,0,0,I,HV,1,0,0,1
current,0.66,0.67,9681,0,0,0,I,HV,1,0,0,1
current,0.66,0.67,9682,0,0,0,I,HV,1,0,0,1
current,0.66,0.67,9683,0,0,0,I,HV,1,0,0,1
current,0.66,0.67,9684,0,0,0,I,HV,1,0,0,1
current,0.66,0.67,9685,0,0,0,I,HV,1,0,0,1
current,0.66,0.67,9686,0,0,0,I,HV,1,0,0,1
current,0.66,0.67,9687,0,0,0,I,HV,1,0,0,1
current,0.66,0.67,9688,0,0,0,I,HV,1,0,0,1
current,0.66,0.67,9689,0,0,0,I,HV,1,0,0,1
current,0.66,0.67,9690,0,0,0,I,HV,1,0,0,1
current,0.66,0.67,9691,0,0,0,I,HV,1,0,0,1
current,0.66,0.67,9692,0,0,0,I,HV,1,0,0,1
current,0.66,0.67,9693,0,0,0,I,HV,1,0,0,1
current,0.66,0.67,9694,0,0,0,I,HV,1,0,0,1
current,0.66,0.67,9695,0,0,0,I,HV,1,0,0,1
current,0.66,0.67,9696,0,0,0,I,HV,1,0,0,1
current,0.66,0.67,9697,0,0,0,I,HV,1,0,0,1
current,0.66,0.67,9698,0,0,0,I,HV,1,0,0,1
current,0.66,0.67,9699,0,0,0,I,HV,1,0,0,1
current,0.66,0.67,9700,0,0,0,I,HV,1,0,0,1
current,0.66,0.67,9701,0,0,0,I,HV,1,0,0,1
current,0.66,0.67,9702,0,0,0,I,HV,1,0,0,1
current,0.66,0.67,9703,0,0,0,I,HV,1,0,0,1
current,0.66,0.67,9704,0,0,0,I,HV,1,0,0,1
current,0.66,0.67,9705,0,0,0,I,HV,1,0,0,1
current,0.66,0.67,9706,0,0,0,I,HV,1,0,0,1
current,0.66,0.67,9707,0,0,0,I,HV,1,0,0,1
current,0.66,0.67,9708,0,-1,1,V-1,HV,1,0,-1,1
current,0.66,0.67,9709,0,-1,1,V-1,HV,1,0,-1,1
current,0.66,0.67,9710,0,0,0,I,HV,1,0,0,1
current,0.66,0.67,9711,0,0,0,I,HV,1,0,0,1
current,0.66,0.67,9712,0,0,0,I,HV,1,0,0,1
current,0.66,0.67,9713,0,0,0,I,HV,1,0,0,1
current,0.66,0.67,9714,0,0,0,I,HV,1,0,0,1
current,0.66,0.67,9715,0,0,0,I,HV,1,0,0,1
current,0.66,0.67,9716,0,0,0,I,HV,1,0,0,1
current,0.66,0.67,9717,0,0,0,I,HV,1,0,0,1
current,0.66,0.67,9718,0,0,0,I,HV,1,0,0,1
current,0.66,0.67,9719,0,0,0,I,HV,1,0,0,1
current,0.66,0.67,9720,0,0,0,I,HV,1,0,0,1
current,0.66,0.67,9721,0,0,0,I,HV,1,0,0,1
current,0.66,0.67,9722,0,0,0,I,HV,1,0,0,1
current,0.66,0.67,9723,0,0,0,I,HV,1,0,0,1
current,0.66,0.67,9724,0,0,0,I,HV,1,0,0,1
current,0.66,0.67,9725,0,0,0,I,HV,1,0,0,1
current,0.66,0.67,9726,0,0,0,I,HV,1,0,0,1
current,0.66,0.67,9727,0,0,0,I,HV,1,0,0,1
current,0.66,0.67,9728,0,1,1,V+1,HV,1,0,1,1
current,0.66,0.67,9729,0,1,1,V+1,HV,1,0,1,1
current,0.66,0.67,9730,0,0,0,I,HV,1,0,0,1
current,0.66,0.67,9731,0,0,0,I,HV,1,0,0,1
current,0.66,0.67,9732,0,1,1,V+1,HV,1,0,1,1
current,0.66,0.67,9733,0,1,1,V+1,HV,1,0,1,1
current,0.66,0.67,9734,0,0,0,I,HV,1,0,0,1
current,0.66,0.67,9735,0,0,0,I,HV,1,0,0,1
current,0.66,0.67,9736,0,0,0,I,HV,1,0,0,1
current,0.66,0.67,9737,0,0,0,I,HV,1,0,0,1
current,0.66,0.67,9738,0,0,0,I,HV,1,0,0,1
current,0.66,0.67,9739,0,0,0,I,HV,1,0,0,1
current,0.66,0.67,9740,0,0,0,I,HV,1,0,0,1
current,0.66,0.67,9741,0,0,0,I,HV,1,0,0,1
current,0.66,0.67,9742,0,0,0,I,HV,1,0,0,1
current,0.66,0.67,9743,0,0,0,I,HV,1,0,0,1
current,0.66,0.67,9744,0,0,0,I,HV,1,0,0,1
current,0.66,0.67,9745,0,0,0,I,HV,1,0,0,1
current,0.66,0.67,9746,0,0,0,I,HV,1,0,0,1
current,0.66,0.67,9747,0,0,0,I,HV,1,0,0,1
current,0.66,0.67,9748,0,0,0,I,HV,1,0,0,1
current,0.66,0.67,9749,0,0,0,I,HV,1,0,0,1
current,0.66,0.67,9750,0,0,0,I,HV,1,0,0,1
current,0.66,0.67,9751,0,0,0,I,HV,1,0,0,1
current,0.66,0.67,9752,0,0,0,I,HV,1,0,0,1
current,0.66,0.67,9753,0,0,0,I,HV,1,0,0,1
current,0.66,0.67,9754,0,0,0,I,HV,1,0,0,1
current,0.66,0.67,9755,0,0,0,I,HV,1,0,0,1
current,0.66,0.67,9756,0,0,0,I,HV,1,0,0,1
current,0.66,0.67,9757,0,0,0,I,HV,1,0,0,1
current,0.66,0.67,9758,1,2,3,V+1 V+1 H+1,VH,1,1,2,3
current,0.66,0.67,9759,1,1,2,V+1 H+1,VH,1,1,1,2
current,0.66,0.67,9760,1,1,2,V+1 H+1,VH,1,1,1,2
current,0.66,0.67,9761,0,0,0,I,HV,1,0,0,1
current,0.66,0.67,9762,-1,-1,2,V-1 H-1,VH,1,-1,-1,2
current,0.66,0.67,9763,-1,-1,2,V-1 H-1,VH,1,-1,-1,2
current,0.66,0.67,9764,-1,-1,2,V-1 H-1,VH,1,-1,-1,2
current,0.66,0.67,9765,0,1,1,V+1,HV,1,0,1,1
current,0.66,0.67,9766,1,0,1,H+1,HV,1,1,0,1
current,0.66,0.67,9767,1,-1,2,H+1 V-1,HV,0,1,-1,1
current,0.66,0.67,9768,1,0,1,H+1,HV,1,1,0,1
current,0.66,0.67,9769,1,0,1,H+1,HV,1,1,0,1
current,0.66,0.67,9770,1,0,1,H+1,HV,1,1,0,1
current,0.66,0.67,9771,1,0,1,H+1,HV,1,1,0,1
current,0.66,0.67,9772,0,-1,1,V-1,HV,1,0,-1,1
current,0.66,0.67,9773,-1,0,1,H-1,HV,1,-1,0,1
current,0.66,0.67,9774,1,0,1,H+1,HV,1,1,0,1
current,0.66,0.67,9775,1,0,1,H+1,HV,1,1,0,1
current,0.66,0.67,9776,-1,0,1,H-1,HV,1,-1,0,1
current,0.66,0.67,9777,-1,0,1,H-1,HV,1,-1,0,1
current,0.66,0.67,9778,1,-1,2,H+1 V-1,HV,0,1,-1,1
current,0.66,0.67,9779,1,-1,2,H+1 V-1,HV,0,1,-1,1
current,0.66,0.67,9780,1,-1,2,H+1 V-1,HV,0,1,-1,1
current,0.66,0.67,9781,1,-1,2,H+1 V-1,HV,0,1,-1,1
current,0.66,0.67,9782,1,0,1,H+1,HV,1,1,0,1
current,0.66,0.67,9783,1,0,1,H+1,HV,1,1,0,1
current,0.66,0.67,9784,1,-1,2,H+1 V-1,HV,0,1,-1,1
current,0.66,0.67,9785,1,-1,2,H+1 V-1,HV,0,1,-1,1
current,0.66,0.67,9786,1,0,1,H+1,HV,1,1,0,1
current,0.66,0.67,9787,1,1,2,V+1 H+1,VH,1,1,1,2
current,0.66,0.67,9788,1,1,2,V+1 H+1,VH,1,1,1,2
current,0.66,0.67,9789,1,0,1,H+1,HV,1,1,0,1
current,0.66,0.67,9790,-1,0,1,H-1,HV,1,-1,0,1
current,0.66,0.67,9791,-1,0,1,H-1,HV,1,-1,0,1
current,0.66,0.67,9792,1,0,1,H+1,HV,1,1,0,1
current,0.66,0.67,9793,1,0,1,H+1,HV,1,1,0,1
current,0.66,0.67,9794,1,0,1,H+1,HV,1,1,0,1
current,0.66,0.67,9795,1,0,1,H+1,HV,1,1,0,1
current,0.66,0.67,9796,0,0,0,I,HV,1,0,0,1
current,0.66,0.67,9797,0,0,0,I,HV,1,0,0,1
current,0.66,0.67,9798,0,0,0,I,HV,1,0,0,1
current,0.66,0.67,9799,0,0,0,I,HV,1,0,0,1
mathcalF,0.72,0.73,0,0,0,0,I,HV,1,0,0,1
mathcalF,0.72,0.73,1,0,0,0,I,HV,1,0,0,1
mathcalF,0.72,0.73,2,0,0,0,I,HV,1,0,0,1
mathcalF,0.72,0.73,3,0,0,0,I,HV,1,0,0,1
mathcalF,0.72,0.73,4,0,0,0,I,HV,1,0,0,1
mathcalF,0.72,0.73,5,0,0,0,I,HV,1,0,0,1
mathcalF,0.72,0.73,6,-1,0,1,H-1,HV,1,-1,0,1
mathcalF,0.72,0.73,7,-1,0,1,H-1,HV,1,-1,0,1
mathcalF,0.72,0.73,8,1,0,1,H+1,HV,1,1,0,1
mathcalF,0.72,0.73,9,0,1,1,V+1,HV,1,0,1,1
mathcalF,0.72,0.73,10,-1,0,1,H-1,HV,1,-1,0,1
mathcalF,0.72,0.73,11,-1,0,1,H-1,HV,1,-1,0,1
mathcalF,0.72,0.73,12,-1,0,1,H-1,HV,1,-1,0,1
mathcalF,0.72,0.73,13,-1,0,1,H-1,HV,1,-1,0,1
mathcalF,0.72,0.73,14,1,-1,2,H+1 V-1,HV,0,1,-1,1
mathcalF,0.72,0.73,15,1,-1,2,H+1 V-1,HV,0,1,-1,1
mathcalF,0.72,0.73,16,-1,0,1,H-1,HV,1,-1,0,1
mathcalF,0.72,0.73,17,-1,0,1,H-1,HV,1,-1,0,1
mathcalF,0.72,0.73,18,1,-1,2,H+1 V-1,HV,0,1,-1,1
mathcalF,0.72,0.73,19,1,-1,2,H+1 V-1,HV,0,1,-1,1
mathcalF,0.72,0.73,20,1,0,1,H+1,HV,1,1,0,1
mathcalF,0.72,0.73,21,1,0,1,H+1,HV,1,1,0,1
mathcalF,0.72,0.73,22,1,-1,2,H+1 V-1,HV,0,1,-1,1
mathcalF,0.72,0.73,23,1,-1,2,H+1 V-1,HV,0,1,-1,1
mathcalF,0.72,0.73,24,1,0,1,H+1,HV,1,1,0,1
mathcalF,0.72,0.73,25,1,0,1,H+1,HV,1,1,0,1
mathcalF,0.72,0.73,26,0,-2,2,V-1 V-1,HV,1,0,-2,1
mathcalF,0.72,0.73,27,0,0,0,I,HV,1,0,0,1
mathcalF,0.72,0.73,28,0,0,0,I,HV,1,0,0,1
mathcalF,0.72,0.73,29,0,0,0,I,HV,1,0,0,1
mathcalF,0.72,0.73,30,1,0,1,H+1,HV,1,1,0,1
mathcalF,0.72,0.73,31,1,0,1,H+1,HV,1,1,0,1
mathcalF,0.72,0.73,32,-1,0,1,H-1,HV,1,-1,0,1
mathcalF,0.72,0.73,33,0,-1,1,V-1,HV,1,0,-1,1
mathcalF,0.72,0.73,34,0,0,0,I,HV,1,0,0,1
mathcalF,0.72,0.73,35,0,0,0,I,HV,1,0,0,1
mathcalF,0.72,0.73,36,0,-1,1,V-1,HV,1,0,-1,1
mathcalF,0.72,0.73,37,0,-1,3,H+1 V-1 H-1,longer_word,0,1,-1,2
mathcalF,0.72,0.73,38,0,0,0,I,HV,1,0,0,1
mathcalF,0.72,0.73,39,-2,0,2,H-1 H-1,HV,1,-2,0,1
mathcalF,0.72,0.73,40,0,0,0,I,HV,1,0,0,1
mathcalF,0.72,0.73,41,0,0,0,I,HV,1,0,0,1
mathcalF,0.72,0.73,42,0,0,0,I,HV,1,0,0,1
mathcalF,0.72,0.73,43,0,0,0,I,HV,1,0,0,1
mathcalF,0.72,0.73,44,0,1,1,V+1,HV,1,0,1,1
mathcalF,0.72,0.73,45,0,1,1,V+1,HV,1,0,1,1
mathcalF,0.72,0.73,46,0,0,0,I,HV,1,0,0,1
mathcalF,0.72,0.73,47,0,0,0,I,HV,1,0,0,1
mathcalF,0.72,0.73,48,0,0,0,I,HV,1,0,0,1
mathcalF,0.72,0.73,49,0,0,0,I,HV,1,0,0,1
mathcalF,0.72,0.73,50,0,0,0,I,HV,1,0,0,1
mathcalF,0.72,0.73,51,0,0,0,I,HV,1,0,0,1
mathcalF,0.72,0.73,52,0,1,1,V+1,HV,1,0,1,1
mathcalF,0.72,0.73,53,1,1,2,H+1 V+1,HV,2,1,1,1
mathcalF,0.72,0.73,54,0,0,0,I,HV,1,0,0,1
mathcalF,0.72,0.73,55,0,0,0,I,HV,1,0,0,1
mathcalF,0.72,0.73,56,0,0,0,I,HV,1,0,0,1
mathcalF,0.72,0.73,57,0,0,0,I,HV,1,0,0,1
mathcalF,0.72,0.73,58,0,0,0,I,HV,1,0,0,1
mathcalF,0.72,0.73,59,0,0,0,I,HV,1,0,0,1
mathcalF,0.72,0.73,60,0,0,0,I,HV,1,0,0,1
mathcalF,0.72,0.73,61,0,0,0,I,HV,1,0,0,1
mathcalF,0.72,0.73,62,0,0,0,I,HV,1,0,0,1
mathcalF,0.72,0.73,63,0,0,0,I,HV,1,0,0,1
mathcalF,0.72,0.73,64,0,0,0,I,HV,1,0,0,1
mathcalF,0.72,0.73,65,0,0,0,I,HV,1,0,0,1
mathcalF,0.72,0.73,66,0,0,0,I,HV,1,0,0,1
mathcalF,0.72,0.73,67,0,0,0,I,HV,1,0,0,1
mathcalF,0.72,0.73,68,0,0,0,I,HV,1,0,0,1
mathcalF,0.72,0.73,69,0,0,0,I,HV,1,0,0,1
mathcalF,0.72,0.73,70,0,0,0,I,HV,1,0,0,1
mathcalF,0.72,0.73,71,0,0,0,I,HV,1,0,0,1
mathcalF,0.72,0.73,72,0,0,0,I,HV,1,0,0,1
mathcalF,0.72,0.73,73,0,0,0,I,HV,1,0,0,1
mathcalF,0.72,0.73,74,0,0,0,I,HV,1,0,0,1
mathcalF,0.72,0.73,75,0,0,0,I,HV,1,0,0,1
mathcalF,0.72,0.73,76,0,0,0,I,HV,1,0,0,1
mathcalF,0.72,0.73,77,0,0,0,I,HV,1,0,0,1
mathcalF,0.72,0.73,78,0,0,0,I,HV,1,0,0,1
mathcalF,0.72,0.73,79,-1,0,1,H-1,HV,1,-1,0,1
mathcalF,0.72,0.73,80,0,0,0,I,HV,1,0,0,1
mathcalF,0.72,0.73,81,0,0,0,I,HV,1,0,0,1
mathcalF,0.72,0.73,82,0,0,0,I,HV,1,0,0,1
mathcalF,0.72,0.73,83,0,0,0,I,HV,1,0,0,1
mathcalF,0.72,0.73,84,0,0,0,I,HV,1,0,0,1
mathcalF,0.72,0.73,85,0,0,0,I,HV,1,0,0,1
mathcalF,0.72,0.73,86,0,0,0,I,HV,1,0,0,1
mathcalF,0.72,0.73,87,0,0,0,I,HV,1,0,0,1
mathcalF,0.72,0.73,88,0,0,0,I,HV,1,0,0,1
mathcalF,0.72,0.73,89,0,0,0,I,HV,1,0,0,1
mathcalF,0.72,0.73,90,0,0,0,I,HV,1,0,0,1
mathcalF,0.72,0.73,91,0,0,0,I,HV,1,0,0,1
mathcalF,0.72,0.73,92,0,0,0,I,HV,1,0,0,1
mathcalF,0.72,0.73,93,0,0,0,I,HV,1,0,0,1
mathcalF,0.72,0.73,94,0,0,0,I,HV,1,0,0,1
mathcalF,0.72,0.73,95,0,0,0,I,HV,1,0,0,1
mathcalF,0.72,0.73,96,0,0,0,I,HV,1,0,0,1
mathcalF,0.72,0.73,97,0,0,0,I,HV,1,0,0,1
mathcalF,0.72,0.73,98,0,0,0,I,HV,1,0,0,1
mathcalF,0.72,0.73,99,0,0,0,I,HV,1,0,0,1
mathcalF,0.72,0.73,100,0,0,0,I,HV,1,0,0,1
mathcalF,0.72,0.73,101,0,0,0,I,HV,1,0,0,1
mathcalF,0.72,0.73,102,0,0,0,I,HV,1,0,0,1
mathcalF,0.72,0.73,103,0,0,0,I,HV,1,0,0,1
mathcalF,0.72,0.73,104,0,0,0,I,HV,1,0,0,1
mathcalF,0.72,0.73,105,2,0,2,H+1 H+1,HV,1,2,0,1
mathcalF,0.72,0.73,106,-1,-1,4,H+1 V-1 H-1 H-1,longer_word,0,1,-1,3
mathcalF,0.72,0.73,107,2,-1,3,H+1 H+1 V-1,HV,-1,2,-1,1
mathcalF,0.72,0.73,108,1,1,2,V+1 H+1,VH,1,1,1,2
mathcalF,0.72,0.73,109,1,0,1,H+1,HV,1,1,0,1
mathcalF,0.72,0.73,110,1,0,1,H+1,HV,1,1,0,1
mathcalF,0.72,0.73,111,-1,0,1,H-1,HV,1,-1,0,1
mathcalF,0.72,0.73,112,1,0,1,H+1,HV,1,1,0,1
mathcalF,0.72,0.73,113,1,0,1,H+1,HV,1,1,0,1
mathcalF,0.72,0.73,114,1,0,1,H+1,HV,1,1,0,1
mathcalF,0.72,0.73,115,1,0,1,H+1,HV,1,1,0,1
mathcalF,0.72,0.73,116,1,0,1,H+1,HV,1,1,0,1
mathcalF,0.72,0.73,117,1,0,1,H+1,HV,1,1,0,1
mathcalF,0.72,0.73,118,1,0,1,H+1,HV,1,1,0,1
mathcalF,0.72,0.73,119,-1,1,2,V+1 H-1,VH,1,-1,1,0
mathcalF,0.72,0.73,120,1,0,1,H+1,HV,1,1,0,1
mathcalF,0.72,0.73,121,0,-1,1,V-1,HV,1,0,-1,1
mathcalF,0.72,0.73,122,0,1,1,V+1,HV,1,0,1,1
mathcalF,0.72,0.73,123,-1,0,1,H-1,HV,1,-1,0,1
mathcalF,0.72,0.73,124,1,1,2,V+1 H+1,VH,1,1,1,2
mathcalF,0.72,0.73,125,1,0,1,H+1,HV,1,1,0,1
mathcalF,0.72,0.73,126,1,0,1,H+1,HV,1,1,0,1
mathcalF,0.72,0.73,127,1,0,1,H+1,HV,1,1,0,1
mathcalF,0.72,0.73,128,0,1,1,V+1,HV,1,0,1,1
mathcalF,0.72,0.73,129,1,0,1,H+1,HV,1,1,0,1
mathcalF,0.72,0.73,130,0,0,0,I,HV,1,0,0,1
mathcalF,0.72,0.73,131,0,0,0,I,HV,1,0,0,1
mathcalF,0.72,0.73,132,0,0,0,I,HV,1,0,0,1
mathcalF,0.72,0.73,133,0,0,0,I,HV,1,0,0,1
mathcalF,0.72,0.73,134,0,0,0,I,HV,1,0,0,1
mathcalF,0.72,0.73,135,0,0,0,I,HV,1,0,0,1
mathcalF,0.72,0.73,136,0,0,0,I,HV,1,0,0,1
mathcalF,0.72,0.73,137,0,0,0,I,HV,1,0,0,1
mathcalF,0.72,0.73,138,0,1,1,V+1,HV,1,0,1,1
mathcalF,0.72,0.73,139,0,1,1,V+1,HV,1,0,1,1
mathcalF,0.72,0.73,140,0,0,0,I,HV,1,0,0,1
mathcalF,0.72,0.73,141,0,0,0,I,HV,1,0,0,1
mathcalF,0.72,0.73,142,0,0,0,I,HV,1,0,0,1
mathcalF,0.72,0.73,143,0,0,0,I,HV,1,0,0,1
mathcalF,0.72,0.73,144,0,0,0,I,HV,1,0,0,1
mathcalF,0.72,0.73,145,0,0,0,I,HV,1,0,0,1
mathcalF,0.72,0.73,146,0,0,0,I,HV,1,0,0,1
mathcalF,0.72,0.73,147,-1,0,1,H-1,HV,1,-1,0,1
mathcalF,0.72,0.73,148,1,0,1,H+1,HV,1,1,0,1
mathcalF,0.72,0.73,149,0,1,1,V+1,HV,1,0,1,1
mathcalF,0.72,0.73,150,0,0,0,I,HV,1,0,0,1
mathcalF,0.72,0.73,151,-1,0,1,H-1,HV,1,-1,0,1
mathcalF,0.72,0.73,152,-1,0,1,H-1,HV,1,-1,0,1
mathcalF,0.72,0.73,153,-1,0,1,H-1,HV,1,-1,0,1
mathcalF,0.72,0.73,154,1,-1,2,H+1 V-1,HV,0,1,-1,1
mathcalF,0.72,0.73,155,1,-1,2,H+1 V-1,HV,0,1,-1,1
mathcalF,0.72,0.73,156,-1,0,1,H-1,HV,1,-1,0,1
mathcalF,0.72,0.73,157,-1,0,1,H-1,HV,1,-1,0,1
mathcalF,0.72,0.73,158,1,-1,2,H+1 V-1,HV,0,1,-1,1
mathcalF,0.72,0.73,159,1,-1,2,H+1 V-1,HV,0,1,-1,1
mathcalF,0.72,0.73,160,1,0,1,H+1,HV,1,1,0,1
mathcalF,0.72,0.73,161,1,0,1,H+1,HV,1,1,0,1
mathcalF,0.72,0.73,162,1,-1,2,H+1 V-1,HV,0,1,-1,1
mathcalF,0.72,0.73,163,1,-1,2,H+1 V-1,HV,0,1,-1,1
mathcalF,0.72,0.73,164,0,1,1,V+1,HV,1,0,1,1
mathcalF,0.72,0.73,165,1,0,1,H+1,HV,1,1,0,1
mathcalF,0.72,0.73,166,-1,-1,2,H-1 V-1,HV,2,-1,-1,1
mathcalF,0.72,0.73,167,0,-1,1,V-1,HV,1,0,-1,1
mathcalF,0.72,0.73,168,0,-1,1,V-1,HV,1,0,-1,1
mathcalF,0.72,0.73,169,-1,0,1,H-1,HV,1,-1,0,1
mathcalF,0.72,0.73,170,0,0,0,I,HV,1,0,0,1
mathcalF,0.72,0.73,171,0,0,0,I,HV,1,0,0,1
mathcalF,0.72,0.73,172,0,-1,1,V-1,HV,1,0,-1,1
mathcalF,0.72,0.73,173,-1,0,1,H-1,HV,1,-1,0,1
mathcalF,0.72,0.73,174,1,0,1,H+1,HV,1,1,0,1
mathcalF,0.72,0.73,175,1,0,1,H+1,HV,1,1,0,1
mathcalF,0.72,0.73,176,1,-1,2,H+1 V-1,HV,0,1,-1,1
mathcalF,0.72,0.73,177,0,0,0,I,HV,1,0,0,1
mathcalF,0.72,0.73,178,-2,0,2,H-1 H-1,HV,1,-2,0,1
mathcalF,0.72,0.73,179,0,0,0,I,HV,1,0,0,1
mathcalF,0.72,0.73,180,0,-1,3,H+1 V-1 H-1,longer_word,0,1,-1,2
mathcalF,0.72,0.73,181,1,-1,2,H+1 V-1,HV,0,1,-1,1
mathcalF,0.72,0.73,182,1,0,1,H+1,HV,1,1,0,1
mathcalF,0.72,0.73,183,1,1,2,V+1 H+1,VH,1,1,1,2
mathcalF,0.72,0.73,184,1,1,2,V+1 H+1,VH,1,1,1,2
mathcalF,0.72,0.73,185,1,0,1,H+1,HV,1,1,0,1
mathcalF,0.72,0.73,186,1,0,1,H+1,HV,1,1,0,1
mathcalF,0.72,0.73,187,1,0,1,H+1,HV,1,1,0,1
mathcalF,0.72,0.73,188,1,0,1,H+1,HV,1,1,0,1
mathcalF,0.72,0.73,189,1,0,1,H+1,HV,1,1,0,1
mathcalF,0.72,0.73,190,1,0,1,H+1,HV,1,1,0,1
mathcalF,0.72,0.73,191,1,0,1,H+1,HV,1,1,0,1
mathcalF,0.72,0.73,192,0,1,1,V+1,HV,1,0,1,1
mathcalF,0.72,0.73,193,0,1,1,V+1,HV,1,0,1,1
mathcalF,0.72,0.73,194,0,0,0,I,HV,1,0,0,1
mathcalF,0.72,0.73,195,0,0,0,I,HV,1,0,0,1
mathcalF,0.72,0.73,196,0,0,0,I,HV,1,0,0,1
mathcalF,0.72,0.73,197,0,0,0,I,HV,1,0,0,1
mathcalF,0.72,0.73,198,0,0,0,I,HV,1,0,0,1
mathcalF,0.72,0.73,199,0,0,0,I,HV,1,0,0,1
mathcalF,0.72,0.73,200,0,0,0,I,HV,1,0,0,1
mathcalF,0.72,0.73,201,0,0,0,I,HV,1,0,0,1
mathcalF,0.72,0.73,202,0,0,0,I,HV,1,0,0,1
mathcalF,0.72,0.73,203,0,0,0,I,HV,1,0,0,1
mathcalF,0.72,0.73,204,0,0,0,I,HV,1,0,0,1
mathcalF,0.72,0.73,205,0,0,0,I,HV,1,0,0,1
mathcalF,0.72,0.73,206,0,0,0,I,HV,1,0,0,1
mathcalF,0.72,0.73,207,0,0,0,I,HV,1,0,0,1
mathcalF,0.72,0.73,208,0,0,0,I,HV,1,0,0,1
mathcalF,0.72,0.73,209,0,0,0,I,HV,1,0,0,1
mathcalF,0.72,0.73,210,0,0,0,I,HV,1,0,0,1
mathcalF,0.72,0.73,211,0,0,0,I,HV,1,0,0,1
mathcalF,0.72,0.73,212,0,0,0,I,HV,1,0,0,1
mathcalF,0.72,0.73,213,0,0,0,I,HV,1,0,0,1
mathcalF,0.72,0.73,214,0,0,0,I,HV,1,0,0,1
mathcalF,0.72,0.73,215,0,0,0,I,HV,1,0,0,1
mathcalF,0.72,0.73,216,0,0,0,I,HV,1,0,0,1
mathcalF,0.72,0.73,217,0,0,0,I,HV,1,0,0,1
mathcalF,0.72,0.73,218,0,-1,1,V-1,HV,1,0,-1,1
mathcalF,0.72,0.73,219,0,-1,1,V-1,HV,1,0,-1,1
mathcalF,0.72,0.73,220,0,0,0,I,HV,1,0,0,1
mathcalF,0.72,0.73,221,0,0,0,I,HV,1,0,0,1
mathcalF,0.72,0.73,222,0,0,0,I,HV,1,0,0,1
mathcalF,0.72,0.73,223,0,0,0,I,HV,1,0,0,1
mathcalF,0.72,0.73,224,0,0,0,I,HV,1,0,0,1
mathcalF,0.72,0.73,225,0,0,0,I,HV,1,0,0,1
mathcalF,0.72,0.73,226,0,0,0,I,HV,1,0,0,1
mathcalF,0.72,0.73,227,0,0,0,I,HV,1,0,0,1
mathcalF,0.72,0.73,228,0,0,0,I,HV,1,0,0,1
mathcalF,0.72,0.73,229,0,0,0,I,HV,1,0,0,1
mathcalF,0.72,0.73,230,0,0,0,I,HV,1,0,0,1
mathcalF,0.72,0.73,231,0,0,0,I,HV,1,0,0,1
mathcalF,0.72,0.73,232,0,0,0,I,HV,1,0,0,1
mathcalF,0.72,0.73,233,0,0,0,I,HV,1,0,0,1
mathcalF,0.72,0.73,234,0,0,0,I,HV,1,0,0,1
mathcalF,0.72,0.73,235,0,0,0,I,HV,1,0,0,1
mathcalF,0.72,0.73,236,0,0,0,I,HV,1,0,0,1
mathcalF,0.72,0.73,237,0,0,0,I,HV,1,0,0,1
mathcalF,0.72,0.73,238,0,0,0,I,HV,1,0,0,1
mathcalF,0.72,0.73,239,0,0,0,I,HV,1,0,0,1
mathcalF,0.72,0.73,240,0,0,0,I,HV,1,0,0,1
mathcalF,0.72,0.73,241,0,0,0,I,HV,1,0,0,1
mathcalF,0.72,0.73,242,0,0,0,I,HV,1,0,0,1
mathcalF,0.72,0.73,243,1,-1,2,H+1 V-1,HV,0,1,-1,1
mathcalF,0.72,0.73,244,1,0,1,H+1,HV,1,1,0,1
mathcalF,0.72,0.73,245,1,0,1,H+1,HV,1,1,0,1
mathcalF,0.72,0.73,246,1,-1,2,H+1 V-1,HV,0,1,-1,1
mathcalF,0.72,0.73,247,1,0,1,H+1,HV,1,1,0,1
mathcalF,0.72,0.73,248,-1,0,1,H-1,HV,1,-1,0,1
mathcalF,0.72,0.73,249,1,0,1,H+1,HV,1,1,0,1
mathcalF,0.72,0.73,250,1,-1,2,V-1 H+1,VH,1,1,-1,0
mathcalF,0.72,0.73,251,-1,0,1,H-1,HV,1,-1,0,1
mathcalF,0.72,0.73,252,0,-1,1,V-1,HV,1,0,-1,1
mathcalF,0.72,0.73,253,1,0,1,H+1,HV,1,1,0,1
mathcalF,0.72,0.73,254,1,0,1,H+1,HV,1,1,0,1
mathcalF,0.72,0.73,255,1,0,1,H+1,HV,1,1,0,1
mathcalF,0.72,0.73,256,1,0,1,H+1,HV,1,1,0,1
mathcalF,0.72,0.73,257,1,0,1,H+1,HV,1,1,0,1
mathcalF,0.72,0.73,258,-1,1,2,V+1 H-1,VH,1,-1,1,0
mathcalF,0.72,0.73,259,1,0,1,H+1,HV,1,1,0,1
mathcalF,0.72,0.73,260,1,0,1,H+1,HV,1,1,0,1
mathcalF,0.72,0.73,261,1,0,1,H+1,HV,1,1,0,1
mathcalF,0.72,0.73,262,1,-1,2,H+1 V-1,HV,0,1,-1,1
mathcalF,0.72,0.73,263,1,0,1,H+1,HV,1,1,0,1
mathcalF,0.72,0.73,264,1,0,1,H+1,HV,1,1,0,1
mathcalF,0.72,0.73,265,1,0,1,H+1,HV,1,1,0,1
mathcalF,0.72,0.73,266,1,0,1,H+1,HV,1,1,0,1
mathcalF,0.72,0.73,267,1,0,1,H+1,HV,1,1,0,1
mathcalF,0.72,0.73,268,1,0,1,H+1,HV,1,1,0,1
mathcalF,0.72,0.73,269,1,0,1,H+1,HV,1,1,0,1
mathcalF,0.72,0.73,270,0,0,0,I,HV,1,0,0,1
mathcalF,0.72,0.73,271,0,0,0,I,HV,1,0,0,1
mathcalF,0.72,0.73,272,0,0,0,I,HV,1,0,0,1
mathcalF,0.72,0.73,273,0,0,0,I,HV,1,0,0,1
mathcalF,0.72,0.73,274,0,0,0,I,HV,1,0,0,1
mathcalF,0.72,0.73,275,0,0,0,I,HV,1,0,0,1
mathcalF,0.72,0.73,276,0,0,0,I,HV,1,0,0,1
mathcalF,0.72,0.73,277,0,0,0,I,HV,1,0,0,1
mathcalF,0.72,0.73,278,0,1,1,V+1,HV,1,0,1,1
mathcalF,0.72,0.73,279,0,1,1,V+1,HV,1,0,1,1
mathcalF,0.72,0.73,280,0,0,0,I,HV,1,0,0,1
mathcalF,0.72,0.73,281,0,0,0,I,HV,1,0,0,1
mathcalF,0.72,0.73,282,0,0,0,I,HV,1,0,0,1
mathcalF,0.72,0.73,283,0,0,0,I,HV,1,0,0,1
mathcalF,0.72,0.73,284,0,0,0,I,HV,1,0,0,1
mathcalF,0.72,0.73,285,0,0,0,I,HV,1,0,0,1
mathcalF,0.72,0.73,286,0,0,0,I,HV,1,0,0,1
mathcalF,0.72,0.73,287,0,0,0,I,HV,1,0,0,1
mathcalF,0.72,0.73,288,0,1,1,V+1,HV,1,0,1,1
mathcalF,0.72,0.73,289,0,1,1,V+1,HV,1,0,1,1
mathcalF,0.72,0.73,290,0,0,0,I,HV,1,0,0,1
mathcalF,0.72,0.73,291,0,0,0,I,HV,1,0,0,1
mathcalF,0.72,0.73,292,0,0,0,I,HV,1,0,0,1
mathcalF,0.72,0.73,293,-1,0,1,H-1,HV,1,-1,0,1
mathcalF,0.72,0.73,294,1,-1,2,H+1 V-1,HV,0,1,-1,1
mathcalF,0.72,0.73,295,1,-1,2,H+1 V-1,HV,0,1,-1,1
mathcalF,0.72,0.73,296,-1,0,1,H-1,HV,1,-1,0,1
mathcalF,0.72,0.73,297,-1,0,1,H-1,HV,1,-1,0,1
mathcalF,0.72,0.73,298,1,-1,2,H+1 V-1,HV,0,1,-1,1
mathcalF,0.72,0.73,299,1,-1,2,H+1 V-1,HV,0,1,-1,1
mathcalF,0.72,0.73,300,1,0,1,H+1,HV,1,1,0,1
mathcalF,0.72,0.73,301,1,0,1,H+1,HV,1,1,0,1
mathcalF,0.72,0.73,302,1,-1,2,H+1 V-1,HV,0,1,-1,1
mathcalF,0.72,0.73,303,1,-1,2,H+1 V-1,HV,0,1,-1,1
mathcalF,0.72,0.73,304,0,-1,1,V-1,HV,1,0,-1,1
mathcalF,0.72,0.73,305,1,0,1,H+1,HV,1,1,0,1
mathcalF,0.72,0.73,306,0,-1,1,V-1,HV,1,0,-1,1
mathcalF,0.72,0.73,307,-1,-1,2,H-1 V-1,HV,2,-1,-1,1
mathcalF,0.72,0.73,308,0,1,1,V+1,HV,1,0,1,1
mathcalF,0.72,0.73,309,0,1,1,V+1,HV,1,0,1,1
mathcalF,0.72,0.73,310,1,0,1,H+1,HV,1,1,0,1
mathcalF,0.72,0.73,311,1,0,1,H+1,HV,1,1,0,1
mathcalF,0.72,0.73,312,-1,0,1,H-1,HV,1,-1,0,1
mathcalF,0.72,0.73,313,0,-1,1,V-1,HV,1,0,-1,1
mathcalF,0.72,0.73,314,0,0,0,I,HV,1,0,0,1
mathcalF,0.72,0.73,315,0,0,0,I,HV,1,0,0,1
mathcalF,0.72,0.73,316,0,0,0,I,HV,1,0,0,1
mathcalF,0.72,0.73,317,0,0,0,I,HV,1,0,0,1
mathcalF,0.72,0.73,318,0,0,0,I,HV,1,0,0,1
mathcalF,0.72,0.73,319,0,0,0,I,HV,1,0,0,1
mathcalF,0.72,0.73,320,0,-1,1,V-1,HV,1,0,-1,1
mathcalF,0.72,0.73,321,0,-1,1,V-1,HV,1,0,-1,1
mathcalF,0.72,0.73,322,0,1,1,V+1,HV,1,0,1,1
mathcalF,0.72,0.73,323,0,1,1,V+1,HV,1,0,1,1
mathcalF,0.72,0.73,324,0,0,0,I,HV,1,0,0,1
mathcalF,0.72,0.73,325,0,0,0,I,HV,1,0,0,1
mathcalF,0.72,0.73,326,0,0,0,I,HV,1,0,0,1
mathcalF,0.72,0.73,327,0,0,0,I,HV,1,0,0,1
mathcalF,0.72,0.73,328,0,0,0,I,HV,1,0,0,1
mathcalF,0.72,0.73,329,0,0,0,I,HV,1,0,0,1
mathcalF,0.72,0.73,330,0,0,0,I,HV,1,0,0,1
mathcalF,0.72,0.73,331,0,0,0,I,HV,1,0,0,1
mathcalF,0.72,0.73,332,0,1,1,V+1,HV,1,0,1,1
mathcalF,0.72,0.73,333,0,0,0,I,HV,1,0,0,1
mathcalF,0.72,0.73,334,0,0,0,I,HV,1,0,0,1
mathcalF,0.72,0.73,335,0,0,0,I,HV,1,0,0,1
mathcalF,0.72,0.73,336,0,0,0,I,HV,1,0,0,1
mathcalF,0.72,0.73,337,0,0,0,I,HV,1,0,0,1
mathcalF,0.72,0.73,338,0,0,0,I,HV,1,0,0,1
mathcalF,0.72,0.73,339,0,0,0,I,HV,1,0,0,1
mathcalF,0.72,0.73,340,0,0,0,I,HV,1,0,0,1
mathcalF,0.72,0.73,341,0,0,0,I,HV,1,0,0,1
mathcalF,0.72,0.73,342,0,0,0,I,HV,1,0,0,1
mathcalF,0.72,0.73,343,0,0,0,I,HV,1,0,0,1
mathcalF,0.72,0.73,344,0,0,0,I,HV,1,0,0,1
mathcalF,0.72,0.73,345,0,0,0,I,HV,1,0,0,1
mathcalF,0.72,0.73,346,0,0,0,I,HV,1,0,0,1
mathcalF,0.72,0.73,347,0,0,0,I,HV,1,0,0,1
mathcalF,0.72,0.73,348,0,0,0,I,HV,1,0,0,1
mathcalF,0.72,0.73,349,0,0,0,I,HV,1,0,0,1
mathcalF,0.72,0.73,350,0,0,0,I,HV,1,0,0,1
mathcalF,0.72,0.73,351,0,0,0,I,HV,1,0,0,1
mathcalF,0.72,0.73,352,0,0,0,I,HV,1,0,0,1
mathcalF,0.72,0.73,353,0,0,0,I,HV,1,0,0,1
mathcalF,0.72,0.73,354,0,0,0,I,HV,1,0,0,1
mathcalF,0.72,0.73,355,0,0,0,I,HV,1,0,0,1
mathcalF,0.72,0.73,356,0,0,0,I,HV,1,0,0,1
mathcalF,0.72,0.73,357,0,0,0,I,HV,1,0,0,1
mathcalF,0.72,0.73,358,0,-1,1,V-1,HV,1,0,-1,1
mathcalF,0.72,0.73,359,0,-1,1,V-1,HV,1,0,-1,1
mathcalF,0.72,0.73,360,0,0,0,I,HV,1,0,0,1
mathcalF,0.72,0.73,361,0,0,0,I,HV,1,0,0,1
mathcalF,0.72,0.73,362,0,0,0,I,HV,1,0,0,1
mathcalF,0.72,0.73,363,0,0,0,I,HV,1,0,0,1
mathcalF,0.72,0.73,364,0,0,0,I,HV,1,0,0,1
mathcalF,0.72,0.73,365,0,0,0,I,HV,1,0,0,1
mathcalF,0.72,0.73,366,0,0,0,I,HV,1,0,0,1
mathcalF,0.72,0.73,367,0,0,0,I,HV,1,0,0,1
mathcalF,0.72,0.73,368,0,0,0,I,HV,1,0,0,1
mathcalF,0.72,0.73,369,0,0,0,I,HV,1,0,0,1
mathcalF,0.72,0.73,370,0,0,0,I,HV,1,0,0,1
mathcalF,0.72,0.73,371,0,0,0,I,HV,1,0,0,1
mathcalF,0.72,0.73,372,0,0,0,I,HV,1,0,0,1
mathcalF,0.72,0.73,373,0,0,0,I,HV,1,0,0,1
mathcalF,0.72,0.73,374,0,0,0,I,HV,1,0,0,1
mathcalF,0.72,0.73,375,0,0,0,I,HV,1,0,0,1
mathcalF,0.72,0.73,376,0,0,0,I,HV,1,0,0,1
mathcalF,0.72,0.73,377,0,0,0,I,HV,1,0,0,1
mathcalF,0.72,0.73,378,0,0,0,I,HV,1,0,0,1
mathcalF,0.72,0.73,379,0,0,0,I,HV,1,0,0,1
mathcalF,0.72,0.73,380,2,0,2,H+1 H+1,HV,1,2,0,1
mathcalF,0.72,0.73,381,3,0,3,H+1 H+1 H+1,HV,1,3,0,1
mathcalF,0.72,0.73,382,0,-1,3,H+1 V-1 H-1,longer_word,0,1,-1,2
mathcalF,0.72,0.73,383,2,0,2,H+1 H+1,HV,1,2,0,1
mathcalF,0.72,0.73,384,1,0,1,H+1,HV,1,1,0,1
mathcalF,0.72,0.73,385,-1,0,1,H-1,HV,1,-1,0,1
mathcalF,0.72,0.73,386,-1,0,1,H-1,HV,1,-1,0,1
mathcalF,0.72,0.73,387,1,0,1,H+1,HV,1,1,0,1
mathcalF,0.72,0.73,388,-1,0,1,H-1,HV,1,-1,0,1
mathcalF,0.72,0.73,389,-1,0,1,H-1,HV,1,-1,0,1
mathcalF,0.72,0.73,390,1,0,1,H+1,HV,1,1,0,1
mathcalF,0.72,0.73,391,0,-1,1,V-1,HV,1,0,-1,1
mathcalF,0.72,0.73,392,1,0,1,H+1,HV,1,1,0,1
mathcalF,0.72,0.73,393,1,0,1,H+1,HV,1,1,0,1
mathcalF,0.72,0.73,394,1,0,1,H+1,HV,1,1,0,1
mathcalF,0.72,0.73,395,1,0,1,H+1,HV,1,1,0,1
mathcalF,0.72,0.73,396,1,0,1,H+1,HV,1,1,0,1
mathcalF,0.72,0.73,397,1,0,1,H+1,HV,1,1,0,1
mathcalF,0.72,0.73,398,1,0,1,H+1,HV,1,1,0,1
mathcalF,0.72,0.73,399,1,0,1,H+1,HV,1,1,0,1
mathcalF,0.72,0.73,400,1,0,1,H+1,HV,1,1,0,1
mathcalF,0.72,0.73,401,1,0,1,H+1,HV,1,1,0,1
mathcalF,0.72,0.73,402,1,-1,2,H+1 V-1,HV,0,1,-1,1
mathcalF,0.72,0.73,403,1,-1,2,H+1 V-1,HV,0,1,-1,1
mathcalF,0.72,0.73,404,1,0,1,H+1,HV,1,1,0,1
mathcalF,0.72,0.73,405,1,0,1,H+1,HV,1,1,0,1
mathcalF,0.72,0.73,406,1,0,1,H+1,HV,1,1,0,1
mathcalF,0.72,0.73,407,1,0,1,H+1,HV,1,1,0,1
mathcalF,0.72,0.73,408,1,0,1,H+1,HV,1,1,0,1
mathcalF,0.72,0.73,409,0,0,0,I,HV,1,0,0,1
mathcalF,0.72,0.73,410,0,0,0,I,HV,1,0,0,1
mathcalF,0.72,0.73,411,0,0,0,I,HV,1,0,0,1
mathcalF,0.72,0.73,412,0,0,0,I,HV,1,0,0,1
mathcalF,0.72,0.73,413,0,0,0,I,HV,1,0,0,1
mathcalF,0.72,0.73,414,0,0,0,I,HV,1,0,0,1
mathcalF,0.72,0.73,415,0,0,0,I,HV,1,0,0,1
mathcalF,0.72,0.73,416,0,0,0,I,HV,1,0,0,1
mathcalF,0.72,0.73,417,0,0,0,I,HV,1,0,0,1
mathcalF,0.72,0.73,418,0,1,1,V+1,HV,1,0,1,1
mathcalF,0.72,0.73,419,0,1,1,V+1,HV,1,0,1,1
mathcalF,0.72,0.73,420,0,0,0,I,HV,1,0,0,1
mathcalF,0.72,0.73,421,0,0,0,I,HV,1,0,0,1
mathcalF,0.72,0.73,422,0,0,0,I,HV,1,0,0,1
mathcalF,0.72,0.73,423,0,0,0,I,HV,1,0,0,1
mathcalF,0.72,0.73,424,0,0,0,I,HV,1,0,0,1
mathcalF,0.72,0.73,425,0,0,0,I,HV,1,0,0,1
mathcalF,0.72,0.73,426,0,0,0,I,HV,1,0,0,1
mathcalF,0.72,0.73,427,0,0,0,I,HV,1,0,0,1
mathcalF,0.72,0.73,428,0,1,1,V+1,HV,1,0,1,1
mathcalF,0.72,0.73,429,0,1,1,V+1,HV,1,0,1,1
mathcalF,0.72,0.73,430,0,0,0,I,HV,1,0,0,1
mathcalF,0.72,0.73,431,0,0,0,I,HV,1,0,0,1
mathcalF,0.72,0.73,432,0,0,0,I,HV,1,0,0,1
mathcalF,0.72,0.73,433,0,0,0,I,HV,1,0,0,1
mathcalF,0.72,0.73,434,1,-1,2,H+1 V-1,HV,0,1,-1,1
mathcalF,0.72,0.73,435,0,0,0,I,HV,1,0,0,1
mathcalF,0.72,0.73,436,-1,0,1,H-1,HV,1,-1,0,1
mathcalF,0.72,0.73,437,-1,0,1,H-1,HV,1,-1,0,1
mathcalF,0.72,0.73,438,1,-1,2,H+1 V-1,HV,0,1,-1,1
mathcalF,0.72,0.73,439,1,-1,2,H+1 V-1,HV,0,1,-1,1
mathcalF,0.72,0.73,440,1,0,1,H+1,HV,1,1,0,1
mathcalF,0.72,0.73,441,1,0,1,H+1,HV,1,1,0,1
mathcalF,0.72,0.73,442,1,-1,2,H+1 V-1,HV,0,1,-1,1
mathcalF,0.72,0.73,443,2,-1,3,H+1 H+1 V-1,HV,-1,2,-1,1
mathcalF,0.72,0.73,444,0,-1,1,V-1,HV,1,0,-1,1
mathcalF,0.72,0.73,445,1,-1,2,H+1 V-1,HV,0,1,-1,1
mathcalF,0.72,0.73,446,0,-1,1,V-1,HV,1,0,-1,1
mathcalF,0.72,0.73,447,-1,-1,2,H-1 V-1,HV,2,-1,-1,1
mathcalF,0.72,0.73,448,-1,-1,2,V-1 H-1,VH,1,-1,-1,2
mathcalF,0.72,0.73,449,0,-1,1,V-1,HV,1,0,-1,1
mathcalF,0.72,0.73,450,-1,0,1,H-1,HV,1,-1,0,1
mathcalF,0.72,0.73,451,-1,0,1,H-1,HV,1,-1,0,1
mathcalF,0.72,0.73,452,-2,0,2,H-1 H-1,HV,1,-2,0,1
mathcalF,0.72,0.73,453,-1,0,1,H-1,HV,1,-1,0,1
mathcalF,0.72,0.73,454,-1,-1,2,V-1 H-1,VH,1,-1,-1,2
mathcalF,0.72,0.73,455,0,0,0,I,HV,1,0,0,1
mathcalF,0.72,0.73,456,0,0,0,I,HV,1,0,0,1
mathcalF,0.72,0.73,457,0,0,0,I,HV,1,0,0,1
mathcalF,0.72,0.73,458,0,0,0,I,HV,1,0,0,1
mathcalF,0.72,0.73,459,0,-1,1,V-1,HV,1,0,-1,1
mathcalF,0.72,0.73,460,0,-1,1,V-1,HV,1,0,-1,1
mathcalF,0.72,0.73,461,0,1,1,V+1,HV,1,0,1,1
mathcalF,0.72,0.73,462,0,1,1,V+1,HV,1,0,1,1
mathcalF,0.72,0.73,463,0,0,0,I,HV,1,0,0,1
mathcalF,0.72,0.73,464,0,0,0,I,HV,1,0,0,1
mathcalF,0.72,0.73,465,0,0,0,I,HV,1,0,0,1
mathcalF,0.72,0.73,466,0,0,0,I,HV,1,0,0,1
mathcalF,0.72,0.73,467,0,0,0,I,HV,1,0,0,1
mathcalF,0.72,0.73,468,0,0,0,I,HV,1,0,0,1
mathcalF,0.72,0.73,469,0,0,0,I,HV,1,0,0,1
mathcalF,0.72,0.73,470,0,0,0,I,HV,1,0,0,1
mathcalF,0.72,0.73,471,0,1,1,V+1,HV,1,0,1,1
mathcalF,0.72,0.73,472,0,1,1,V+1,HV,1,0,1,1
mathcalF,0.72,0.73,473,0,0,0,I,HV,1,0,0,1
mathcalF,0.72,0.73,474,0,0,0,I,HV,1,0,0,1
mathcalF,0.72,0.73,475,0,0,0,I,HV,1,0,0,1
mathcalF,0.72,0.73,476,0,0,0,I,HV,1,0,0,1
mathcalF,0.72,0.73,477,0,0,0,I,HV,1,0,0,1
mathcalF,0.72,0.73,478,0,0,0,I,HV,1,0,0,1
mathcalF,0.72,0.73,479,0,0,0,I,HV,1,0,0,1
mathcalF,0.72,0.73,480,0,0,0,I,HV,1,0,0,1
mathcalF,0.72,0.73,481,0,0,0,I,HV,1,0,0,1
mathcalF,0.72,0.73,482,0,0,0,I,HV,1,0,0,1
mathcalF,0.72,0.73,483,0,0,0,I,HV,1,0,0,1
mathcalF,0.72,0.73,484,0,0,0,I,HV,1,0,0,1
mathcalF,0.72,0.73,485,0,0,0,I,HV,1,0,0,1
mathcalF,0.72,0.73,486,0,0,0,I,HV,1,0,0,1
mathcalF,0.72,0.73,487,0,0,0,I,HV,1,0,0,1
mathcalF,0.72,0.73,488,0,0,0,I,HV,1,0,0,1
mathcalF,0.72,0.73,489,0,0,0,I,HV,1,0,0,1
mathcalF,0.72,0.73,490,0,0,0,I,HV,1,0,0,1
mathcalF,0.72,0.73,491,0,0,0,I,HV,1,0,0,1
mathcalF,0.72,0.73,492,0,0,0,I,HV,1,0,0,1
mathcalF,0.72,0.73,493,0,0,0,I,HV,1,0,0,1
mathcalF,0.72,0.73,494,0,0,0,I,HV,1,0,0,1
mathcalF,0.72,0.73,495,0,0,0,I,HV,1,0,0,1
mathcalF,0.72,0.73,496,0,0,0,I,HV,1,0,0,1
mathcalF,0.72,0.73,497,-1,1,2,V+1 H-1,VH,1,-1,1,0
mathcalF,0.72,0.73,498,-1,1,2,V+1 H-1,VH,1,-1,1,0
mathcalF,0.72,0.73,499,0,0,0,I,HV,1,0,0,1
mathcalF,0.72,0.73,500,0,0,0,I,HV,1,0,0,1
mathcalF,0.72,0.73,501,0,0,0,I,HV,1,0,0,1
mathcalF,0.72,0.73,502,0,0,0,I,HV,1,0,0,1
mathcalF,0.72,0.73,503,0,0,0,I,HV,1,0,0,1
mathcalF,0.72,0.73,504,0,0,0,I,HV,1,0,0,1
mathcalF,0.72,0.73,505,0,0,0,I,HV,1,0,0,1
mathcalF,0.72,0.73,506,0,0,0,I,HV,1,0,0,1
mathcalF,0.72,0.73,507,0,0,0,I,HV,1,0,0,1
mathcalF,0.72,0.73,508,0,0,0,I,HV,1,0,0,1
mathcalF,0.72,0.73,509,0,0,0,I,HV,1,0,0,1
mathcalF,0.72,0.73,510,0,0,0,I,HV,1,0,0,1
mathcalF,0.72,0.73,511,0,0,0,I,HV,1,0,0,1
mathcalF,0.72,0.73,512,0,0,0,I,HV,1,0,0,1
mathcalF,0.72,0.73,513,0,0,0,I,HV,1,0,0,1
mathcalF,0.72,0.73,514,0,0,0,I,HV,1,0,0,1
mathcalF,0.72,0.73,515,-1,1,2,V+1 H-1,VH,1,-1,1,0
mathcalF,0.72,0.73,516,-2,0,2,H-1 H-1,HV,1,-2,0,1
mathcalF,0.72,0.73,517,-1,0,1,H-1,HV,1,-1,0,1
mathcalF,0.72,0.73,518,1,0,1,H+1,HV,1,1,0,1
mathcalF,0.72,0.73,519,1,0,1,H+1,HV,1,1,0,1
mathcalF,0.72,0.73,520,1,-1,2,H+1 V-1,HV,0,1,-1,1
mathcalF,0.72,0.73,521,1,-1,2,H+1 V-1,HV,0,1,-1,1
mathcalF,0.72,0.73,522,1,0,1,H+1,HV,1,1,0,1
mathcalF,0.72,0.73,523,1,0,1,H+1,HV,1,1,0,1
mathcalF,0.72,0.73,524,-1,0,1,H-1,HV,1,-1,0,1
mathcalF,0.72,0.73,525,-1,0,1,H-1,HV,1,-1,0,1
mathcalF,0.72,0.73,526,1,0,1,H+1,HV,1,1,0,1
mathcalF,0.72,0.73,527,1,0,1,H+1,HV,1,1,0,1
mathcalF,0.72,0.73,528,-1,0,1,H-1,HV,1,-1,0,1
mathcalF,0.72,0.73,529,-1,0,1,H-1,HV,1,-1,0,1
mathcalF,0.72,0.73,530,1,0,1,H+1,HV,1,1,0,1
mathcalF,0.72,0.73,531,1,0,1,H+1,HV,1,1,0,1
mathcalF,0.72,0.73,532,1,0,1,H+1,HV,1,1,0,1
mathcalF,0.72,0.73,533,1,0,1,H+1,HV,1,1,0,1
mathcalF,0.72,0.73,534,1,0,1,H+1,HV,1,1,0,1
mathcalF,0.72,0.73,535,1,0,1,H+1,HV,1,1,0,1
mathcalF,0.72,0.73,536,1,0,1,H+1,HV,1,1,0,1
mathcalF,0.72,0.73,537,1,0,1,H+1,HV,1,1,0,1
mathcalF,0.72,0.73,538,1,0,1,H+1,HV,1,1,0,1
mathcalF,0.72,0.73,539,1,0,1,H+1,HV,1,1,0,1
mathcalF,0.72,0.73,540,1,0,1,H+1,HV,1,1,0,1
mathcalF,0.72,0.73,541,1,0,1,H+1,HV,1,1,0,1
mathcalF,0.72,0.73,542,1,-1,2,H+1 V-1,HV,0,1,-1,1
mathcalF,0.72,0.73,543,1,-1,2,H+1 V-1,HV,0,1,-1,1
mathcalF,0.72,0.73,544,1,0,1,H+1,HV,1,1,0,1
mathcalF,0.72,0.73,545,1,0,1,H+1,HV,1,1,0,1
mathcalF,0.72,0.73,546,1,0,1,H+1,HV,1,1,0,1
mathcalF,0.72,0.73,547,1,0,1,H+1,HV,1,1,0,1
mathcalF,0.72,0.73,548,1,0,1,H+1,HV,1,1,0,1
mathcalF,0.72,0.73,549,0,0,0,I,HV,1,0,0,1
mathcalF,0.72,0.73,550,0,0,0,I,HV,1,0,0,1
mathcalF,0.72,0.73,551,0,0,0,I,HV,1,0,0,1
mathcalF,0.72,0.73,552,0,0,0,I,HV,1,0,0,1
mathcalF,0.72,0.73,553,0,0,0,I,HV,1,0,0,1
mathcalF,0.72,0.73,554,0,0,0,I,HV,1,0,0,1
mathcalF,0.72,0.73,555,0,0,0,I,HV,1,0,0,1
mathcalF,0.72,0.73,556,0,0,0,I,HV,1,0,0,1
mathcalF,0.72,0.73,557,0,0,0,I,HV,1,0,0,1
mathcalF,0.72,0.73,558,0,1,1,V+1,HV,1,0,1,1
mathcalF,0.72,0.73,559,0,1,1,V+1,HV,1,0,1,1
mathcalF,0.72,0.73,560,0,0,0,I,HV,1,0,0,1
mathcalF,0.72,0.73,561,0,0,0,I,HV,1,0,0,1
mathcalF,0.72,0.73,562,0,0,0,I,HV,1,0,0,1
mathcalF,0.72,0.73,563,0,0,0,I,HV,1,0,0,1
mathcalF,0.72,0.73,564,0,0,0,I,HV,1,0,0,1
mathcalF,0.72,0.73,565,0,0,0,I,HV,1,0,0,1
mathcalF,0.72,0.73,566,0,0,0,I,HV,1,0,0,1
mathcalF,0.72,0.73,567,0,1,1,V+1,HV,1,0,1,1
mathcalF,0.72,0.73,568,0,1,1,V+1,HV,1,0,1,1
mathcalF,0.72,0.73,569,0,0,0,I,HV,1,0,0,1
mathcalF,0.72,0.73,570,0,0,0,I,HV,1,0,0,1
mathcalF,0.72,0.73,571,0,0,0,I,HV,1,0,0,1
mathcalF,0.72,0.73,572,0,0,0,I,HV,1,0,0,1
mathcalF,0.72,0.73,573,-1,1,2,V+1 H-1,VH,1,-1,1,0
mathcalF,0.72,0.73,574,0,0,0,I,HV,1,0,0,1
mathcalF,0.72,0.73,575,0,0,0,I,HV,1,0,0,1
mathcalF,0.72,0.73,576,-1,0,1,H-1,HV,1,-1,0,1
mathcalF,0.72,0.73,577,1,-1,2,H+1 V-1,HV,0,1,-1,1
mathcalF,0.72,0.73,578,1,-1,2,H+1 V-1,HV,0,1,-1,1
mathcalF,0.72,0.73,579,-1,-1,2,V-1 H-1,VH,1,-1,-1,2
mathcalF,0.72,0.73,580,0,0,0,I,HV,1,0,0,1
mathcalF,0.72,0.73,581,0,0,0,I,HV,1,0,0,1
mathcalF,0.72,0.73,582,0,0,0,I,HV,1,0,0,1
mathcalF,0.72,0.73,583,0,-1,1,V-1,HV,1,0,-1,1
mathcalF,0.72,0.73,584,0,-1,1,V-1,HV,1,0,-1,1
mathcalF,0.72,0.73,585,-1,1,2,V+1 H-1,VH,1,-1,1,0
mathcalF,0.72,0.73,586,-1,1,2,V+1 H-1,VH,1,-1,1,0
mathcalF,0.72,0.73,587,-1,1,2,V+1 H-1,VH,1,-1,1,0
mathcalF,0.72,0.73,588,-1,1,2,V+1 H-1,VH,1,-1,1,0
mathcalF,0.72,0.73,589,0,0,0,I,HV,1,0,0,1
mathcalF,0.72,0.73,590,0,0,0,I,HV,1,0,0,1
mathcalF,0.72,0.73,591,0,0,0,I,HV,1,0,0,1
mathcalF,0.72,0.73,592,0,0,0,I,HV,1,0,0,1
mathcalF,0.72,0.73,593,-1,1,2,V+1 H-1,VH,1,-1,1,0
mathcalF,0.72,0.73,594,-1,1,2,V+1 H-1,VH,1,-1,1,0
mathcalF,0.72,0.73,595,0,0,0,I,HV,1,0,0,1
mathcalF,0.72,0.73,596,0,0,0,I,HV,1,0,0,1
mathcalF,0.72,0.73,597,0,0,0,I,HV,1,0,0,1
mathcalF,0.72,0.73,598,0,-1,1,V-1,HV,1,0,-1,1
mathcalF,0.72,0.73,599,0,-1,1,V-1,HV,1,0,-1,1
mathcalF,0.72,0.73,600,0,1,1,V+1,HV,1,0,1,1
mathcalF,0.72,0.73,601,0,1,1,V+1,HV,1,0,1,1
mathcalF,0.72,0.73,602,0,0,0,I,HV,1,0,0,1
mathcalF,0.72,0.73,603,0,0,0,I,HV,1,0,0,1
mathcalF,0.72,0.73,604,0,0,0,I,HV,1,0,0,1
mathcalF,0.72,0.73,605,0,0,0,I,HV,1,0,0,1
mathcalF,0.72,0.73,606,0,0,0,I,HV,1,0,0,1
mathcalF,0.72,0.73,607,0,0,0,I,HV,1,0,0,1
mathcalF,0.72,0.73,608,0,0,0,I,HV,1,0,0,1
mathcalF,0.72,0.73,609,0,0,0,I,HV,1,0,0,1
mathcalF,0.72,0.73,610,0,1,1,V+1,HV,1,0,1,1
mathcalF,0.72,0.73,611,0,1,1,V+1,HV,1,0,1,1
mathcalF,0.72,0.73,612,0,0,0,I,HV,1,0,0,1
mathcalF,0.72,0.73,613,0,0,0,I,HV,1,0,0,1
mathcalF,0.72,0.73,614,0,0,0,I,HV,1,0,0,1
mathcalF,0.72,0.73,615,0,0,0,I,HV,1,0,0,1
mathcalF,0.72,0.73,616,0,0,0,I,HV,1,0,0,1
mathcalF,0.72,0.73,617,0,0,0,I,HV,1,0,0,1
mathcalF,0.72,0.73,618,0,0,0,I,HV,1,0,0,1
mathcalF,0.72,0.73,619,0,0,0,I,HV,1,0,0,1
mathcalF,0.72,0.73,620,0,0,0,I,HV,1,0,0,1
mathcalF,0.72,0.73,621,0,0,0,I,HV,1,0,0,1
mathcalF,0.72,0.73,622,0,0,0,I,HV,1,0,0,1
mathcalF,0.72,0.73,623,0,0,0,I,HV,1,0,0,1
mathcalF,0.72,0.73,624,0,0,0,I,HV,1,0,0,1
mathcalF,0.72,0.73,625,0,0,0,I,HV,1,0,0,1
mathcalF,0.72,0.73,626,0,0,0,I,HV,1,0,0,1
mathcalF,0.72,0.73,627,0,0,0,I,HV,1,0,0,1
mathcalF,0.72,0.73,628,0,0,0,I,HV,1,0,0,1
mathcalF,0.72,0.73,629,0,0,0,I,HV,1,0,0,1
mathcalF,0.72,0.73,630,0,0,0,I,HV,1,0,0,1
mathcalF,0.72,0.73,631,0,0,0,I,HV,1,0,0,1
mathcalF,0.72,0.73,632,0,0,0,I,HV,1,0,0,1
mathcalF,0.72,0.73,633,0,0,0,I,HV,1,0,0,1
mathcalF,0.72,0.73,634,0,0,0,I,HV,1,0,0,1
mathcalF,0.72,0.73,635,0,0,0,I,HV,1,0,0,1
mathcalF,0.72,0.73,636,0,0,0,I,HV,1,0,0,1
mathcalF,0.72,0.73,637,1,0,1,H+1,HV,1,1,0,1
mathcalF,0.72,0.73,638,0,-1,1,V-1,HV,1,0,-1,1
mathcalF,0.72,0.73,639,0,0,0,I,HV,1,0,0,1
mathcalF,0.72,0.73,640,0,0,0,I,HV,1,0,0,1
mathcalF,0.72,0.73,641,0,0,0,I,HV,1,0,0,1
mathcalF,0.72,0.73,642,0,0,0,I,HV,1,0,0,1
mathcalF,0.72,0.73,643,0,0,0,I,HV,1,0,0,1
mathcalF,0.72,0.73,644,0,0,0,I,HV,1,0,0,1
mathcalF,0.72,0.73,645,0,0,0,I,HV,1,0,0,1
mathcalF,0.72,0.73,646,0,0,0,I,HV,1,0,0,1
mathcalF,0.72,0.73,647,0,0,0,I,HV,1,0,0,1
mathcalF,0.72,0.73,648,0,0,0,I,HV,1,0,0,1
mathcalF,0.72,0.73,649,0,0,0,I,HV,1,0,0,1
mathcalF,0.72,0.73,650,0,0,0,I,HV,1,0,0,1
mathcalF,0.72,0.73,651,0,0,0,I,HV,1,0,0,1
mathcalF,0.72,0.73,652,0,0,0,I,HV,1,0,0,1
mathcalF,0.72,0.73,653,0,0,0,I,HV,1,0,0,1
mathcalF,0.72,0.73,654,0,0,0,I,HV,1,0,0,1
mathcalF,0.72,0.73,655,1,0,1,H+1,HV,1,1,0,1
mathcalF,0.72,0.73,656,-1,0,1,H-1,HV,1,-1,0,1
mathcalF,0.72,0.73,657,-1,0,1,H-1,HV,1,-1,0,1
mathcalF,0.72,0.73,658,1,0,1,H+1,HV,1,1,0,1
mathcalF,0.72,0.73,659,1,0,1,H+1,HV,1,1,0,1
mathcalF,0.72,0.73,660,1,-1,2,H+1 V-1,HV,0,1,-1,1
mathcalF,0.72,0.73,661,1,-1,2,H+1 V-1,HV,0,1,-1,1
mathcalF,0.72,0.73,662,1,0,1,H+1,HV,1,1,0,1
mathcalF,0.72,0.73,663,1,0,1,H+1,HV,1,1,0,1
mathcalF,0.72,0.73,664,-1,0,1,H-1,HV,1,-1,0,1
mathcalF,0.72,0.73,665,-1,0,1,H-1,HV,1,-1,0,1
mathcalF,0.72,0.73,666,1,0,1,H+1,HV,1,1,0,1
mathcalF,0.72,0.73,667,1,0,1,H+1,HV,1,1,0,1
mathcalF,0.72,0.73,668,-1,0,1,H-1,HV,1,-1,0,1
mathcalF,0.72,0.73,669,-1,0,1,H-1,HV,1,-1,0,1
mathcalF,0.72,0.73,670,1,0,1,H+1,HV,1,1,0,1
mathcalF,0.72,0.73,671,1,0,1,H+1,HV,1,1,0,1
mathcalF,0.72,0.73,672,1,0,1,H+1,HV,1,1,0,1
mathcalF,0.72,0.73,673,1,0,1,H+1,HV,1,1,0,1
mathcalF,0.72,0.73,674,1,0,1,H+1,HV,1,1,0,1
mathcalF,0.72,0.73,675,1,0,1,H+1,HV,1,1,0,1
mathcalF,0.72,0.73,676,1,0,1,H+1,HV,1,1,0,1
mathcalF,0.72,0.73,677,1,0,1,H+1,HV,1,1,0,1
mathcalF,0.72,0.73,678,1,0,1,H+1,HV,1,1,0,1
mathcalF,0.72,0.73,679,1,0,1,H+1,HV,1,1,0,1
mathcalF,0.72,0.73,680,1,0,1,H+1,HV,1,1,0,1
mathcalF,0.72,0.73,681,1,0,1,H+1,HV,1,1,0,1
mathcalF,0.72,0.73,682,1,-1,2,H+1 V-1,HV,0,1,-1,1
mathcalF,0.72,0.73,683,1,-1,2,H+1 V-1,HV,0,1,-1,1
mathcalF,0.72,0.73,684,1,0,1,H+1,HV,1,1,0,1
mathcalF,0.72,0.73,685,1,0,1,H+1,HV,1,1,0,1
mathcalF,0.72,0.73,686,1,0,1,H+1,HV,1,1,0,1
mathcalF,0.72,0.73,687,1,0,1,H+1,HV,1,1,0,1
mathcalF,0.72,0.73,688,0,0,0,I,HV,1,0,0,1
mathcalF,0.72,0.73,689,0,0,0,I,HV,1,0,0,1
mathcalF,0.72,0.73,690,0,0,0,I,HV,1,0,0,1
mathcalF,0.72,0.73,691,0,0,0,I,HV,1,0,0,1
mathcalF,0.72,0.73,692,0,0,0,I,HV,1,0,0,1
mathcalF,0.72,0.73,693,0,0,0,I,HV,1,0,0,1
mathcalF,0.72,0.73,694,0,0,0,I,HV,1,0,0,1
mathcalF,0.72,0.73,695,0,0,0,I,HV,1,0,0,1
mathcalF,0.72,0.73,696,0,0,0,I,HV,1,0,0,1
mathcalF,0.72,0.73,697,0,0,0,I,HV,1,0,0,1
mathcalF,0.72,0.73,698,0,1,1,V+1,HV,1,0,1,1
mathcalF,0.72,0.73,699,0,1,1,V+1,HV,1,0,1,1
mathcalF,0.72,0.73,700,0,0,0,I,HV,1,0,0,1
mathcalF,0.72,0.73,701,0,0,0,I,HV,1,0,0,1
mathcalF,0.72,0.73,702,0,0,0,I,HV,1,0,0,1
mathcalF,0.72,0.73,703,0,0,0,I,HV,1,0,0,1
mathcalF,0.72,0.73,704,0,0,0,I,HV,1,0,0,1
mathcalF,0.72,0.73,705,0,0,0,I,HV,1,0,0,1
mathcalF,0.72,0.73,706,0,1,1,V+1,HV,1,0,1,1
mathcalF,0.72,0.73,707,0,1,1,V+1,HV,1,0,1,1
mathcalF,0.72,0.73,708,0,0,0,I,HV,1,0,0,1
mathcalF,0.72,0.73,709,0,0,0,I,HV,1,0,0,1
mathcalF,0.72,0.73,710,0,0,0,I,HV,1,0,0,1
mathcalF,0.72,0.73,711,0,0,0,I,HV,1,0,0,1
mathcalF,0.72,0.73,712,0,0,0,I,HV,1,0,0,1
mathcalF,0.72,0.73,713,1,-1,2,H+1 V-1,HV,0,1,-1,1
mathcalF,0.72,0.73,714,-1,0,1,H-1,HV,1,-1,0,1
mathcalF,0.72,0.73,715,-1,0,1,H-1,HV,1,-1,0,1
mathcalF,0.72,0.73,716,1,-1,2,H+1 V-1,HV,0,1,-1,1
mathcalF,0.72,0.73,717,0,0,0,I,HV,1,0,0,1
mathcalF,0.72,0.73,718,0,0,0,I,HV,1,0,0,1
mathcalF,0.72,0.73,719,0,0,0,I,HV,1,0,0,1
mathcalF,0.72,0.73,720,0,0,0,I,HV,1,0,0,1
mathcalF,0.72,0.73,721,0,0,0,I,HV,1,0,0,1
mathcalF,0.72,0.73,722,0,-1,1,V-1,HV,1,0,-1,1
mathcalF,0.72,0.73,723,0,-1,1,V-1,HV,1,0,-1,1
mathcalF,0.72,0.73,724,0,-1,1,V-1,HV,1,0,-1,1
mathcalF,0.72,0.73,725,0,-1,1,V-1,HV,1,0,-1,1
mathcalF,0.72,0.73,726,0,-1,1,V-1,HV,1,0,-1,1
mathcalF,0.72,0.73,727,0,-1,1,V-1,HV,1,0,-1,1
mathcalF,0.72,0.73,728,0,0,0,I,HV,1,0,0,1
mathcalF,0.72,0.73,729,0,0,0,I,HV,1,0,0,1
mathcalF,0.72,0.73,730,0,0,0,I,HV,1,0,0,1
mathcalF,0.72,0.73,731,0,0,0,I,HV,1,0,0,1
mathcalF,0.72,0.73,732,0,-1,1,V-1,HV,1,0,-1,1
mathcalF,0.72,0.73,733,0,-1,1,V-1,HV,1,0,-1,1
mathcalF,0.72,0.73,734,0,0,0,I,HV,1,0,0,1
mathcalF,0.72,0.73,735,0,0,0,I,HV,1,0,0,1
mathcalF,0.72,0.73,736,0,0,0,I,HV,1,0,0,1
mathcalF,0.72,0.73,737,0,0,0,I,HV,1,0,0,1
mathcalF,0.72,0.73,738,0,-1,1,V-1,HV,1,0,-1,1
mathcalF,0.72,0.73,739,0,-1,1,V-1,HV,1,0,-1,1
mathcalF,0.72,0.73,740,0,1,1,V+1,HV,1,0,1,1
mathcalF,0.72,0.73,741,0,1,1,V+1,HV,1,0,1,1
mathcalF,0.72,0.73,742,0,0,0,I,HV,1,0,0,1
mathcalF,0.72,0.73,743,0,0,0,I,HV,1,0,0,1
mathcalF,0.72,0.73,744,0,0,0,I,HV,1,0,0,1
mathcalF,0.72,0.73,745,0,0,0,I,HV,1,0,0,1
mathcalF,0.72,0.73,746,0,0,0,I,HV,1,0,0,1
mathcalF,0.72,0.73,747,0,0,0,I,HV,1,0,0,1
mathcalF,0.72,0.73,748,0,0,0,I,HV,1,0,0,1
mathcalF,0.72,0.73,749,0,0,0,I,HV,1,0,0,1
mathcalF,0.72,0.73,750,0,1,1,V+1,HV,1,0,1,1
mathcalF,0.72,0.73,751,0,1,1,V+1,HV,1,0,1,1
mathcalF,0.72,0.73,752,0,0,0,I,HV,1,0,0,1
mathcalF,0.72,0.73,753,0,0,0,I,HV,1,0,0,1
mathcalF,0.72,0.73,754,0,0,0,I,HV,1,0,0,1
mathcalF,0.72,0.73,755,0,0,0,I,HV,1,0,0,1
mathcalF,0.72,0.73,756,0,0,0,I,HV,1,0,0,1
mathcalF,0.72,0.73,757,0,0,0,I,HV,1,0,0,1
mathcalF,0.72,0.73,758,0,0,0,I,HV,1,0,0,1
mathcalF,0.72,0.73,759,0,0,0,I,HV,1,0,0,1
mathcalF,0.72,0.73,760,0,0,0,I,HV,1,0,0,1
mathcalF,0.72,0.73,761,0,0,0,I,HV,1,0,0,1
mathcalF,0.72,0.73,762,0,0,0,I,HV,1,0,0,1
mathcalF,0.72,0.73,763,0,0,0,I,HV,1,0,0,1
mathcalF,0.72,0.73,764,0,0,0,I,HV,1,0,0,1
mathcalF,0.72,0.73,765,0,0,0,I,HV,1,0,0,1
mathcalF,0.72,0.73,766,0,0,0,I,HV,1,0,0,1
mathcalF,0.72,0.73,767,0,0,0,I,HV,1,0,0,1
mathcalF,0.72,0.73,768,0,0,0,I,HV,1,0,0,1
mathcalF,0.72,0.73,769,0,0,0,I,HV,1,0,0,1
mathcalF,0.72,0.73,770,0,0,0,I,HV,1,0,0,1
mathcalF,0.72,0.73,771,0,0,0,I,HV,1,0,0,1
mathcalF,0.72,0.73,772,0,0,0,I,HV,1,0,0,1
mathcalF,0.72,0.73,773,0,0,0,I,HV,1,0,0,1
mathcalF,0.72,0.73,774,0,0,0,I,HV,1,0,0,1
mathcalF,0.72,0.73,775,0,0,0,I,HV,1,0,0,1
mathcalF,0.72,0.73,776,0,0,0,I,HV,1,0,0,1
mathcalF,0.72,0.73,777,-1,1,2,V+1 H-1,VH,1,-1,1,0
mathcalF,0.72,0.73,778,-1,1,2,V+1 H-1,VH,1,-1,1,0
mathcalF,0.72,0.73,779,0,0,0,I,HV,1,0,0,1
mathcalF,0.72,0.73,780,0,0,0,I,HV,1,0,0,1
mathcalF,0.72,0.73,781,0,0,0,I,HV,1,0,0,1
mathcalF,0.72,0.73,782,0,0,0,I,HV,1,0,0,1
mathcalF,0.72,0.73,783,0,0,0,I,HV,1,0,0,1
mathcalF,0.72,0.73,784,0,0,0,I,HV,1,0,0,1
mathcalF,0.72,0.73,785,0,0,0,I,HV,1,0,0,1
mathcalF,0.72,0.73,786,0,0,0,I,HV,1,0,0,1
mathcalF,0.72,0.73,787,0,0,0,I,HV,1,0,0,1
mathcalF,0.72,0.73,788,0,0,0,I,HV,1,0,0,1
mathcalF,0.72,0.73,789,0,0,0,I,HV,1,0,0,1
mathcalF,0.72,0.73,790,0,0,0,I,HV,1,0,0,1
mathcalF,0.72,0.73,791,0,0,0,I,HV,1,0,0,1
mathcalF,0.72,0.73,792,0,0,0,I,HV,1,0,0,1
mathcalF,0.72,0.73,793,1,0,1,H+1,HV,1,1,0,1
mathcalF,0.72,0.73,794,1,0,1,H+1,HV,1,1,0,1
mathcalF,0.72,0.73,795,1,0,1,H+1,HV,1,1,0,1
mathcalF,0.72,0.73,796,-1,0,1,H-1,HV,1,-1,0,1
mathcalF,0.72,0.73,797,-1,0,1,H-1,HV,1,-1,0,1
mathcalF,0.72,0.73,798,1,0,1,H+1,HV,1,1,0,1
mathcalF,0.72,0.73,799,1,0,1,H+1,HV,1,1,0,1
mathcalF,0.72,0.73,800,1,-1,2,H+1 V-1,HV,0,1,-1,1
mathcalF,0.72,0.73,801,1,-1,2,H+1 V-1,HV,0,1,-1,1
mathcalF,0.72,0.73,802,1,0,1,H+1,HV,1,1,0,1
mathcalF,0.72,0.73,803,1,0,1,H+1,HV,1,1,0,1
mathcalF,0.72,0.73,804,-1,0,1,H-1,HV,1,-1,0,1
mathcalF,0.72,0.73,805,-1,0,1,H-1,HV,1,-1,0,1
mathcalF,0.72,0.73,806,1,0,1,H+1,HV,1,1,0,1
mathcalF,0.72,0.73,807,1,0,1,H+1,HV,1,1,0,1
mathcalF,0.72,0.73,808,-1,0,1,H-1,HV,1,-1,0,1
mathcalF,0.72,0.73,809,-1,0,1,H-1,HV,1,-1,0,1
mathcalF,0.72,0.73,810,1,0,1,H+1,HV,1,1,0,1
mathcalF,0.72,0.73,811,1,0,1,H+1,HV,1,1,0,1
mathcalF,0.72,0.73,812,1,0,1,H+1,HV,1,1,0,1
mathcalF,0.72,0.73,813,1,0,1,H+1,HV,1,1,0,1
mathcalF,0.72,0.73,814,1,0,1,H+1,HV,1,1,0,1
mathcalF,0.72,0.73,815,1,0,1,H+1,HV,1,1,0,1
mathcalF,0.72,0.73,816,1,0,1,H+1,HV,1,1,0,1
mathcalF,0.72,0.73,817,1,0,1,H+1,HV,1,1,0,1
mathcalF,0.72,0.73,818,1,0,1,H+1,HV,1,1,0,1
mathcalF,0.72,0.73,819,1,0,1,H+1,HV,1,1,0,1
mathcalF,0.72,0.73,820,1,0,1,H+1,HV,1,1,0,1
mathcalF,0.72,0.73,821,1,0,1,H+1,HV,1,1,0,1
mathcalF,0.72,0.73,822,1,-1,2,H+1 V-1,HV,0,1,-1,1
mathcalF,0.72,0.73,823,1,-1,2,H+1 V-1,HV,0,1,-1,1
mathcalF,0.72,0.73,824,1,0,1,H+1,HV,1,1,0,1
mathcalF,0.72,0.73,825,1,0,1,H+1,HV,1,1,0,1
mathcalF,0.72,0.73,826,0,0,0,I,HV,1,0,0,1
mathcalF,0.72,0.73,827,1,0,1,H+1,HV,1,1,0,1
mathcalF,0.72,0.73,828,0,0,0,I,HV,1,0,0,1
mathcalF,0.72,0.73,829,0,0,0,I,HV,1,0,0,1
mathcalF,0.72,0.73,830,0,0,0,I,HV,1,0,0,1
mathcalF,0.72,0.73,831,0,0,0,I,HV,1,0,0,1
mathcalF,0.72,0.73,832,0,0,0,I,HV,1,0,0,1
mathcalF,0.72,0.73,833,0,0,0,I,HV,1,0,0,1
mathcalF,0.72,0.73,834,0,0,0,I,HV,1,0,0,1
mathcalF,0.72,0.73,835,0,0,0,I,HV,1,0,0,1
mathcalF,0.72,0.73,836,0,0,0,I,HV,1,0,0,1
mathcalF,0.72,0.73,837,0,0,0,I,HV,1,0,0,1
mathcalF,0.72,0.73,838,0,1,1,V+1,HV,1,0,1,1
mathcalF,0.72,0.73,839,0,1,1,V+1,HV,1,0,1,1
mathcalF,0.72,0.73,840,0,0,0,I,HV,1,0,0,1
mathcalF,0.72,0.73,841,0,0,0,I,HV,1,0,0,1
mathcalF,0.72,0.73,842,0,0,0,I,HV,1,0,0,1
mathcalF,0.72,0.73,843,0,0,0,I,HV,1,0,0,1
mathcalF,0.72,0.73,844,0,0,0,I,HV,1,0,0,1
mathcalF,0.72,0.73,845,0,0,0,I,HV,1,0,0,1
mathcalF,0.72,0.73,846,1,0,1,H+1,HV,1,1,0,1
mathcalF,0.72,0.73,847,0,1,1,V+1,HV,1,0,1,1
mathcalF,0.72,0.73,848,0,-1,1,V-1,HV,1,0,-1,1
mathcalF,0.72,0.73,849,-1,0,1,H-1,HV,1,-1,0,1
mathcalF,0.72,0.73,850,-1,0,1,H-1,HV,1,-1,0,1
mathcalF,0.72,0.73,851,-1,0,1,H-1,HV,1,-1,0,1
mathcalF,0.72,0.73,852,1,-1,2,H+1 V-1,HV,0,1,-1,1
mathcalF,0.72,0.73,853,0,0,0,I,HV,1,0,0,1
mathcalF,0.72,0.73,854,0,0,0,I,HV,1,0,0,1
mathcalF,0.72,0.73,855,0,0,0,I,HV,1,0,0,1
mathcalF,0.72,0.73,856,0,0,0,I,HV,1,0,0,1
mathcalF,0.72,0.73,857,0,0,0,I,HV,1,0,0,1
mathcalF,0.72,0.73,858,0,0,0,I,HV,1,0,0,1
mathcalF,0.72,0.73,859,0,0,0,I,HV,1,0,0,1
mathcalF,0.72,0.73,860,0,0,0,I,HV,1,0,0,1
mathcalF,0.72,0.73,861,0,0,0,I,HV,1,0,0,1
mathcalF,0.72,0.73,862,0,-1,1,V-1,HV,1,0,-1,1
mathcalF,0.72,0.73,863,0,-1,1,V-1,HV,1,0,-1,1
mathcalF,0.72,0.73,864,0,-1,1,V-1,HV,1,0,-1,1
mathcalF,0.72,0.73,865,0,-1,1,V-1,HV,1,0,-1,1
mathcalF,0.72,0.73,866,-1,0,1,H-1,HV,1,-1,0,1
mathcalF,0.72,0.73,867,0,-2,2,V-1 V-1,HV,1,0,-2,1
mathcalF,0.72,0.73,868,0,0,0,I,HV,1,0,0,1
mathcalF,0.72,0.73,869,0,0,0,I,HV,1,0,0,1
mathcalF,0.72,0.73,870,0,0,0,I,HV,1,0,0,1
mathcalF,0.72,0.73,871,0,0,0,I,HV,1,0,0,1
mathcalF,0.72,0.73,872,0,-1,1,V-1,HV,1,0,-1,1
mathcalF,0.72,0.73,873,0,-1,1,V-1,HV,1,0,-1,1
mathcalF,0.72,0.73,874,0,0,0,I,HV,1,0,0,1
mathcalF,0.72,0.73,875,0,0,0,I,HV,1,0,0,1
mathcalF,0.72,0.73,876,0,0,0,I,HV,1,0,0,1
mathcalF,0.72,0.73,877,0,-1,1,V-1,HV,1,0,-1,1
mathcalF,0.72,0.73,878,0,-1,1,V-1,HV,1,0,-1,1
mathcalF,0.72,0.73,879,0,1,1,V+1,HV,1,0,1,1
mathcalF,0.72,0.73,880,0,1,1,V+1,HV,1,0,1,1
mathcalF,0.72,0.73,881,0,0,0,I,HV,1,0,0,1
mathcalF,0.72,0.73,882,0,0,0,I,HV,1,0,0,1
mathcalF,0.72,0.73,883,0,0,0,I,HV,1,0,0,1
mathcalF,0.72,0.73,884,0,0,0,I,HV,1,0,0,1
mathcalF,0.72,0.73,885,0,0,0,I,HV,1,0,0,1
mathcalF,0.72,0.73,886,0,0,0,I,HV,1,0,0,1
mathcalF,0.72,0.73,887,0,0,0,I,HV,1,0,0,1
mathcalF,0.72,0.73,888,0,0,0,I,HV,1,0,0,1
mathcalF,0.72,0.73,889,0,1,1,V+1,HV,1,0,1,1
mathcalF,0.72,0.73,890,0,1,1,V+1,HV,1,0,1,1
mathcalF,0.72,0.73,891,0,0,0,I,HV,1,0,0,1
mathcalF,0.72,0.73,892,0,0,0,I,HV,1,0,0,1
mathcalF,0.72,0.73,893,0,0,0,I,HV,1,0,0,1
mathcalF,0.72,0.73,894,0,0,0,I,HV,1,0,0,1
mathcalF,0.72,0.73,895,0,0,0,I,HV,1,0,0,1
mathcalF,0.72,0.73,896,0,0,0,I,HV,1,0,0,1
mathcalF,0.72,0.73,897,0,0,0,I,HV,1,0,0,1
mathcalF,0.72,0.73,898,0,0,0,I,HV,1,0,0,1
mathcalF,0.72,0.73,899,0,0,0,I,HV,1,0,0,1
mathcalF,0.72,0.73,900,0,0,0,I,HV,1,0,0,1
mathcalF,0.72,0.73,901,0,0,0,I,HV,1,0,0,1
mathcalF,0.72,0.73,902,0,0,0,I,HV,1,0,0,1
mathcalF,0.72,0.73,903,0,0,0,I,HV,1,0,0,1
mathcalF,0.72,0.73,904,0,0,0,I,HV,1,0,0,1
mathcalF,0.72,0.73,905,0,0,0,I,HV,1,0,0,1
mathcalF,0.72,0.73,906,0,0,0,I,HV,1,0,0,1
mathcalF,0.72,0.73,907,0,0,0,I,HV,1,0,0,1
mathcalF,0.72,0.73,908,0,0,0,I,HV,1,0,0,1
mathcalF,0.72,0.73,909,0,0,0,I,HV,1,0,0,1
mathcalF,0.72,0.73,910,0,0,0,I,HV,1,0,0,1
mathcalF,0.72,0.73,911,0,0,0,I,HV,1,0,0,1
mathcalF,0.72,0.73,912,0,0,0,I,HV,1,0,0,1
mathcalF,0.72,0.73,913,0,0,0,I,HV,1,0,0,1
mathcalF,0.72,0.73,914,0,0,0,I,HV,1,0,0,1
mathcalF,0.72,0.73,915,0,0,0,I,HV,1,0,0,1
mathcalF,0.72,0.73,916,0,0,0,I,HV,1,0,0,1
mathcalF,0.72,0.73,917,0,-1,1,V-1,HV,1,0,-1,1
mathcalF,0.72,0.73,918,0,0,0,I,HV,1,0,0,1
mathcalF,0.72,0.73,919,0,0,0,I,HV,1,0,0,1
mathcalF,0.72,0.73,920,0,0,0,I,HV,1,0,0,1
mathcalF,0.72,0.73,921,0,0,0,I,HV,1,0,0,1
mathcalF,0.72,0.73,922,0,0,0,I,HV,1,0,0,1
mathcalF,0.72,0.73,923,0,0,0,I,HV,1,0,0,1
mathcalF,0.72,0.73,924,0,0,0,I,HV,1,0,0,1
mathcalF,0.72,0.73,925,0,0,0,I,HV,1,0,0,1
mathcalF,0.72,0.73,926,0,0,0,I,HV,1,0,0,1
mathcalF,0.72,0.73,927,0,0,0,I,HV,1,0,0,1
mathcalF,0.72,0.73,928,0,0,0,I,HV,1,0,0,1
mathcalF,0.72,0.73,929,0,0,0,I,HV,1,0,0,1
mathcalF,0.72,0.73,930,0,0,0,I,HV,1,0,0,1
mathcalF,0.72,0.73,931,0,0,0,I,HV,1,0,0,1
mathcalF,0.72,0.73,932,0,0,0,I,HV,1,0,0,1
mathcalF,0.72,0.73,933,1,0,1,H+1,HV,1,1,0,1
mathcalF,0.72,0.73,934,1,0,1,H+1,HV,1,1,0,1
mathcalF,0.72,0.73,935,1,0,1,H+1,HV,1,1,0,1
mathcalF,0.72,0.73,936,-1,0,1,H-1,HV,1,-1,0,1
mathcalF,0.72,0.73,937,-1,0,1,H-1,HV,1,-1,0,1
mathcalF,0.72,0.73,938,1,0,1,H+1,HV,1,1,0,1
mathcalF,0.72,0.73,939,1,0,1,H+1,HV,1,1,0,1
mathcalF,0.72,0.73,940,1,-1,2,H+1 V-1,HV,0,1,-1,1
mathcalF,0.72,0.73,941,2,0,2,H+1 H+1,HV,1,2,0,1
mathcalF,0.72,0.73,942,1,0,1,H+1,HV,1,1,0,1
mathcalF,0.72,0.73,943,-1,0,1,H-1,HV,1,-1,0,1
mathcalF,0.72,0.73,944,-1,0,1,H-1,HV,1,-1,0,1
mathcalF,0.72,0.73,945,1,0,1,H+1,HV,1,1,0,1
mathcalF,0.72,0.73,946,1,0,1,H+1,HV,1,1,0,1
mathcalF,0.72,0.73,947,-1,0,1,H-1,HV,1,-1,0,1
mathcalF,0.72,0.73,948,-1,0,1,H-1,HV,1,-1,0,1
mathcalF,0.72,0.73,949,1,0,1,H+1,HV,1,1,0,1
mathcalF,0.72,0.73,950,1,0,1,H+1,HV,1,1,0,1
mathcalF,0.72,0.73,951,1,0,1,H+1,HV,1,1,0,1
mathcalF,0.72,0.73,952,1,0,1,H+1,HV,1,1,0,1
mathcalF,0.72,0.73,953,1,0,1,H+1,HV,1,1,0,1
mathcalF,0.72,0.73,954,1,0,1,H+1,HV,1,1,0,1
mathcalF,0.72,0.73,955,1,0,1,H+1,HV,1,1,0,1
mathcalF,0.72,0.73,956,1,0,1,H+1,HV,1,1,0,1
mathcalF,0.72,0.73,957,1,0,1,H+1,HV,1,1,0,1
mathcalF,0.72,0.73,958,1,0,1,H+1,HV,1,1,0,1
mathcalF,0.72,0.73,959,1,0,1,H+1,HV,1,1,0,1
mathcalF,0.72,0.73,960,1,0,1,H+1,HV,1,1,0,1
mathcalF,0.72,0.73,961,1,-1,2,H+1 V-1,HV,0,1,-1,1
mathcalF,0.72,0.73,962,1,-1,2,H+1 V-1,HV,0,1,-1,1
mathcalF,0.72,0.73,963,1,0,1,H+1,HV,1,1,0,1
mathcalF,0.72,0.73,964,1,0,1,H+1,HV,1,1,0,1
mathcalF,0.72,0.73,965,0,0,0,I,HV,1,0,0,1
mathcalF,0.72,0.73,966,1,0,1,H+1,HV,1,1,0,1
mathcalF,0.72,0.73,967,0,0,0,I,HV,1,0,0,1
mathcalF,0.72,0.73,968,0,0,0,I,HV,1,0,0,1
mathcalF,0.72,0.73,969,0,0,0,I,HV,1,0,0,1
mathcalF,0.72,0.73,970,0,0,0,I,HV,1,0,0,1
mathcalF,0.72,0.73,971,0,0,0,I,HV,1,0,0,1
mathcalF,0.72,0.73,972,0,0,0,I,HV,1,0,0,1
mathcalF,0.72,0.73,973,0,0,0,I,HV,1,0,0,1
mathcalF,0.72,0.73,974,0,0,0,I,HV,1,0,0,1
mathcalF,0.72,0.73,975,0,0,0,I,HV,1,0,0,1
mathcalF,0.72,0.73,976,0,0,0,I,HV,1,0,0,1
mathcalF,0.72,0.73,977,0,1,1,V+1,HV,1,0,1,1
mathcalF,0.72,0.73,978,0,0,0,I,HV,1,0,0,1
mathcalF,0.72,0.73,979,0,0,0,I,HV,1,0,0,1
mathcalF,0.72,0.73,980,0,0,0,I,HV,1,0,0,1
mathcalF,0.72,0.73,981,0,0,0,I,HV,1,0,0,1
mathcalF,0.72,0.73,982,0,0,0,I,HV,1,0,0,1
mathcalF,0.72,0.73,983,0,0,0,I,HV,1,0,0,1
mathcalF,0.72,0.73,984,0,0,0,I,HV,1,0,0,1
mathcalF,0.72,0.73,985,0,0,0,I,HV,1,0,0,1
mathcalF,0.72,0.73,986,0,1,1,V+1,HV,1,0,1,1
mathcalF,0.72,0.73,987,0,1,1,V+1,HV,1,0,1,1
mathcalF,0.72,0.73,988,0,0,0,I,HV,1,0,0,1
mathcalF,0.72,0.73,989,0,0,0,I,HV,1,0,0,1
mathcalF,0.72,0.73,990,0,0,0,I,HV,1,0,0,1
mathcalF,0.72,0.73,991,0,0,0,I,HV,1,0,0,1
mathcalF,0.72,0.73,992,0,0,0,I,HV,1,0,0,1
mathcalF,0.72,0.73,993,0,0,0,I,HV,1,0,0,1
mathcalF,0.72,0.73,994,0,0,0,I,HV,1,0,0,1
mathcalF,0.72,0.73,995,0,0,0,I,HV,1,0,0,1
mathcalF,0.72,0.73,996,0,0,0,I,HV,1,0,0,1
mathcalF,0.72,0.73,997,0,0,0,I,HV,1,0,0,1
mathcalF,0.72,0.73,998,0,0,0,I,HV,1,0,0,1
mathcalF,0.72,0.73,999,0,0,0,I,HV,1,0,0,1
mathcalF,0.72,0.73,1000,0,0,0,I,HV,1,0,0,1
mathcalF,0.72,0.73,1001,0,-1,1,V-1,HV,1,0,-1,1
mathcalF,0.72,0.73,1002,0,-1,1,V-1,HV,1,0,-1,1
mathcalF,0.72,0.73,1003,-1,1,2,V+1 H-1,VH,1,-1,1,0
mathcalF,0.72,0.73,1004,-1,1,2,V+1 H-1,VH,1,-1,1,0
mathcalF,0.72,0.73,1005,-1,1,2,V+1 H-1,VH,1,-1,1,0
mathcalF,0.72,0.73,1006,-1,1,2,V+1 H-1,VH,1,-1,1,0
mathcalF,0.72,0.73,1007,0,0,0,I,HV,1,0,0,1
mathcalF,0.72,0.73,1008,0,0,0,I,HV,1,0,0,1
mathcalF,0.72,0.73,1009,0,0,0,I,HV,1,0,0,1
mathcalF,0.72,0.73,1010,0,0,0,I,HV,1,0,0,1
mathcalF,0.72,0.73,1011,-1,1,2,V+1 H-1,VH,1,-1,1,0
mathcalF,0.72,0.73,1012,-1,1,2,V+1 H-1,VH,1,-1,1,0
mathcalF,0.72,0.73,1013,0,0,0,I,HV,1,0,0,1
mathcalF,0.72,0.73,1014,0,0,0,I,HV,1,0,0,1
mathcalF,0.72,0.73,1015,0,0,0,I,HV,1,0,0,1
mathcalF,0.72,0.73,1016,0,0,0,I,HV,1,0,0,1
mathcalF,0.72,0.73,1017,1,0,1,H+1,HV,1,1,0,1
mathcalF,0.72,0.73,1018,-1,1,2,H-1 V+1,HV,0,-1,1,1
mathcalF,0.72,0.73,1019,1,-1,2,V-1 H+1,VH,1,1,-1,0
mathcalF,0.72,0.73,1020,1,-1,2,V-1 H+1,VH,1,1,-1,0
mathcalF,0.72,0.73,1021,0,0,0,I,HV,1,0,0,1
mathcalF,0.72,0.73,1022,0,0,0,I,HV,1,0,0,1
mathcalF,0.72,0.73,1023,0,0,0,I,HV,1,0,0,1
mathcalF,0.72,0.73,1024,0,0,0,I,HV,1,0,0,1
mathcalF,0.72,0.73,1025,0,0,0,I,HV,1,0,0,1
mathcalF,0.72,0.73,1026,0,0,0,I,HV,1,0,0,1
mathcalF,0.72,0.73,1027,0,0,0,I,HV,1,0,0,1
mathcalF,0.72,0.73,1028,0,0,0,I,HV,1,0,0,1
mathcalF,0.72,0.73,1029,1,-1,2,V-1 H+1,VH,1,1,-1,0
mathcalF,0.72,0.73,1030,1,-1,2,V-1 H+1,VH,1,1,-1,0
mathcalF,0.72,0.73,1031,0,0,0,I,HV,1,0,0,1
mathcalF,0.72,0.73,1032,0,0,0,I,HV,1,0,0,1
mathcalF,0.72,0.73,1033,0,0,0,I,HV,1,0,0,1
mathcalF,0.72,0.73,1034,0,0,0,I,HV,1,0,0,1
mathcalF,0.72,0.73,1035,0,0,0,I,HV,1,0,0,1
mathcalF,0.72,0.73,1036,0,0,0,I,HV,1,0,0,1
mathcalF,0.72,0.73,1037,0,0,0,I,HV,1,0,0,1
mathcalF,0.72,0.73,1038,0,0,0,I,HV,1,0,0,1
mathcalF,0.72,0.73,1039,0,0,0,I,HV,1,0,0,1
mathcalF,0.72,0.73,1040,0,0,0,I,HV,1,0,0,1
mathcalF,0.72,0.73,1041,0,0,0,I,HV,1,0,0,1
mathcalF,0.72,0.73,1042,0,0,0,I,HV,1,0,0,1
mathcalF,0.72,0.73,1043,0,0,0,I,HV,1,0,0,1
mathcalF,0.72,0.73,1044,0,0,0,I,HV,1,0,0,1
mathcalF,0.72,0.73,1045,0,0,0,I,HV,1,0,0,1
mathcalF,0.72,0.73,1046,0,0,0,I,HV,1,0,0,1
mathcalF,0.72,0.73,1047,0,0,0,I,HV,1,0,0,1
mathcalF,0.72,0.73,1048,0,0,0,I,HV,1,0,0,1
mathcalF,0.72,0.73,1049,0,0,0,I,HV,1,0,0,1
mathcalF,0.72,0.73,1050,0,0,0,I,HV,1,0,0,1
mathcalF,0.72,0.73,1051,0,0,0,I,HV,1,0,0,1
mathcalF,0.72,0.73,1052,0,0,0,I,HV,1,0,0,1
mathcalF,0.72,0.73,1053,0,0,0,I,HV,1,0,0,1
mathcalF,0.72,0.73,1054,0,0,0,I,HV,1,0,0,1
mathcalF,0.72,0.73,1055,0,0,0,I,HV,1,0,0,1
mathcalF,0.72,0.73,1056,0,-1,1,V-1,HV,1,0,-1,1
mathcalF,0.72,0.73,1057,0,-1,1,V-1,HV,1,0,-1,1
mathcalF,0.72,0.73,1058,0,0,0,I,HV,1,0,0,1
mathcalF,0.72,0.73,1059,0,0,0,I,HV,1,0,0,1
mathcalF,0.72,0.73,1060,0,0,0,I,HV,1,0,0,1
mathcalF,0.72,0.73,1061,0,0,0,I,HV,1,0,0,1
mathcalF,0.72,0.73,1062,0,0,0,I,HV,1,0,0,1
mathcalF,0.72,0.73,1063,0,0,0,I,HV,1,0,0,1
mathcalF,0.72,0.73,1064,0,0,0,I,HV,1,0,0,1
mathcalF,0.72,0.73,1065,0,0,0,I,HV,1,0,0,1
mathcalF,0.72,0.73,1066,0,0,0,I,HV,1,0,0,1
mathcalF,0.72,0.73,1067,0,0,0,I,HV,1,0,0,1
mathcalF,0.72,0.73,1068,0,0,0,I,HV,1,0,0,1
mathcalF,0.72,0.73,1069,0,0,0,I,HV,1,0,0,1
mathcalF,0.72,0.73,1070,0,0,0,I,HV,1,0,0,1
mathcalF,0.72,0.73,1071,1,0,1,H+1,HV,1,1,0,1
mathcalF,0.72,0.73,1072,1,0,1,H+1,HV,1,1,0,1
mathcalF,0.72,0.73,1073,1,0,1,H+1,HV,1,1,0,1
mathcalF,0.72,0.73,1074,1,0,1,H+1,HV,1,1,0,1
mathcalF,0.72,0.73,1075,-1,0,1,H-1,HV,1,-1,0,1
mathcalF,0.72,0.73,1076,-1,0,1,H-1,HV,1,-1,0,1
mathcalF,0.72,0.73,1077,1,0,1,H+1,HV,1,1,0,1
mathcalF,0.72,0.73,1078,1,0,1,H+1,HV,1,1,0,1
mathcalF,0.72,0.73,1079,-1,0,1,H-1,HV,1,-1,0,1
mathcalF,0.72,0.73,1080,-1,0,1,H-1,HV,1,-1,0,1
mathcalF,0.72,0.73,1081,1,0,1,H+1,HV,1,1,0,1
mathcalF,0.72,0.73,1082,-1,0,1,H-1,HV,1,-1,0,1
mathcalF,0.72,0.73,1083,-1,0,1,H-1,HV,1,-1,0,1
mathcalF,0.72,0.73,1084,1,0,1,H+1,HV,1,1,0,1
mathcalF,0.72,0.73,1085,1,0,1,H+1,HV,1,1,0,1
mathcalF,0.72,0.73,1086,-1,0,1,H-1,HV,1,-1,0,1
mathcalF,0.72,0.73,1087,-1,0,1,H-1,HV,1,-1,0,1
mathcalF,0.72,0.73,1088,1,0,1,H+1,HV,1,1,0,1
mathcalF,0.72,0.73,1089,1,0,1,H+1,HV,1,1,0,1
mathcalF,0.72,0.73,1090,1,0,1,H+1,HV,1,1,0,1
mathcalF,0.72,0.73,1091,1,0,1,H+1,HV,1,1,0,1
mathcalF,0.72,0.73,1092,1,0,1,H+1,HV,1,1,0,1
mathcalF,0.72,0.73,1093,1,0,1,H+1,HV,1,1,0,1
mathcalF,0.72,0.73,1094,1,0,1,H+1,HV,1,1,0,1
mathcalF,0.72,0.73,1095,1,0,1,H+1,HV,1,1,0,1
mathcalF,0.72,0.73,1096,1,0,1,H+1,HV,1,1,0,1
mathcalF,0.72,0.73,1097,1,0,1,H+1,HV,1,1,0,1
mathcalF,0.72,0.73,1098,1,0,1,H+1,HV,1,1,0,1
mathcalF,0.72,0.73,1099,1,0,1,H+1,HV,1,1,0,1
mathcalF,0.72,0.73,1100,1,-1,2,H+1 V-1,HV,0,1,-1,1
mathcalF,0.72,0.73,1101,1,-1,2,H+1 V-1,HV,0,1,-1,1
mathcalF,0.72,0.73,1102,1,0,1,H+1,HV,1,1,0,1
mathcalF,0.72,0.73,1103,1,0,1,H+1,HV,1,1,0,1
mathcalF,0.72,0.73,1104,0,0,0,I,HV,1,0,0,1
mathcalF,0.72,0.73,1105,0,0,0,I,HV,1,0,0,1
mathcalF,0.72,0.73,1106,0,0,0,I,HV,1,0,0,1
mathcalF,0.72,0.73,1107,0,0,0,I,HV,1,0,0,1
mathcalF,0.72,0.73,1108,0,0,0,I,HV,1,0,0,1
mathcalF,0.72,0.73,1109,0,0,0,I,HV,1,0,0,1
mathcalF,0.72,0.73,1110,0,0,0,I,HV,1,0,0,1
mathcalF,0.72,0.73,1111,0,0,0,I,HV,1,0,0,1
mathcalF,0.72,0.73,1112,0,0,0,I,HV,1,0,0,1
mathcalF,0.72,0.73,1113,0,0,0,I,HV,1,0,0,1
mathcalF,0.72,0.73,1114,0,0,0,I,HV,1,0,0,1
mathcalF,0.72,0.73,1115,0,0,0,I,HV,1,0,0,1
mathcalF,0.72,0.73,1116,0,1,1,V+1,HV,1,0,1,1
mathcalF,0.72,0.73,1117,0,1,1,V+1,HV,1,0,1,1
mathcalF,0.72,0.73,1118,0,0,0,I,HV,1,0,0,1
mathcalF,0.72,0.73,1119,0,0,0,I,HV,1,0,0,1
mathcalF,0.72,0.73,1120,0,0,0,I,HV,1,0,0,1
mathcalF,0.72,0.73,1121,0,0,0,I,HV,1,0,0,1
mathcalF,0.72,0.73,1122,0,0,0,I,HV,1,0,0,1
mathcalF,0.72,0.73,1123,0,0,0,I,HV,1,0,0,1
mathcalF,0.72,0.73,1124,0,0,0,I,HV,1,0,0,1
mathcalF,0.72,0.73,1125,0,0,0,I,HV,1,0,0,1
mathcalF,0.72,0.73,1126,0,1,1,V+1,HV,1,0,1,1
mathcalF,0.72,0.73,1127,0,1,1,V+1,HV,1,0,1,1
mathcalF,0.72,0.73,1128,0,0,0,I,HV,1,0,0,1
mathcalF,0.72,0.73,1129,0,0,0,I,HV,1,0,0,1
mathcalF,0.72,0.73,1130,0,0,0,I,HV,1,0,0,1
mathcalF,0.72,0.73,1131,0,0,0,I,HV,1,0,0,1
mathcalF,0.72,0.73,1132,0,0,0,I,HV,1,0,0,1
mathcalF,0.72,0.73,1133,0,0,0,I,HV,1,0,0,1
mathcalF,0.72,0.73,1134,0,0,0,I,HV,1,0,0,1
mathcalF,0.72,0.73,1135,0,0,0,I,HV,1,0,0,1
mathcalF,0.72,0.73,1136,0,0,0,I,HV,1,0,0,1
mathcalF,0.72,0.73,1137,0,0,0,I,HV,1,0,0,1
mathcalF,0.72,0.73,1138,0,0,0,I,HV,1,0,0,1
mathcalF,0.72,0.73,1139,0,0,0,I,HV,1,0,0,1
mathcalF,0.72,0.73,1140,0,0,0,I,HV,1,0,0,1
mathcalF,0.72,0.73,1141,2,0,2,H+1 H+1,HV,1,2,0,1
mathcalF,0.72,0.73,1142,-1,1,2,H-1 V+1,HV,0,-1,1,1
mathcalF,0.72,0.73,1143,0,-1,1,V-1,HV,1,0,-1,1
mathcalF,0.72,0.73,1144,-1,0,1,H-1,HV,1,-1,0,1
mathcalF,0.72,0.73,1145,0,-1,1,V-1,HV,1,0,-1,1
mathcalF,0.72,0.73,1146,-1,0,1,H-1,HV,1,-1,0,1
mathcalF,0.72,0.73,1147,0,0,0,I,HV,1,0,0,1
mathcalF,0.72,0.73,1148,0,0,0,I,HV,1,0,0,1
mathcalF,0.72,0.73,1149,0,0,0,I,HV,1,0,0,1
mathcalF,0.72,0.73,1150,0,0,0,I,HV,1,0,0,1
mathcalF,0.72,0.73,1151,0,-1,1,V-1,HV,1,0,-1,1
mathcalF,0.72,0.73,1152,0,-1,1,V-1,HV,1,0,-1,1
mathcalF,0.72,0.73,1153,0,0,0,I,HV,1,0,0,1
mathcalF,0.72,0.73,1154,0,0,0,I,HV,1,0,0,1
mathcalF,0.72,0.73,1155,0,0,0,I,HV,1,0,0,1
mathcalF,0.72,0.73,1156,0,0,0,I,HV,1,0,0,1
mathcalF,0.72,0.73,1157,0,-1,1,V-1,HV,1,0,-1,1
mathcalF,0.72,0.73,1158,0,-1,1,V-1,HV,1,0,-1,1
mathcalF,0.72,0.73,1159,0,1,1,V+1,HV,1,0,1,1
mathcalF,0.72,0.73,1160,0,1,1,V+1,HV,1,0,1,1
mathcalF,0.72,0.73,1161,0,0,0,I,HV,1,0,0,1
mathcalF,0.72,0.73,1162,0,0,0,I,HV,1,0,0,1
mathcalF,0.72,0.73,1163,0,0,0,I,HV,1,0,0,1
mathcalF,0.72,0.73,1164,0,0,0,I,HV,1,0,0,1
mathcalF,0.72,0.73,1165,0,0,0,I,HV,1,0,0,1
mathcalF,0.72,0.73,1166,0,0,0,I,HV,1,0,0,1
mathcalF,0.72,0.73,1167,0,0,0,I,HV,1,0,0,1
mathcalF,0.72,0.73,1168,0,0,0,I,HV,1,0,0,1
mathcalF,0.72,0.73,1169,0,1,1,V+1,HV,1,0,1,1
mathcalF,0.72,0.73,1170,0,1,1,V+1,HV,1,0,1,1
mathcalF,0.72,0.73,1171,0,0,0,I,HV,1,0,0,1
mathcalF,0.72,0.73,1172,0,0,0,I,HV,1,0,0,1
mathcalF,0.72,0.73,1173,0,0,0,I,HV,1,0,0,1
mathcalF,0.72,0.73,1174,0,0,0,I,HV,1,0,0,1
mathcalF,0.72,0.73,1175,0,-1,1,V-1,HV,1,0,-1,1
mathcalF,0.72,0.73,1176,0,0,0,I,HV,1,0,0,1
mathcalF,0.72,0.73,1177,0,0,0,I,HV,1,0,0,1
mathcalF,0.72,0.73,1178,0,0,0,I,HV,1,0,0,1
mathcalF,0.72,0.73,1179,0,0,0,I,HV,1,0,0,1
mathcalF,0.72,0.73,1180,0,0,0,I,HV,1,0,0,1
mathcalF,0.72,0.73,1181,0,0,0,I,HV,1,0,0,1
mathcalF,0.72,0.73,1182,0,0,0,I,HV,1,0,0,1
mathcalF,0.72,0.73,1183,0,0,0,I,HV,1,0,0,1
mathcalF,0.72,0.73,1184,0,0,0,I,HV,1,0,0,1
mathcalF,0.72,0.73,1185,0,0,0,I,HV,1,0,0,1
mathcalF,0.72,0.73,1186,0,0,0,I,HV,1,0,0,1
mathcalF,0.72,0.73,1187,0,0,0,I,HV,1,0,0,1
mathcalF,0.72,0.73,1188,0,0,0,I,HV,1,0,0,1
mathcalF,0.72,0.73,1189,0,0,0,I,HV,1,0,0,1
mathcalF,0.72,0.73,1190,0,0,0,I,HV,1,0,0,1
mathcalF,0.72,0.73,1191,0,0,0,I,HV,1,0,0,1
mathcalF,0.72,0.73,1192,0,0,0,I,HV,1,0,0,1
mathcalF,0.72,0.73,1193,0,0,0,I,HV,1,0,0,1
mathcalF,0.72,0.73,1194,0,0,0,I,HV,1,0,0,1
mathcalF,0.72,0.73,1195,0,0,0,I,HV,1,0,0,1
mathcalF,0.72,0.73,1196,0,-1,1,V-1,HV,1,0,-1,1
mathcalF,0.72,0.73,1197,0,0,0,I,HV,1,0,0,1
mathcalF,0.72,0.73,1198,0,0,0,I,HV,1,0,0,1
mathcalF,0.72,0.73,1199,0,0,0,I,HV,1,0,0,1
mathcalF,0.72,0.73,1200,0,0,0,I,HV,1,0,0,1
mathcalF,0.72,0.73,1201,0,0,0,I,HV,1,0,0,1
mathcalF,0.72,0.73,1202,0,0,0,I,HV,1,0,0,1
mathcalF,0.72,0.73,1203,0,0,0,I,HV,1,0,0,1
mathcalF,0.72,0.73,1204,0,0,0,I,HV,1,0,0,1
mathcalF,0.72,0.73,1205,0,0,0,I,HV,1,0,0,1
mathcalF,0.72,0.73,1206,0,0,0,I,HV,1,0,0,1
mathcalF,0.72,0.73,1207,0,0,0,I,HV,1,0,0,1
mathcalF,0.72,0.73,1208,0,0,0,I,HV,1,0,0,1
mathcalF,0.72,0.73,1209,0,0,0,I,HV,1,0,0,1
mathcalF,0.72,0.73,1210,0,0,0,I,HV,1,0,0,1
mathcalF,0.72,0.73,1211,1,0,1,H+1,HV,1,1,0,1
mathcalF,0.72,0.73,1212,1,0,1,H+1,HV,1,1,0,1
mathcalF,0.72,0.73,1213,1,0,1,H+1,HV,1,1,0,1
mathcalF,0.72,0.73,1214,-1,0,1,H-1,HV,1,-1,0,1
mathcalF,0.72,0.73,1215,-1,0,1,H-1,HV,1,-1,0,1
mathcalF,0.72,0.73,1216,1,0,1,H+1,HV,1,1,0,1
mathcalF,0.72,0.73,1217,1,0,1,H+1,HV,1,1,0,1
mathcalF,0.72,0.73,1218,-1,0,1,H-1,HV,1,-1,0,1
mathcalF,0.72,0.73,1219,-1,0,1,H-1,HV,1,-1,0,1
mathcalF,0.72,0.73,1220,1,0,1,H+1,HV,1,1,0,1
mathcalF,0.72,0.73,1221,1,0,1,H+1,HV,1,1,0,1
mathcalF,0.72,0.73,1222,-1,0,1,H-1,HV,1,-1,0,1
mathcalF,0.72,0.73,1223,-1,0,1,H-1,HV,1,-1,0,1
mathcalF,0.72,0.73,1224,1,0,1,H+1,HV,1,1,0,1
mathcalF,0.72,0.73,1225,1,0,1,H+1,HV,1,1,0,1
mathcalF,0.72,0.73,1226,-1,0,1,H-1,HV,1,-1,0,1
mathcalF,0.72,0.73,1227,-1,0,1,H-1,HV,1,-1,0,1
mathcalF,0.72,0.73,1228,1,0,1,H+1,HV,1,1,0,1
mathcalF,0.72,0.73,1229,1,0,1,H+1,HV,1,1,0,1
mathcalF,0.72,0.73,1230,1,0,1,H+1,HV,1,1,0,1
mathcalF,0.72,0.73,1231,1,0,1,H+1,HV,1,1,0,1
mathcalF,0.72,0.73,1232,1,0,1,H+1,HV,1,1,0,1
mathcalF,0.72,0.73,1233,1,0,1,H+1,HV,1,1,0,1
mathcalF,0.72,0.73,1234,1,0,1,H+1,HV,1,1,0,1
mathcalF,0.72,0.73,1235,1,0,1,H+1,HV,1,1,0,1
mathcalF,0.72,0.73,1236,1,0,1,H+1,HV,1,1,0,1
mathcalF,0.72,0.73,1237,1,0,1,H+1,HV,1,1,0,1
mathcalF,0.72,0.73,1238,1,0,1,H+1,HV,1,1,0,1
mathcalF,0.72,0.73,1239,1,0,1,H+1,HV,1,1,0,1
mathcalF,0.72,0.73,1240,1,-1,2,H+1 V-1,HV,0,1,-1,1
mathcalF,0.72,0.73,1241,1,-1,2,H+1 V-1,HV,0,1,-1,1
mathcalF,0.72,0.73,1242,1,0,1,H+1,HV,1,1,0,1
mathcalF,0.72,0.73,1243,1,0,1,H+1,HV,1,1,0,1
mathcalF,0.72,0.73,1244,0,0,0,I,HV,1,0,0,1
mathcalF,0.72,0.73,1245,0,0,0,I,HV,1,0,0,1
mathcalF,0.72,0.73,1246,0,0,0,I,HV,1,0,0,1
mathcalF,0.72,0.73,1247,0,0,0,I,HV,1,0,0,1
mathcalF,0.72,0.73,1248,0,0,0,I,HV,1,0,0,1
mathcalF,0.72,0.73,1249,0,0,0,I,HV,1,0,0,1
mathcalF,0.72,0.73,1250,0,0,0,I,HV,1,0,0,1
mathcalF,0.72,0.73,1251,0,0,0,I,HV,1,0,0,1
mathcalF,0.72,0.73,1252,0,0,0,I,HV,1,0,0,1
mathcalF,0.72,0.73,1253,0,0,0,I,HV,1,0,0,1
mathcalF,0.72,0.73,1254,0,0,0,I,HV,1,0,0,1
mathcalF,0.72,0.73,1255,0,0,0,I,HV,1,0,0,1
mathcalF,0.72,0.73,1256,0,1,1,V+1,HV,1,0,1,1
mathcalF,0.72,0.73,1257,0,1,1,V+1,HV,1,0,1,1
mathcalF,0.72,0.73,1258,0,0,0,I,HV,1,0,0,1
mathcalF,0.72,0.73,1259,0,0,0,I,HV,1,0,0,1
mathcalF,0.72,0.73,1260,0,0,0,I,HV,1,0,0,1
mathcalF,0.72,0.73,1261,1,-1,2,H+1 V-1,HV,0,1,-1,1
mathcalF,0.72,0.73,1262,-1,0,1,H-1,HV,1,-1,0,1
mathcalF,0.72,0.73,1263,-1,0,1,H-1,HV,1,-1,0,1
mathcalF,0.72,0.73,1264,-1,0,1,H-1,HV,1,-1,0,1
mathcalF,0.72,0.73,1265,-1,0,1,H-1,HV,1,-1,0,1
mathcalF,0.72,0.73,1266,1,0,1,H+1,HV,1,1,0,1
mathcalF,0.72,0.73,1267,0,0,0,I,HV,1,0,0,1
mathcalF,0.72,0.73,1268,0,0,0,I,HV,1,0,0,1
mathcalF,0.72,0.73,1269,0,0,0,I,HV,1,0,0,1
mathcalF,0.72,0.73,1270,0,0,0,I,HV,1,0,0,1
mathcalF,0.72,0.73,1271,0,0,0,I,HV,1,0,0,1
mathcalF,0.72,0.73,1272,0,0,0,I,HV,1,0,0,1
mathcalF,0.72,0.73,1273,0,0,0,I,HV,1,0,0,1
mathcalF,0.72,0.73,1274,0,0,0,I,HV,1,0,0,1
mathcalF,0.72,0.73,1275,0,0,0,I,HV,1,0,0,1
mathcalF,0.72,0.73,1276,0,0,0,I,HV,1,0,0,1
mathcalF,0.72,0.73,1277,0,0,0,I,HV,1,0,0,1
mathcalF,0.72,0.73,1278,0,0,0,I,HV,1,0,0,1
mathcalF,0.72,0.73,1279,0,0,0,I,HV,1,0,0,1
mathcalF,0.72,0.73,1280,0,-1,1,V-1,HV,1,0,-1,1
mathcalF,0.72,0.73,1281,0,0,0,I,HV,1,0,0,1
mathcalF,0.72,0.73,1282,-1,1,2,V+1 H-1,VH,1,-1,1,0
mathcalF,0.72,0.73,1283,0,-1,1,V-1,HV,1,0,-1,1
mathcalF,0.72,0.73,1284,-1,1,2,V+1 H-1,VH,1,-1,1,0
mathcalF,0.72,0.73,1285,-1,1,2,V+1 H-1,VH,1,-1,1,0
mathcalF,0.72,0.73,1286,-1,1,2,V+1 H-1,VH,1,-1,1,0
mathcalF,0.72,0.73,1287,0,0,0,I,HV,1,0,0,1
mathcalF,0.72,0.73,1288,0,0,0,I,HV,1,0,0,1
mathcalF,0.72,0.73,1289,0,0,0,I,HV,1,0,0,1
mathcalF,0.72,0.73,1290,-1,1,2,V+1 H-1,VH,1,-1,1,0
mathcalF,0.72,0.73,1291,0,0,0,I,HV,1,0,0,1
mathcalF,0.72,0.73,1292,0,0,0,I,HV,1,0,0,1
mathcalF,0.72,0.73,1293,-1,1,2,V+1 H-1,VH,1,-1,1,0
mathcalF,0.72,0.73,1294,0,0,0,I,HV,1,0,0,1
mathcalF,0.72,0.73,1295,0,0,0,I,HV,1,0,0,1
mathcalF,0.72,0.73,1296,0,0,0,I,HV,1,0,0,1
mathcalF,0.72,0.73,1297,0,-1,1,V-1,HV,1,0,-1,1
mathcalF,0.72,0.73,1298,0,1,1,V+1,HV,1,0,1,1
mathcalF,0.72,0.73,1299,0,1,1,V+1,HV,1,0,1,1
mathcalF,0.72,0.73,1300,0,0,0,I,HV,1,0,0,1
mathcalF,0.72,0.73,1301,0,0,0,I,HV,1,0,0,1
mathcalF,0.72,0.73,1302,0,0,0,I,HV,1,0,0,1
mathcalF,0.72,0.73,1303,0,0,0,I,HV,1,0,0,1
mathcalF,0.72,0.73,1304,0,0,0,I,HV,1,0,0,1
mathcalF,0.72,0.73,1305,0,0,0,I,HV,1,0,0,1
mathcalF,0.72,0.73,1306,0,0,0,I,HV,1,0,0,1
mathcalF,0.72,0.73,1307,0,0,0,I,HV,1,0,0,1
mathcalF,0.72,0.73,1308,0,1,1,V+1,HV,1,0,1,1
mathcalF,0.72,0.73,1309,0,1,1,V+1,HV,1,0,1,1
mathcalF,0.72,0.73,1310,0,0,0,I,HV,1,0,0,1
mathcalF,0.72,0.73,1311,0,0,0,I,HV,1,0,0,1
mathcalF,0.72,0.73,1312,0,0,0,I,HV,1,0,0,1
mathcalF,0.72,0.73,1313,0,0,0,I,HV,1,0,0,1
mathcalF,0.72,0.73,1314,0,0,0,I,HV,1,0,0,1
mathcalF,0.72,0.73,1315,0,0,0,I,HV,1,0,0,1
mathcalF,0.72,0.73,1316,0,0,0,I,HV,1,0,0,1
mathcalF,0.72,0.73,1317,0,0,0,I,HV,1,0,0,1
mathcalF,0.72,0.73,1318,0,0,0,I,HV,1,0,0,1
mathcalF,0.72,0.73,1319,0,0,0,I,HV,1,0,0,1
mathcalF,0.72,0.73,1320,0,0,0,I,HV,1,0,0,1
mathcalF,0.72,0.73,1321,0,0,0,I,HV,1,0,0,1
mathcalF,0.72,0.73,1322,0,0,0,I,HV,1,0,0,1
mathcalF,0.72,0.73,1323,0,0,0,I,HV,1,0,0,1
mathcalF,0.72,0.73,1324,0,0,0,I,HV,1,0,0,1
mathcalF,0.72,0.73,1325,0,0,0,I,HV,1,0,0,1
mathcalF,0.72,0.73,1326,0,0,0,I,HV,1,0,0,1
mathcalF,0.72,0.73,1327,0,0,0,I,HV,1,0,0,1
mathcalF,0.72,0.73,1328,0,0,0,I,HV,1,0,0,1
mathcalF,0.72,0.73,1329,0,0,0,I,HV,1,0,0,1
mathcalF,0.72,0.73,1330,0,0,0,I,HV,1,0,0,1
mathcalF,0.72,0.73,1331,0,0,0,I,HV,1,0,0,1
mathcalF,0.72,0.73,1332,0,0,0,I,HV,1,0,0,1
mathcalF,0.72,0.73,1333,0,0,0,I,HV,1,0,0,1
mathcalF,0.72,0.73,1334,0,0,0,I,HV,1,0,0,1
mathcalF,0.72,0.73,1335,-1,1,2,V+1 H-1,VH,1,-1,1,0
mathcalF,0.72,0.73,1336,-1,1,2,V+1 H-1,VH,1,-1,1,0
mathcalF,0.72,0.73,1337,0,0,0,I,HV,1,0,0,1
mathcalF,0.72,0.73,1338,0,0,0,I,HV,1,0,0,1
mathcalF,0.72,0.73,1339,0,0,0,I,HV,1,0,0,1
mathcalF,0.72,0.73,1340,0,0,0,I,HV,1,0,0,1
mathcalF,0.72,0.73,1341,0,0,0,I,HV,1,0,0,1
mathcalF,0.72,0.73,1342,0,0,0,I,HV,1,0,0,1
mathcalF,0.72,0.73,1343,0,0,0,I,HV,1,0,0,1
mathcalF,0.72,0.73,1344,0,0,0,I,HV,1,0,0,1
mathcalF,0.72,0.73,1345,0,0,0,I,HV,1,0,0,1
mathcalF,0.72,0.73,1346,0,0,0,I,HV,1,0,0,1
mathcalF,0.72,0.73,1347,0,0,0,I,HV,1,0,0,1
mathcalF,0.72,0.73,1348,1,0,1,H+1,HV,1,1,0,1
mathcalF,0.72,0.73,1349,0,0,0,I,HV,1,0,0,1
mathcalF,0.72,0.73,1350,1,0,1,H+1,HV,1,1,0,1
mathcalF,0.72,0.73,1351,1,0,1,H+1,HV,1,1,0,1
mathcalF,0.72,0.73,1352,1,0,1,H+1,HV,1,1,0,1
mathcalF,0.72,0.73,1353,1,0,1,H+1,HV,1,1,0,1
mathcalF,0.72,0.73,1354,-1,0,1,H-1,HV,1,-1,0,1
mathcalF,0.72,0.73,1355,-1,0,1,H-1,HV,1,-1,0,1
mathcalF,0.72,0.73,1356,1,0,1,H+1,HV,1,1,0,1
mathcalF,0.72,0.73,1357,1,0,1,H+1,HV,1,1,0,1
mathcalF,0.72,0.73,1358,-1,0,1,H-1,HV,1,-1,0,1
mathcalF,0.72,0.73,1359,-1,0,1,H-1,HV,1,-1,0,1
mathcalF,0.72,0.73,1360,1,0,1,H+1,HV,1,1,0,1
mathcalF,0.72,0.73,1361,1,0,1,H+1,HV,1,1,0,1
mathcalF,0.72,0.73,1362,-1,0,1,H-1,HV,1,-1,0,1
mathcalF,0.72,0.73,1363,-1,0,1,H-1,HV,1,-1,0,1
mathcalF,0.72,0.73,1364,1,0,1,H+1,HV,1,1,0,1
mathcalF,0.72,0.73,1365,1,0,1,H+1,HV,1,1,0,1
mathcalF,0.72,0.73,1366,-1,0,1,H-1,HV,1,-1,0,1
mathcalF,0.72,0.73,1367,-1,0,1,H-1,HV,1,-1,0,1
mathcalF,0.72,0.73,1368,1,0,1,H+1,HV,1,1,0,1
mathcalF,0.72,0.73,1369,1,0,1,H+1,HV,1,1,0,1
mathcalF,0.72,0.73,1370,1,0,1,H+1,HV,1,1,0,1
mathcalF,0.72,0.73,1371,1,0,1,H+1,HV,1,1,0,1
mathcalF,0.72,0.73,1372,1,0,1,H+1,HV,1,1,0,1
mathcalF,0.72,0.73,1373,1,0,1,H+1,HV,1,1,0,1
mathcalF,0.72,0.73,1374,1,0,1,H+1,HV,1,1,0,1
mathcalF,0.72,0.73,1375,1,0,1,H+1,HV,1,1,0,1
mathcalF,0.72,0.73,1376,1,0,1,H+1,HV,1,1,0,1
mathcalF,0.72,0.73,1377,1,0,1,H+1,HV,1,1,0,1
mathcalF,0.72,0.73,1378,1,0,1,H+1,HV,1,1,0,1
mathcalF,0.72,0.73,1379,1,0,1,H+1,HV,1,1,0,1
mathcalF,0.72,0.73,1380,1,-1,2,H+1 V-1,HV,0,1,-1,1
mathcalF,0.72,0.73,1381,1,-1,2,H+1 V-1,HV,0,1,-1,1
mathcalF,0.72,0.73,1382,1,0,1,H+1,HV,1,1,0,1
mathcalF,0.72,0.73,1383,0,0,0,I,HV,1,0,0,1
mathcalF,0.72,0.73,1384,0,0,0,I,HV,1,0,0,1
mathcalF,0.72,0.73,1385,0,0,0,I,HV,1,0,0,1
mathcalF,0.72,0.73,1386,0,0,0,I,HV,1,0,0,1
mathcalF,0.72,0.73,1387,0,0,0,I,HV,1,0,0,1
mathcalF,0.72,0.73,1388,0,0,0,I,HV,1,0,0,1
mathcalF,0.72,0.73,1389,0,0,0,I,HV,1,0,0,1
mathcalF,0.72,0.73,1390,0,0,0,I,HV,1,0,0,1
mathcalF,0.72,0.73,1391,0,0,0,I,HV,1,0,0,1
mathcalF,0.72,0.73,1392,0,0,0,I,HV,1,0,0,1
mathcalF,0.72,0.73,1393,0,0,0,I,HV,1,0,0,1
mathcalF,0.72,0.73,1394,0,0,0,I,HV,1,0,0,1
mathcalF,0.72,0.73,1395,0,0,0,I,HV,1,0,0,1
mathcalF,0.72,0.73,1396,0,1,1,V+1,HV,1,0,1,1
mathcalF,0.72,0.73,1397,0,1,1,V+1,HV,1,0,1,1
mathcalF,0.72,0.73,1398,0,0,0,I,HV,1,0,0,1
mathcalF,0.72,0.73,1399,0,0,0,I,HV,1,0,0,1
mathcalF,0.72,0.73,1400,1,-1,2,H+1 V-1,HV,0,1,-1,1
mathcalF,0.72,0.73,1401,0,0,0,I,HV,1,0,0,1
mathcalF,0.72,0.73,1402,0,0,0,I,HV,1,0,0,1
mathcalF,0.72,0.73,1403,0,0,0,I,HV,1,0,0,1
mathcalF,0.72,0.73,1404,0,0,0,I,HV,1,0,0,1
mathcalF,0.72,0.73,1405,0,0,0,I,HV,1,0,0,1
mathcalF,0.72,0.73,1406,0,1,1,V+1,HV,1,0,1,1
mathcalF,0.72,0.73,1407,0,0,0,I,HV,1,0,0,1
mathcalF,0.72,0.73,1408,-1,0,1,H-1,HV,1,-1,0,1
mathcalF,0.72,0.73,1409,0,0,0,I,HV,1,0,0,1
mathcalF,0.72,0.73,1410,0,0,0,I,HV,1,0,0,1
mathcalF,0.72,0.73,1411,0,0,0,I,HV,1,0,0,1
mathcalF,0.72,0.73,1412,0,0,0,I,HV,1,0,0,1
mathcalF,0.72,0.73,1413,0,0,0,I,HV,1,0,0,1
mathcalF,0.72,0.73,1414,0,0,0,I,HV,1,0,0,1
mathcalF,0.72,0.73,1415,0,0,0,I,HV,1,0,0,1
mathcalF,0.72,0.73,1416,0,0,0,I,HV,1,0,0,1
mathcalF,0.72,0.73,1417,0,0,0,I,HV,1,0,0,1
mathcalF,0.72,0.73,1418,0,0,0,I,HV,1,0,0,1
mathcalF,0.72,0.73,1419,0,0,0,I,HV,1,0,0,1
mathcalF,0.72,0.73,1420,0,0,0,I,HV,1,0,0,1
mathcalF,0.72,0.73,1421,-1,0,1,H-1,HV,1,-1,0,1
mathcalF,0.72,0.73,1422,0,-1,1,V-1,HV,1,0,-1,1
mathcalF,0.72,0.73,1423,0,-1,1,V-1,HV,1,0,-1,1
mathcalF,0.72,0.73,1424,0,-1,1,V-1,HV,1,0,-1,1
mathcalF,0.72,0.73,1425,0,-1,1,V-1,HV,1,0,-1,1
mathcalF,0.72,0.73,1426,0,0,0,I,HV,1,0,0,1
mathcalF,0.72,0.73,1427,0,0,0,I,HV,1,0,0,1
mathcalF,0.72,0.73,1428,0,0,0,I,HV,1,0,0,1
mathcalF,0.72,0.73,1429,0,0,0,I,HV,1,0,0,1
mathcalF,0.72,0.73,1430,0,-1,1,V-1,HV,1,0,-1,1
mathcalF,0.72,0.73,1431,0,-1,1,V-1,HV,1,0,-1,1
mathcalF,0.72,0.73,1432,0,0,0,I,HV,1,0,0,1
mathcalF,0.72,0.73,1433,0,0,0,I,HV,1,0,0,1
mathcalF,0.72,0.73,1434,0,0,0,I,HV,1,0,0,1
mathcalF,0.72,0.73,1435,0,0,0,I,HV,1,0,0,1
mathcalF,0.72,0.73,1436,0,-1,1,V-1,HV,1,0,-1,1
mathcalF,0.72,0.73,1437,0,-1,1,V-1,HV,1,0,-1,1
mathcalF,0.72,0.73,1438,0,1,1,V+1,HV,1,0,1,1
mathcalF,0.72,0.73,1439,0,1,1,V+1,HV,1,0,1,1
mathcalF,0.72,0.73,1440,0,0,0,I,HV,1,0,0,1
mathcalF,0.72,0.73,1441,0,0,0,I,HV,1,0,0,1
mathcalF,0.72,0.73,1442,0,0,0,I,HV,1,0,0,1
mathcalF,0.72,0.73,1443,0,0,0,I,HV,1,0,0,1
mathcalF,0.72,0.73,1444,0,0,0,I,HV,1,0,0,1
mathcalF,0.72,0.73,1445,0,0,0,I,HV,1,0,0,1
mathcalF,0.72,0.73,1446,0,0,0,I,HV,1,0,0,1
mathcalF,0.72,0.73,1447,0,0,0,I,HV,1,0,0,1
mathcalF,0.72,0.73,1448,0,1,1,V+1,HV,1,0,1,1
mathcalF,0.72,0.73,1449,0,1,1,V+1,HV,1,0,1,1
mathcalF,0.72,0.73,1450,0,0,0,I,HV,1,0,0,1
mathcalF,0.72,0.73,1451,0,0,0,I,HV,1,0,0,1
mathcalF,0.72,0.73,1452,0,0,0,I,HV,1,0,0,1
mathcalF,0.72,0.73,1453,0,0,0,I,HV,1,0,0,1
mathcalF,0.72,0.73,1454,0,0,0,I,HV,1,0,0,1
mathcalF,0.72,0.73,1455,0,0,0,I,HV,1,0,0,1
mathcalF,0.72,0.73,1456,0,0,0,I,HV,1,0,0,1
mathcalF,0.72,0.73,1457,0,0,0,I,HV,1,0,0,1
mathcalF,0.72,0.73,1458,0,0,0,I,HV,1,0,0,1
mathcalF,0.72,0.73,1459,0,0,0,I,HV,1,0,0,1
mathcalF,0.72,0.73,1460,0,0,0,I,HV,1,0,0,1
mathcalF,0.72,0.73,1461,0,0,0,I,HV,1,0,0,1
mathcalF,0.72,0.73,1462,0,0,0,I,HV,1,0,0,1
mathcalF,0.72,0.73,1463,0,0,0,I,HV,1,0,0,1
mathcalF,0.72,0.73,1464,0,0,0,I,HV,1,0,0,1
mathcalF,0.72,0.73,1465,0,0,0,I,HV,1,0,0,1
mathcalF,0.72,0.73,1466,0,0,0,I,HV,1,0,0,1
mathcalF,0.72,0.73,1467,0,0,0,I,HV,1,0,0,1
mathcalF,0.72,0.73,1468,0,0,0,I,HV,1,0,0,1
mathcalF,0.72,0.73,1469,0,0,0,I,HV,1,0,0,1
mathcalF,0.72,0.73,1470,0,0,0,I,HV,1,0,0,1
mathcalF,0.72,0.73,1471,0,0,0,I,HV,1,0,0,1
mathcalF,0.72,0.73,1472,0,0,0,I,HV,1,0,0,1
mathcalF,0.72,0.73,1473,0,0,0,I,HV,1,0,0,1
mathcalF,0.72,0.73,1474,0,-1,1,V-1,HV,1,0,-1,1
mathcalF,0.72,0.73,1475,0,-1,1,V-1,HV,1,0,-1,1
mathcalF,0.72,0.73,1476,0,0,0,I,HV,1,0,0,1
mathcalF,0.72,0.73,1477,0,0,0,I,HV,1,0,0,1
mathcalF,0.72,0.73,1478,0,0,0,I,HV,1,0,0,1
mathcalF,0.72,0.73,1479,0,0,0,I,HV,1,0,0,1
mathcalF,0.72,0.73,1480,0,0,0,I,HV,1,0,0,1
mathcalF,0.72,0.73,1481,0,0,0,I,HV,1,0,0,1
mathcalF,0.72,0.73,1482,0,0,0,I,HV,1,0,0,1
mathcalF,0.72,0.73,1483,0,0,0,I,HV,1,0,0,1
mathcalF,0.72,0.73,1484,0,0,0,I,HV,1,0,0,1
mathcalF,0.72,0.73,1485,1,0,1,H+1,HV,1,1,0,1
mathcalF,0.72,0.73,1486,-1,0,1,H-1,HV,1,-1,0,1
mathcalF,0.72,0.73,1487,-1,0,1,H-1,HV,1,-1,0,1
mathcalF,0.72,0.73,1488,1,0,1,H+1,HV,1,1,0,1
mathcalF,0.72,0.73,1489,1,0,1,H+1,HV,1,1,0,1
mathcalF,0.72,0.73,1490,1,0,1,H+1,HV,1,1,0,1
mathcalF,0.72,0.73,1491,1,0,1,H+1,HV,1,1,0,1
mathcalF,0.72,0.73,1492,1,0,1,H+1,HV,1,1,0,1
mathcalF,0.72,0.73,1493,1,0,1,H+1,HV,1,1,0,1
mathcalF,0.72,0.73,1494,-1,0,1,H-1,HV,1,-1,0,1
mathcalF,0.72,0.73,1495,-1,0,1,H-1,HV,1,-1,0,1
mathcalF,0.72,0.73,1496,1,0,1,H+1,HV,1,1,0,1
mathcalF,0.72,0.73,1497,1,0,1,H+1,HV,1,1,0,1
mathcalF,0.72,0.73,1498,-1,0,1,H-1,HV,1,-1,0,1
mathcalF,0.72,0.73,1499,-1,0,1,H-1,HV,1,-1,0,1
mathcalF,0.72,0.73,1500,1,0,1,H+1,HV,1,1,0,1
mathcalF,0.72,0.73,1501,1,0,1,H+1,HV,1,1,0,1
mathcalF,0.72,0.73,1502,-1,0,1,H-1,HV,1,-1,0,1
mathcalF,0.72,0.73,1503,-1,0,1,H-1,HV,1,-1,0,1
mathcalF,0.72,0.73,1504,1,0,1,H+1,HV,1,1,0,1
mathcalF,0.72,0.73,1505,1,0,1,H+1,HV,1,1,0,1
mathcalF,0.72,0.73,1506,-1,0,1,H-1,HV,1,-1,0,1
mathcalF,0.72,0.73,1507,-1,0,1,H-1,HV,1,-1,0,1
mathcalF,0.72,0.73,1508,1,0,1,H+1,HV,1,1,0,1
mathcalF,0.72,0.73,1509,1,0,1,H+1,HV,1,1,0,1
mathcalF,0.72,0.73,1510,1,0,1,H+1,HV,1,1,0,1
mathcalF,0.72,0.73,1511,1,0,1,H+1,HV,1,1,0,1
mathcalF,0.72,0.73,1512,1,0,1,H+1,HV,1,1,0,1
mathcalF,0.72,0.73,1513,1,0,1,H+1,HV,1,1,0,1
mathcalF,0.72,0.73,1514,1,0,1,H+1,HV,1,1,0,1
mathcalF,0.72,0.73,1515,1,0,1,H+1,HV,1,1,0,1
mathcalF,0.72,0.73,1516,1,0,1,H+1,HV,1,1,0,1
mathcalF,0.72,0.73,1517,1,0,1,H+1,HV,1,1,0,1
mathcalF,0.72,0.73,1518,1,0,1,H+1,HV,1,1,0,1
mathcalF,0.72,0.73,1519,1,0,1,H+1,HV,1,1,0,1
mathcalF,0.72,0.73,1520,1,-1,2,H+1 V-1,HV,0,1,-1,1
mathcalF,0.72,0.73,1521,1,-1,2,H+1 V-1,HV,0,1,-1,1
mathcalF,0.72,0.73,1522,1,0,1,H+1,HV,1,1,0,1
mathcalF,0.72,0.73,1523,0,0,0,I,HV,1,0,0,1
mathcalF,0.72,0.73,1524,0,0,0,I,HV,1,0,0,1
mathcalF,0.72,0.73,1525,0,0,0,I,HV,1,0,0,1
mathcalF,0.72,0.73,1526,0,0,0,I,HV,1,0,0,1
mathcalF,0.72,0.73,1527,0,0,0,I,HV,1,0,0,1
mathcalF,0.72,0.73,1528,0,0,0,I,HV,1,0,0,1
mathcalF,0.72,0.73,1529,0,0,0,I,HV,1,0,0,1
mathcalF,0.72,0.73,1530,0,0,0,I,HV,1,0,0,1
mathcalF,0.72,0.73,1531,0,0,0,I,HV,1,0,0,1
mathcalF,0.72,0.73,1532,0,0,0,I,HV,1,0,0,1
mathcalF,0.72,0.73,1533,0,0,0,I,HV,1,0,0,1
mathcalF,0.72,0.73,1534,0,0,0,I,HV,1,0,0,1
mathcalF,0.72,0.73,1535,0,0,0,I,HV,1,0,0,1
mathcalF,0.72,0.73,1536,0,1,1,V+1,HV,1,0,1,1
mathcalF,0.72,0.73,1537,1,0,1,H+1,HV,1,1,0,1
mathcalF,0.72,0.73,1538,-1,0,1,H-1,HV,1,-1,0,1
mathcalF,0.72,0.73,1539,-1,0,1,H-1,HV,1,-1,0,1
mathcalF,0.72,0.73,1540,0,0,0,I,HV,1,0,0,1
mathcalF,0.72,0.73,1541,0,0,0,I,HV,1,0,0,1
mathcalF,0.72,0.73,1542,0,0,0,I,HV,1,0,0,1
mathcalF,0.72,0.73,1543,0,0,0,I,HV,1,0,0,1
mathcalF,0.72,0.73,1544,0,0,0,I,HV,1,0,0,1
mathcalF,0.72,0.73,1545,0,1,1,V+1,HV,1,0,1,1
mathcalF,0.72,0.73,1546,0,1,1,V+1,HV,1,0,1,1
mathcalF,0.72,0.73,1547,0,0,0,I,HV,1,0,0,1
mathcalF,0.72,0.73,1548,0,0,0,I,HV,1,0,0,1
mathcalF,0.72,0.73,1549,0,0,0,I,HV,1,0,0,1
mathcalF,0.72,0.73,1550,0,0,0,I,HV,1,0,0,1
mathcalF,0.72,0.73,1551,0,0,0,I,HV,1,0,0,1
mathcalF,0.72,0.73,1552,0,0,0,I,HV,1,0,0,1
mathcalF,0.72,0.73,1553,0,0,0,I,HV,1,0,0,1
mathcalF,0.72,0.73,1554,0,0,0,I,HV,1,0,0,1
mathcalF,0.72,0.73,1555,0,0,0,I,HV,1,0,0,1
mathcalF,0.72,0.73,1556,0,0,0,I,HV,1,0,0,1
mathcalF,0.72,0.73,1557,0,0,0,I,HV,1,0,0,1
mathcalF,0.72,0.73,1558,0,0,0,I,HV,1,0,0,1
mathcalF,0.72,0.73,1559,0,0,0,I,HV,1,0,0,1
mathcalF,0.72,0.73,1560,0,-1,1,V-1,HV,1,0,-1,1
mathcalF,0.72,0.73,1561,0,-1,1,V-1,HV,1,0,-1,1
mathcalF,0.72,0.73,1562,0,-1,1,V-1,HV,1,0,-1,1
mathcalF,0.72,0.73,1563,0,-1,1,V-1,HV,1,0,-1,1
mathcalF,0.72,0.73,1564,0,-1,1,V-1,HV,1,0,-1,1
mathcalF,0.72,0.73,1565,0,-1,1,V-1,HV,1,0,-1,1
mathcalF,0.72,0.73,1566,0,0,0,I,HV,1,0,0,1
mathcalF,0.72,0.73,1567,0,0,0,I,HV,1,0,0,1
mathcalF,0.72,0.73,1568,0,0,0,I,HV,1,0,0,1
mathcalF,0.72,0.73,1569,0,0,0,I,HV,1,0,0,1
mathcalF,0.72,0.73,1570,0,-1,1,V-1,HV,1,0,-1,1
mathcalF,0.72,0.73,1571,0,-1,1,V-1,HV,1,0,-1,1
mathcalF,0.72,0.73,1572,0,0,0,I,HV,1,0,0,1
mathcalF,0.72,0.73,1573,0,0,0,I,HV,1,0,0,1
mathcalF,0.72,0.73,1574,0,0,0,I,HV,1,0,0,1
mathcalF,0.72,0.73,1575,0,0,0,I,HV,1,0,0,1
mathcalF,0.72,0.73,1576,0,-1,1,V-1,HV,1,0,-1,1
mathcalF,0.72,0.73,1577,0,-1,1,V-1,HV,1,0,-1,1
mathcalF,0.72,0.73,1578,0,1,1,V+1,HV,1,0,1,1
mathcalF,0.72,0.73,1579,0,1,1,V+1,HV,1,0,1,1
mathcalF,0.72,0.73,1580,0,0,0,I,HV,1,0,0,1
mathcalF,0.72,0.73,1581,0,0,0,I,HV,1,0,0,1
mathcalF,0.72,0.73,1582,0,0,0,I,HV,1,0,0,1
mathcalF,0.72,0.73,1583,0,0,0,I,HV,1,0,0,1
mathcalF,0.72,0.73,1584,0,0,0,I,HV,1,0,0,1
mathcalF,0.72,0.73,1585,0,0,0,I,HV,1,0,0,1
mathcalF,0.72,0.73,1586,0,0,0,I,HV,1,0,0,1
mathcalF,0.72,0.73,1587,0,0,0,I,HV,1,0,0,1
mathcalF,0.72,0.73,1588,0,1,1,V+1,HV,1,0,1,1
mathcalF,0.72,0.73,1589,0,1,1,V+1,HV,1,0,1,1
mathcalF,0.72,0.73,1590,0,0,0,I,HV,1,0,0,1
mathcalF,0.72,0.73,1591,0,0,0,I,HV,1,0,0,1
mathcalF,0.72,0.73,1592,0,0,0,I,HV,1,0,0,1
mathcalF,0.72,0.73,1593,1,-1,2,V-1 H+1,VH,1,1,-1,0
mathcalF,0.72,0.73,1594,0,0,0,I,HV,1,0,0,1
mathcalF,0.72,0.73,1595,0,0,0,I,HV,1,0,0,1
mathcalF,0.72,0.73,1596,0,0,0,I,HV,1,0,0,1
mathcalF,0.72,0.73,1597,0,0,0,I,HV,1,0,0,1
mathcalF,0.72,0.73,1598,0,0,0,I,HV,1,0,0,1
mathcalF,0.72,0.73,1599,0,0,0,I,HV,1,0,0,1
mathcalF,0.72,0.73,1600,0,0,0,I,HV,1,0,0,1
mathcalF,0.72,0.73,1601,0,0,0,I,HV,1,0,0,1
mathcalF,0.72,0.73,1602,0,0,0,I,HV,1,0,0,1
mathcalF,0.72,0.73,1603,0,0,0,I,HV,1,0,0,1
mathcalF,0.72,0.73,1604,0,0,0,I,HV,1,0,0,1
mathcalF,0.72,0.73,1605,0,0,0,I,HV,1,0,0,1
mathcalF,0.72,0.73,1606,0,0,0,I,HV,1,0,0,1
mathcalF,0.72,0.73,1607,0,0,0,I,HV,1,0,0,1
mathcalF,0.72,0.73,1608,0,0,0,I,HV,1,0,0,1
mathcalF,0.72,0.73,1609,0,0,0,I,HV,1,0,0,1
mathcalF,0.72,0.73,1610,0,0,0,I,HV,1,0,0,1
mathcalF,0.72,0.73,1611,0,0,0,I,HV,1,0,0,1
mathcalF,0.72,0.73,1612,0,0,0,I,HV,1,0,0,1
mathcalF,0.72,0.73,1613,0,0,0,I,HV,1,0,0,1
mathcalF,0.72,0.73,1614,0,-1,1,V-1,HV,1,0,-1,1
mathcalF,0.72,0.73,1615,0,-1,1,V-1,HV,1,0,-1,1
mathcalF,0.72,0.73,1616,0,0,0,I,HV,1,0,0,1
mathcalF,0.72,0.73,1617,0,0,0,I,HV,1,0,0,1
mathcalF,0.72,0.73,1618,0,0,0,I,HV,1,0,0,1
mathcalF,0.72,0.73,1619,0,0,0,I,HV,1,0,0,1
mathcalF,0.72,0.73,1620,0,0,0,I,HV,1,0,0,1
mathcalF,0.72,0.73,1621,0,0,0,I,HV,1,0,0,1
mathcalF,0.72,0.73,1622,0,0,0,I,HV,1,0,0,1
mathcalF,0.72,0.73,1623,0,0,0,I,HV,1,0,0,1
mathcalF,0.72,0.73,1624,1,0,1,H+1,HV,1,1,0,1
mathcalF,0.72,0.73,1625,1,0,1,H+1,HV,1,1,0,1
mathcalF,0.72,0.73,1626,-1,0,1,H-1,HV,1,-1,0,1
mathcalF,0.72,0.73,1627,-1,0,1,H-1,HV,1,-1,0,1
mathcalF,0.72,0.73,1628,1,0,1,H+1,HV,1,1,0,1
mathcalF,0.72,0.73,1629,1,0,1,H+1,HV,1,1,0,1
mathcalF,0.72,0.73,1630,1,0,1,H+1,HV,1,1,0,1
mathcalF,0.72,0.73,1631,1,0,1,H+1,HV,1,1,0,1
mathcalF,0.72,0.73,1632,1,0,1,H+1,HV,1,1,0,1
mathcalF,0.72,0.73,1633,1,0,1,H+1,HV,1,1,0,1
mathcalF,0.72,0.73,1634,-1,0,1,H-1,HV,1,-1,0,1
mathcalF,0.72,0.73,1635,-1,0,1,H-1,HV,1,-1,0,1
mathcalF,0.72,0.73,1636,1,0,1,H+1,HV,1,1,0,1
mathcalF,0.72,0.73,1637,1,0,1,H+1,HV,1,1,0,1
mathcalF,0.72,0.73,1638,-1,0,1,H-1,HV,1,-1,0,1
mathcalF,0.72,0.73,1639,-1,0,1,H-1,HV,1,-1,0,1
mathcalF,0.72,0.73,1640,1,0,1,H+1,HV,1,1,0,1
mathcalF,0.72,0.73,1641,1,0,1,H+1,HV,1,1,0,1
mathcalF,0.72,0.73,1642,-1,0,1,H-1,HV,1,-1,0,1
mathcalF,0.72,0.73,1643,-1,0,1,H-1,HV,1,-1,0,1
mathcalF,0.72,0.73,1644,1,0,1,H+1,HV,1,1,0,1
mathcalF,0.72,0.73,1645,1,0,1,H+1,HV,1,1,0,1
mathcalF,0.72,0.73,1646,-1,0,1,H-1,HV,1,-1,0,1
mathcalF,0.72,0.73,1647,-1,0,1,H-1,HV,1,-1,0,1
mathcalF,0.72,0.73,1648,1,0,1,H+1,HV,1,1,0,1
mathcalF,0.72,0.73,1649,1,0,1,H+1,HV,1,1,0,1
mathcalF,0.72,0.73,1650,1,0,1,H+1,HV,1,1,0,1
mathcalF,0.72,0.73,1651,1,0,1,H+1,HV,1,1,0,1
mathcalF,0.72,0.73,1652,1,0,1,H+1,HV,1,1,0,1
mathcalF,0.72,0.73,1653,1,0,1,H+1,HV,1,1,0,1
mathcalF,0.72,0.73,1654,1,0,1,H+1,HV,1,1,0,1
mathcalF,0.72,0.73,1655,1,0,1,H+1,HV,1,1,0,1
mathcalF,0.72,0.73,1656,1,0,1,H+1,HV,1,1,0,1
mathcalF,0.72,0.73,1657,1,0,1,H+1,HV,1,1,0,1
mathcalF,0.72,0.73,1658,1,0,1,H+1,HV,1,1,0,1
mathcalF,0.72,0.73,1659,1,0,1,H+1,HV,1,1,0,1
mathcalF,0.72,0.73,1660,0,0,0,I,HV,1,0,0,1
mathcalF,0.72,0.73,1661,0,-1,1,V-1,HV,1,0,-1,1
mathcalF,0.72,0.73,1662,0,0,0,I,HV,1,0,0,1
mathcalF,0.72,0.73,1663,0,0,0,I,HV,1,0,0,1
mathcalF,0.72,0.73,1664,0,0,0,I,HV,1,0,0,1
mathcalF,0.72,0.73,1665,0,0,0,I,HV,1,0,0,1
mathcalF,0.72,0.73,1666,0,0,0,I,HV,1,0,0,1
mathcalF,0.72,0.73,1667,0,0,0,I,HV,1,0,0,1
mathcalF,0.72,0.73,1668,0,0,0,I,HV,1,0,0,1
mathcalF,0.72,0.73,1669,0,0,0,I,HV,1,0,0,1
mathcalF,0.72,0.73,1670,0,0,0,I,HV,1,0,0,1
mathcalF,0.72,0.73,1671,-1,0,1,H-1,HV,1,-1,0,1
mathcalF,0.72,0.73,1672,-1,0,1,H-1,HV,1,-1,0,1
mathcalF,0.72,0.73,1673,-1,0,1,H-1,HV,1,-1,0,1
mathcalF,0.72,0.73,1674,-1,0,1,H-1,HV,1,-1,0,1
mathcalF,0.72,0.73,1675,1,0,1,H+1,HV,1,1,0,1
mathcalF,0.72,0.73,1676,0,1,1,V+1,HV,1,0,1,1
mathcalF,0.72,0.73,1677,0,0,0,I,HV,1,0,0,1
mathcalF,0.72,0.73,1678,0,0,0,I,HV,1,0,0,1
mathcalF,0.72,0.73,1679,0,0,0,I,HV,1,0,0,1
mathcalF,0.72,0.73,1680,0,0,0,I,HV,1,0,0,1
mathcalF,0.72,0.73,1681,0,0,0,I,HV,1,0,0,1
mathcalF,0.72,0.73,1682,0,0,0,I,HV,1,0,0,1
mathcalF,0.72,0.73,1683,0,0,0,I,HV,1,0,0,1
mathcalF,0.72,0.73,1684,0,1,1,V+1,HV,1,0,1,1
mathcalF,0.72,0.73,1685,0,0,0,I,HV,1,0,0,1
mathcalF,0.72,0.73,1686,0,0,0,I,HV,1,0,0,1
mathcalF,0.72,0.73,1687,0,0,0,I,HV,1,0,0,1
mathcalF,0.72,0.73,1688,0,0,0,I,HV,1,0,0,1
mathcalF,0.72,0.73,1689,0,0,0,I,HV,1,0,0,1
mathcalF,0.72,0.73,1690,0,0,0,I,HV,1,0,0,1
mathcalF,0.72,0.73,1691,0,0,0,I,HV,1,0,0,1
mathcalF,0.72,0.73,1692,0,0,0,I,HV,1,0,0,1
mathcalF,0.72,0.73,1693,0,0,0,I,HV,1,0,0,1
mathcalF,0.72,0.73,1694,0,0,0,I,HV,1,0,0,1
mathcalF,0.72,0.73,1695,0,0,0,I,HV,1,0,0,1
mathcalF,0.72,0.73,1696,0,0,0,I,HV,1,0,0,1
mathcalF,0.72,0.73,1697,0,0,0,I,HV,1,0,0,1
mathcalF,0.72,0.73,1698,0,0,0,I,HV,1,0,0,1
mathcalF,0.72,0.73,1699,0,-1,1,V-1,HV,1,0,-1,1
mathcalF,0.72,0.73,1700,0,-1,1,V-1,HV,1,0,-1,1
mathcalF,0.72,0.73,1701,-1,1,2,V+1 H-1,VH,1,-1,1,0
mathcalF,0.72,0.73,1702,-1,1,2,V+1 H-1,VH,1,-1,1,0
mathcalF,0.72,0.73,1703,-1,1,2,V+1 H-1,VH,1,-1,1,0
mathcalF,0.72,0.73,1704,-1,1,2,V+1 H-1,VH,1,-1,1,0
mathcalF,0.72,0.73,1705,0,0,0,I,HV,1,0,0,1
mathcalF,0.72,0.73,1706,0,0,0,I,HV,1,0,0,1
mathcalF,0.72,0.73,1707,0,0,0,I,HV,1,0,0,1
mathcalF,0.72,0.73,1708,0,0,0,I,HV,1,0,0,1
mathcalF,0.72,0.73,1709,-1,1,2,V+1 H-1,VH,1,-1,1,0
mathcalF,0.72,0.73,1710,-1,1,2,V+1 H-1,VH,1,-1,1,0
mathcalF,0.72,0.73,1711,0,0,0,I,HV,1,0,0,1
mathcalF,0.72,0.73,1712,0,0,0,I,HV,1,0,0,1
mathcalF,0.72,0.73,1713,0,0,0,I,HV,1,0,0,1
mathcalF,0.72,0.73,1714,0,0,0,I,HV,1,0,0,1
mathcalF,0.72,0.73,1715,-1,0,1,H-1,HV,1,-1,0,1
mathcalF,0.72,0.73,1716,0,-2,2,V-1 V-1,HV,1,0,-2,1
mathcalF,0.72,0.73,1717,0,1,1,V+1,HV,1,0,1,1
mathcalF,0.72,0.73,1718,0,1,1,V+1,HV,1,0,1,1
mathcalF,0.72,0.73,1719,0,0,0,I,HV,1,0,0,1
mathcalF,0.72,0.73,1720,0,0,0,I,HV,1,0,0,1
mathcalF,0.72,0.73,1721,0,0,0,I,HV,1,0,0,1
mathcalF,0.72,0.73,1722,0,0,0,I,HV,1,0,0,1
mathcalF,0.72,0.73,1723,0,0,0,I,HV,1,0,0,1
mathcalF,0.72,0.73,1724,0,0,0,I,HV,1,0,0,1
mathcalF,0.72,0.73,1725,0,0,0,I,HV,1,0,0,1
mathcalF,0.72,0.73,1726,0,0,0,I,HV,1,0,0,1
mathcalF,0.72,0.73,1727,0,1,1,V+1,HV,1,0,1,1
mathcalF,0.72,0.73,1728,0,1,1,V+1,HV,1,0,1,1
mathcalF,0.72,0.73,1729,0,0,0,I,HV,1,0,0,1
mathcalF,0.72,0.73,1730,0,-1,1,V-1,HV,1,0,-1,1
mathcalF,0.72,0.73,1731,0,0,0,I,HV,1,0,0,1
mathcalF,0.72,0.73,1732,0,0,0,I,HV,1,0,0,1
mathcalF,0.72,0.73,1733,0,0,0,I,HV,1,0,0,1
mathcalF,0.72,0.73,1734,0,0,0,I,HV,1,0,0,1
mathcalF,0.72,0.73,1735,0,0,0,I,HV,1,0,0,1
mathcalF,0.72,0.73,1736,0,0,0,I,HV,1,0,0,1
mathcalF,0.72,0.73,1737,0,0,0,I,HV,1,0,0,1
mathcalF,0.72,0.73,1738,0,0,0,I,HV,1,0,0,1
mathcalF,0.72,0.73,1739,0,0,0,I,HV,1,0,0,1
mathcalF,0.72,0.73,1740,0,0,0,I,HV,1,0,0,1
mathcalF,0.72,0.73,1741,0,0,0,I,HV,1,0,0,1
mathcalF,0.72,0.73,1742,0,0,0,I,HV,1,0,0,1
mathcalF,0.72,0.73,1743,0,0,0,I,HV,1,0,0,1
mathcalF,0.72,0.73,1744,0,0,0,I,HV,1,0,0,1
mathcalF,0.72,0.73,1745,0,0,0,I,HV,1,0,0,1
mathcalF,0.72,0.73,1746,0,0,0,I,HV,1,0,0,1
mathcalF,0.72,0.73,1747,0,0,0,I,HV,1,0,0,1
mathcalF,0.72,0.73,1748,0,0,0,I,HV,1,0,0,1
mathcalF,0.72,0.73,1749,0,0,0,I,HV,1,0,0,1
mathcalF,0.72,0.73,1750,0,0,0,I,HV,1,0,0,1
mathcalF,0.72,0.73,1751,0,0,0,I,HV,1,0,0,1
mathcalF,0.72,0.73,1752,0,0,0,I,HV,1,0,0,1
mathcalF,0.72,0.73,1753,0,0,0,I,HV,1,0,0,1
mathcalF,0.72,0.73,1754,0,-1,1,V-1,HV,1,0,-1,1
mathcalF,0.72,0.73,1755,0,-1,1,V-1,HV,1,0,-1,1
mathcalF,0.72,0.73,1756,0,0,0,I,HV,1,0,0,1
mathcalF,0.72,0.73,1757,0,0,0,I,HV,1,0,0,1
mathcalF,0.72,0.73,1758,0,0,0,I,HV,1,0,0,1
mathcalF,0.72,0.73,1759,0,0,0,I,HV,1,0,0,1
mathcalF,0.72,0.73,1760,0,0,0,I,HV,1,0,0,1
mathcalF,0.72,0.73,1761,0,0,0,I,HV,1,0,0,1
mathcalF,0.72,0.73,1762,1,0,1,H+1,HV,1,1,0,1
mathcalF,0.72,0.73,1763,0,0,0,I,HV,1,0,0,1
mathcalF,0.72,0.73,1764,1,0,1,H+1,HV,1,1,0,1
mathcalF,0.72,0.73,1765,1,0,1,H+1,HV,1,1,0,1
mathcalF,0.72,0.73,1766,-1,0,1,H-1,HV,1,-1,0,1
mathcalF,0.72,0.73,1767,-1,0,1,H-1,HV,1,-1,0,1
mathcalF,0.72,0.73,1768,1,0,1,H+1,HV,1,1,0,1
mathcalF,0.72,0.73,1769,1,0,1,H+1,HV,1,1,0,1
mathcalF,0.72,0.73,1770,1,0,1,H+1,HV,1,1,0,1
mathcalF,0.72,0.73,1771,1,0,1,H+1,HV,1,1,0,1
mathcalF,0.72,0.73,1772,1,0,1,H+1,HV,1,1,0,1
mathcalF,0.72,0.73,1773,1,0,1,H+1,HV,1,1,0,1
mathcalF,0.72,0.73,1774,-1,0,1,H-1,HV,1,-1,0,1
mathcalF,0.72,0.73,1775,-1,0,1,H-1,HV,1,-1,0,1
mathcalF,0.72,0.73,1776,1,0,1,H+1,HV,1,1,0,1
mathcalF,0.72,0.73,1777,1,0,1,H+1,HV,1,1,0,1
mathcalF,0.72,0.73,1778,-1,0,1,H-1,HV,1,-1,0,1
mathcalF,0.72,0.73,1779,-1,0,1,H-1,HV,1,-1,0,1
mathcalF,0.72,0.73,1780,1,0,1,H+1,HV,1,1,0,1
mathcalF,0.72,0.73,1781,1,0,1,H+1,HV,1,1,0,1
mathcalF,0.72,0.73,1782,-1,0,1,H-1,HV,1,-1,0,1
mathcalF,0.72,0.73,1783,-1,0,1,H-1,HV,1,-1,0,1
mathcalF,0.72,0.73,1784,1,0,1,H+1,HV,1,1,0,1
mathcalF,0.72,0.73,1785,1,0,1,H+1,HV,1,1,0,1
mathcalF,0.72,0.73,1786,-1,0,1,H-1,HV,1,-1,0,1
mathcalF,0.72,0.73,1787,-1,0,1,H-1,HV,1,-1,0,1
mathcalF,0.72,0.73,1788,1,0,1,H+1,HV,1,1,0,1
mathcalF,0.72,0.73,1789,1,0,1,H+1,HV,1,1,0,1
mathcalF,0.72,0.73,1790,1,0,1,H+1,HV,1,1,0,1
mathcalF,0.72,0.73,1791,1,0,1,H+1,HV,1,1,0,1
mathcalF,0.72,0.73,1792,1,0,1,H+1,HV,1,1,0,1
mathcalF,0.72,0.73,1793,1,0,1,H+1,HV,1,1,0,1
mathcalF,0.72,0.73,1794,1,0,1,H+1,HV,1,1,0,1
mathcalF,0.72,0.73,1795,1,0,1,H+1,HV,1,1,0,1
mathcalF,0.72,0.73,1796,1,0,1,H+1,HV,1,1,0,1
mathcalF,0.72,0.73,1797,1,0,1,H+1,HV,1,1,0,1
mathcalF,0.72,0.73,1798,1,0,1,H+1,HV,1,1,0,1
mathcalF,0.72,0.73,1799,1,0,1,H+1,HV,1,1,0,1
mathcalF,0.72,0.73,1800,1,-1,2,H+1 V-1,HV,0,1,-1,1
mathcalF,0.72,0.73,1801,1,-1,2,H+1 V-1,HV,0,1,-1,1
mathcalF,0.72,0.73,1802,0,0,0,I,HV,1,0,0,1
mathcalF,0.72,0.73,1803,0,0,0,I,HV,1,0,0,1
mathcalF,0.72,0.73,1804,0,0,0,I,HV,1,0,0,1
mathcalF,0.72,0.73,1805,0,0,0,I,HV,1,0,0,1
mathcalF,0.72,0.73,1806,0,0,0,I,HV,1,0,0,1
mathcalF,0.72,0.73,1807,1,-1,2,H+1 V-1,HV,0,1,-1,1
mathcalF,0.72,0.73,1808,1,-1,2,H+1 V-1,HV,0,1,-1,1
mathcalF,0.72,0.73,1809,0,0,0,I,HV,1,0,0,1
mathcalF,0.72,0.73,1810,0,0,0,I,HV,1,0,0,1
mathcalF,0.72,0.73,1811,0,0,0,I,HV,1,0,0,1
mathcalF,0.72,0.73,1812,0,0,0,I,HV,1,0,0,1
mathcalF,0.72,0.73,1813,0,0,0,I,HV,1,0,0,1
mathcalF,0.72,0.73,1814,0,1,1,V+1,HV,1,0,1,1
mathcalF,0.72,0.73,1815,0,1,1,V+1,HV,1,0,1,1
mathcalF,0.72,0.73,1816,0,0,0,I,HV,1,0,0,1
mathcalF,0.72,0.73,1817,0,0,0,I,HV,1,0,0,1
mathcalF,0.72,0.73,1818,0,0,0,I,HV,1,0,0,1
mathcalF,0.72,0.73,1819,0,0,0,I,HV,1,0,0,1
mathcalF,0.72,0.73,1820,0,0,0,I,HV,1,0,0,1
mathcalF,0.72,0.73,1821,0,0,0,I,HV,1,0,0,1
mathcalF,0.72,0.73,1822,0,1,1,V+1,HV,1,0,1,1
mathcalF,0.72,0.73,1823,0,0,0,I,HV,1,0,0,1
mathcalF,0.72,0.73,1824,0,1,1,V+1,HV,1,0,1,1
mathcalF,0.72,0.73,1825,0,0,0,I,HV,1,0,0,1
mathcalF,0.72,0.73,1826,0,0,0,I,HV,1,0,0,1
mathcalF,0.72,0.73,1827,0,0,0,I,HV,1,0,0,1
mathcalF,0.72,0.73,1828,0,0,0,I,HV,1,0,0,1
mathcalF,0.72,0.73,1829,0,0,0,I,HV,1,0,0,1
mathcalF,0.72,0.73,1830,0,0,0,I,HV,1,0,0,1
mathcalF,0.72,0.73,1831,0,0,0,I,HV,1,0,0,1
mathcalF,0.72,0.73,1832,0,0,0,I,HV,1,0,0,1
mathcalF,0.72,0.73,1833,0,0,0,I,HV,1,0,0,1
mathcalF,0.72,0.73,1834,0,0,0,I,HV,1,0,0,1
mathcalF,0.72,0.73,1835,0,0,0,I,HV,1,0,0,1
mathcalF,0.72,0.73,1836,0,0,0,I,HV,1,0,0,1
mathcalF,0.72,0.73,1837,0,0,0,I,HV,1,0,0,1
mathcalF,0.72,0.73,1838,0,-1,1,V-1,HV,1,0,-1,1
mathcalF,0.72,0.73,1839,-1,1,2,V+1 H-1,VH,1,-1,1,0
mathcalF,0.72,0.73,1840,-1,1,2,V+1 H-1,VH,1,-1,1,0
mathcalF,0.72,0.73,1841,-1,1,2,V+1 H-1,VH,1,-1,1,0
mathcalF,0.72,0.73,1842,-1,1,2,V+1 H-1,VH,1,-1,1,0
mathcalF,0.72,0.73,1843,0,0,0,I,HV,1,0,0,1
mathcalF,0.72,0.73,1844,0,0,0,I,HV,1,0,0,1
mathcalF,0.72,0.73,1845,0,0,0,I,HV,1,0,0,1
mathcalF,0.72,0.73,1846,0,0,0,I,HV,1,0,0,1
mathcalF,0.72,0.73,1847,-1,1,2,V+1 H-1,VH,1,-1,1,0
mathcalF,0.72,0.73,1848,0,0,0,I,HV,1,0,0,1
mathcalF,0.72,0.73,1849,-1,1,2,V+1 H-1,VH,1,-1,1,0
mathcalF,0.72,0.73,1850,0,0,0,I,HV,1,0,0,1
mathcalF,0.72,0.73,1851,0,0,0,I,HV,1,0,0,1
mathcalF,0.72,0.73,1852,0,0,0,I,HV,1,0,0,1
mathcalF,0.72,0.73,1853,0,-1,1,V-1,HV,1,0,-1,1
mathcalF,0.72,0.73,1854,1,0,1,H+1,HV,1,1,0,1
mathcalF,0.72,0.73,1855,0,-1,1,V-1,HV,1,0,-1,1
mathcalF,0.72,0.73,1856,0,1,1,V+1,HV,1,0,1,1
mathcalF,0.72,0.73,1857,0,1,1,V+1,HV,1,0,1,1
mathcalF,0.72,0.73,1858,0,0,0,I,HV,1,0,0,1
mathcalF,0.72,0.73,1859,0,0,0,I,HV,1,0,0,1
mathcalF,0.72,0.73,1860,0,0,0,I,HV,1,0,0,1
mathcalF,0.72,0.73,1861,0,0,0,I,HV,1,0,0,1
mathcalF,0.72,0.73,1862,0,0,0,I,HV,1,0,0,1
mathcalF,0.72,0.73,1863,0,0,0,I,HV,1,0,0,1
mathcalF,0.72,0.73,1864,0,0,0,I,HV,1,0,0,1
mathcalF,0.72,0.73,1865,0,0,0,I,HV,1,0,0,1
mathcalF,0.72,0.73,1866,0,1,1,V+1,HV,1,0,1,1
mathcalF,0.72,0.73,1867,0,1,1,V+1,HV,1,0,1,1
mathcalF,0.72,0.73,1868,1,0,1,H+1,HV,1,1,0,1
mathcalF,0.72,0.73,1869,0,0,0,I,HV,1,0,0,1
mathcalF,0.72,0.73,1870,0,0,0,I,HV,1,0,0,1
mathcalF,0.72,0.73,1871,0,0,0,I,HV,1,0,0,1
mathcalF,0.72,0.73,1872,0,0,0,I,HV,1,0,0,1
mathcalF,0.72,0.73,1873,0,0,0,I,HV,1,0,0,1
mathcalF,0.72,0.73,1874,0,0,0,I,HV,1,0,0,1
mathcalF,0.72,0.73,1875,0,0,0,I,HV,1,0,0,1
mathcalF,0.72,0.73,1876,0,0,0,I,HV,1,0,0,1
mathcalF,0.72,0.73,1877,0,0,0,I,HV,1,0,0,1
mathcalF,0.72,0.73,1878,0,0,0,I,HV,1,0,0,1
mathcalF,0.72,0.73,1879,0,0,0,I,HV,1,0,0,1
mathcalF,0.72,0.73,1880,0,0,0,I,HV,1,0,0,1
mathcalF,0.72,0.73,1881,0,0,0,I,HV,1,0,0,1
mathcalF,0.72,0.73,1882,0,0,0,I,HV,1,0,0,1
mathcalF,0.72,0.73,1883,0,0,0,I,HV,1,0,0,1
mathcalF,0.72,0.73,1884,0,0,0,I,HV,1,0,0,1
mathcalF,0.72,0.73,1885,0,0,0,I,HV,1,0,0,1
mathcalF,0.72,0.73,1886,0,0,0,I,HV,1,0,0,1
mathcalF,0.72,0.73,1887,0,0,0,I,HV,1,0,0,1
mathcalF,0.72,0.73,1888,0,0,0,I,HV,1,0,0,1
mathcalF,0.72,0.73,1889,0,0,0,I,HV,1,0,0,1
mathcalF,0.72,0.73,1890,0,-1,1,V-1,HV,1,0,-1,1
mathcalF,0.72,0.73,1891,0,-1,1,V-1,HV,1,0,-1,1
mathcalF,0.72,0.73,1892,0,0,0,I,HV,1,0,0,1
mathcalF,0.72,0.73,1893,0,0,0,I,HV,1,0,0,1
mathcalF,0.72,0.73,1894,0,-1,1,V-1,HV,1,0,-1,1
mathcalF,0.72,0.73,1895,0,-1,1,V-1,HV,1,0,-1,1
mathcalF,0.72,0.73,1896,0,0,0,I,HV,1,0,0,1
mathcalF,0.72,0.73,1897,0,0,0,I,HV,1,0,0,1
mathcalF,0.72,0.73,1898,1,0,1,H+1,HV,1,1,0,1
mathcalF,0.72,0.73,1899,0,0,0,I,HV,1,0,0,1
mathcalF,0.72,0.73,1900,-1,0,1,H-1,HV,1,-1,0,1
mathcalF,0.72,0.73,1901,-1,0,1,H-1,HV,1,-1,0,1
mathcalF,0.72,0.73,1902,1,0,1,H+1,HV,1,1,0,1
mathcalF,0.72,0.73,1903,1,0,1,H+1,HV,1,1,0,1
mathcalF,0.72,0.73,1904,1,0,1,H+1,HV,1,1,0,1
mathcalF,0.72,0.73,1905,1,0,1,H+1,HV,1,1,0,1
mathcalF,0.72,0.73,1906,-1,0,1,H-1,HV,1,-1,0,1
mathcalF,0.72,0.73,1907,-1,0,1,H-1,HV,1,-1,0,1
mathcalF,0.72,0.73,1908,1,0,1,H+1,HV,1,1,0,1
mathcalF,0.72,0.73,1909,1,0,1,H+1,HV,1,1,0,1
mathcalF,0.72,0.73,1910,1,0,1,H+1,HV,1,1,0,1
mathcalF,0.72,0.73,1911,1,0,1,H+1,HV,1,1,0,1
mathcalF,0.72,0.73,1912,1,0,1,H+1,HV,1,1,0,1
mathcalF,0.72,0.73,1913,1,0,1,H+1,HV,1,1,0,1
mathcalF,0.72,0.73,1914,-1,0,1,H-1,HV,1,-1,0,1
mathcalF,0.72,0.73,1915,-1,0,1,H-1,HV,1,-1,0,1
mathcalF,0.72,0.73,1916,1,0,1,H+1,HV,1,1,0,1
mathcalF,0.72,0.73,1917,1,0,1,H+1,HV,1,1,0,1
mathcalF,0.72,0.73,1918,-1,0,1,H-1,HV,1,-1,0,1
mathcalF,0.72,0.73,1919,-1,0,1,H-1,HV,1,-1,0,1
mathcalF,0.72,0.73,1920,1,0,1,H+1,HV,1,1,0,1
mathcalF,0.72,0.73,1921,1,0,1,H+1,HV,1,1,0,1
mathcalF,0.72,0.73,1922,-1,0,1,H-1,HV,1,-1,0,1
mathcalF,0.72,0.73,1923,-1,0,1,H-1,HV,1,-1,0,1
mathcalF,0.72,0.73,1924,1,0,1,H+1,HV,1,1,0,1
mathcalF,0.72,0.73,1925,-1,0,1,H-1,HV,1,-1,0,1
mathcalF,0.72,0.73,1926,1,0,1,H+1,HV,1,1,0,1
mathcalF,0.72,0.73,1927,-1,0,1,H-1,HV,1,-1,0,1
mathcalF,0.72,0.73,1928,1,0,1,H+1,HV,1,1,0,1
mathcalF,0.72,0.73,1929,1,0,1,H+1,HV,1,1,0,1
mathcalF,0.72,0.73,1930,1,0,1,H+1,HV,1,1,0,1
mathcalF,0.72,0.73,1931,1,0,1,H+1,HV,1,1,0,1
mathcalF,0.72,0.73,1932,1,0,1,H+1,HV,1,1,0,1
mathcalF,0.72,0.73,1933,1,0,1,H+1,HV,1,1,0,1
mathcalF,0.72,0.73,1934,1,0,1,H+1,HV,1,1,0,1
mathcalF,0.72,0.73,1935,-1,1,2,V+1 H-1,VH,1,-1,1,0
mathcalF,0.72,0.73,1936,1,0,1,H+1,HV,1,1,0,1
mathcalF,0.72,0.73,1937,0,1,1,V+1,HV,1,0,1,1
mathcalF,0.72,0.73,1938,0,0,0,I,HV,1,0,0,1
mathcalF,0.72,0.73,1939,1,0,1,H+1,HV,1,1,0,1
mathcalF,0.72,0.73,1940,0,0,0,I,HV,1,0,0,1
mathcalF,0.72,0.73,1941,0,0,0,I,HV,1,0,0,1
mathcalF,0.72,0.73,1942,0,0,0,I,HV,1,0,0,1
mathcalF,0.72,0.73,1943,1,-1,2,H+1 V-1,HV,0,1,-1,1
mathcalF,0.72,0.73,1944,-1,0,1,H-1,HV,1,-1,0,1
mathcalF,0.72,0.73,1945,-1,0,1,H-1,HV,1,-1,0,1
mathcalF,0.72,0.73,1946,1,-1,2,H+1 V-1,HV,0,1,-1,1
mathcalF,0.72,0.73,1947,0,0,0,I,HV,1,0,0,1
mathcalF,0.72,0.73,1948,0,0,0,I,HV,1,0,0,1
mathcalF,0.72,0.73,1949,0,0,0,I,HV,1,0,0,1
mathcalF,0.72,0.73,1950,0,0,0,I,HV,1,0,0,1
mathcalF,0.72,0.73,1951,0,0,0,I,HV,1,0,0,1
mathcalF,0.72,0.73,1952,0,0,0,I,HV,1,0,0,1
mathcalF,0.72,0.73,1953,0,0,0,I,HV,1,0,0,1
mathcalF,0.72,0.73,1954,0,1,1,V+1,HV,1,0,1,1
mathcalF,0.72,0.73,1955,0,1,1,V+1,HV,1,0,1,1
mathcalF,0.72,0.73,1956,0,0,0,I,HV,1,0,0,1
mathcalF,0.72,0.73,1957,0,0,0,I,HV,1,0,0,1
mathcalF,0.72,0.73,1958,0,0,0,I,HV,1,0,0,1
mathcalF,0.72,0.73,1959,0,0,0,I,HV,1,0,0,1
mathcalF,0.72,0.73,1960,0,0,0,I,HV,1,0,0,1
mathcalF,0.72,0.73,1961,0,0,0,I,HV,1,0,0,1
mathcalF,0.72,0.73,1962,0,1,1,V+1,HV,1,0,1,1
mathcalF,0.72,0.73,1963,0,1,1,V+1,HV,1,0,1,1
mathcalF,0.72,0.73,1964,0,0,0,I,HV,1,0,0,1
mathcalF,0.72,0.73,1965,0,0,0,I,HV,1,0,0,1
mathcalF,0.72,0.73,1966,0,0,0,I,HV,1,0,0,1
mathcalF,0.72,0.73,1967,-1,1,2,V+1 H-1,VH,1,-1,1,0
mathcalF,0.72,0.73,1968,0,0,0,I,HV,1,0,0,1
mathcalF,0.72,0.73,1969,0,0,0,I,HV,1,0,0,1
mathcalF,0.72,0.73,1970,0,0,0,I,HV,1,0,0,1
mathcalF,0.72,0.73,1971,0,0,0,I,HV,1,0,0,1
mathcalF,0.72,0.73,1972,0,0,0,I,HV,1,0,0,1
mathcalF,0.72,0.73,1973,0,0,0,I,HV,1,0,0,1
mathcalF,0.72,0.73,1974,0,0,0,I,HV,1,0,0,1
mathcalF,0.72,0.73,1975,0,0,0,I,HV,1,0,0,1
mathcalF,0.72,0.73,1976,0,-1,1,V-1,HV,1,0,-1,1
mathcalF,0.72,0.73,1977,0,0,0,I,HV,1,0,0,1
mathcalF,0.72,0.73,1978,1,0,1,H+1,HV,1,1,0,1
mathcalF,0.72,0.73,1979,0,0,0,I,HV,1,0,0,1
mathcalF,0.72,0.73,1980,-1,1,2,H-1 V+1,HV,0,-1,1,1
mathcalF,0.72,0.73,1981,0,-1,1,V-1,HV,1,0,-1,1
mathcalF,0.72,0.73,1982,0,-1,1,V-1,HV,1,0,-1,1
mathcalF,0.72,0.73,1983,0,0,0,I,HV,1,0,0,1
mathcalF,0.72,0.73,1984,0,0,0,I,HV,1,0,0,1
mathcalF,0.72,0.73,1985,0,0,0,I,HV,1,0,0,1
mathcalF,0.72,0.73,1986,0,0,0,I,HV,1,0,0,1
mathcalF,0.72,0.73,1987,0,-1,1,V-1,HV,1,0,-1,1
mathcalF,0.72,0.73,1988,0,0,0,I,HV,1,0,0,1
mathcalF,0.72,0.73,1989,0,-1,1,V-1,HV,1,0,-1,1
mathcalF,0.72,0.73,1990,0,0,0,I,HV,1,0,0,1
mathcalF,0.72,0.73,1991,0,0,0,I,HV,1,0,0,1
mathcalF,0.72,0.73,1992,0,0,0,I,HV,1,0,0,1
mathcalF,0.72,0.73,1993,0,0,0,I,HV,1,0,0,1
mathcalF,0.72,0.73,1994,0,-1,1,V-1,HV,1,0,-1,1
mathcalF,0.72,0.73,1995,0,-1,1,V-1,HV,1,0,-1,1
mathcalF,0.72,0.73,1996,0,1,1,V+1,HV,1,0,1,1
mathcalF,0.72,0.73,1997,0,1,1,V+1,HV,1,0,1,1
mathcalF,0.72,0.73,1998,0,0,0,I,HV,1,0,0,1
mathcalF,0.72,0.73,1999,0,0,0,I,HV,1,0,0,1
mathcalF,0.72,0.73,2000,0,0,0,I,HV,1,0,0,1
mathcalF,0.72,0.73,2001,0,0,0,I,HV,1,0,0,1
mathcalF,0.72,0.73,2002,0,0,0,I,HV,1,0,0,1
mathcalF,0.72,0.73,2003,0,0,0,I,HV,1,0,0,1
mathcalF,0.72,0.73,2004,0,0,0,I,HV,1,0,0,1
mathcalF,0.72,0.73,2005,0,0,0,I,HV,1,0,0,1
mathcalF,0.72,0.73,2006,0,1,1,V+1,HV,1,0,1,1
mathcalF,0.72,0.73,2007,0,1,1,V+1,HV,1,0,1,1
mathcalF,0.72,0.73,2008,0,2,2,V+1 V+1,HV,1,0,2,1
mathcalF,0.72,0.73,2009,0,0,0,I,HV,1,0,0,1
mathcalF,0.72,0.73,2010,0,0,0,I,HV,1,0,0,1
mathcalF,0.72,0.73,2011,0,0,0,I,HV,1,0,0,1
mathcalF,0.72,0.73,2012,0,0,0,I,HV,1,0,0,1
mathcalF,0.72,0.73,2013,0,0,0,I,HV,1,0,0,1
mathcalF,0.72,0.73,2014,0,0,0,I,HV,1,0,0,1
mathcalF,0.72,0.73,2015,0,0,0,I,HV,1,0,0,1
mathcalF,0.72,0.73,2016,0,0,0,I,HV,1,0,0,1
mathcalF,0.72,0.73,2017,0,0,0,I,HV,1,0,0,1
mathcalF,0.72,0.73,2018,0,0,0,I,HV,1,0,0,1
mathcalF,0.72,0.73,2019,0,0,0,I,HV,1,0,0,1
mathcalF,0.72,0.73,2020,0,0,0,I,HV,1,0,0,1
mathcalF,0.72,0.73,2021,0,0,0,I,HV,1,0,0,1
mathcalF,0.72,0.73,2022,0,0,0,I,HV,1,0,0,1
mathcalF,0.72,0.73,2023,0,0,0,I,HV,1,0,0,1
mathcalF,0.72,0.73,2024,0,0,0,I,HV,1,0,0,1
mathcalF,0.72,0.73,2025,0,0,0,I,HV,1,0,0,1
mathcalF,0.72,0.73,2026,0,0,0,I,HV,1,0,0,1
mathcalF,0.72,0.73,2027,0,0,0,I,HV,1,0,0,1
mathcalF,0.72,0.73,2028,0,0,0,I,HV,1,0,0,1
mathcalF,0.72,0.73,2029,0,0,0,I,HV,1,0,0,1
mathcalF,0.72,0.73,2030,0,-1,1,V-1,HV,1,0,-1,1
mathcalF,0.72,0.73,2031,0,-1,1,V-1,HV,1,0,-1,1
mathcalF,0.72,0.73,2032,0,0,0,I,HV,1,0,0,1
mathcalF,0.72,0.73,2033,0,0,0,I,HV,1,0,0,1
mathcalF,0.72,0.73,2034,0,-1,1,V-1,HV,1,0,-1,1
mathcalF,0.72,0.73,2035,0,-1,1,V-1,HV,1,0,-1,1
mathcalF,0.72,0.73,2036,0,0,0,I,HV,1,0,0,1
mathcalF,0.72,0.73,2037,0,0,0,I,HV,1,0,0,1
mathcalF,0.72,0.73,2038,1,0,1,H+1,HV,1,1,0,1
mathcalF,0.72,0.73,2039,1,0,1,H+1,HV,1,1,0,1
mathcalF,0.72,0.73,2040,-1,0,1,H-1,HV,1,-1,0,1
mathcalF,0.72,0.73,2041,-1,0,1,H-1,HV,1,-1,0,1
mathcalF,0.72,0.73,2042,1,0,1,H+1,HV,1,1,0,1
mathcalF,0.72,0.73,2043,1,0,1,H+1,HV,1,1,0,1
mathcalF,0.72,0.73,2044,1,0,1,H+1,HV,1,1,0,1
mathcalF,0.72,0.73,2045,1,0,1,H+1,HV,1,1,0,1
mathcalF,0.72,0.73,2046,-1,0,1,H-1,HV,1,-1,0,1
mathcalF,0.72,0.73,2047,-1,0,1,H-1,HV,1,-1,0,1
mathcalF,0.72,0.73,2048,1,0,1,H+1,HV,1,1,0,1
mathcalF,0.72,0.73,2049,1,0,1,H+1,HV,1,1,0,1
mathcalF,0.72,0.73,2050,1,0,1,H+1,HV,1,1,0,1
mathcalF,0.72,0.73,2051,1,0,1,H+1,HV,1,1,0,1
mathcalF,0.72,0.73,2052,1,0,1,H+1,HV,1,1,0,1
mathcalF,0.72,0.73,2053,-1,0,1,H-1,HV,1,-1,0,1
mathcalF,0.72,0.73,2054,1,0,1,H+1,HV,1,1,0,1
mathcalF,0.72,0.73,2055,-1,0,1,H-1,HV,1,-1,0,1
mathcalF,0.72,0.73,2056,1,-1,2,H+1 V-1,HV,0,1,-1,1
mathcalF,0.72,0.73,2057,1,0,1,H+1,HV,1,1,0,1
mathcalF,0.72,0.73,2058,1,-1,2,V-1 H+1,VH,1,1,-1,0
mathcalF,0.72,0.73,2059,-1,0,1,H-1,HV,1,-1,0,1
mathcalF,0.72,0.73,2060,1,0,1,H+1,HV,1,1,0,1
mathcalF,0.72,0.73,2061,-1,0,1,H-1,HV,1,-1,0,1
mathcalF,0.72,0.73,2062,-1,0,1,H-1,HV,1,-1,0,1
mathcalF,0.72,0.73,2063,1,0,1,H+1,HV,1,1,0,1
mathcalF,0.72,0.73,2064,1,0,1,H+1,HV,1,1,0,1
mathcalF,0.72,0.73,2065,1,-1,2,H+1 V-1,HV,0,1,-1,1
mathcalF,0.72,0.73,2066,1,0,1,H+1,HV,1,1,0,1
mathcalF,0.72,0.73,2067,1,0,1,H+1,HV,1,1,0,1
mathcalF,0.72,0.73,2068,1,0,1,H+1,HV,1,1,0,1
mathcalF,0.72,0.73,2069,1,0,1,H+1,HV,1,1,0,1
mathcalF,0.72,0.73,2070,1,0,1,H+1,HV,1,1,0,1
mathcalF,0.72,0.73,2071,1,0,1,H+1,HV,1,1,0,1
mathcalF,0.72,0.73,2072,1,0,1,H+1,HV,1,1,0,1
mathcalF,0.72,0.73,2073,1,0,1,H+1,HV,1,1,0,1
mathcalF,0.72,0.73,2074,1,0,1,H+1,HV,1,1,0,1
mathcalF,0.72,0.73,2075,1,0,1,H+1,HV,1,1,0,1
mathcalF,0.72,0.73,2076,0,0,0,I,HV,1,0,0,1
mathcalF,0.72,0.73,2077,1,0,1,H+1,HV,1,1,0,1
mathcalF,0.72,0.73,2078,0,-1,1,V-1,HV,1,0,-1,1
mathcalF,0.72,0.73,2079,0,-1,1,V-1,HV,1,0,-1,1
mathcalF,0.72,0.73,2080,0,0,0,I,HV,1,0,0,1
mathcalF,0.72,0.73,2081,0,0,0,I,HV,1,0,0,1
mathcalF,0.72,0.73,2082,0,0,0,I,HV,1,0,0,1
mathcalF,0.72,0.73,2083,1,-1,2,H+1 V-1,HV,0,1,-1,1
mathcalF,0.72,0.73,2084,0,0,0,I,HV,1,0,0,1
mathcalF,0.72,0.73,2085,0,0,0,I,HV,1,0,0,1
mathcalF,0.72,0.73,2086,0,0,0,I,HV,1,0,0,1
mathcalF,0.72,0.73,2087,0,0,0,I,HV,1,0,0,1
mathcalF,0.72,0.73,2088,0,0,0,I,HV,1,0,0,1
mathcalF,0.72,0.73,2089,0,0,0,I,HV,1,0,0,1
mathcalF,0.72,0.73,2090,0,0,0,I,HV,1,0,0,1
mathcalF,0.72,0.73,2091,0,0,0,I,HV,1,0,0,1
mathcalF,0.72,0.73,2092,0,0,0,I,HV,1,0,0,1
mathcalF,0.72,0.73,2093,0,1,1,V+1,HV,1,0,1,1
mathcalF,0.72,0.73,2094,0,1,1,V+1,HV,1,0,1,1
mathcalF,0.72,0.73,2095,0,0,0,I,HV,1,0,0,1
mathcalF,0.72,0.73,2096,0,0,0,I,HV,1,0,0,1
mathcalF,0.72,0.73,2097,0,0,0,I,HV,1,0,0,1
mathcalF,0.72,0.73,2098,0,0,0,I,HV,1,0,0,1
mathcalF,0.72,0.73,2099,0,0,0,I,HV,1,0,0,1
mathcalF,0.72,0.73,2100,0,0,0,I,HV,1,0,0,1
mathcalF,0.72,0.73,2101,0,0,0,I,HV,1,0,0,1
mathcalF,0.72,0.73,2102,0,1,1,V+1,HV,1,0,1,1
mathcalF,0.72,0.73,2103,0,1,1,V+1,HV,1,0,1,1
mathcalF,0.72,0.73,2104,0,0,0,I,HV,1,0,0,1
mathcalF,0.72,0.73,2105,0,0,0,I,HV,1,0,0,1
mathcalF,0.72,0.73,2106,0,0,0,I,HV,1,0,0,1
mathcalF,0.72,0.73,2107,-1,1,2,V+1 H-1,VH,1,-1,1,0
mathcalF,0.72,0.73,2108,0,0,0,I,HV,1,0,0,1
mathcalF,0.72,0.73,2109,0,0,0,I,HV,1,0,0,1
mathcalF,0.72,0.73,2110,0,0,0,I,HV,1,0,0,1
mathcalF,0.72,0.73,2111,0,0,0,I,HV,1,0,0,1
mathcalF,0.72,0.73,2112,0,0,0,I,HV,1,0,0,1
mathcalF,0.72,0.73,2113,0,0,0,I,HV,1,0,0,1
mathcalF,0.72,0.73,2114,0,0,0,I,HV,1,0,0,1
mathcalF,0.72,0.73,2115,0,0,0,I,HV,1,0,0,1
mathcalF,0.72,0.73,2116,0,0,0,I,HV,1,0,0,1
mathcalF,0.72,0.73,2117,0,0,0,I,HV,1,0,0,1
mathcalF,0.72,0.73,2118,0,-1,1,V-1,HV,1,0,-1,1
mathcalF,0.72,0.73,2119,0,-1,1,V-1,HV,1,0,-1,1
mathcalF,0.72,0.73,2120,0,-1,1,V-1,HV,1,0,-1,1
mathcalF,0.72,0.73,2121,0,-1,1,V-1,HV,1,0,-1,1
mathcalF,0.72,0.73,2122,0,-1,1,V-1,HV,1,0,-1,1
mathcalF,0.72,0.73,2123,0,-1,1,V-1,HV,1,0,-1,1
mathcalF,0.72,0.73,2124,0,0,0,I,HV,1,0,0,1
mathcalF,0.72,0.73,2125,0,0,0,I,HV,1,0,0,1
mathcalF,0.72,0.73,2126,0,0,0,I,HV,1,0,0,1
mathcalF,0.72,0.73,2127,0,0,0,I,HV,1,0,0,1
mathcalF,0.72,0.73,2128,0,-1,1,V-1,HV,1,0,-1,1
mathcalF,0.72,0.73,2129,0,-1,1,V-1,HV,1,0,-1,1
mathcalF,0.72,0.73,2130,0,0,0,I,HV,1,0,0,1
mathcalF,0.72,0.73,2131,0,0,0,I,HV,1,0,0,1
mathcalF,0.72,0.73,2132,0,0,0,I,HV,1,0,0,1
mathcalF,0.72,0.73,2133,0,0,0,I,HV,1,0,0,1
mathcalF,0.72,0.73,2134,0,-1,1,V-1,HV,1,0,-1,1
mathcalF,0.72,0.73,2135,0,-1,1,V-1,HV,1,0,-1,1
mathcalF,0.72,0.73,2136,0,1,1,V+1,HV,1,0,1,1
mathcalF,0.72,0.73,2137,0,1,1,V+1,HV,1,0,1,1
mathcalF,0.72,0.73,2138,0,0,0,I,HV,1,0,0,1
mathcalF,0.72,0.73,2139,0,0,0,I,HV,1,0,0,1
mathcalF,0.72,0.73,2140,0,0,0,I,HV,1,0,0,1
mathcalF,0.72,0.73,2141,0,0,0,I,HV,1,0,0,1
mathcalF,0.72,0.73,2142,0,0,0,I,HV,1,0,0,1
mathcalF,0.72,0.73,2143,0,0,0,I,HV,1,0,0,1
mathcalF,0.72,0.73,2144,0,0,0,I,HV,1,0,0,1
mathcalF,0.72,0.73,2145,0,0,0,I,HV,1,0,0,1
mathcalF,0.72,0.73,2146,0,1,1,V+1,HV,1,0,1,1
mathcalF,0.72,0.73,2147,0,1,1,V+1,HV,1,0,1,1
mathcalF,0.72,0.73,2148,0,0,0,I,HV,1,0,0,1
mathcalF,0.72,0.73,2149,0,0,0,I,HV,1,0,0,1
mathcalF,0.72,0.73,2150,0,0,0,I,HV,1,0,0,1
mathcalF,0.72,0.73,2151,0,0,0,I,HV,1,0,0,1
mathcalF,0.72,0.73,2152,0,0,0,I,HV,1,0,0,1
mathcalF,0.72,0.73,2153,0,0,0,I,HV,1,0,0,1
mathcalF,0.72,0.73,2154,0,0,0,I,HV,1,0,0,1
mathcalF,0.72,0.73,2155,0,0,0,I,HV,1,0,0,1
mathcalF,0.72,0.73,2156,0,0,0,I,HV,1,0,0,1
mathcalF,0.72,0.73,2157,0,0,0,I,HV,1,0,0,1
mathcalF,0.72,0.73,2158,0,0,0,I,HV,1,0,0,1
mathcalF,0.72,0.73,2159,0,0,0,I,HV,1,0,0,1
mathcalF,0.72,0.73,2160,0,0,0,I,HV,1,0,0,1
mathcalF,0.72,0.73,2161,0,0,0,I,HV,1,0,0,1
mathcalF,0.72,0.73,2162,0,0,0,I,HV,1,0,0,1
mathcalF,0.72,0.73,2163,0,0,0,I,HV,1,0,0,1
mathcalF,0.72,0.73,2164,0,0,0,I,HV,1,0,0,1
mathcalF,0.72,0.73,2165,0,0,0,I,HV,1,0,0,1
mathcalF,0.72,0.73,2166,0,0,0,I,HV,1,0,0,1
mathcalF,0.72,0.73,2167,0,0,0,I,HV,1,0,0,1
mathcalF,0.72,0.73,2168,0,0,0,I,HV,1,0,0,1
mathcalF,0.72,0.73,2169,0,0,0,I,HV,1,0,0,1
mathcalF,0.72,0.73,2170,0,-1,1,V-1,HV,1,0,-1,1
mathcalF,0.72,0.73,2171,0,-1,1,V-1,HV,1,0,-1,1
mathcalF,0.72,0.73,2172,0,0,0,I,HV,1,0,0,1
mathcalF,0.72,0.73,2173,0,0,0,I,HV,1,0,0,1
mathcalF,0.72,0.73,2174,0,-1,1,V-1,HV,1,0,-1,1
mathcalF,0.72,0.73,2175,0,-1,1,V-1,HV,1,0,-1,1
mathcalF,0.72,0.73,2176,0,0,0,I,HV,1,0,0,1
mathcalF,0.72,0.73,2177,1,0,1,H+1,HV,1,1,0,1
mathcalF,0.72,0.73,2178,1,0,1,H+1,HV,1,1,0,1
mathcalF,0.72,0.73,2179,-1,0,1,H-1,HV,1,-1,0,1
mathcalF,0.72,0.73,2180,-1,0,1,H-1,HV,1,-1,0,1
mathcalF,0.72,0.73,2181,1,0,1,H+1,HV,1,1,0,1
mathcalF,0.72,0.73,2182,1,0,1,H+1,HV,1,1,0,1
mathcalF,0.72,0.73,2183,1,0,1,H+1,HV,1,1,0,1
mathcalF,0.72,0.73,2184,-1,0,1,H-1,HV,1,-1,0,1
mathcalF,0.72,0.73,2185,1,0,1,H+1,HV,1,1,0,1
mathcalF,0.72,0.73,2186,1,0,1,H+1,HV,1,1,0,1
mathcalF,0.72,0.73,2187,-1,0,1,H-1,HV,1,-1,0,1
mathcalF,0.72,0.73,2188,1,0,1,H+1,HV,1,1,0,1
mathcalF,0.72,0.73,2189,1,0,1,H+1,HV,1,1,0,1
mathcalF,0.72,0.73,2190,1,0,1,H+1,HV,1,1,0,1
mathcalF,0.72,0.73,2191,1,0,1,H+1,HV,1,1,0,1
mathcalF,0.72,0.73,2192,-1,0,1,H-1,HV,1,-1,0,1
mathcalF,0.72,0.73,2193,-1,0,1,H-1,HV,1,-1,0,1
mathcalF,0.72,0.73,2194,1,0,1,H+1,HV,1,1,0,1
mathcalF,0.72,0.73,2195,1,0,1,H+1,HV,1,1,0,1
mathcalF,0.72,0.73,2196,1,-1,2,H+1 V-1,HV,0,1,-1,1
mathcalF,0.72,0.73,2197,1,-1,2,H+1 V-1,HV,0,1,-1,1
mathcalF,0.72,0.73,2198,-1,1,2,H-1 V+1,HV,0,-1,1,1
mathcalF,0.72,0.73,2199,0,-1,1,V-1,HV,1,0,-1,1
mathcalF,0.72,0.73,2200,1,0,1,H+1,HV,1,1,0,1
mathcalF,0.72,0.73,2201,1,-1,2,H+1 V-1,HV,0,1,-1,1
mathcalF,0.72,0.73,2202,1,0,1,H+1,HV,1,1,0,1
mathcalF,0.72,0.73,2203,1,0,1,H+1,HV,1,1,0,1
mathcalF,0.72,0.73,2204,1,-1,2,H+1 V-1,HV,0,1,-1,1
mathcalF,0.72,0.73,2205,1,-1,2,H+1 V-1,HV,0,1,-1,1
mathcalF,0.72,0.73,2206,1,0,1,H+1,HV,1,1,0,1
mathcalF,0.72,0.73,2207,1,0,1,H+1,HV,1,1,0,1
mathcalF,0.72,0.73,2208,1,0,1,H+1,HV,1,1,0,1
mathcalF,0.72,0.73,2209,1,0,1,H+1,HV,1,1,0,1
mathcalF,0.72,0.73,2210,1,0,1,H+1,HV,1,1,0,1
mathcalF,0.72,0.73,2211,1,0,1,H+1,HV,1,1,0,1
mathcalF,0.72,0.73,2212,1,0,1,H+1,HV,1,1,0,1
mathcalF,0.72,0.73,2213,1,0,1,H+1,HV,1,1,0,1
mathcalF,0.72,0.73,2214,1,0,1,H+1,HV,1,1,0,1
mathcalF,0.72,0.73,2215,1,0,1,H+1,HV,1,1,0,1
mathcalF,0.72,0.73,2216,-1,0,1,H-1,HV,1,-1,0,1
mathcalF,0.72,0.73,2217,0,-1,1,V-1,HV,1,0,-1,1
mathcalF,0.72,0.73,2218,1,-1,2,H+1 V-1,HV,0,1,-1,1
mathcalF,0.72,0.73,2219,0,-1,1,V-1,HV,1,0,-1,1
mathcalF,0.72,0.73,2220,0,0,0,I,HV,1,0,0,1
mathcalF,0.72,0.73,2221,-1,0,1,H-1,HV,1,-1,0,1
mathcalF,0.72,0.73,2222,0,0,0,I,HV,1,0,0,1
mathcalF,0.72,0.73,2223,0,0,0,I,HV,1,0,0,1
mathcalF,0.72,0.73,2224,0,0,0,I,HV,1,0,0,1
mathcalF,0.72,0.73,2225,0,0,0,I,HV,1,0,0,1
mathcalF,0.72,0.73,2226,-1,1,2,V+1 H-1,VH,1,-1,1,0
mathcalF,0.72,0.73,2227,0,0,0,I,HV,1,0,0,1
mathcalF,0.72,0.73,2228,0,0,0,I,HV,1,0,0,1
mathcalF,0.72,0.73,2229,0,0,0,I,HV,1,0,0,1
mathcalF,0.72,0.73,2230,0,0,0,I,HV,1,0,0,1
mathcalF,0.72,0.73,2231,0,0,0,I,HV,1,0,0,1
mathcalF,0.72,0.73,2232,0,1,1,V+1,HV,1,0,1,1
mathcalF,0.72,0.73,2233,0,1,1,V+1,HV,1,0,1,1
mathcalF,0.72,0.73,2234,0,0,0,I,HV,1,0,0,1
mathcalF,0.72,0.73,2235,0,0,0,I,HV,1,0,0,1
mathcalF,0.72,0.73,2236,0,0,0,I,HV,1,0,0,1
mathcalF,0.72,0.73,2237,0,0,0,I,HV,1,0,0,1
mathcalF,0.72,0.73,2238,0,0,0,I,HV,1,0,0,1
mathcalF,0.72,0.73,2239,0,0,0,I,HV,1,0,0,1
mathcalF,0.72,0.73,2240,0,0,0,I,HV,1,0,0,1
mathcalF,0.72,0.73,2241,0,0,0,I,HV,1,0,0,1
mathcalF,0.72,0.73,2242,0,1,1,V+1,HV,1,0,1,1
mathcalF,0.72,0.73,2243,0,1,1,V+1,HV,1,0,1,1
mathcalF,0.72,0.73,2244,0,0,0,I,HV,1,0,0,1
mathcalF,0.72,0.73,2245,0,0,0,I,HV,1,0,0,1
mathcalF,0.72,0.73,2246,0,0,0,I,HV,1,0,0,1
mathcalF,0.72,0.73,2247,0,0,0,I,HV,1,0,0,1
mathcalF,0.72,0.73,2248,0,0,0,I,HV,1,0,0,1
mathcalF,0.72,0.73,2249,0,0,0,I,HV,1,0,0,1
mathcalF,0.72,0.73,2250,0,0,0,I,HV,1,0,0,1
mathcalF,0.72,0.73,2251,0,0,0,I,HV,1,0,0,1
mathcalF,0.72,0.73,2252,0,0,0,I,HV,1,0,0,1
mathcalF,0.72,0.73,2253,0,0,0,I,HV,1,0,0,1
mathcalF,0.72,0.73,2254,0,0,0,I,HV,1,0,0,1
mathcalF,0.72,0.73,2255,0,0,0,I,HV,1,0,0,1
mathcalF,0.72,0.73,2256,0,0,0,I,HV,1,0,0,1
mathcalF,0.72,0.73,2257,0,0,0,I,HV,1,0,0,1
mathcalF,0.72,0.73,2258,0,-1,1,V-1,HV,1,0,-1,1
mathcalF,0.72,0.73,2259,0,-1,1,V-1,HV,1,0,-1,1
mathcalF,0.72,0.73,2260,0,-1,1,V-1,HV,1,0,-1,1
mathcalF,0.72,0.73,2261,0,-1,1,V-1,HV,1,0,-1,1
mathcalF,0.72,0.73,2262,0,-1,1,V-1,HV,1,0,-1,1
mathcalF,0.72,0.73,2263,0,-1,1,V-1,HV,1,0,-1,1
mathcalF,0.72,0.73,2264,0,0,0,I,HV,1,0,0,1
mathcalF,0.72,0.73,2265,0,0,0,I,HV,1,0,0,1
mathcalF,0.72,0.73,2266,0,0,0,I,HV,1,0,0,1
mathcalF,0.72,0.73,2267,0,0,0,I,HV,1,0,0,1
mathcalF,0.72,0.73,2268,0,-1,1,V-1,HV,1,0,-1,1
mathcalF,0.72,0.73,2269,0,-1,1,V-1,HV,1,0,-1,1
mathcalF,0.72,0.73,2270,0,0,0,I,HV,1,0,0,1
mathcalF,0.72,0.73,2271,0,0,0,I,HV,1,0,0,1
mathcalF,0.72,0.73,2272,0,0,0,I,HV,1,0,0,1
mathcalF,0.72,0.73,2273,0,0,0,I,HV,1,0,0,1
mathcalF,0.72,0.73,2274,0,-1,1,V-1,HV,1,0,-1,1
mathcalF,0.72,0.73,2275,0,-1,1,V-1,HV,1,0,-1,1
mathcalF,0.72,0.73,2276,0,1,1,V+1,HV,1,0,1,1
mathcalF,0.72,0.73,2277,0,1,1,V+1,HV,1,0,1,1
mathcalF,0.72,0.73,2278,0,0,0,I,HV,1,0,0,1
mathcalF,0.72,0.73,2279,0,0,0,I,HV,1,0,0,1
mathcalF,0.72,0.73,2280,0,0,0,I,HV,1,0,0,1
mathcalF,0.72,0.73,2281,0,0,0,I,HV,1,0,0,1
mathcalF,0.72,0.73,2282,0,0,0,I,HV,1,0,0,1
mathcalF,0.72,0.73,2283,0,0,0,I,HV,1,0,0,1
mathcalF,0.72,0.73,2284,0,0,0,I,HV,1,0,0,1
mathcalF,0.72,0.73,2285,0,0,0,I,HV,1,0,0,1
mathcalF,0.72,0.73,2286,0,1,1,V+1,HV,1,0,1,1
mathcalF,0.72,0.73,2287,0,1,1,V+1,HV,1,0,1,1
mathcalF,0.72,0.73,2288,0,0,0,I,HV,1,0,0,1
mathcalF,0.72,0.73,2289,0,0,0,I,HV,1,0,0,1
mathcalF,0.72,0.73,2290,0,0,0,I,HV,1,0,0,1
mathcalF,0.72,0.73,2291,0,0,0,I,HV,1,0,0,1
mathcalF,0.72,0.73,2292,0,0,0,I,HV,1,0,0,1
mathcalF,0.72,0.73,2293,0,0,0,I,HV,1,0,0,1
mathcalF,0.72,0.73,2294,0,0,0,I,HV,1,0,0,1
mathcalF,0.72,0.73,2295,0,0,0,I,HV,1,0,0,1
mathcalF,0.72,0.73,2296,0,0,0,I,HV,1,0,0,1
mathcalF,0.72,0.73,2297,0,0,0,I,HV,1,0,0,1
mathcalF,0.72,0.73,2298,0,0,0,I,HV,1,0,0,1
mathcalF,0.72,0.73,2299,0,0,0,I,HV,1,0,0,1
mathcalF,0.72,0.73,2300,0,0,0,I,HV,1,0,0,1
mathcalF,0.72,0.73,2301,0,0,0,I,HV,1,0,0,1
mathcalF,0.72,0.73,2302,0,0,0,I,HV,1,0,0,1
mathcalF,0.72,0.73,2303,0,0,0,I,HV,1,0,0,1
mathcalF,0.72,0.73,2304,0,0,0,I,HV,1,0,0,1
mathcalF,0.72,0.73,2305,0,0,0,I,HV,1,0,0,1
mathcalF,0.72,0.73,2306,0,0,0,I,HV,1,0,0,1
mathcalF,0.72,0.73,2307,0,0,0,I,HV,1,0,0,1
mathcalF,0.72,0.73,2308,0,0,0,I,HV,1,0,0,1
mathcalF,0.72,0.73,2309,0,0,0,I,HV,1,0,0,1
mathcalF,0.72,0.73,2310,0,-1,1,V-1,HV,1,0,-1,1
mathcalF,0.72,0.73,2311,0,0,0,I,HV,1,0,0,1
mathcalF,0.72,0.73,2312,-1,1,2,V+1 H-1,VH,1,-1,1,0
mathcalF,0.72,0.73,2313,0,0,0,I,HV,1,0,0,1
mathcalF,0.72,0.73,2314,-1,1,2,V+1 H-1,VH,1,-1,1,0
mathcalF,0.72,0.73,2315,0,0,0,I,HV,1,0,0,1
mathcalF,0.72,0.73,2316,1,0,1,H+1,HV,1,1,0,1
mathcalF,0.72,0.73,2317,1,0,1,H+1,HV,1,1,0,1
mathcalF,0.72,0.73,2318,-1,0,1,H-1,HV,1,-1,0,1
mathcalF,0.72,0.73,2319,-1,0,1,H-1,HV,1,-1,0,1
mathcalF,0.72,0.73,2320,1,0,1,H+1,HV,1,1,0,1
mathcalF,0.72,0.73,2321,1,0,1,H+1,HV,1,1,0,1
mathcalF,0.72,0.73,2322,1,0,1,H+1,HV,1,1,0,1
mathcalF,0.72,0.73,2323,1,0,1,H+1,HV,1,1,0,1
mathcalF,0.72,0.73,2324,-1,0,1,H-1,HV,1,-1,0,1
mathcalF,0.72,0.73,2325,-1,0,1,H-1,HV,1,-1,0,1
mathcalF,0.72,0.73,2326,1,0,1,H+1,HV,1,1,0,1
mathcalF,0.72,0.73,2327,1,0,1,H+1,HV,1,1,0,1
mathcalF,0.72,0.73,2328,1,0,1,H+1,HV,1,1,0,1
mathcalF,0.72,0.73,2329,1,0,1,H+1,HV,1,1,0,1
mathcalF,0.72,0.73,2330,1,0,1,H+1,HV,1,1,0,1
mathcalF,0.72,0.73,2331,1,0,1,H+1,HV,1,1,0,1
mathcalF,0.72,0.73,2332,-1,0,1,H-1,HV,1,-1,0,1
mathcalF,0.72,0.73,2333,-1,0,1,H-1,HV,1,-1,0,1
mathcalF,0.72,0.73,2334,1,0,1,H+1,HV,1,1,0,1
mathcalF,0.72,0.73,2335,1,0,1,H+1,HV,1,1,0,1
mathcalF,0.72,0.73,2336,1,-1,2,H+1 V-1,HV,0,1,-1,1
mathcalF,0.72,0.73,2337,1,-1,2,H+1 V-1,HV,0,1,-1,1
mathcalF,0.72,0.73,2338,-1,1,2,H-1 V+1,HV,0,-1,1,1
mathcalF,0.72,0.73,2339,-1,1,2,H-1 V+1,HV,0,-1,1,1
mathcalF,0.72,0.73,2340,1,-1,2,H+1 V-1,HV,0,1,-1,1
mathcalF,0.72,0.73,2341,1,-1,2,H+1 V-1,HV,0,1,-1,1
mathcalF,0.72,0.73,2342,1,0,1,H+1,HV,1,1,0,1
mathcalF,0.72,0.73,2343,1,0,1,H+1,HV,1,1,0,1
mathcalF,0.72,0.73,2344,1,-1,2,H+1 V-1,HV,0,1,-1,1
mathcalF,0.72,0.73,2345,1,-1,2,H+1 V-1,HV,0,1,-1,1
mathcalF,0.72,0.73,2346,1,0,1,H+1,HV,1,1,0,1
mathcalF,0.72,0.73,2347,1,0,1,H+1,HV,1,1,0,1
mathcalF,0.72,0.73,2348,1,0,1,H+1,HV,1,1,0,1
mathcalF,0.72,0.73,2349,1,0,1,H+1,HV,1,1,0,1
mathcalF,0.72,0.73,2350,1,0,1,H+1,HV,1,1,0,1
mathcalF,0.72,0.73,2351,1,0,1,H+1,HV,1,1,0,1
mathcalF,0.72,0.73,2352,1,0,1,H+1,HV,1,1,0,1
mathcalF,0.72,0.73,2353,1,0,1,H+1,HV,1,1,0,1
mathcalF,0.72,0.73,2354,1,0,1,H+1,HV,1,1,0,1
mathcalF,0.72,0.73,2355,1,0,1,H+1,HV,1,1,0,1
mathcalF,0.72,0.73,2356,-1,0,1,H-1,HV,1,-1,0,1
mathcalF,0.72,0.73,2357,-1,0,1,H-1,HV,1,-1,0,1
mathcalF,0.72,0.73,2358,1,-1,2,H+1 V-1,HV,0,1,-1,1
mathcalF,0.72,0.73,2359,0,0,0,I,HV,1,0,0,1
mathcalF,0.72,0.73,2360,0,0,0,I,HV,1,0,0,1
mathcalF,0.72,0.73,2361,0,0,0,I,HV,1,0,0,1
mathcalF,0.72,0.73,2362,0,0,0,I,HV,1,0,0,1
mathcalF,0.72,0.73,2363,0,0,0,I,HV,1,0,0,1
mathcalF,0.72,0.73,2364,0,0,0,I,HV,1,0,0,1
mathcalF,0.72,0.73,2365,0,0,0,I,HV,1,0,0,1
mathcalF,0.72,0.73,2366,0,0,0,I,HV,1,0,0,1
mathcalF,0.72,0.73,2367,0,0,0,I,HV,1,0,0,1
mathcalF,0.72,0.73,2368,0,0,0,I,HV,1,0,0,1
mathcalF,0.72,0.73,2369,0,0,0,I,HV,1,0,0,1
mathcalF,0.72,0.73,2370,0,0,0,I,HV,1,0,0,1
mathcalF,0.72,0.73,2371,0,0,0,I,HV,1,0,0,1
mathcalF,0.72,0.73,2372,0,1,1,V+1,HV,1,0,1,1
mathcalF,0.72,0.73,2373,0,1,1,V+1,HV,1,0,1,1
mathcalF,0.72,0.73,2374,0,0,0,I,HV,1,0,0,1
mathcalF,0.72,0.73,2375,0,0,0,I,HV,1,0,0,1
mathcalF,0.72,0.73,2376,0,0,0,I,HV,1,0,0,1
mathcalF,0.72,0.73,2377,0,0,0,I,HV,1,0,0,1
mathcalF,0.72,0.73,2378,0,0,0,I,HV,1,0,0,1
mathcalF,0.72,0.73,2379,0,0,0,I,HV,1,0,0,1
mathcalF,0.72,0.73,2380,0,0,0,I,HV,1,0,0,1
mathcalF,0.72,0.73,2381,0,0,0,I,HV,1,0,0,1
mathcalF,0.72,0.73,2382,0,1,1,V+1,HV,1,0,1,1
mathcalF,0.72,0.73,2383,0,1,1,V+1,HV,1,0,1,1
mathcalF,0.72,0.73,2384,0,0,0,I,HV,1,0,0,1
mathcalF,0.72,0.73,2385,0,0,0,I,HV,1,0,0,1
mathcalF,0.72,0.73,2386,0,0,0,I,HV,1,0,0,1
mathcalF,0.72,0.73,2387,0,0,0,I,HV,1,0,0,1
mathcalF,0.72,0.73,2388,0,0,0,I,HV,1,0,0,1
mathcalF,0.72,0.73,2389,0,0,0,I,HV,1,0,0,1
mathcalF,0.72,0.73,2390,0,0,0,I,HV,1,0,0,1
mathcalF,0.72,0.73,2391,0,0,0,I,HV,1,0,0,1
mathcalF,0.72,0.73,2392,0,0,0,I,HV,1,0,0,1
mathcalF,0.72,0.73,2393,0,0,0,I,HV,1,0,0,1
mathcalF,0.72,0.73,2394,0,0,0,I,HV,1,0,0,1
mathcalF,0.72,0.73,2395,0,0,0,I,HV,1,0,0,1
mathcalF,0.72,0.73,2396,0,0,0,I,HV,1,0,0,1
mathcalF,0.72,0.73,2397,0,0,0,I,HV,1,0,0,1
mathcalF,0.72,0.73,2398,0,-1,1,V-1,HV,1,0,-1,1
mathcalF,0.72,0.73,2399,0,-1,1,V-1,HV,1,0,-1,1
mathcalF,0.72,0.73,2400,0,-1,1,V-1,HV,1,0,-1,1
mathcalF,0.72,0.73,2401,0,-1,1,V-1,HV,1,0,-1,1
mathcalF,0.72,0.73,2402,0,-1,1,V-1,HV,1,0,-1,1
mathcalF,0.72,0.73,2403,0,-1,1,V-1,HV,1,0,-1,1
mathcalF,0.72,0.73,2404,0,0,0,I,HV,1,0,0,1
mathcalF,0.72,0.73,2405,0,0,0,I,HV,1,0,0,1
mathcalF,0.72,0.73,2406,0,0,0,I,HV,1,0,0,1
mathcalF,0.72,0.73,2407,0,0,0,I,HV,1,0,0,1
mathcalF,0.72,0.73,2408,0,-1,1,V-1,HV,1,0,-1,1
mathcalF,0.72,0.73,2409,0,-1,1,V-1,HV,1,0,-1,1
mathcalF,0.72,0.73,2410,0,0,0,I,HV,1,0,0,1
mathcalF,0.72,0.73,2411,0,0,0,I,HV,1,0,0,1
mathcalF,0.72,0.73,2412,0,0,0,I,HV,1,0,0,1
mathcalF,0.72,0.73,2413,0,0,0,I,HV,1,0,0,1
mathcalF,0.72,0.73,2414,0,-1,1,V-1,HV,1,0,-1,1
mathcalF,0.72,0.73,2415,0,-1,1,V-1,HV,1,0,-1,1
mathcalF,0.72,0.73,2416,0,1,1,V+1,HV,1,0,1,1
mathcalF,0.72,0.73,2417,0,1,1,V+1,HV,1,0,1,1
mathcalF,0.72,0.73,2418,0,0,0,I,HV,1,0,0,1
mathcalF,0.72,0.73,2419,0,0,0,I,HV,1,0,0,1
mathcalF,0.72,0.73,2420,0,0,0,I,HV,1,0,0,1
mathcalF,0.72,0.73,2421,0,0,0,I,HV,1,0,0,1
mathcalF,0.72,0.73,2422,0,0,0,I,HV,1,0,0,1
mathcalF,0.72,0.73,2423,0,0,0,I,HV,1,0,0,1
mathcalF,0.72,0.73,2424,0,0,0,I,HV,1,0,0,1
mathcalF,0.72,0.73,2425,0,0,0,I,HV,1,0,0,1
mathcalF,0.72,0.73,2426,0,1,1,V+1,HV,1,0,1,1
mathcalF,0.72,0.73,2427,0,1,1,V+1,HV,1,0,1,1
mathcalF,0.72,0.73,2428,0,0,0,I,HV,1,0,0,1
mathcalF,0.72,0.73,2429,0,0,0,I,HV,1,0,0,1
mathcalF,0.72,0.73,2430,0,0,0,I,HV,1,0,0,1
mathcalF,0.72,0.73,2431,0,0,0,I,HV,1,0,0,1
mathcalF,0.72,0.73,2432,0,0,0,I,HV,1,0,0,1
mathcalF,0.72,0.73,2433,0,0,0,I,HV,1,0,0,1
mathcalF,0.72,0.73,2434,0,0,0,I,HV,1,0,0,1
mathcalF,0.72,0.73,2435,0,0,0,I,HV,1,0,0,1
mathcalF,0.72,0.73,2436,0,0,0,I,HV,1,0,0,1
mathcalF,0.72,0.73,2437,0,0,0,I,HV,1,0,0,1
mathcalF,0.72,0.73,2438,0,0,0,I,HV,1,0,0,1
mathcalF,0.72,0.73,2439,0,0,0,I,HV,1,0,0,1
mathcalF,0.72,0.73,2440,0,0,0,I,HV,1,0,0,1
mathcalF,0.72,0.73,2441,0,0,0,I,HV,1,0,0,1
mathcalF,0.72,0.73,2442,0,0,0,I,HV,1,0,0,1
mathcalF,0.72,0.73,2443,0,0,0,I,HV,1,0,0,1
mathcalF,0.72,0.73,2444,0,0,0,I,HV,1,0,0,1
mathcalF,0.72,0.73,2445,0,0,0,I,HV,1,0,0,1
mathcalF,0.72,0.73,2446,0,0,0,I,HV,1,0,0,1
mathcalF,0.72,0.73,2447,0,0,0,I,HV,1,0,0,1
mathcalF,0.72,0.73,2448,0,0,0,I,HV,1,0,0,1
mathcalF,0.72,0.73,2449,-1,1,2,V+1 H-1,VH,1,-1,1,0
mathcalF,0.72,0.73,2450,-1,1,2,V+1 H-1,VH,1,-1,1,0
mathcalF,0.72,0.73,2451,0,0,0,I,HV,1,0,0,1
mathcalF,0.72,0.73,2452,0,-1,1,V-1,HV,1,0,-1,1
mathcalF,0.72,0.73,2453,0,-1,1,V-1,HV,1,0,-1,1
mathcalF,0.72,0.73,2454,1,0,1,H+1,HV,1,1,0,1
mathcalF,0.72,0.73,2455,0,0,0,I,HV,1,0,0,1
mathcalF,0.72,0.73,2456,1,0,1,H+1,HV,1,1,0,1
mathcalF,0.72,0.73,2457,-1,0,1,H-1,HV,1,-1,0,1
mathcalF,0.72,0.73,2458,-1,0,1,H-1,HV,1,-1,0,1
mathcalF,0.72,0.73,2459,1,0,1,H+1,HV,1,1,0,1
mathcalF,0.72,0.73,2460,1,0,1,H+1,HV,1,1,0,1
mathcalF,0.72,0.73,2461,0,1,1,V+1,HV,1,0,1,1
mathcalF,0.72,0.73,2462,0,-1,1,V-1,HV,1,0,-1,1
mathcalF,0.72,0.73,2463,0,0,0,I,HV,1,0,0,1
mathcalF,0.72,0.73,2464,-1,0,1,H-1,HV,1,-1,0,1
mathcalF,0.72,0.73,2465,-1,0,1,H-1,HV,1,-1,0,1
mathcalF,0.72,0.73,2466,1,0,1,H+1,HV,1,1,0,1
mathcalF,0.72,0.73,2467,1,0,1,H+1,HV,1,1,0,1
mathcalF,0.72,0.73,2468,1,0,1,H+1,HV,1,1,0,1
mathcalF,0.72,0.73,2469,1,0,1,H+1,HV,1,1,0,1
mathcalF,0.72,0.73,2470,1,0,1,H+1,HV,1,1,0,1
mathcalF,0.72,0.73,2471,1,0,1,H+1,HV,1,1,0,1
mathcalF,0.72,0.73,2472,-1,0,1,H-1,HV,1,-1,0,1
mathcalF,0.72,0.73,2473,-1,0,1,H-1,HV,1,-1,0,1
mathcalF,0.72,0.73,2474,1,0,1,H+1,HV,1,1,0,1
mathcalF,0.72,0.73,2475,1,0,1,H+1,HV,1,1,0,1
mathcalF,0.72,0.73,2476,1,-1,2,H+1 V-1,HV,0,1,-1,1
mathcalF,0.72,0.73,2477,1,-1,2,H+1 V-1,HV,0,1,-1,1
mathcalF,0.72,0.73,2478,-1,1,2,H-1 V+1,HV,0,-1,1,1
mathcalF,0.72,0.73,2479,-1,1,2,H-1 V+1,HV,0,-1,1,1
mathcalF,0.72,0.73,2480,1,-1,2,H+1 V-1,HV,0,1,-1,1
mathcalF,0.72,0.73,2481,1,-1,2,H+1 V-1,HV,0,1,-1,1
mathcalF,0.72,0.73,2482,1,0,1,H+1,HV,1,1,0,1
mathcalF,0.72,0.73,2483,1,0,1,H+1,HV,1,1,0,1
mathcalF,0.72,0.73,2484,1,-1,2,H+1 V-1,HV,0,1,-1,1
mathcalF,0.72,0.73,2485,1,-1,2,H+1 V-1,HV,0,1,-1,1
mathcalF,0.72,0.73,2486,1,0,1,H+1,HV,1,1,0,1
mathcalF,0.72,0.73,2487,1,0,1,H+1,HV,1,1,0,1
mathcalF,0.72,0.73,2488,1,0,1,H+1,HV,1,1,0,1
mathcalF,0.72,0.73,2489,1,0,1,H+1,HV,1,1,0,1
mathcalF,0.72,0.73,2490,1,0,1,H+1,HV,1,1,0,1
mathcalF,0.72,0.73,2491,1,0,1,H+1,HV,1,1,0,1
mathcalF,0.72,0.73,2492,1,0,1,H+1,HV,1,1,0,1
mathcalF,0.72,0.73,2493,1,0,1,H+1,HV,1,1,0,1
mathcalF,0.72,0.73,2494,-1,0,1,H-1,HV,1,-1,0,1
mathcalF,0.72,0.73,2495,1,0,1,H+1,HV,1,1,0,1
mathcalF,0.72,0.73,2496,-2,0,2,H-1 H-1,HV,1,-2,0,1
mathcalF,0.72,0.73,2497,-1,0,1,H-1,HV,1,-1,0,1
mathcalF,0.72,0.73,2498,0,0,0,I,HV,1,0,0,1
mathcalF,0.72,0.73,2499,-1,0,1,H-1,HV,1,-1,0,1
mathcalF,0.72,0.73,2500,0,0,0,I,HV,1,0,0,1
mathcalF,0.72,0.73,2501,0,0,0,I,HV,1,0,0,1
mathcalF,0.72,0.73,2502,0,0,0,I,HV,1,0,0,1
mathcalF,0.72,0.73,2503,0,0,0,I,HV,1,0,0,1
mathcalF,0.72,0.73,2504,0,0,0,I,HV,1,0,0,1
mathcalF,0.72,0.73,2505,0,0,0,I,HV,1,0,0,1
mathcalF,0.72,0.73,2506,0,0,0,I,HV,1,0,0,1
mathcalF,0.72,0.73,2507,0,0,0,I,HV,1,0,0,1
mathcalF,0.72,0.73,2508,0,0,0,I,HV,1,0,0,1
mathcalF,0.72,0.73,2509,0,0,0,I,HV,1,0,0,1
mathcalF,0.72,0.73,2510,0,0,0,I,HV,1,0,0,1
mathcalF,0.72,0.73,2511,0,0,0,I,HV,1,0,0,1
mathcalF,0.72,0.73,2512,0,1,1,V+1,HV,1,0,1,1
mathcalF,0.72,0.73,2513,0,1,1,V+1,HV,1,0,1,1
mathcalF,0.72,0.73,2514,0,0,0,I,HV,1,0,0,1
mathcalF,0.72,0.73,2515,0,0,0,I,HV,1,0,0,1
mathcalF,0.72,0.73,2516,0,0,0,I,HV,1,0,0,1
mathcalF,0.72,0.73,2517,0,0,0,I,HV,1,0,0,1
mathcalF,0.72,0.73,2518,0,0,0,I,HV,1,0,0,1
mathcalF,0.72,0.73,2519,0,0,0,I,HV,1,0,0,1
mathcalF,0.72,0.73,2520,0,0,0,I,HV,1,0,0,1
mathcalF,0.72,0.73,2521,0,0,0,I,HV,1,0,0,1
mathcalF,0.72,0.73,2522,0,1,1,V+1,HV,1,0,1,1
mathcalF,0.72,0.73,2523,0,1,1,V+1,HV,1,0,1,1
mathcalF,0.72,0.73,2524,0,0,0,I,HV,1,0,0,1
mathcalF,0.72,0.73,2525,0,0,0,I,HV,1,0,0,1
mathcalF,0.72,0.73,2526,0,0,0,I,HV,1,0,0,1
mathcalF,0.72,0.73,2527,0,0,0,I,HV,1,0,0,1
mathcalF,0.72,0.73,2528,0,0,0,I,HV,1,0,0,1
mathcalF,0.72,0.73,2529,0,0,0,I,HV,1,0,0,1
mathcalF,0.72,0.73,2530,0,0,0,I,HV,1,0,0,1
mathcalF,0.72,0.73,2531,0,0,0,I,HV,1,0,0,1
mathcalF,0.72,0.73,2532,0,0,0,I,HV,1,0,0,1
mathcalF,0.72,0.73,2533,0,0,0,I,HV,1,0,0,1
mathcalF,0.72,0.73,2534,0,0,0,I,HV,1,0,0,1
mathcalF,0.72,0.73,2535,0,0,0,I,HV,1,0,0,1
mathcalF,0.72,0.73,2536,0,0,0,I,HV,1,0,0,1
mathcalF,0.72,0.73,2537,0,0,0,I,HV,1,0,0,1
mathcalF,0.72,0.73,2538,0,-1,1,V-1,HV,1,0,-1,1
mathcalF,0.72,0.73,2539,0,-1,1,V-1,HV,1,0,-1,1
mathcalF,0.72,0.73,2540,0,-1,1,V-1,HV,1,0,-1,1
mathcalF,0.72,0.73,2541,0,-1,1,V-1,HV,1,0,-1,1
mathcalF,0.72,0.73,2542,0,-1,1,V-1,HV,1,0,-1,1
mathcalF,0.72,0.73,2543,0,-1,1,V-1,HV,1,0,-1,1
mathcalF,0.72,0.73,2544,0,0,0,I,HV,1,0,0,1
mathcalF,0.72,0.73,2545,0,0,0,I,HV,1,0,0,1
mathcalF,0.72,0.73,2546,0,0,0,I,HV,1,0,0,1
mathcalF,0.72,0.73,2547,0,0,0,I,HV,1,0,0,1
mathcalF,0.72,0.73,2548,0,-1,1,V-1,HV,1,0,-1,1
mathcalF,0.72,0.73,2549,0,-1,1,V-1,HV,1,0,-1,1
mathcalF,0.72,0.73,2550,0,0,0,I,HV,1,0,0,1
mathcalF,0.72,0.73,2551,0,0,0,I,HV,1,0,0,1
mathcalF,0.72,0.73,2552,0,0,0,I,HV,1,0,0,1
mathcalF,0.72,0.73,2553,0,-1,1,V-1,HV,1,0,-1,1
mathcalF,0.72,0.73,2554,0,-1,1,V-1,HV,1,0,-1,1
mathcalF,0.72,0.73,2555,0,1,1,V+1,HV,1,0,1,1
mathcalF,0.72,0.73,2556,0,0,0,I,HV,1,0,0,1
mathcalF,0.72,0.73,2557,0,1,1,V+1,HV,1,0,1,1
mathcalF,0.72,0.73,2558,0,0,0,I,HV,1,0,0,1
mathcalF,0.72,0.73,2559,0,0,0,I,HV,1,0,0,1
mathcalF,0.72,0.73,2560,0,0,0,I,HV,1,0,0,1
mathcalF,0.72,0.73,2561,0,0,0,I,HV,1,0,0,1
mathcalF,0.72,0.73,2562,0,0,0,I,HV,1,0,0,1
mathcalF,0.72,0.73,2563,0,0,0,I,HV,1,0,0,1
mathcalF,0.72,0.73,2564,0,0,0,I,HV,1,0,0,1
mathcalF,0.72,0.73,2565,0,1,1,V+1,HV,1,0,1,1
mathcalF,0.72,0.73,2566,0,1,1,V+1,HV,1,0,1,1
mathcalF,0.72,0.73,2567,0,0,0,I,HV,1,0,0,1
mathcalF,0.72,0.73,2568,0,0,0,I,HV,1,0,0,1
mathcalF,0.72,0.73,2569,0,0,0,I,HV,1,0,0,1
mathcalF,0.72,0.73,2570,0,0,0,I,HV,1,0,0,1
mathcalF,0.72,0.73,2571,0,0,0,I,HV,1,0,0,1
mathcalF,0.72,0.73,2572,0,0,0,I,HV,1,0,0,1
mathcalF,0.72,0.73,2573,0,0,0,I,HV,1,0,0,1
mathcalF,0.72,0.73,2574,0,0,0,I,HV,1,0,0,1
mathcalF,0.72,0.73,2575,0,0,0,I,HV,1,0,0,1
mathcalF,0.72,0.73,2576,0,0,0,I,HV,1,0,0,1
mathcalF,0.72,0.73,2577,0,0,0,I,HV,1,0,0,1
mathcalF,0.72,0.73,2578,0,0,0,I,HV,1,0,0,1
mathcalF,0.72,0.73,2579,0,0,0,I,HV,1,0,0,1
mathcalF,0.72,0.73,2580,0,0,0,I,HV,1,0,0,1
mathcalF,0.72,0.73,2581,0,0,0,I,HV,1,0,0,1
mathcalF,0.72,0.73,2582,0,0,0,I,HV,1,0,0,1
mathcalF,0.72,0.73,2583,0,0,0,I,HV,1,0,0,1
mathcalF,0.72,0.73,2584,0,0,0,I,HV,1,0,0,1
mathcalF,0.72,0.73,2585,0,0,0,I,HV,1,0,0,1
mathcalF,0.72,0.73,2586,0,0,0,I,HV,1,0,0,1
mathcalF,0.72,0.73,2587,0,0,0,I,HV,1,0,0,1
mathcalF,0.72,0.73,2588,0,-1,1,V-1,HV,1,0,-1,1
mathcalF,0.72,0.73,2589,0,-1,1,V-1,HV,1,0,-1,1
mathcalF,0.72,0.73,2590,0,0,0,I,HV,1,0,0,1
mathcalF,0.72,0.73,2591,-1,1,2,V+1 H-1,VH,1,-1,1,0
mathcalF,0.72,0.73,2592,1,0,1,H+1,HV,1,1,0,1
mathcalF,0.72,0.73,2593,-1,0,1,H-1,HV,1,-1,0,1
mathcalF,0.72,0.73,2594,1,0,1,H+1,HV,1,1,0,1
mathcalF,0.72,0.73,2595,1,0,1,H+1,HV,1,1,0,1
mathcalF,0.72,0.73,2596,1,0,1,H+1,HV,1,1,0,1
mathcalF,0.72,0.73,2597,1,-1,2,H+1 V-1,HV,0,1,-1,1
mathcalF,0.72,0.73,2598,1,0,1,H+1,HV,1,1,0,1
mathcalF,0.72,0.73,2599,1,0,1,H+1,HV,1,1,0,1
mathcalF,0.72,0.73,2600,1,0,1,H+1,HV,1,1,0,1
mathcalF,0.72,0.73,2601,1,0,1,H+1,HV,1,1,0,1
mathcalF,0.72,0.73,2602,-1,0,1,H-1,HV,1,-1,0,1
mathcalF,0.72,0.73,2603,1,-1,2,V-1 H+1,VH,1,1,-1,0
mathcalF,0.72,0.73,2604,4,0,4,H+1 H+1 H+1 H+1,HV,1,4,0,1
mathcalF,0.72,0.73,2605,1,-1,2,V-1 H+1,VH,1,1,-1,0
mathcalF,0.72,0.73,2606,1,0,1,H+1,HV,1,1,0,1
mathcalF,0.72,0.73,2607,1,0,1,H+1,HV,1,1,0,1
mathcalF,0.72,0.73,2608,1,0,1,H+1,HV,1,1,0,1
mathcalF,0.72,0.73,2609,1,0,1,H+1,HV,1,1,0,1
mathcalF,0.72,0.73,2610,1,0,1,H+1,HV,1,1,0,1
mathcalF,0.72,0.73,2611,1,0,1,H+1,HV,1,1,0,1
mathcalF,0.72,0.73,2612,-1,0,1,H-1,HV,1,-1,0,1
mathcalF,0.72,0.73,2613,-1,0,1,H-1,HV,1,-1,0,1
mathcalF,0.72,0.73,2614,1,0,1,H+1,HV,1,1,0,1
mathcalF,0.72,0.73,2615,1,0,1,H+1,HV,1,1,0,1
mathcalF,0.72,0.73,2616,1,-1,2,H+1 V-1,HV,0,1,-1,1
mathcalF,0.72,0.73,2617,1,-1,2,H+1 V-1,HV,0,1,-1,1
mathcalF,0.72,0.73,2618,-1,1,2,H-1 V+1,HV,0,-1,1,1
mathcalF,0.72,0.73,2619,-1,1,2,H-1 V+1,HV,0,-1,1,1
mathcalF,0.72,0.73,2620,1,-1,2,H+1 V-1,HV,0,1,-1,1
mathcalF,0.72,0.73,2621,1,-1,2,H+1 V-1,HV,0,1,-1,1
mathcalF,0.72,0.73,2622,1,0,1,H+1,HV,1,1,0,1
mathcalF,0.72,0.73,2623,1,0,1,H+1,HV,1,1,0,1
mathcalF,0.72,0.73,2624,1,-1,2,H+1 V-1,HV,0,1,-1,1
mathcalF,0.72,0.73,2625,1,0,1,H+1,HV,1,1,0,1
mathcalF,0.72,0.73,2626,1,0,1,H+1,HV,1,1,0,1
mathcalF,0.72,0.73,2627,1,0,1,H+1,HV,1,1,0,1
mathcalF,0.72,0.73,2628,1,0,1,H+1,HV,1,1,0,1
mathcalF,0.72,0.73,2629,1,0,1,H+1,HV,1,1,0,1
mathcalF,0.72,0.73,2630,1,0,1,H+1,HV,1,1,0,1
mathcalF,0.72,0.73,2631,1,0,1,H+1,HV,1,1,0,1
mathcalF,0.72,0.73,2632,1,0,1,H+1,HV,1,1,0,1
mathcalF,0.72,0.73,2633,1,0,1,H+1,HV,1,1,0,1
mathcalF,0.72,0.73,2634,1,0,1,H+1,HV,1,1,0,1
mathcalF,0.72,0.73,2635,0,0,0,I,HV,1,0,0,1
mathcalF,0.72,0.73,2636,0,-1,1,V-1,HV,1,0,-1,1
mathcalF,0.72,0.73,2637,-1,0,1,H-1,HV,1,-1,0,1
mathcalF,0.72,0.73,2638,0,0,0,I,HV,1,0,0,1
mathcalF,0.72,0.73,2639,0,0,0,I,HV,1,0,0,1
mathcalF,0.72,0.73,2640,0,0,0,I,HV,1,0,0,1
mathcalF,0.72,0.73,2641,0,0,0,I,HV,1,0,0,1
mathcalF,0.72,0.73,2642,0,0,0,I,HV,1,0,0,1
mathcalF,0.72,0.73,2643,0,0,0,I,HV,1,0,0,1
mathcalF,0.72,0.73,2644,0,0,0,I,HV,1,0,0,1
mathcalF,0.72,0.73,2645,0,0,0,I,HV,1,0,0,1
mathcalF,0.72,0.73,2646,0,0,0,I,HV,1,0,0,1
mathcalF,0.72,0.73,2647,0,0,0,I,HV,1,0,0,1
mathcalF,0.72,0.73,2648,0,0,0,I,HV,1,0,0,1
mathcalF,0.72,0.73,2649,0,0,0,I,HV,1,0,0,1
mathcalF,0.72,0.73,2650,0,0,0,I,HV,1,0,0,1
mathcalF,0.72,0.73,2651,0,0,0,I,HV,1,0,0,1
mathcalF,0.72,0.73,2652,0,1,1,V+1,HV,1,0,1,1
mathcalF,0.72,0.73,2653,0,1,1,V+1,HV,1,0,1,1
mathcalF,0.72,0.73,2654,0,0,0,I,HV,1,0,0,1
mathcalF,0.72,0.73,2655,0,0,0,I,HV,1,0,0,1
mathcalF,0.72,0.73,2656,0,0,0,I,HV,1,0,0,1
mathcalF,0.72,0.73,2657,0,0,0,I,HV,1,0,0,1
mathcalF,0.72,0.73,2658,0,0,0,I,HV,1,0,0,1
mathcalF,0.72,0.73,2659,0,0,0,I,HV,1,0,0,1
mathcalF,0.72,0.73,2660,0,0,0,I,HV,1,0,0,1
mathcalF,0.72,0.73,2661,0,0,0,I,HV,1,0,0,1
mathcalF,0.72,0.73,2662,0,1,1,V+1,HV,1,0,1,1
mathcalF,0.72,0.73,2663,0,1,1,V+1,HV,1,0,1,1
mathcalF,0.72,0.73,2664,0,0,0,I,HV,1,0,0,1
mathcalF,0.72,0.73,2665,0,0,0,I,HV,1,0,0,1
mathcalF,0.72,0.73,2666,0,0,0,I,HV,1,0,0,1
mathcalF,0.72,0.73,2667,0,0,0,I,HV,1,0,0,1
mathcalF,0.72,0.73,2668,0,0,0,I,HV,1,0,0,1
mathcalF,0.72,0.73,2669,0,0,0,I,HV,1,0,0,1
mathcalF,0.72,0.73,2670,0,0,0,I,HV,1,0,0,1
mathcalF,0.72,0.73,2671,0,0,0,I,HV,1,0,0,1
mathcalF,0.72,0.73,2672,0,0,0,I,HV,1,0,0,1
mathcalF,0.72,0.73,2673,0,0,0,I,HV,1,0,0,1
mathcalF,0.72,0.73,2674,0,0,0,I,HV,1,0,0,1
mathcalF,0.72,0.73,2675,0,0,0,I,HV,1,0,0,1
mathcalF,0.72,0.73,2676,0,0,0,I,HV,1,0,0,1
mathcalF,0.72,0.73,2677,0,0,0,I,HV,1,0,0,1
mathcalF,0.72,0.73,2678,0,-1,1,V-1,HV,1,0,-1,1
mathcalF,0.72,0.73,2679,0,-1,1,V-1,HV,1,0,-1,1
mathcalF,0.72,0.73,2680,0,-1,1,V-1,HV,1,0,-1,1
mathcalF,0.72,0.73,2681,-1,1,2,V+1 H-1,VH,1,-1,1,0
mathcalF,0.72,0.73,2682,-1,1,2,V+1 H-1,VH,1,-1,1,0
mathcalF,0.72,0.73,2683,0,0,0,I,HV,1,0,0,1
mathcalF,0.72,0.73,2684,0,0,0,I,HV,1,0,0,1
mathcalF,0.72,0.73,2685,0,0,0,I,HV,1,0,0,1
mathcalF,0.72,0.73,2686,0,0,0,I,HV,1,0,0,1
mathcalF,0.72,0.73,2687,-1,1,2,V+1 H-1,VH,1,-1,1,0
mathcalF,0.72,0.73,2688,-1,1,2,V+1 H-1,VH,1,-1,1,0
mathcalF,0.72,0.73,2689,0,0,0,I,HV,1,0,0,1
mathcalF,0.72,0.73,2690,0,0,0,I,HV,1,0,0,1
mathcalF,0.72,0.73,2691,0,0,0,I,HV,1,0,0,1
mathcalF,0.72,0.73,2692,0,0,0,I,HV,1,0,0,1
mathcalF,0.72,0.73,2693,0,-1,1,V-1,HV,1,0,-1,1
mathcalF,0.72,0.73,2694,0,1,1,V+1,HV,1,0,1,1
mathcalF,0.72,0.73,2695,0,1,1,V+1,HV,1,0,1,1
mathcalF,0.72,0.73,2696,0,0,0,I,HV,1,0,0,1
mathcalF,0.72,0.73,2697,0,0,0,I,HV,1,0,0,1
mathcalF,0.72,0.73,2698,0,0,0,I,HV,1,0,0,1
mathcalF,0.72,0.73,2699,0,0,0,I,HV,1,0,0,1
mathcalF,0.72,0.73,2700,0,0,0,I,HV,1,0,0,1
mathcalF,0.72,0.73,2701,0,0,0,I,HV,1,0,0,1
mathcalF,0.72,0.73,2702,0,0,0,I,HV,1,0,0,1
mathcalF,0.72,0.73,2703,0,0,0,I,HV,1,0,0,1
mathcalF,0.72,0.73,2704,0,1,1,V+1,HV,1,0,1,1
mathcalF,0.72,0.73,2705,0,1,1,V+1,HV,1,0,1,1
mathcalF,0.72,0.73,2706,0,0,0,I,HV,1,0,0,1
mathcalF,0.72,0.73,2707,0,0,0,I,HV,1,0,0,1
mathcalF,0.72,0.73,2708,0,0,0,I,HV,1,0,0,1
mathcalF,0.72,0.73,2709,0,0,0,I,HV,1,0,0,1
mathcalF,0.72,0.73,2710,0,0,0,I,HV,1,0,0,1
mathcalF,0.72,0.73,2711,0,0,0,I,HV,1,0,0,1
mathcalF,0.72,0.73,2712,0,0,0,I,HV,1,0,0,1
mathcalF,0.72,0.73,2713,0,0,0,I,HV,1,0,0,1
mathcalF,0.72,0.73,2714,0,0,0,I,HV,1,0,0,1
mathcalF,0.72,0.73,2715,0,0,0,I,HV,1,0,0,1
mathcalF,0.72,0.73,2716,0,0,0,I,HV,1,0,0,1
mathcalF,0.72,0.73,2717,0,0,0,I,HV,1,0,0,1
mathcalF,0.72,0.73,2718,0,0,0,I,HV,1,0,0,1
mathcalF,0.72,0.73,2719,0,0,0,I,HV,1,0,0,1
mathcalF,0.72,0.73,2720,0,0,0,I,HV,1,0,0,1
mathcalF,0.72,0.73,2721,0,0,0,I,HV,1,0,0,1
mathcalF,0.72,0.73,2722,0,0,0,I,HV,1,0,0,1
mathcalF,0.72,0.73,2723,0,0,0,I,HV,1,0,0,1
mathcalF,0.72,0.73,2724,0,0,0,I,HV,1,0,0,1
mathcalF,0.72,0.73,2725,0,0,0,I,HV,1,0,0,1
mathcalF,0.72,0.73,2726,0,0,0,I,HV,1,0,0,1
mathcalF,0.72,0.73,2727,-1,1,2,V+1 H-1,VH,1,-1,1,0
mathcalF,0.72,0.73,2728,-1,1,2,V+1 H-1,VH,1,-1,1,0
mathcalF,0.72,0.73,2729,0,0,0,I,HV,1,0,0,1
mathcalF,0.72,0.73,2730,0,0,0,I,HV,1,0,0,1
mathcalF,0.72,0.73,2731,1,-1,2,H+1 V-1,HV,0,1,-1,1
mathcalF,0.72,0.73,2732,1,0,1,H+1,HV,1,1,0,1
mathcalF,0.72,0.73,2733,1,0,1,H+1,HV,1,1,0,1
mathcalF,0.72,0.73,2734,1,0,1,H+1,HV,1,1,0,1
mathcalF,0.72,0.73,2735,1,0,1,H+1,HV,1,1,0,1
mathcalF,0.72,0.73,2736,1,-1,2,H+1 V-1,HV,0,1,-1,1
mathcalF,0.72,0.73,2737,1,-1,2,H+1 V-1,HV,0,1,-1,1
mathcalF,0.72,0.73,2738,1,0,1,H+1,HV,1,1,0,1
mathcalF,0.72,0.73,2739,1,0,1,H+1,HV,1,1,0,1
mathcalF,0.72,0.73,2740,1,0,1,H+1,HV,1,1,0,1
mathcalF,0.72,0.73,2741,1,0,1,H+1,HV,1,1,0,1
mathcalF,0.72,0.73,2742,-1,0,1,H-1,HV,1,-1,0,1
mathcalF,0.72,0.73,2743,-1,0,1,H-1,HV,1,-1,0,1
mathcalF,0.72,0.73,2744,-1,1,2,H-1 V+1,HV,0,-1,1,1
mathcalF,0.72,0.73,2745,-1,0,1,H-1,HV,1,-1,0,1
mathcalF,0.72,0.73,2746,-1,1,2,V+1 H-1,VH,1,-1,1,0
mathcalF,0.72,0.73,2747,1,0,1,H+1,HV,1,1,0,1
mathcalF,0.72,0.73,2748,0,1,1,V+1,HV,1,0,1,1
mathcalF,0.72,0.73,2749,1,0,1,H+1,HV,1,1,0,1
mathcalF,0.72,0.73,2750,1,0,1,H+1,HV,1,1,0,1
mathcalF,0.72,0.73,2751,-1,0,1,H-1,HV,1,-1,0,1
mathcalF,0.72,0.73,2752,-1,0,1,H-1,HV,1,-1,0,1
mathcalF,0.72,0.73,2753,1,0,1,H+1,HV,1,1,0,1
mathcalF,0.72,0.73,2754,1,-1,2,H+1 V-1,HV,0,1,-1,1
mathcalF,0.72,0.73,2755,1,0,1,H+1,HV,1,1,0,1
mathcalF,0.72,0.73,2756,1,0,1,H+1,HV,1,1,0,1
mathcalF,0.72,0.73,2757,1,-1,2,H+1 V-1,HV,0,1,-1,1
mathcalF,0.72,0.73,2758,0,-1,1,V-1,HV,1,0,-1,1
mathcalF,0.72,0.73,2759,-1,1,2,H-1 V+1,HV,0,-1,1,1
mathcalF,0.72,0.73,2760,1,-1,2,H+1 V-1,HV,0,1,-1,1
mathcalF,0.72,0.73,2761,1,0,1,H+1,HV,1,1,0,1
mathcalF,0.72,0.73,2762,-1,0,1,H-1,HV,1,-1,0,1
mathcalF,0.72,0.73,2763,1,0,1,H+1,HV,1,1,0,1
mathcalF,0.72,0.73,2764,-1,0,1,H-1,HV,1,-1,0,1
mathcalF,0.72,0.73,2765,1,0,1,H+1,HV,1,1,0,1
mathcalF,0.72,0.73,2766,1,0,1,H+1,HV,1,1,0,1
mathcalF,0.72,0.73,2767,1,0,1,H+1,HV,1,1,0,1
mathcalF,0.72,0.73,2768,1,0,1,H+1,HV,1,1,0,1
mathcalF,0.72,0.73,2769,1,0,1,H+1,HV,1,1,0,1
mathcalF,0.72,0.73,2770,1,0,1,H+1,HV,1,1,0,1
mathcalF,0.72,0.73,2771,1,0,1,H+1,HV,1,1,0,1
mathcalF,0.72,0.73,2772,0,0,0,I,HV,1,0,0,1
mathcalF,0.72,0.73,2773,1,0,1,H+1,HV,1,1,0,1
mathcalF,0.72,0.73,2774,0,0,0,I,HV,1,0,0,1
mathcalF,0.72,0.73,2775,0,0,0,I,HV,1,0,0,1
mathcalF,0.72,0.73,2776,-1,0,1,H-1,HV,1,-1,0,1
mathcalF,0.72,0.73,2777,-1,0,1,H-1,HV,1,-1,0,1
mathcalF,0.72,0.73,2778,0,0,0,I,HV,1,0,0,1
mathcalF,0.72,0.73,2779,0,0,0,I,HV,1,0,0,1
mathcalF,0.72,0.73,2780,0,0,0,I,HV,1,0,0,1
mathcalF,0.72,0.73,2781,0,0,0,I,HV,1,0,0,1
mathcalF,0.72,0.73,2782,0,0,0,I,HV,1,0,0,1
mathcalF,0.72,0.73,2783,0,0,0,I,HV,1,0,0,1
mathcalF,0.72,0.73,2784,0,0,0,I,HV,1,0,0,1
mathcalF,0.72,0.73,2785,0,0,0,I,HV,1,0,0,1
mathcalF,0.72,0.73,2786,0,0,0,I,HV,1,0,0,1
mathcalF,0.72,0.73,2787,0,0,0,I,HV,1,0,0,1
mathcalF,0.72,0.73,2788,0,0,0,I,HV,1,0,0,1
mathcalF,0.72,0.73,2789,0,0,0,I,HV,1,0,0,1
mathcalF,0.72,0.73,2790,0,0,0,I,HV,1,0,0,1
mathcalF,0.72,0.73,2791,0,0,0,I,HV,1,0,0,1
mathcalF,0.72,0.73,2792,0,1,1,V+1,HV,1,0,1,1
mathcalF,0.72,0.73,2793,0,1,1,V+1,HV,1,0,1,1
mathcalF,0.72,0.73,2794,0,0,0,I,HV,1,0,0,1
mathcalF,0.72,0.73,2795,0,0,0,I,HV,1,0,0,1
mathcalF,0.72,0.73,2796,0,0,0,I,HV,1,0,0,1
mathcalF,0.72,0.73,2797,0,0,0,I,HV,1,0,0,1
mathcalF,0.72,0.73,2798,0,0,0,I,HV,1,0,0,1
mathcalF,0.72,0.73,2799,0,0,0,I,HV,1,0,0,1
mathcalF,0.72,0.73,2800,0,0,0,I,HV,1,0,0,1
mathcalF,0.72,0.73,2801,0,0,0,I,HV,1,0,0,1
mathcalF,0.72,0.73,2802,0,1,1,V+1,HV,1,0,1,1
mathcalF,0.72,0.73,2803,0,1,1,V+1,HV,1,0,1,1
mathcalF,0.72,0.73,2804,0,0,0,I,HV,1,0,0,1
mathcalF,0.72,0.73,2805,0,0,0,I,HV,1,0,0,1
mathcalF,0.72,0.73,2806,0,0,0,I,HV,1,0,0,1
mathcalF,0.72,0.73,2807,0,0,0,I,HV,1,0,0,1
mathcalF,0.72,0.73,2808,0,0,0,I,HV,1,0,0,1
mathcalF,0.72,0.73,2809,0,0,0,I,HV,1,0,0,1
mathcalF,0.72,0.73,2810,0,0,0,I,HV,1,0,0,1
mathcalF,0.72,0.73,2811,0,0,0,I,HV,1,0,0,1
mathcalF,0.72,0.73,2812,0,0,0,I,HV,1,0,0,1
mathcalF,0.72,0.73,2813,0,0,0,I,HV,1,0,0,1
mathcalF,0.72,0.73,2814,0,0,0,I,HV,1,0,0,1
mathcalF,0.72,0.73,2815,0,0,0,I,HV,1,0,0,1
mathcalF,0.72,0.73,2816,0,0,0,I,HV,1,0,0,1
mathcalF,0.72,0.73,2817,0,-1,1,V-1,HV,1,0,-1,1
mathcalF,0.72,0.73,2818,-1,1,2,V+1 H-1,VH,1,-1,1,0
mathcalF,0.72,0.73,2819,0,-1,1,V-1,HV,1,0,-1,1
mathcalF,0.72,0.73,2820,-1,1,2,V+1 H-1,VH,1,-1,1,0
mathcalF,0.72,0.73,2821,0,-1,1,V-1,HV,1,0,-1,1
mathcalF,0.72,0.73,2822,0,0,0,I,HV,1,0,0,1
mathcalF,0.72,0.73,2823,0,0,0,I,HV,1,0,0,1
mathcalF,0.72,0.73,2824,0,0,0,I,HV,1,0,0,1
mathcalF,0.72,0.73,2825,0,0,0,I,HV,1,0,0,1
mathcalF,0.72,0.73,2826,0,-1,1,V-1,HV,1,0,-1,1
mathcalF,0.72,0.73,2827,0,-1,1,V-1,HV,1,0,-1,1
mathcalF,0.72,0.73,2828,0,0,0,I,HV,1,0,0,1
mathcalF,0.72,0.73,2829,0,0,0,I,HV,1,0,0,1
mathcalF,0.72,0.73,2830,0,0,0,I,HV,1,0,0,1
mathcalF,0.72,0.73,2831,0,0,0,I,HV,1,0,0,1
mathcalF,0.72,0.73,2832,0,-1,1,V-1,HV,1,0,-1,1
mathcalF,0.72,0.73,2833,0,1,1,V+1,HV,1,0,1,1
mathcalF,0.72,0.73,2834,0,1,1,V+1,HV,1,0,1,1
mathcalF,0.72,0.73,2835,0,0,0,I,HV,1,0,0,1
mathcalF,0.72,0.73,2836,0,0,0,I,HV,1,0,0,1
mathcalF,0.72,0.73,2837,0,0,0,I,HV,1,0,0,1
mathcalF,0.72,0.73,2838,0,0,0,I,HV,1,0,0,1
mathcalF,0.72,0.73,2839,0,0,0,I,HV,1,0,0,1
mathcalF,0.72,0.73,2840,0,0,0,I,HV,1,0,0,1
mathcalF,0.72,0.73,2841,0,0,0,I,HV,1,0,0,1
mathcalF,0.72,0.73,2842,0,0,0,I,HV,1,0,0,1
mathcalF,0.72,0.73,2843,0,1,1,V+1,HV,1,0,1,1
mathcalF,0.72,0.73,2844,0,1,1,V+1,HV,1,0,1,1
mathcalF,0.72,0.73,2845,0,0,0,I,HV,1,0,0,1
mathcalF,0.72,0.73,2846,0,0,0,I,HV,1,0,0,1
mathcalF,0.72,0.73,2847,0,0,0,I,HV,1,0,0,1
mathcalF,0.72,0.73,2848,0,0,0,I,HV,1,0,0,1
mathcalF,0.72,0.73,2849,0,0,0,I,HV,1,0,0,1
mathcalF,0.72,0.73,2850,0,0,0,I,HV,1,0,0,1
mathcalF,0.72,0.73,2851,0,0,0,I,HV,1,0,0,1
mathcalF,0.72,0.73,2852,0,0,0,I,HV,1,0,0,1
mathcalF,0.72,0.73,2853,0,0,0,I,HV,1,0,0,1
mathcalF,0.72,0.73,2854,0,0,0,I,HV,1,0,0,1
mathcalF,0.72,0.73,2855,0,0,0,I,HV,1,0,0,1
mathcalF,0.72,0.73,2856,0,0,0,I,HV,1,0,0,1
mathcalF,0.72,0.73,2857,0,0,0,I,HV,1,0,0,1
mathcalF,0.72,0.73,2858,0,0,0,I,HV,1,0,0,1
mathcalF,0.72,0.73,2859,0,0,0,I,HV,1,0,0,1
mathcalF,0.72,0.73,2860,0,0,0,I,HV,1,0,0,1
mathcalF,0.72,0.73,2861,0,0,0,I,HV,1,0,0,1
mathcalF,0.72,0.73,2862,0,0,0,I,HV,1,0,0,1
mathcalF,0.72,0.73,2863,0,0,0,I,HV,1,0,0,1
mathcalF,0.72,0.73,2864,0,0,0,I,HV,1,0,0,1
mathcalF,0.72,0.73,2865,0,0,0,I,HV,1,0,0,1
mathcalF,0.72,0.73,2866,0,-1,1,V-1,HV,1,0,-1,1
mathcalF,0.72,0.73,2867,0,-1,1,V-1,HV,1,0,-1,1
mathcalF,0.72,0.73,2868,0,0,0,I,HV,1,0,0,1
mathcalF,0.72,0.73,2869,1,0,1,H+1,HV,1,1,0,1
mathcalF,0.72,0.73,2870,1,-1,2,H+1 V-1,HV,0,1,-1,1
mathcalF,0.72,0.73,2871,1,-1,2,H+1 V-1,HV,0,1,-1,1
mathcalF,0.72,0.73,2872,1,0,1,H+1,HV,1,1,0,1
mathcalF,0.72,0.73,2873,1,0,1,H+1,HV,1,1,0,1
mathcalF,0.72,0.73,2874,1,0,1,H+1,HV,1,1,0,1
mathcalF,0.72,0.73,2875,1,0,1,H+1,HV,1,1,0,1
mathcalF,0.72,0.73,2876,1,-1,2,H+1 V-1,HV,0,1,-1,1
mathcalF,0.72,0.73,2877,1,-1,2,H+1 V-1,HV,0,1,-1,1
mathcalF,0.72,0.73,2878,1,0,1,H+1,HV,1,1,0,1
mathcalF,0.72,0.73,2879,1,0,1,H+1,HV,1,1,0,1
mathcalF,0.72,0.73,2880,1,0,1,H+1,HV,1,1,0,1
mathcalF,0.72,0.73,2881,1,0,1,H+1,HV,1,1,0,1
mathcalF,0.72,0.73,2882,-1,0,1,H-1,HV,1,-1,0,1
mathcalF,0.72,0.73,2883,-1,0,1,H-1,HV,1,-1,0,1
mathcalF,0.72,0.73,2884,1,0,1,H+1,HV,1,1,0,1
mathcalF,0.72,0.73,2885,-1,1,2,H-1 V+1,HV,0,-1,1,1
mathcalF,0.72,0.73,2886,1,0,1,H+1,HV,1,1,0,1
mathcalF,0.72,0.73,2887,0,0,0,I,HV,1,0,0,1
mathcalF,0.72,0.73,2888,1,0,1,H+1,HV,1,1,0,1
mathcalF,0.72,0.73,2889,1,0,1,H+1,HV,1,1,0,1
mathcalF,0.72,0.73,2890,1,0,1,H+1,HV,1,1,0,1
mathcalF,0.72,0.73,2891,1,-1,2,H+1 V-1,HV,0,1,-1,1
mathcalF,0.72,0.73,2892,1,0,1,H+1,HV,1,1,0,1
mathcalF,0.72,0.73,2893,1,0,1,H+1,HV,1,1,0,1
mathcalF,0.72,0.73,2894,1,-1,2,H+1 V-1,HV,0,1,-1,1
mathcalF,0.72,0.73,2895,1,-1,2,H+1 V-1,HV,0,1,-1,1
mathcalF,0.72,0.73,2896,1,0,1,H+1,HV,1,1,0,1
mathcalF,0.72,0.73,2897,1,0,1,H+1,HV,1,1,0,1
mathcalF,0.72,0.73,2898,1,-1,2,V-1 H+1,VH,1,1,-1,0
mathcalF,0.72,0.73,2899,-1,0,1,H-1,HV,1,-1,0,1
mathcalF,0.72,0.73,2900,-1,0,1,H-1,HV,1,-1,0,1
mathcalF,0.72,0.73,2901,1,0,1,H+1,HV,1,1,0,1
mathcalF,0.72,0.73,2902,-1,0,1,H-1,HV,1,-1,0,1
mathcalF,0.72,0.73,2903,-1,0,1,H-1,HV,1,-1,0,1
mathcalF,0.72,0.73,2904,1,0,1,H+1,HV,1,1,0,1
mathcalF,0.72,0.73,2905,1,0,1,H+1,HV,1,1,0,1
mathcalF,0.72,0.73,2906,1,0,1,H+1,HV,1,1,0,1
mathcalF,0.72,0.73,2907,1,0,1,H+1,HV,1,1,0,1
mathcalF,0.72,0.73,2908,1,0,1,H+1,HV,1,1,0,1
mathcalF,0.72,0.73,2909,1,0,1,H+1,HV,1,1,0,1
mathcalF,0.72,0.73,2910,1,0,1,H+1,HV,1,1,0,1
mathcalF,0.72,0.73,2911,1,0,1,H+1,HV,1,1,0,1
mathcalF,0.72,0.73,2912,0,0,0,I,HV,1,0,0,1
mathcalF,0.72,0.73,2913,0,0,0,I,HV,1,0,0,1
mathcalF,0.72,0.73,2914,0,0,0,I,HV,1,0,0,1
mathcalF,0.72,0.73,2915,0,0,0,I,HV,1,0,0,1
mathcalF,0.72,0.73,2916,0,-1,1,V-1,HV,1,0,-1,1
mathcalF,0.72,0.73,2917,-1,0,1,H-1,HV,1,-1,0,1
mathcalF,0.72,0.73,2918,0,0,0,I,HV,1,0,0,1
mathcalF,0.72,0.73,2919,0,0,0,I,HV,1,0,0,1
mathcalF,0.72,0.73,2920,0,0,0,I,HV,1,0,0,1
mathcalF,0.72,0.73,2921,0,0,0,I,HV,1,0,0,1
mathcalF,0.72,0.73,2922,0,0,0,I,HV,1,0,0,1
mathcalF,0.72,0.73,2923,0,0,0,I,HV,1,0,0,1
mathcalF,0.72,0.73,2924,0,0,0,I,HV,1,0,0,1
mathcalF,0.72,0.73,2925,0,0,0,I,HV,1,0,0,1
mathcalF,0.72,0.73,2926,0,0,0,I,HV,1,0,0,1
mathcalF,0.72,0.73,2927,0,0,0,I,HV,1,0,0,1
mathcalF,0.72,0.73,2928,0,0,0,I,HV,1,0,0,1
mathcalF,0.72,0.73,2929,0,0,0,I,HV,1,0,0,1
mathcalF,0.72,0.73,2930,0,0,0,I,HV,1,0,0,1
mathcalF,0.72,0.73,2931,0,0,0,I,HV,1,0,0,1
mathcalF,0.72,0.73,2932,0,1,1,V+1,HV,1,0,1,1
mathcalF,0.72,0.73,2933,0,1,1,V+1,HV,1,0,1,1
mathcalF,0.72,0.73,2934,0,0,0,I,HV,1,0,0,1
mathcalF,0.72,0.73,2935,0,0,0,I,HV,1,0,0,1
mathcalF,0.72,0.73,2936,0,0,0,I,HV,1,0,0,1
mathcalF,0.72,0.73,2937,0,0,0,I,HV,1,0,0,1
mathcalF,0.72,0.73,2938,0,0,0,I,HV,1,0,0,1
mathcalF,0.72,0.73,2939,0,0,0,I,HV,1,0,0,1
mathcalF,0.72,0.73,2940,0,0,0,I,HV,1,0,0,1
mathcalF,0.72,0.73,2941,0,1,1,V+1,HV,1,0,1,1
mathcalF,0.72,0.73,2942,0,1,1,V+1,HV,1,0,1,1
mathcalF,0.72,0.73,2943,0,0,0,I,HV,1,0,0,1
mathcalF,0.72,0.73,2944,0,0,0,I,HV,1,0,0,1
mathcalF,0.72,0.73,2945,0,0,0,I,HV,1,0,0,1
mathcalF,0.72,0.73,2946,0,0,0,I,HV,1,0,0,1
mathcalF,0.72,0.73,2947,0,0,0,I,HV,1,0,0,1
mathcalF,0.72,0.73,2948,0,0,0,I,HV,1,0,0,1
mathcalF,0.72,0.73,2949,0,0,0,I,HV,1,0,0,1
mathcalF,0.72,0.73,2950,0,0,0,I,HV,1,0,0,1
mathcalF,0.72,0.73,2951,0,0,0,I,HV,1,0,0,1
mathcalF,0.72,0.73,2952,0,0,0,I,HV,1,0,0,1
mathcalF,0.72,0.73,2953,0,0,0,I,HV,1,0,0,1
mathcalF,0.72,0.73,2954,0,0,0,I,HV,1,0,0,1
mathcalF,0.72,0.73,2955,0,0,0,I,HV,1,0,0,1
mathcalF,0.72,0.73,2956,0,-1,1,V-1,HV,1,0,-1,1
mathcalF,0.72,0.73,2957,0,-1,1,V-1,HV,1,0,-1,1
mathcalF,0.72,0.73,2958,0,-1,1,V-1,HV,1,0,-1,1
mathcalF,0.72,0.73,2959,0,-1,1,V-1,HV,1,0,-1,1
mathcalF,0.72,0.73,2960,0,-1,1,V-1,HV,1,0,-1,1
mathcalF,0.72,0.73,2961,0,0,0,I,HV,1,0,0,1
mathcalF,0.72,0.73,2962,0,0,0,I,HV,1,0,0,1
mathcalF,0.72,0.73,2963,0,0,0,I,HV,1,0,0,1
mathcalF,0.72,0.73,2964,0,0,0,I,HV,1,0,0,1
mathcalF,0.72,0.73,2965,-1,1,2,V+1 H-1,VH,1,-1,1,0
mathcalF,0.72,0.73,2966,-1,1,2,V+1 H-1,VH,1,-1,1,0
mathcalF,0.72,0.73,2967,0,0,0,I,HV,1,0,0,1
mathcalF,0.72,0.73,2968,0,0,0,I,HV,1,0,0,1
mathcalF,0.72,0.73,2969,0,0,0,I,HV,1,0,0,1
mathcalF,0.72,0.73,2970,0,0,0,I,HV,1,0,0,1
mathcalF,0.72,0.73,2971,0,-1,1,V-1,HV,1,0,-1,1
mathcalF,0.72,0.73,2972,0,-1,1,V-1,HV,1,0,-1,1
mathcalF,0.72,0.73,2973,1,0,1,H+1,HV,1,1,0,1
mathcalF,0.72,0.73,2974,-1,0,1,H-1,HV,1,-1,0,1
mathcalF,0.72,0.73,2975,0,0,0,I,HV,1,0,0,1
mathcalF,0.72,0.73,2976,0,0,0,I,HV,1,0,0,1
mathcalF,0.72,0.73,2977,0,0,0,I,HV,1,0,0,1
mathcalF,0.72,0.73,2978,0,0,0,I,HV,1,0,0,1
mathcalF,0.72,0.73,2979,0,0,0,I,HV,1,0,0,1
mathcalF,0.72,0.73,2980,0,0,0,I,HV,1,0,0,1
mathcalF,0.72,0.73,2981,0,0,0,I,HV,1,0,0,1
mathcalF,0.72,0.73,2982,0,1,1,V+1,HV,1,0,1,1
mathcalF,0.72,0.73,2983,0,1,1,V+1,HV,1,0,1,1
mathcalF,0.72,0.73,2984,0,0,0,I,HV,1,0,0,1
mathcalF,0.72,0.73,2985,0,0,0,I,HV,1,0,0,1
mathcalF,0.72,0.73,2986,0,0,0,I,HV,1,0,0,1
mathcalF,0.72,0.73,2987,0,0,0,I,HV,1,0,0,1
mathcalF,0.72,0.73,2988,0,0,0,I,HV,1,0,0,1
mathcalF,0.72,0.73,2989,0,0,0,I,HV,1,0,0,1
mathcalF,0.72,0.73,2990,0,0,0,I,HV,1,0,0,1
mathcalF,0.72,0.73,2991,0,0,0,I,HV,1,0,0,1
mathcalF,0.72,0.73,2992,0,0,0,I,HV,1,0,0,1
mathcalF,0.72,0.73,2993,0,0,0,I,HV,1,0,0,1
mathcalF,0.72,0.73,2994,0,0,0,I,HV,1,0,0,1
mathcalF,0.72,0.73,2995,0,0,0,I,HV,1,0,0,1
mathcalF,0.72,0.73,2996,0,0,0,I,HV,1,0,0,1
mathcalF,0.72,0.73,2997,0,0,0,I,HV,1,0,0,1
mathcalF,0.72,0.73,2998,0,0,0,I,HV,1,0,0,1
mathcalF,0.72,0.73,2999,0,0,0,I,HV,1,0,0,1
mathcalF,0.72,0.73,3000,0,0,0,I,HV,1,0,0,1
mathcalF,0.72,0.73,3001,0,0,0,I,HV,1,0,0,1
mathcalF,0.72,0.73,3002,0,0,0,I,HV,1,0,0,1
mathcalF,0.72,0.73,3003,0,0,0,I,HV,1,0,0,1
mathcalF,0.72,0.73,3004,0,0,0,I,HV,1,0,0,1
mathcalF,0.72,0.73,3005,0,0,0,I,HV,1,0,0,1
mathcalF,0.72,0.73,3006,0,-1,1,V-1,HV,1,0,-1,1
mathcalF,0.72,0.73,3007,0,-1,1,V-1,HV,1,0,-1,1
mathcalF,0.72,0.73,3008,1,0,1,H+1,HV,1,1,0,1
mathcalF,0.72,0.73,3009,1,0,1,H+1,HV,1,1,0,1
mathcalF,0.72,0.73,3010,1,-1,2,H+1 V-1,HV,0,1,-1,1
mathcalF,0.72,0.73,3011,1,-1,2,H+1 V-1,HV,0,1,-1,1
mathcalF,0.72,0.73,3012,1,0,1,H+1,HV,1,1,0,1
mathcalF,0.72,0.73,3013,1,0,1,H+1,HV,1,1,0,1
mathcalF,0.72,0.73,3014,1,0,1,H+1,HV,1,1,0,1
mathcalF,0.72,0.73,3015,1,0,1,H+1,HV,1,1,0,1
mathcalF,0.72,0.73,3016,1,-1,2,H+1 V-1,HV,0,1,-1,1
mathcalF,0.72,0.73,3017,1,-1,2,H+1 V-1,HV,0,1,-1,1
mathcalF,0.72,0.73,3018,1,0,1,H+1,HV,1,1,0,1
mathcalF,0.72,0.73,3019,1,0,1,H+1,HV,1,1,0,1
mathcalF,0.72,0.73,3020,1,0,1,H+1,HV,1,1,0,1
mathcalF,0.72,0.73,3021,1,0,1,H+1,HV,1,1,0,1
mathcalF,0.72,0.73,3022,-1,0,1,H-1,HV,1,-1,0,1
mathcalF,0.72,0.73,3023,-1,0,1,H-1,HV,1,-1,0,1
mathcalF,0.72,0.73,3024,1,0,1,H+1,HV,1,1,0,1
mathcalF,0.72,0.73,3025,1,0,1,H+1,HV,1,1,0,1
mathcalF,0.72,0.73,3026,1,0,1,H+1,HV,1,1,0,1
mathcalF,0.72,0.73,3027,1,0,1,H+1,HV,1,1,0,1
mathcalF,0.72,0.73,3028,1,0,1,H+1,HV,1,1,0,1
mathcalF,0.72,0.73,3029,1,0,1,H+1,HV,1,1,0,1
mathcalF,0.72,0.73,3030,1,-1,2,H+1 V-1,HV,0,1,-1,1
mathcalF,0.72,0.73,3031,1,-1,2,H+1 V-1,HV,0,1,-1,1
mathcalF,0.72,0.73,3032,1,0,1,H+1,HV,1,1,0,1
mathcalF,0.72,0.73,3033,1,0,1,H+1,HV,1,1,0,1
mathcalF,0.72,0.73,3034,1,-1,2,H+1 V-1,HV,0,1,-1,1
mathcalF,0.72,0.73,3035,1,-1,2,H+1 V-1,HV,0,1,-1,1
mathcalF,0.72,0.73,3036,1,0,1,H+1,HV,1,1,0,1
mathcalF,0.72,0.73,3037,1,0,1,H+1,HV,1,1,0,1
mathcalF,0.72,0.73,3038,-1,0,1,H-1,HV,1,-1,0,1
mathcalF,0.72,0.73,3039,-1,0,1,H-1,HV,1,-1,0,1
mathcalF,0.72,0.73,3040,1,0,1,H+1,HV,1,1,0,1
mathcalF,0.72,0.73,3041,1,0,1,H+1,HV,1,1,0,1
mathcalF,0.72,0.73,3042,-1,0,1,H-1,HV,1,-1,0,1
mathcalF,0.72,0.73,3043,-1,0,1,H-1,HV,1,-1,0,1
mathcalF,0.72,0.73,3044,1,0,1,H+1,HV,1,1,0,1
mathcalF,0.72,0.73,3045,1,0,1,H+1,HV,1,1,0,1
mathcalF,0.72,0.73,3046,1,0,1,H+1,HV,1,1,0,1
mathcalF,0.72,0.73,3047,1,0,1,H+1,HV,1,1,0,1
mathcalF,0.72,0.73,3048,1,0,1,H+1,HV,1,1,0,1
mathcalF,0.72,0.73,3049,1,0,1,H+1,HV,1,1,0,1
mathcalF,0.72,0.73,3050,0,0,0,I,HV,1,0,0,1
mathcalF,0.72,0.73,3051,1,0,1,H+1,HV,1,1,0,1
mathcalF,0.72,0.73,3052,0,0,0,I,HV,1,0,0,1
mathcalF,0.72,0.73,3053,0,0,0,I,HV,1,0,0,1
mathcalF,0.72,0.73,3054,0,0,0,I,HV,1,0,0,1
mathcalF,0.72,0.73,3055,0,0,0,I,HV,1,0,0,1
mathcalF,0.72,0.73,3056,0,0,0,I,HV,1,0,0,1
mathcalF,0.72,0.73,3057,0,0,0,I,HV,1,0,0,1
mathcalF,0.72,0.73,3058,0,0,0,I,HV,1,0,0,1
mathcalF,0.72,0.73,3059,0,0,0,I,HV,1,0,0,1
mathcalF,0.72,0.73,3060,0,0,0,I,HV,1,0,0,1
mathcalF,0.72,0.73,3061,0,0,0,I,HV,1,0,0,1
mathcalF,0.72,0.73,3062,0,0,0,I,HV,1,0,0,1
mathcalF,0.72,0.73,3063,0,0,0,I,HV,1,0,0,1
mathcalF,0.72,0.73,3064,0,0,0,I,HV,1,0,0,1
mathcalF,0.72,0.73,3065,0,0,0,I,HV,1,0,0,1
mathcalF,0.72,0.73,3066,0,0,0,I,HV,1,0,0,1
mathcalF,0.72,0.73,3067,0,0,0,I,HV,1,0,0,1
mathcalF,0.72,0.73,3068,0,0,0,I,HV,1,0,0,1
mathcalF,0.72,0.73,3069,0,0,0,I,HV,1,0,0,1
mathcalF,0.72,0.73,3070,0,0,0,I,HV,1,0,0,1
mathcalF,0.72,0.73,3071,0,0,0,I,HV,1,0,0,1
mathcalF,0.72,0.73,3072,0,1,1,V+1,HV,1,0,1,1
mathcalF,0.72,0.73,3073,0,1,1,V+1,HV,1,0,1,1
mathcalF,0.72,0.73,3074,0,0,0,I,HV,1,0,0,1
mathcalF,0.72,0.73,3075,0,0,0,I,HV,1,0,0,1
mathcalF,0.72,0.73,3076,0,0,0,I,HV,1,0,0,1
mathcalF,0.72,0.73,3077,0,0,0,I,HV,1,0,0,1
mathcalF,0.72,0.73,3078,0,0,0,I,HV,1,0,0,1
mathcalF,0.72,0.73,3079,0,0,0,I,HV,1,0,0,1
mathcalF,0.72,0.73,3080,0,1,1,V+1,HV,1,0,1,1
mathcalF,0.72,0.73,3081,0,1,1,V+1,HV,1,0,1,1
mathcalF,0.72,0.73,3082,0,0,0,I,HV,1,0,0,1
mathcalF,0.72,0.73,3083,0,0,0,I,HV,1,0,0,1
mathcalF,0.72,0.73,3084,0,0,0,I,HV,1,0,0,1
mathcalF,0.72,0.73,3085,0,0,0,I,HV,1,0,0,1
mathcalF,0.72,0.73,3086,0,0,0,I,HV,1,0,0,1
mathcalF,0.72,0.73,3087,0,0,0,I,HV,1,0,0,1
mathcalF,0.72,0.73,3088,0,0,0,I,HV,1,0,0,1
mathcalF,0.72,0.73,3089,0,0,0,I,HV,1,0,0,1
mathcalF,0.72,0.73,3090,0,0,0,I,HV,1,0,0,1
mathcalF,0.72,0.73,3091,0,0,0,I,HV,1,0,0,1
mathcalF,0.72,0.73,3092,0,0,0,I,HV,1,0,0,1
mathcalF,0.72,0.73,3093,0,0,0,I,HV,1,0,0,1
mathcalF,0.72,0.73,3094,0,-1,1,V-1,HV,1,0,-1,1
mathcalF,0.72,0.73,3095,0,0,0,I,HV,1,0,0,1
mathcalF,0.72,0.73,3096,-1,1,2,V+1 H-1,VH,1,-1,1,0
mathcalF,0.72,0.73,3097,0,-1,1,V-1,HV,1,0,-1,1
mathcalF,0.72,0.73,3098,-1,1,2,V+1 H-1,VH,1,-1,1,0
mathcalF,0.72,0.73,3099,-1,1,2,V+1 H-1,VH,1,-1,1,0
mathcalF,0.72,0.73,3100,-1,1,2,V+1 H-1,VH,1,-1,1,0
mathcalF,0.72,0.73,3101,0,0,0,I,HV,1,0,0,1
mathcalF,0.72,0.73,3102,0,0,0,I,HV,1,0,0,1
mathcalF,0.72,0.73,3103,0,0,0,I,HV,1,0,0,1
mathcalF,0.72,0.73,3104,0,-1,1,V-1,HV,1,0,-1,1
mathcalF,0.72,0.73,3105,0,-1,1,V-1,HV,1,0,-1,1
mathcalF,0.72,0.73,3106,0,0,0,I,HV,1,0,0,1
mathcalF,0.72,0.73,3107,0,0,0,I,HV,1,0,0,1
mathcalF,0.72,0.73,3108,0,0,0,I,HV,1,0,0,1
mathcalF,0.72,0.73,3109,0,0,0,I,HV,1,0,0,1
mathcalF,0.72,0.73,3110,0,-1,1,V-1,HV,1,0,-1,1
mathcalF,0.72,0.73,3111,1,-1,2,H+1 V-1,HV,0,1,-1,1
mathcalF,0.72,0.73,3112,1,0,1,H+1,HV,1,1,0,1
mathcalF,0.72,0.73,3113,1,0,1,H+1,HV,1,1,0,1
mathcalF,0.72,0.73,3114,-1,0,1,H-1,HV,1,-1,0,1
mathcalF,0.72,0.73,3115,-1,0,1,H-1,HV,1,-1,0,1
mathcalF,0.72,0.73,3116,0,0,0,I,HV,1,0,0,1
mathcalF,0.72,0.73,3117,0,0,0,I,HV,1,0,0,1
mathcalF,0.72,0.73,3118,0,0,0,I,HV,1,0,0,1
mathcalF,0.72,0.73,3119,0,0,0,I,HV,1,0,0,1
mathcalF,0.72,0.73,3120,0,0,0,I,HV,1,0,0,1
mathcalF,0.72,0.73,3121,0,0,0,I,HV,1,0,0,1
mathcalF,0.72,0.73,3122,0,1,1,V+1,HV,1,0,1,1
mathcalF,0.72,0.73,3123,0,1,1,V+1,HV,1,0,1,1
mathcalF,0.72,0.73,3124,0,0,0,I,HV,1,0,0,1
mathcalF,0.72,0.73,3125,0,0,0,I,HV,1,0,0,1
mathcalF,0.72,0.73,3126,0,0,0,I,HV,1,0,0,1
mathcalF,0.72,0.73,3127,0,0,0,I,HV,1,0,0,1
mathcalF,0.72,0.73,3128,0,0,0,I,HV,1,0,0,1
mathcalF,0.72,0.73,3129,0,0,0,I,HV,1,0,0,1
mathcalF,0.72,0.73,3130,0,0,0,I,HV,1,0,0,1
mathcalF,0.72,0.73,3131,0,0,0,I,HV,1,0,0,1
mathcalF,0.72,0.73,3132,0,0,0,I,HV,1,0,0,1
mathcalF,0.72,0.73,3133,0,0,0,I,HV,1,0,0,1
mathcalF,0.72,0.73,3134,0,0,0,I,HV,1,0,0,1
mathcalF,0.72,0.73,3135,0,0,0,I,HV,1,0,0,1
mathcalF,0.72,0.73,3136,0,0,0,I,HV,1,0,0,1
mathcalF,0.72,0.73,3137,0,0,0,I,HV,1,0,0,1
mathcalF,0.72,0.73,3138,0,0,0,I,HV,1,0,0,1
mathcalF,0.72,0.73,3139,0,0,0,I,HV,1,0,0,1
mathcalF,0.72,0.73,3140,0,0,0,I,HV,1,0,0,1
mathcalF,0.72,0.73,3141,0,0,0,I,HV,1,0,0,1
mathcalF,0.72,0.73,3142,0,0,0,I,HV,1,0,0,1
mathcalF,0.72,0.73,3143,0,0,0,I,HV,1,0,0,1
mathcalF,0.72,0.73,3144,0,0,0,I,HV,1,0,0,1
mathcalF,0.72,0.73,3145,0,0,0,I,HV,1,0,0,1
mathcalF,0.72,0.73,3146,0,-1,1,V-1,HV,1,0,-1,1
mathcalF,0.72,0.73,3147,-1,0,1,H-1,HV,1,-1,0,1
mathcalF,0.72,0.73,3148,1,0,1,H+1,HV,1,1,0,1
mathcalF,0.72,0.73,3149,1,0,1,H+1,HV,1,1,0,1
mathcalF,0.72,0.73,3150,1,-1,2,H+1 V-1,HV,0,1,-1,1
mathcalF,0.72,0.73,3151,1,0,1,H+1,HV,1,1,0,1
mathcalF,0.72,0.73,3152,1,0,1,H+1,HV,1,1,0,1
mathcalF,0.72,0.73,3153,1,0,1,H+1,HV,1,1,0,1
mathcalF,0.72,0.73,3154,1,0,1,H+1,HV,1,1,0,1
mathcalF,0.72,0.73,3155,1,-1,2,H+1 V-1,HV,0,1,-1,1
mathcalF,0.72,0.73,3156,1,-1,2,H+1 V-1,HV,0,1,-1,1
mathcalF,0.72,0.73,3157,0,1,1,V+1,HV,1,0,1,1
mathcalF,0.72,0.73,3158,0,1,3,H-1 V+1 H+1,longer_word,0,-1,1,2
mathcalF,0.72,0.73,3159,1,0,1,H+1,HV,1,1,0,1
mathcalF,0.72,0.73,3160,1,0,1,H+1,HV,1,1,0,1
mathcalF,0.72,0.73,3161,1,0,1,H+1,HV,1,1,0,1
mathcalF,0.72,0.73,3162,-1,0,1,H-1,HV,1,-1,0,1
mathcalF,0.72,0.73,3163,-1,0,1,H-1,HV,1,-1,0,1
mathcalF,0.72,0.73,3164,1,0,1,H+1,HV,1,1,0,1
mathcalF,0.72,0.73,3165,1,0,1,H+1,HV,1,1,0,1
mathcalF,0.72,0.73,3166,1,0,1,H+1,HV,1,1,0,1
mathcalF,0.72,0.73,3167,1,0,1,H+1,HV,1,1,0,1
mathcalF,0.72,0.73,3168,1,0,1,H+1,HV,1,1,0,1
mathcalF,0.72,0.73,3169,1,0,1,H+1,HV,1,1,0,1
mathcalF,0.72,0.73,3170,1,-1,2,H+1 V-1,HV,0,1,-1,1
mathcalF,0.72,0.73,3171,1,-1,2,H+1 V-1,HV,0,1,-1,1
mathcalF,0.72,0.73,3172,1,0,1,H+1,HV,1,1,0,1
mathcalF,0.72,0.73,3173,1,0,1,H+1,HV,1,1,0,1
mathcalF,0.72,0.73,3174,1,-1,2,H+1 V-1,HV,0,1,-1,1
mathcalF,0.72,0.73,3175,1,-1,2,H+1 V-1,HV,0,1,-1,1
mathcalF,0.72,0.73,3176,1,0,1,H+1,HV,1,1,0,1
mathcalF,0.72,0.73,3177,1,0,1,H+1,HV,1,1,0,1
mathcalF,0.72,0.73,3178,-1,0,1,H-1,HV,1,-1,0,1
mathcalF,0.72,0.73,3179,-1,0,1,H-1,HV,1,-1,0,1
mathcalF,0.72,0.73,3180,1,0,1,H+1,HV,1,1,0,1
mathcalF,0.72,0.73,3181,1,0,1,H+1,HV,1,1,0,1
mathcalF,0.72,0.73,3182,-1,0,1,H-1,HV,1,-1,0,1
mathcalF,0.72,0.73,3183,-1,0,1,H-1,HV,1,-1,0,1
mathcalF,0.72,0.73,3184,1,0,1,H+1,HV,1,1,0,1
mathcalF,0.72,0.73,3185,1,0,1,H+1,HV,1,1,0,1
mathcalF,0.72,0.73,3186,1,0,1,H+1,HV,1,1,0,1
mathcalF,0.72,0.73,3187,1,0,1,H+1,HV,1,1,0,1
mathcalF,0.72,0.73,3188,1,0,1,H+1,HV,1,1,0,1
mathcalF,0.72,0.73,3189,1,0,1,H+1,HV,1,1,0,1
mathcalF,0.72,0.73,3190,0,0,0,I,HV,1,0,0,1
mathcalF,0.72,0.73,3191,0,0,0,I,HV,1,0,0,1
mathcalF,0.72,0.73,3192,0,0,0,I,HV,1,0,0,1
mathcalF,0.72,0.73,3193,0,0,0,I,HV,1,0,0,1
mathcalF,0.72,0.73,3194,0,0,0,I,HV,1,0,0,1
mathcalF,0.72,0.73,3195,0,0,0,I,HV,1,0,0,1
mathcalF,0.72,0.73,3196,0,0,0,I,HV,1,0,0,1
mathcalF,0.72,0.73,3197,0,0,0,I,HV,1,0,0,1
mathcalF,0.72,0.73,3198,0,0,0,I,HV,1,0,0,1
mathcalF,0.72,0.73,3199,0,0,0,I,HV,1,0,0,1
mathcalF,0.72,0.73,3200,0,0,0,I,HV,1,0,0,1
mathcalF,0.72,0.73,3201,0,0,0,I,HV,1,0,0,1
mathcalF,0.72,0.73,3202,0,0,0,I,HV,1,0,0,1
mathcalF,0.72,0.73,3203,0,0,0,I,HV,1,0,0,1
mathcalF,0.72,0.73,3204,0,0,0,I,HV,1,0,0,1
mathcalF,0.72,0.73,3205,0,0,0,I,HV,1,0,0,1
mathcalF,0.72,0.73,3206,0,0,0,I,HV,1,0,0,1
mathcalF,0.72,0.73,3207,0,0,0,I,HV,1,0,0,1
mathcalF,0.72,0.73,3208,0,0,0,I,HV,1,0,0,1
mathcalF,0.72,0.73,3209,0,0,0,I,HV,1,0,0,1
mathcalF,0.72,0.73,3210,0,0,0,I,HV,1,0,0,1
mathcalF,0.72,0.73,3211,0,1,1,V+1,HV,1,0,1,1
mathcalF,0.72,0.73,3212,0,1,1,V+1,HV,1,0,1,1
mathcalF,0.72,0.73,3213,0,0,0,I,HV,1,0,0,1
mathcalF,0.72,0.73,3214,0,0,0,I,HV,1,0,0,1
mathcalF,0.72,0.73,3215,0,0,0,I,HV,1,0,0,1
mathcalF,0.72,0.73,3216,0,0,0,I,HV,1,0,0,1
mathcalF,0.72,0.73,3217,0,0,0,I,HV,1,0,0,1
mathcalF,0.72,0.73,3218,0,0,0,I,HV,1,0,0,1
mathcalF,0.72,0.73,3219,0,0,0,I,HV,1,0,0,1
mathcalF,0.72,0.73,3220,0,1,1,V+1,HV,1,0,1,1
mathcalF,0.72,0.73,3221,0,1,1,V+1,HV,1,0,1,1
mathcalF,0.72,0.73,3222,0,0,0,I,HV,1,0,0,1
mathcalF,0.72,0.73,3223,0,0,0,I,HV,1,0,0,1
mathcalF,0.72,0.73,3224,0,0,0,I,HV,1,0,0,1
mathcalF,0.72,0.73,3225,0,0,0,I,HV,1,0,0,1
mathcalF,0.72,0.73,3226,0,0,0,I,HV,1,0,0,1
mathcalF,0.72,0.73,3227,0,0,0,I,HV,1,0,0,1
mathcalF,0.72,0.73,3228,0,0,0,I,HV,1,0,0,1
mathcalF,0.72,0.73,3229,0,0,0,I,HV,1,0,0,1
mathcalF,0.72,0.73,3230,0,0,0,I,HV,1,0,0,1
mathcalF,0.72,0.73,3231,0,0,0,I,HV,1,0,0,1
mathcalF,0.72,0.73,3232,0,0,0,I,HV,1,0,0,1
mathcalF,0.72,0.73,3233,0,0,0,I,HV,1,0,0,1
mathcalF,0.72,0.73,3234,0,-1,1,V-1,HV,1,0,-1,1
mathcalF,0.72,0.73,3235,0,-1,1,V-1,HV,1,0,-1,1
mathcalF,0.72,0.73,3236,0,-1,1,V-1,HV,1,0,-1,1
mathcalF,0.72,0.73,3237,0,-1,1,V-1,HV,1,0,-1,1
mathcalF,0.72,0.73,3238,0,-1,1,V-1,HV,1,0,-1,1
mathcalF,0.72,0.73,3239,0,-1,1,V-1,HV,1,0,-1,1
mathcalF,0.72,0.73,3240,0,0,0,I,HV,1,0,0,1
mathcalF,0.72,0.73,3241,0,0,0,I,HV,1,0,0,1
mathcalF,0.72,0.73,3242,0,0,0,I,HV,1,0,0,1
mathcalF,0.72,0.73,3243,0,0,0,I,HV,1,0,0,1
mathcalF,0.72,0.73,3244,0,-1,1,V-1,HV,1,0,-1,1
mathcalF,0.72,0.73,3245,0,-1,1,V-1,HV,1,0,-1,1
mathcalF,0.72,0.73,3246,0,0,0,I,HV,1,0,0,1
mathcalF,0.72,0.73,3247,0,0,0,I,HV,1,0,0,1
mathcalF,0.72,0.73,3248,0,0,0,I,HV,1,0,0,1
mathcalF,0.72,0.73,3249,0,0,0,I,HV,1,0,0,1
mathcalF,0.72,0.73,3250,1,-1,2,H+1 V-1,HV,0,1,-1,1
mathcalF,0.72,0.73,3251,1,-1,2,H+1 V-1,HV,0,1,-1,1
mathcalF,0.72,0.73,3252,1,0,1,H+1,HV,1,1,0,1
mathcalF,0.72,0.73,3253,1,0,1,H+1,HV,1,1,0,1
mathcalF,0.72,0.73,3254,-1,0,1,H-1,HV,1,-1,0,1
mathcalF,0.72,0.73,3255,-1,0,1,H-1,HV,1,-1,0,1
mathcalF,0.72,0.73,3256,-1,0,1,H-1,HV,1,-1,0,1
mathcalF,0.72,0.73,3257,0,0,0,I,HV,1,0,0,1
mathcalF,0.72,0.73,3258,0,0,0,I,HV,1,0,0,1
mathcalF,0.72,0.73,3259,0,0,0,I,HV,1,0,0,1
mathcalF,0.72,0.73,3260,0,0,0,I,HV,1,0,0,1
mathcalF,0.72,0.73,3261,0,0,0,I,HV,1,0,0,1
mathcalF,0.72,0.73,3262,0,1,1,V+1,HV,1,0,1,1
mathcalF,0.72,0.73,3263,0,1,1,V+1,HV,1,0,1,1
mathcalF,0.72,0.73,3264,0,0,0,I,HV,1,0,0,1
mathcalF,0.72,0.73,3265,0,0,0,I,HV,1,0,0,1
mathcalF,0.72,0.73,3266,0,0,0,I,HV,1,0,0,1
mathcalF,0.72,0.73,3267,0,0,0,I,HV,1,0,0,1
mathcalF,0.72,0.73,3268,0,0,0,I,HV,1,0,0,1
mathcalF,0.72,0.73,3269,0,0,0,I,HV,1,0,0,1
mathcalF,0.72,0.73,3270,0,0,0,I,HV,1,0,0,1
mathcalF,0.72,0.73,3271,0,0,0,I,HV,1,0,0,1
mathcalF,0.72,0.73,3272,0,0,0,I,HV,1,0,0,1
mathcalF,0.72,0.73,3273,0,0,0,I,HV,1,0,0,1
mathcalF,0.72,0.73,3274,0,0,0,I,HV,1,0,0,1
mathcalF,0.72,0.73,3275,0,0,0,I,HV,1,0,0,1
mathcalF,0.72,0.73,3276,0,0,0,I,HV,1,0,0,1
mathcalF,0.72,0.73,3277,0,0,0,I,HV,1,0,0,1
mathcalF,0.72,0.73,3278,0,0,0,I,HV,1,0,0,1
mathcalF,0.72,0.73,3279,0,0,0,I,HV,1,0,0,1
mathcalF,0.72,0.73,3280,0,0,0,I,HV,1,0,0,1
mathcalF,0.72,0.73,3281,0,0,0,I,HV,1,0,0,1
mathcalF,0.72,0.73,3282,0,0,0,I,HV,1,0,0,1
mathcalF,0.72,0.73,3283,0,0,0,I,HV,1,0,0,1
mathcalF,0.72,0.73,3284,1,0,1,H+1,HV,1,1,0,1
mathcalF,0.72,0.73,3285,-1,0,1,H-1,HV,1,-1,0,1
mathcalF,0.72,0.73,3286,-1,0,1,H-1,HV,1,-1,0,1
mathcalF,0.72,0.73,3287,1,0,1,H+1,HV,1,1,0,1
mathcalF,0.72,0.73,3288,1,0,1,H+1,HV,1,1,0,1
mathcalF,0.72,0.73,3289,-1,0,1,H-1,HV,1,-1,0,1
mathcalF,0.72,0.73,3290,-1,0,1,H-1,HV,1,-1,0,1
mathcalF,0.72,0.73,3291,-1,1,2,V+1 H-1,VH,1,-1,1,0
mathcalF,0.72,0.73,3292,1,0,1,H+1,HV,1,1,0,1
mathcalF,0.72,0.73,3293,1,0,1,H+1,HV,1,1,0,1
mathcalF,0.72,0.73,3294,1,0,1,H+1,HV,1,1,0,1
mathcalF,0.72,0.73,3295,0,1,1,V+1,HV,1,0,1,1
mathcalF,0.72,0.73,3296,-1,1,2,V+1 H-1,VH,1,-1,1,0
mathcalF,0.72,0.73,3297,1,-1,2,H+1 V-1,HV,0,1,-1,1
mathcalF,0.72,0.73,3298,-1,1,2,H-1 V+1,HV,0,-1,1,1
mathcalF,0.72,0.73,3299,0,0,0,I,HV,1,0,0,1
mathcalF,0.72,0.73,3300,1,0,1,H+1,HV,1,1,0,1
mathcalF,0.72,0.73,3301,1,0,1,H+1,HV,1,1,0,1
mathcalF,0.72,0.73,3302,-1,0,1,H-1,HV,1,-1,0,1
mathcalF,0.72,0.73,3303,-1,0,1,H-1,HV,1,-1,0,1
mathcalF,0.72,0.73,3304,1,0,1,H+1,HV,1,1,0,1
mathcalF,0.72,0.73,3305,1,0,1,H+1,HV,1,1,0,1
mathcalF,0.72,0.73,3306,1,0,1,H+1,HV,1,1,0,1
mathcalF,0.72,0.73,3307,1,0,1,H+1,HV,1,1,0,1
mathcalF,0.72,0.73,3308,1,0,1,H+1,HV,1,1,0,1
mathcalF,0.72,0.73,3309,1,0,1,H+1,HV,1,1,0,1
mathcalF,0.72,0.73,3310,1,-1,2,H+1 V-1,HV,0,1,-1,1
mathcalF,0.72,0.73,3311,1,-1,2,H+1 V-1,HV,0,1,-1,1
mathcalF,0.72,0.73,3312,1,0,1,H+1,HV,1,1,0,1
mathcalF,0.72,0.73,3313,1,0,1,H+1,HV,1,1,0,1
mathcalF,0.72,0.73,3314,1,-1,2,H+1 V-1,HV,0,1,-1,1
mathcalF,0.72,0.73,3315,1,-1,2,H+1 V-1,HV,0,1,-1,1
mathcalF,0.72,0.73,3316,1,0,1,H+1,HV,1,1,0,1
mathcalF,0.72,0.73,3317,1,0,1,H+1,HV,1,1,0,1
mathcalF,0.72,0.73,3318,-1,0,1,H-1,HV,1,-1,0,1
mathcalF,0.72,0.73,3319,-1,0,1,H-1,HV,1,-1,0,1
mathcalF,0.72,0.73,3320,1,0,1,H+1,HV,1,1,0,1
mathcalF,0.72,0.73,3321,1,0,1,H+1,HV,1,1,0,1
mathcalF,0.72,0.73,3322,-1,0,1,H-1,HV,1,-1,0,1
mathcalF,0.72,0.73,3323,-1,0,1,H-1,HV,1,-1,0,1
mathcalF,0.72,0.73,3324,1,0,1,H+1,HV,1,1,0,1
mathcalF,0.72,0.73,3325,1,0,1,H+1,HV,1,1,0,1
mathcalF,0.72,0.73,3326,1,0,1,H+1,HV,1,1,0,1
mathcalF,0.72,0.73,3327,1,0,1,H+1,HV,1,1,0,1
mathcalF,0.72,0.73,3328,1,0,1,H+1,HV,1,1,0,1
mathcalF,0.72,0.73,3329,1,0,1,H+1,HV,1,1,0,1
mathcalF,0.72,0.73,3330,0,0,0,I,HV,1,0,0,1
mathcalF,0.72,0.73,3331,0,0,0,I,HV,1,0,0,1
mathcalF,0.72,0.73,3332,0,0,0,I,HV,1,0,0,1
mathcalF,0.72,0.73,3333,0,0,0,I,HV,1,0,0,1
mathcalF,0.72,0.73,3334,0,0,0,I,HV,1,0,0,1
mathcalF,0.72,0.73,3335,0,0,0,I,HV,1,0,0,1
mathcalF,0.72,0.73,3336,0,0,0,I,HV,1,0,0,1
mathcalF,0.72,0.73,3337,0,0,0,I,HV,1,0,0,1
mathcalF,0.72,0.73,3338,0,0,0,I,HV,1,0,0,1
mathcalF,0.72,0.73,3339,0,0,0,I,HV,1,0,0,1
mathcalF,0.72,0.73,3340,0,0,0,I,HV,1,0,0,1
mathcalF,0.72,0.73,3341,0,0,0,I,HV,1,0,0,1
mathcalF,0.72,0.73,3342,0,0,0,I,HV,1,0,0,1
mathcalF,0.72,0.73,3343,0,0,0,I,HV,1,0,0,1
mathcalF,0.72,0.73,3344,0,0,0,I,HV,1,0,0,1
mathcalF,0.72,0.73,3345,0,0,0,I,HV,1,0,0,1
mathcalF,0.72,0.73,3346,0,0,0,I,HV,1,0,0,1
mathcalF,0.72,0.73,3347,0,0,0,I,HV,1,0,0,1
mathcalF,0.72,0.73,3348,0,0,0,I,HV,1,0,0,1
mathcalF,0.72,0.73,3349,0,0,0,I,HV,1,0,0,1
mathcalF,0.72,0.73,3350,0,1,1,V+1,HV,1,0,1,1
mathcalF,0.72,0.73,3351,0,2,2,V+1 V+1,HV,1,0,2,1
mathcalF,0.72,0.73,3352,0,0,0,I,HV,1,0,0,1
mathcalF,0.72,0.73,3353,0,0,0,I,HV,1,0,0,1
mathcalF,0.72,0.73,3354,0,0,0,I,HV,1,0,0,1
mathcalF,0.72,0.73,3355,0,0,0,I,HV,1,0,0,1
mathcalF,0.72,0.73,3356,0,0,0,I,HV,1,0,0,1
mathcalF,0.72,0.73,3357,0,0,0,I,HV,1,0,0,1
mathcalF,0.72,0.73,3358,0,0,0,I,HV,1,0,0,1
mathcalF,0.72,0.73,3359,0,0,0,I,HV,1,0,0,1
mathcalF,0.72,0.73,3360,1,0,1,H+1,HV,1,1,0,1
mathcalF,0.72,0.73,3361,0,0,0,I,HV,1,0,0,1
mathcalF,0.72,0.73,3362,0,0,0,I,HV,1,0,0,1
mathcalF,0.72,0.73,3363,0,0,0,I,HV,1,0,0,1
mathcalF,0.72,0.73,3364,0,0,0,I,HV,1,0,0,1
mathcalF,0.72,0.73,3365,0,0,0,I,HV,1,0,0,1
mathcalF,0.72,0.73,3366,0,0,0,I,HV,1,0,0,1
mathcalF,0.72,0.73,3367,0,0,0,I,HV,1,0,0,1
mathcalF,0.72,0.73,3368,0,0,0,I,HV,1,0,0,1
mathcalF,0.72,0.73,3369,0,0,0,I,HV,1,0,0,1
mathcalF,0.72,0.73,3370,0,0,0,I,HV,1,0,0,1
mathcalF,0.72,0.73,3371,0,0,0,I,HV,1,0,0,1
mathcalF,0.72,0.73,3372,0,0,0,I,HV,1,0,0,1
mathcalF,0.72,0.73,3373,0,0,0,I,HV,1,0,0,1
mathcalF,0.72,0.73,3374,0,-1,1,V-1,HV,1,0,-1,1
mathcalF,0.72,0.73,3375,0,-1,1,V-1,HV,1,0,-1,1
mathcalF,0.72,0.73,3376,0,-1,1,V-1,HV,1,0,-1,1
mathcalF,0.72,0.73,3377,0,-1,1,V-1,HV,1,0,-1,1
mathcalF,0.72,0.73,3378,0,-1,1,V-1,HV,1,0,-1,1
mathcalF,0.72,0.73,3379,0,-1,1,V-1,HV,1,0,-1,1
mathcalF,0.72,0.73,3380,0,0,0,I,HV,1,0,0,1
mathcalF,0.72,0.73,3381,0,0,0,I,HV,1,0,0,1
mathcalF,0.72,0.73,3382,0,0,0,I,HV,1,0,0,1
mathcalF,0.72,0.73,3383,0,0,0,I,HV,1,0,0,1
mathcalF,0.72,0.73,3384,0,-1,1,V-1,HV,1,0,-1,1
mathcalF,0.72,0.73,3385,0,-1,1,V-1,HV,1,0,-1,1
mathcalF,0.72,0.73,3386,0,0,0,I,HV,1,0,0,1
mathcalF,0.72,0.73,3387,0,0,0,I,HV,1,0,0,1
mathcalF,0.72,0.73,3388,1,0,1,H+1,HV,1,1,0,1
mathcalF,0.72,0.73,3389,1,0,1,H+1,HV,1,1,0,1
mathcalF,0.72,0.73,3390,1,-1,2,H+1 V-1,HV,0,1,-1,1
mathcalF,0.72,0.73,3391,1,-1,2,H+1 V-1,HV,0,1,-1,1
mathcalF,0.72,0.73,3392,1,0,1,H+1,HV,1,1,0,1
mathcalF,0.72,0.73,3393,-1,0,1,H-1,HV,1,-1,0,1
mathcalF,0.72,0.73,3394,0,-1,1,V-1,HV,1,0,-1,1
mathcalF,0.72,0.73,3395,-2,0,2,H-1 H-1,HV,1,-2,0,1
mathcalF,0.72,0.73,3396,0,0,0,I,HV,1,0,0,1
mathcalF,0.72,0.73,3397,0,0,0,I,HV,1,0,0,1
mathcalF,0.72,0.73,3398,0,0,0,I,HV,1,0,0,1
mathcalF,0.72,0.73,3399,0,0,0,I,HV,1,0,0,1
mathcalF,0.72,0.73,3400,0,1,1,V+1,HV,1,0,1,1
mathcalF,0.72,0.73,3401,0,1,1,V+1,HV,1,0,1,1
mathcalF,0.72,0.73,3402,0,0,0,I,HV,1,0,0,1
mathcalF,0.72,0.73,3403,0,0,0,I,HV,1,0,0,1
mathcalF,0.72,0.73,3404,0,0,0,I,HV,1,0,0,1
mathcalF,0.72,0.73,3405,0,0,0,I,HV,1,0,0,1
mathcalF,0.72,0.73,3406,0,0,0,I,HV,1,0,0,1
mathcalF,0.72,0.73,3407,0,0,0,I,HV,1,0,0,1
mathcalF,0.72,0.73,3408,0,0,0,I,HV,1,0,0,1
mathcalF,0.72,0.73,3409,0,0,0,I,HV,1,0,0,1
mathcalF,0.72,0.73,3410,0,0,0,I,HV,1,0,0,1
mathcalF,0.72,0.73,3411,0,0,0,I,HV,1,0,0,1
mathcalF,0.72,0.73,3412,0,0,0,I,HV,1,0,0,1
mathcalF,0.72,0.73,3413,0,0,0,I,HV,1,0,0,1
mathcalF,0.72,0.73,3414,0,0,0,I,HV,1,0,0,1
mathcalF,0.72,0.73,3415,0,0,0,I,HV,1,0,0,1
mathcalF,0.72,0.73,3416,0,0,0,I,HV,1,0,0,1
mathcalF,0.72,0.73,3417,0,0,0,I,HV,1,0,0,1
mathcalF,0.72,0.73,3418,0,0,0,I,HV,1,0,0,1
mathcalF,0.72,0.73,3419,0,0,0,I,HV,1,0,0,1
mathcalF,0.72,0.73,3420,0,0,0,I,HV,1,0,0,1
mathcalF,0.72,0.73,3421,1,0,1,H+1,HV,1,1,0,1
mathcalF,0.72,0.73,3422,1,0,1,H+1,HV,1,1,0,1
mathcalF,0.72,0.73,3423,0,1,1,V+1,HV,1,0,1,1
mathcalF,0.72,0.73,3424,-1,0,1,H-1,HV,1,-1,0,1
mathcalF,0.72,0.73,3425,1,-1,2,V-1 H+1,VH,1,1,-1,0
mathcalF,0.72,0.73,3426,1,0,1,H+1,HV,1,1,0,1
mathcalF,0.72,0.73,3427,1,0,1,H+1,HV,1,1,0,1
mathcalF,0.72,0.73,3428,-1,0,1,H-1,HV,1,-1,0,1
mathcalF,0.72,0.73,3429,0,1,1,V+1,HV,1,0,1,1
mathcalF,0.72,0.73,3430,1,-1,2,H+1 V-1,HV,0,1,-1,1
mathcalF,0.72,0.73,3431,1,0,1,H+1,HV,1,1,0,1
mathcalF,0.72,0.73,3432,1,0,1,H+1,HV,1,1,0,1
mathcalF,0.72,0.73,3433,1,0,1,H+1,HV,1,1,0,1
mathcalF,0.72,0.73,3434,1,0,1,H+1,HV,1,1,0,1
mathcalF,0.72,0.73,3435,0,0,0,I,HV,1,0,0,1
mathcalF,0.72,0.73,3436,0,-1,1,V-1,HV,1,0,-1,1
mathcalF,0.72,0.73,3437,0,-1,1,V-1,HV,1,0,-1,1
mathcalF,0.72,0.73,3438,0,-1,1,V-1,HV,1,0,-1,1
mathcalF,0.72,0.73,3439,1,0,1,H+1,HV,1,1,0,1
mathcalF,0.72,0.73,3440,1,0,1,H+1,HV,1,1,0,1
mathcalF,0.72,0.73,3441,-1,0,1,H-1,HV,1,-1,0,1
mathcalF,0.72,0.73,3442,-1,0,1,H-1,HV,1,-1,0,1
mathcalF,0.72,0.73,3443,1,0,1,H+1,HV,1,1,0,1
mathcalF,0.72,0.73,3444,1,0,1,H+1,HV,1,1,0,1
mathcalF,0.72,0.73,3445,1,0,1,H+1,HV,1,1,0,1
mathcalF,0.72,0.73,3446,1,0,1,H+1,HV,1,1,0,1
mathcalF,0.72,0.73,3447,1,0,1,H+1,HV,1,1,0,1
mathcalF,0.72,0.73,3448,1,0,1,H+1,HV,1,1,0,1
mathcalF,0.72,0.73,3449,1,-1,2,H+1 V-1,HV,0,1,-1,1
mathcalF,0.72,0.73,3450,1,-1,2,H+1 V-1,HV,0,1,-1,1
mathcalF,0.72,0.73,3451,1,0,1,H+1,HV,1,1,0,1
mathcalF,0.72,0.73,3452,1,0,1,H+1,HV,1,1,0,1
mathcalF,0.72,0.73,3453,1,-1,2,H+1 V-1,HV,0,1,-1,1
mathcalF,0.72,0.73,3454,1,-1,2,H+1 V-1,HV,0,1,-1,1
mathcalF,0.72,0.73,3455,1,0,1,H+1,HV,1,1,0,1
mathcalF,0.72,0.73,3456,1,0,1,H+1,HV,1,1,0,1
mathcalF,0.72,0.73,3457,0,1,1,V+1,HV,1,0,1,1
mathcalF,0.72,0.73,3458,0,1,1,V+1,HV,1,0,1,1
mathcalF,0.72,0.73,3459,0,0,0,I,HV,1,0,0,1
mathcalF,0.72,0.73,3460,0,1,1,V+1,HV,1,0,1,1
mathcalF,0.72,0.73,3461,-1,0,1,H-1,HV,1,-1,0,1
mathcalF,0.72,0.73,3462,-1,0,1,H-1,HV,1,-1,0,1
mathcalF,0.72,0.73,3463,1,0,1,H+1,HV,1,1,0,1
mathcalF,0.72,0.73,3464,1,0,1,H+1,HV,1,1,0,1
mathcalF,0.72,0.73,3465,1,0,1,H+1,HV,1,1,0,1
mathcalF,0.72,0.73,3466,1,0,1,H+1,HV,1,1,0,1
mathcalF,0.72,0.73,3467,0,0,0,I,HV,1,0,0,1
mathcalF,0.72,0.73,3468,1,0,1,H+1,HV,1,1,0,1
mathcalF,0.72,0.73,3469,0,0,0,I,HV,1,0,0,1
mathcalF,0.72,0.73,3470,0,0,0,I,HV,1,0,0,1
mathcalF,0.72,0.73,3471,0,0,0,I,HV,1,0,0,1
mathcalF,0.72,0.73,3472,0,0,0,I,HV,1,0,0,1
mathcalF,0.72,0.73,3473,0,0,0,I,HV,1,0,0,1
mathcalF,0.72,0.73,3474,0,0,0,I,HV,1,0,0,1
mathcalF,0.72,0.73,3475,0,0,0,I,HV,1,0,0,1
mathcalF,0.72,0.73,3476,0,0,0,I,HV,1,0,0,1
mathcalF,0.72,0.73,3477,0,0,0,I,HV,1,0,0,1
mathcalF,0.72,0.73,3478,0,0,0,I,HV,1,0,0,1
mathcalF,0.72,0.73,3479,0,0,0,I,HV,1,0,0,1
mathcalF,0.72,0.73,3480,0,0,0,I,HV,1,0,0,1
mathcalF,0.72,0.73,3481,0,0,0,I,HV,1,0,0,1
mathcalF,0.72,0.73,3482,0,0,0,I,HV,1,0,0,1
mathcalF,0.72,0.73,3483,0,0,0,I,HV,1,0,0,1
mathcalF,0.72,0.73,3484,0,0,0,I,HV,1,0,0,1
mathcalF,0.72,0.73,3485,0,0,0,I,HV,1,0,0,1
mathcalF,0.72,0.73,3486,0,0,0,I,HV,1,0,0,1
mathcalF,0.72,0.73,3487,0,0,0,I,HV,1,0,0,1
mathcalF,0.72,0.73,3488,0,0,0,I,HV,1,0,0,1
mathcalF,0.72,0.73,3489,0,0,0,I,HV,1,0,0,1
mathcalF,0.72,0.73,3490,0,1,1,V+1,HV,1,0,1,1
mathcalF,0.72,0.73,3491,0,1,1,V+1,HV,1,0,1,1
mathcalF,0.72,0.73,3492,0,0,0,I,HV,1,0,0,1
mathcalF,0.72,0.73,3493,0,0,0,I,HV,1,0,0,1
mathcalF,0.72,0.73,3494,0,0,0,I,HV,1,0,0,1
mathcalF,0.72,0.73,3495,0,0,0,I,HV,1,0,0,1
mathcalF,0.72,0.73,3496,0,0,0,I,HV,1,0,0,1
mathcalF,0.72,0.73,3497,0,0,0,I,HV,1,0,0,1
mathcalF,0.72,0.73,3498,0,0,0,I,HV,1,0,0,1
mathcalF,0.72,0.73,3499,0,1,1,V+1,HV,1,0,1,1
mathcalF,0.72,0.73,3500,0,0,0,I,HV,1,0,0,1
mathcalF,0.72,0.73,3501,0,0,0,I,HV,1,0,0,1
mathcalF,0.72,0.73,3502,0,0,0,I,HV,1,0,0,1
mathcalF,0.72,0.73,3503,0,0,0,I,HV,1,0,0,1
mathcalF,0.72,0.73,3504,0,0,0,I,HV,1,0,0,1
mathcalF,0.72,0.73,3505,0,0,0,I,HV,1,0,0,1
mathcalF,0.72,0.73,3506,0,0,0,I,HV,1,0,0,1
mathcalF,0.72,0.73,3507,0,0,0,I,HV,1,0,0,1
mathcalF,0.72,0.73,3508,0,0,0,I,HV,1,0,0,1
mathcalF,0.72,0.73,3509,0,0,0,I,HV,1,0,0,1
mathcalF,0.72,0.73,3510,0,0,0,I,HV,1,0,0,1
mathcalF,0.72,0.73,3511,0,0,0,I,HV,1,0,0,1
mathcalF,0.72,0.73,3512,0,0,0,I,HV,1,0,0,1
mathcalF,0.72,0.73,3513,0,0,0,I,HV,1,0,0,1
mathcalF,0.72,0.73,3514,0,-1,1,V-1,HV,1,0,-1,1
mathcalF,0.72,0.73,3515,0,-1,1,V-1,HV,1,0,-1,1
mathcalF,0.72,0.73,3516,0,-1,1,V-1,HV,1,0,-1,1
mathcalF,0.72,0.73,3517,0,-1,1,V-1,HV,1,0,-1,1
mathcalF,0.72,0.73,3518,0,-1,1,V-1,HV,1,0,-1,1
mathcalF,0.72,0.73,3519,0,-1,1,V-1,HV,1,0,-1,1
mathcalF,0.72,0.73,3520,0,0,0,I,HV,1,0,0,1
mathcalF,0.72,0.73,3521,0,0,0,I,HV,1,0,0,1
mathcalF,0.72,0.73,3522,-1,1,2,V+1 H-1,VH,1,-1,1,0
mathcalF,0.72,0.73,3523,-1,1,2,V+1 H-1,VH,1,-1,1,0
mathcalF,0.72,0.73,3524,0,0,0,I,HV,1,0,0,1
mathcalF,0.72,0.73,3525,0,0,0,I,HV,1,0,0,1
mathcalF,0.72,0.73,3526,1,0,1,H+1,HV,1,1,0,1
mathcalF,0.72,0.73,3527,1,0,1,H+1,HV,1,1,0,1
mathcalF,0.72,0.73,3528,1,-1,2,H+1 V-1,HV,0,1,-1,1
mathcalF,0.72,0.73,3529,1,-1,2,H+1 V-1,HV,0,1,-1,1
mathcalF,0.72,0.73,3530,1,0,1,H+1,HV,1,1,0,1
mathcalF,0.72,0.73,3531,1,0,1,H+1,HV,1,1,0,1
mathcalF,0.72,0.73,3532,-1,0,1,H-1,HV,1,-1,0,1
mathcalF,0.72,0.73,3533,1,-1,2,H+1 V-1,HV,0,1,-1,1
mathcalF,0.72,0.73,3534,-1,0,1,H-1,HV,1,-1,0,1
mathcalF,0.72,0.73,3535,0,0,0,I,HV,1,0,0,1
mathcalF,0.72,0.73,3536,0,0,0,I,HV,1,0,0,1
mathcalF,0.72,0.73,3537,0,0,0,I,HV,1,0,0,1
mathcalF,0.72,0.73,3538,0,1,1,V+1,HV,1,0,1,1
mathcalF,0.72,0.73,3539,0,1,1,V+1,HV,1,0,1,1
mathcalF,0.72,0.73,3540,0,0,0,I,HV,1,0,0,1
mathcalF,0.72,0.73,3541,0,0,0,I,HV,1,0,0,1
mathcalF,0.72,0.73,3542,0,0,0,I,HV,1,0,0,1
mathcalF,0.72,0.73,3543,0,0,0,I,HV,1,0,0,1
mathcalF,0.72,0.73,3544,0,0,0,I,HV,1,0,0,1
mathcalF,0.72,0.73,3545,0,0,0,I,HV,1,0,0,1
mathcalF,0.72,0.73,3546,0,0,0,I,HV,1,0,0,1
mathcalF,0.72,0.73,3547,0,0,0,I,HV,1,0,0,1
mathcalF,0.72,0.73,3548,0,0,0,I,HV,1,0,0,1
mathcalF,0.72,0.73,3549,0,0,0,I,HV,1,0,0,1
mathcalF,0.72,0.73,3550,0,0,0,I,HV,1,0,0,1
mathcalF,0.72,0.73,3551,0,0,0,I,HV,1,0,0,1
mathcalF,0.72,0.73,3552,0,0,0,I,HV,1,0,0,1
mathcalF,0.72,0.73,3553,0,0,0,I,HV,1,0,0,1
mathcalF,0.72,0.73,3554,0,0,0,I,HV,1,0,0,1
mathcalF,0.72,0.73,3555,0,0,0,I,HV,1,0,0,1
mathcalF,0.72,0.73,3556,0,0,0,I,HV,1,0,0,1
mathcalF,0.72,0.73,3557,0,0,0,I,HV,1,0,0,1
mathcalF,0.72,0.73,3558,0,0,0,I,HV,1,0,0,1
mathcalF,0.72,0.73,3559,0,0,0,I,HV,1,0,0,1
mathcalF,0.72,0.73,3560,1,0,1,H+1,HV,1,1,0,1
mathcalF,0.72,0.73,3561,0,-1,1,V-1,HV,1,0,-1,1
mathcalF,0.72,0.73,3562,1,0,1,H+1,HV,1,1,0,1
mathcalF,0.72,0.73,3563,-1,1,2,V+1 H-1,VH,1,-1,1,0
mathcalF,0.72,0.73,3564,-1,0,1,H-1,HV,1,-1,0,1
mathcalF,0.72,0.73,3565,0,-1,1,V-1,HV,1,0,-1,1
mathcalF,0.72,0.73,3566,1,0,1,H+1,HV,1,1,0,1
mathcalF,0.72,0.73,3567,1,0,1,H+1,HV,1,1,0,1
mathcalF,0.72,0.73,3568,1,-1,2,H+1 V-1,HV,0,1,-1,1
mathcalF,0.72,0.73,3569,1,-1,2,H+1 V-1,HV,0,1,-1,1
mathcalF,0.72,0.73,3570,1,0,1,H+1,HV,1,1,0,1
mathcalF,0.72,0.73,3571,1,0,1,H+1,HV,1,1,0,1
mathcalF,0.72,0.73,3572,1,0,1,H+1,HV,1,1,0,1
mathcalF,0.72,0.73,3573,1,0,1,H+1,HV,1,1,0,1
mathcalF,0.72,0.73,3574,1,-1,2,H+1 V-1,HV,0,1,-1,1
mathcalF,0.72,0.73,3575,1,-1,2,H+1 V-1,HV,0,1,-1,1
mathcalF,0.72,0.73,3576,-1,1,2,H-1 V+1,HV,0,-1,1,1
mathcalF,0.72,0.73,3577,-1,1,2,H-1 V+1,HV,0,-1,1,1
mathcalF,0.72,0.73,3578,1,0,1,H+1,HV,1,1,0,1
mathcalF,0.72,0.73,3579,0,1,1,V+1,HV,1,0,1,1
mathcalF,0.72,0.73,3580,-1,0,1,H-1,HV,1,-1,0,1
mathcalF,0.72,0.73,3581,-1,0,1,H-1,HV,1,-1,0,1
mathcalF,0.72,0.73,3582,1,0,1,H+1,HV,1,1,0,1
mathcalF,0.72,0.73,3583,1,0,1,H+1,HV,1,1,0,1
mathcalF,0.72,0.73,3584,1,0,1,H+1,HV,1,1,0,1
mathcalF,0.72,0.73,3585,1,0,1,H+1,HV,1,1,0,1
mathcalF,0.72,0.73,3586,1,0,1,H+1,HV,1,1,0,1
mathcalF,0.72,0.73,3587,1,0,1,H+1,HV,1,1,0,1
mathcalF,0.72,0.73,3588,1,-1,2,H+1 V-1,HV,0,1,-1,1
mathcalF,0.72,0.73,3589,1,-1,2,H+1 V-1,HV,0,1,-1,1
mathcalF,0.72,0.73,3590,1,0,1,H+1,HV,1,1,0,1
mathcalF,0.72,0.73,3591,1,0,1,H+1,HV,1,1,0,1
mathcalF,0.72,0.73,3592,1,-1,2,H+1 V-1,HV,0,1,-1,1
mathcalF,0.72,0.73,3593,1,-1,2,H+1 V-1,HV,0,1,-1,1
mathcalF,0.72,0.73,3594,1,0,1,H+1,HV,1,1,0,1
mathcalF,0.72,0.73,3595,1,0,1,H+1,HV,1,1,0,1
mathcalF,0.72,0.73,3596,0,-1,1,V-1,HV,1,0,-1,1
mathcalF,0.72,0.73,3597,-1,0,1,H-1,HV,1,-1,0,1
mathcalF,0.72,0.73,3598,1,0,1,H+1,HV,1,1,0,1
mathcalF,0.72,0.73,3599,1,0,1,H+1,HV,1,1,0,1
mathcalF,0.72,0.73,3600,-1,0,1,H-1,HV,1,-1,0,1
mathcalF,0.72,0.73,3601,-1,0,1,H-1,HV,1,-1,0,1
mathcalF,0.72,0.73,3602,1,0,1,H+1,HV,1,1,0,1
mathcalF,0.72,0.73,3603,1,0,1,H+1,HV,1,1,0,1
mathcalF,0.72,0.73,3604,1,0,1,H+1,HV,1,1,0,1
mathcalF,0.72,0.73,3605,1,0,1,H+1,HV,1,1,0,1
mathcalF,0.72,0.73,3606,0,0,0,I,HV,1,0,0,1
mathcalF,0.72,0.73,3607,0,0,0,I,HV,1,0,0,1
mathcalF,0.72,0.73,3608,0,0,0,I,HV,1,0,0,1
mathcalF,0.72,0.73,3609,0,0,0,I,HV,1,0,0,1
mathcalF,0.72,0.73,3610,0,0,0,I,HV,1,0,0,1
mathcalF,0.72,0.73,3611,0,0,0,I,HV,1,0,0,1
mathcalF,0.72,0.73,3612,-1,1,2,V+1 H-1,VH,1,-1,1,0
mathcalF,0.72,0.73,3613,0,0,0,I,HV,1,0,0,1
mathcalF,0.72,0.73,3614,0,0,0,I,HV,1,0,0,1
mathcalF,0.72,0.73,3615,0,0,0,I,HV,1,0,0,1
mathcalF,0.72,0.73,3616,0,0,0,I,HV,1,0,0,1
mathcalF,0.72,0.73,3617,0,0,0,I,HV,1,0,0,1
mathcalF,0.72,0.73,3618,0,0,0,I,HV,1,0,0,1
mathcalF,0.72,0.73,3619,0,0,0,I,HV,1,0,0,1
mathcalF,0.72,0.73,3620,0,0,0,I,HV,1,0,0,1
mathcalF,0.72,0.73,3621,0,0,0,I,HV,1,0,0,1
mathcalF,0.72,0.73,3622,0,0,0,I,HV,1,0,0,1
mathcalF,0.72,0.73,3623,0,0,0,I,HV,1,0,0,1
mathcalF,0.72,0.73,3624,0,0,0,I,HV,1,0,0,1
mathcalF,0.72,0.73,3625,0,0,0,I,HV,1,0,0,1
mathcalF,0.72,0.73,3626,0,0,0,I,HV,1,0,0,1
mathcalF,0.72,0.73,3627,0,0,0,I,HV,1,0,0,1
mathcalF,0.72,0.73,3628,0,0,0,I,HV,1,0,0,1
mathcalF,0.72,0.73,3629,0,1,1,V+1,HV,1,0,1,1
mathcalF,0.72,0.73,3630,0,1,1,V+1,HV,1,0,1,1
mathcalF,0.72,0.73,3631,0,0,0,I,HV,1,0,0,1
mathcalF,0.72,0.73,3632,0,0,0,I,HV,1,0,0,1
mathcalF,0.72,0.73,3633,0,0,0,I,HV,1,0,0,1
mathcalF,0.72,0.73,3634,0,0,0,I,HV,1,0,0,1
mathcalF,0.72,0.73,3635,0,0,0,I,HV,1,0,0,1
mathcalF,0.72,0.73,3636,0,0,0,I,HV,1,0,0,1
mathcalF,0.72,0.73,3637,0,0,0,I,HV,1,0,0,1
mathcalF,0.72,0.73,3638,0,0,0,I,HV,1,0,0,1
mathcalF,0.72,0.73,3639,0,1,1,V+1,HV,1,0,1,1
mathcalF,0.72,0.73,3640,0,0,0,I,HV,1,0,0,1
mathcalF,0.72,0.73,3641,0,0,0,I,HV,1,0,0,1
mathcalF,0.72,0.73,3642,0,0,0,I,HV,1,0,0,1
mathcalF,0.72,0.73,3643,0,0,0,I,HV,1,0,0,1
mathcalF,0.72,0.73,3644,0,0,0,I,HV,1,0,0,1
mathcalF,0.72,0.73,3645,0,0,0,I,HV,1,0,0,1
mathcalF,0.72,0.73,3646,0,0,0,I,HV,1,0,0,1
mathcalF,0.72,0.73,3647,0,0,0,I,HV,1,0,0,1
mathcalF,0.72,0.73,3648,0,0,0,I,HV,1,0,0,1
mathcalF,0.72,0.73,3649,0,0,0,I,HV,1,0,0,1
mathcalF,0.72,0.73,3650,0,0,0,I,HV,1,0,0,1
mathcalF,0.72,0.73,3651,0,0,0,I,HV,1,0,0,1
mathcalF,0.72,0.73,3652,-1,0,1,H-1,HV,1,-1,0,1
mathcalF,0.72,0.73,3653,0,-1,1,V-1,HV,1,0,-1,1
mathcalF,0.72,0.73,3654,-1,1,2,V+1 H-1,VH,1,-1,1,0
mathcalF,0.72,0.73,3655,-1,1,2,V+1 H-1,VH,1,-1,1,0
mathcalF,0.72,0.73,3656,-1,1,2,V+1 H-1,VH,1,-1,1,0
mathcalF,0.72,0.73,3657,-1,1,2,V+1 H-1,VH,1,-1,1,0
mathcalF,0.72,0.73,3658,0,0,0,I,HV,1,0,0,1
mathcalF,0.72,0.73,3659,0,0,0,I,HV,1,0,0,1
mathcalF,0.72,0.73,3660,0,0,0,I,HV,1,0,0,1
mathcalF,0.72,0.73,3661,0,-1,1,V-1,HV,1,0,-1,1
mathcalF,0.72,0.73,3662,0,0,0,I,HV,1,0,0,1
mathcalF,0.72,0.73,3663,1,0,1,H+1,HV,1,1,0,1
mathcalF,0.72,0.73,3664,1,0,1,H+1,HV,1,1,0,1
mathcalF,0.72,0.73,3665,1,0,1,H+1,HV,1,1,0,1
mathcalF,0.72,0.73,3666,1,-1,2,H+1 V-1,HV,0,1,-1,1
mathcalF,0.72,0.73,3667,1,-1,2,H+1 V-1,HV,0,1,-1,1
mathcalF,0.72,0.73,3668,1,0,1,H+1,HV,1,1,0,1
mathcalF,0.72,0.73,3669,1,0,1,H+1,HV,1,1,0,1
mathcalF,0.72,0.73,3670,-1,0,1,H-1,HV,1,-1,0,1
mathcalF,0.72,0.73,3671,-1,0,1,H-1,HV,1,-1,0,1
mathcalF,0.72,0.73,3672,1,-1,2,H+1 V-1,HV,0,1,-1,1
mathcalF,0.72,0.73,3673,1,-1,2,H+1 V-1,HV,0,1,-1,1
mathcalF,0.72,0.73,3674,-1,0,1,H-1,HV,1,-1,0,1
mathcalF,0.72,0.73,3675,-1,0,1,H-1,HV,1,-1,0,1
mathcalF,0.72,0.73,3676,0,0,0,I,HV,1,0,0,1
mathcalF,0.72,0.73,3677,0,0,0,I,HV,1,0,0,1
mathcalF,0.72,0.73,3678,0,1,1,V+1,HV,1,0,1,1
mathcalF,0.72,0.73,3679,0,1,1,V+1,HV,1,0,1,1
mathcalF,0.72,0.73,3680,0,0,0,I,HV,1,0,0,1
mathcalF,0.72,0.73,3681,0,0,0,I,HV,1,0,0,1
mathcalF,0.72,0.73,3682,0,0,0,I,HV,1,0,0,1
mathcalF,0.72,0.73,3683,0,0,0,I,HV,1,0,0,1
mathcalF,0.72,0.73,3684,0,0,0,I,HV,1,0,0,1
mathcalF,0.72,0.73,3685,0,0,0,I,HV,1,0,0,1
mathcalF,0.72,0.73,3686,0,0,0,I,HV,1,0,0,1
mathcalF,0.72,0.73,3687,0,0,0,I,HV,1,0,0,1
mathcalF,0.72,0.73,3688,0,0,0,I,HV,1,0,0,1
mathcalF,0.72,0.73,3689,0,0,0,I,HV,1,0,0,1
mathcalF,0.72,0.73,3690,0,0,0,I,HV,1,0,0,1
mathcalF,0.72,0.73,3691,0,0,0,I,HV,1,0,0,1
mathcalF,0.72,0.73,3692,0,0,0,I,HV,1,0,0,1
mathcalF,0.72,0.73,3693,0,0,0,I,HV,1,0,0,1
mathcalF,0.72,0.73,3694,0,0,0,I,HV,1,0,0,1
mathcalF,0.72,0.73,3695,0,0,0,I,HV,1,0,0,1
mathcalF,0.72,0.73,3696,0,0,0,I,HV,1,0,0,1
mathcalF,0.72,0.73,3697,0,0,0,I,HV,1,0,0,1
mathcalF,0.72,0.73,3698,0,0,0,I,HV,1,0,0,1
mathcalF,0.72,0.73,3699,0,0,0,I,HV,1,0,0,1
mathcalF,0.72,0.73,3700,0,0,0,I,HV,1,0,0,1
mathcalF,0.72,0.73,3701,1,0,1,H+1,HV,1,1,0,1
mathcalF,0.72,0.73,3702,1,0,1,H+1,HV,1,1,0,1
mathcalF,0.72,0.73,3703,1,0,1,H+1,HV,1,1,0,1
mathcalF,0.72,0.73,3704,-1,0,1,H-1,HV,1,-1,0,1
mathcalF,0.72,0.73,3705,-1,0,1,H-1,HV,1,-1,0,1
mathcalF,0.72,0.73,3706,1,0,1,H+1,HV,1,1,0,1
mathcalF,0.72,0.73,3707,1,0,1,H+1,HV,1,1,0,1
mathcalF,0.72,0.73,3708,1,-1,2,H+1 V-1,HV,0,1,-1,1
mathcalF,0.72,0.73,3709,1,-1,2,H+1 V-1,HV,0,1,-1,1
mathcalF,0.72,0.73,3710,1,0,1,H+1,HV,1,1,0,1
mathcalF,0.72,0.73,3711,1,0,1,H+1,HV,1,1,0,1
mathcalF,0.72,0.73,3712,1,0,1,H+1,HV,1,1,0,1
mathcalF,0.72,0.73,3713,1,0,1,H+1,HV,1,1,0,1
mathcalF,0.72,0.73,3714,1,-1,2,H+1 V-1,HV,0,1,-1,1
mathcalF,0.72,0.73,3715,-1,1,2,V+1 H-1,VH,1,-1,1,0
mathcalF,0.72,0.73,3716,1,2,3,H+1 V+1 V+1,HV,3,1,2,1
mathcalF,0.72,0.73,3717,-1,1,2,H-1 V+1,HV,0,-1,1,1
mathcalF,0.72,0.73,3718,0,1,3,H+1 V+1 H-1,longer_word,2,-1,1,0
mathcalF,0.72,0.73,3719,0,1,1,V+1,HV,1,0,1,1
mathcalF,0.72,0.73,3720,-1,0,1,H-1,HV,1,-1,0,1
mathcalF,0.72,0.73,3721,-1,0,1,H-1,HV,1,-1,0,1
mathcalF,0.72,0.73,3722,1,0,1,H+1,HV,1,1,0,1
mathcalF,0.72,0.73,3723,1,0,1,H+1,HV,1,1,0,1
mathcalF,0.72,0.73,3724,1,0,1,H+1,HV,1,1,0,1
mathcalF,0.72,0.73,3725,1,0,1,H+1,HV,1,1,0,1
mathcalF,0.72,0.73,3726,1,0,1,H+1,HV,1,1,0,1
mathcalF,0.72,0.73,3727,1,0,1,H+1,HV,1,1,0,1
mathcalF,0.72,0.73,3728,1,-1,2,H+1 V-1,HV,0,1,-1,1
mathcalF,0.72,0.73,3729,1,-1,2,H+1 V-1,HV,0,1,-1,1
mathcalF,0.72,0.73,3730,1,0,1,H+1,HV,1,1,0,1
mathcalF,0.72,0.73,3731,1,0,1,H+1,HV,1,1,0,1
mathcalF,0.72,0.73,3732,1,-1,2,H+1 V-1,HV,0,1,-1,1
mathcalF,0.72,0.73,3733,1,-1,2,H+1 V-1,HV,0,1,-1,1
mathcalF,0.72,0.73,3734,1,0,1,H+1,HV,1,1,0,1
mathcalF,0.72,0.73,3735,1,0,1,H+1,HV,1,1,0,1
mathcalF,0.72,0.73,3736,-1,0,1,H-1,HV,1,-1,0,1
mathcalF,0.72,0.73,3737,-1,0,1,H-1,HV,1,-1,0,1
mathcalF,0.72,0.73,3738,1,0,1,H+1,HV,1,1,0,1
mathcalF,0.72,0.73,3739,1,0,1,H+1,HV,1,1,0,1
mathcalF,0.72,0.73,3740,-1,0,1,H-1,HV,1,-1,0,1
mathcalF,0.72,0.73,3741,-1,0,1,H-1,HV,1,-1,0,1
mathcalF,0.72,0.73,3742,1,0,1,H+1,HV,1,1,0,1
mathcalF,0.72,0.73,3743,1,0,1,H+1,HV,1,1,0,1
mathcalF,0.72,0.73,3744,0,0,0,I,HV,1,0,0,1
mathcalF,0.72,0.73,3745,1,0,1,H+1,HV,1,1,0,1
mathcalF,0.72,0.73,3746,0,0,0,I,HV,1,0,0,1
mathcalF,0.72,0.73,3747,0,0,0,I,HV,1,0,0,1
mathcalF,0.72,0.73,3748,0,0,0,I,HV,1,0,0,1
mathcalF,0.72,0.73,3749,0,0,0,I,HV,1,0,0,1
mathcalF,0.72,0.73,3750,0,0,0,I,HV,1,0,0,1
mathcalF,0.72,0.73,3751,0,0,0,I,HV,1,0,0,1
mathcalF,0.72,0.73,3752,0,0,0,I,HV,1,0,0,1
mathcalF,0.72,0.73,3753,0,0,0,I,HV,1,0,0,1
mathcalF,0.72,0.73,3754,0,0,0,I,HV,1,0,0,1
mathcalF,0.72,0.73,3755,0,0,0,I,HV,1,0,0,1
mathcalF,0.72,0.73,3756,0,0,0,I,HV,1,0,0,1
mathcalF,0.72,0.73,3757,0,0,0,I,HV,1,0,0,1
mathcalF,0.72,0.73,3758,0,0,0,I,HV,1,0,0,1
mathcalF,0.72,0.73,3759,0,0,0,I,HV,1,0,0,1
mathcalF,0.72,0.73,3760,0,0,0,I,HV,1,0,0,1
mathcalF,0.72,0.73,3761,0,0,0,I,HV,1,0,0,1
mathcalF,0.72,0.73,3762,0,0,0,I,HV,1,0,0,1
mathcalF,0.72,0.73,3763,0,0,0,I,HV,1,0,0,1
mathcalF,0.72,0.73,3764,0,0,0,I,HV,1,0,0,1
mathcalF,0.72,0.73,3765,0,0,0,I,HV,1,0,0,1
mathcalF,0.72,0.73,3766,0,0,0,I,HV,1,0,0,1
mathcalF,0.72,0.73,3767,0,0,0,I,HV,1,0,0,1
mathcalF,0.72,0.73,3768,0,0,0,I,HV,1,0,0,1
mathcalF,0.72,0.73,3769,0,1,1,V+1,HV,1,0,1,1
mathcalF,0.72,0.73,3770,0,0,0,I,HV,1,0,0,1
mathcalF,0.72,0.73,3771,0,0,0,I,HV,1,0,0,1
mathcalF,0.72,0.73,3772,0,0,0,I,HV,1,0,0,1
mathcalF,0.72,0.73,3773,0,0,0,I,HV,1,0,0,1
mathcalF,0.72,0.73,3774,0,0,0,I,HV,1,0,0,1
mathcalF,0.72,0.73,3775,0,0,0,I,HV,1,0,0,1
mathcalF,0.72,0.73,3776,0,0,0,I,HV,1,0,0,1
mathcalF,0.72,0.73,3777,0,0,0,I,HV,1,0,0,1
mathcalF,0.72,0.73,3778,0,1,1,V+1,HV,1,0,1,1
mathcalF,0.72,0.73,3779,0,1,1,V+1,HV,1,0,1,1
mathcalF,0.72,0.73,3780,0,0,0,I,HV,1,0,0,1
mathcalF,0.72,0.73,3781,0,0,0,I,HV,1,0,0,1
mathcalF,0.72,0.73,3782,0,0,0,I,HV,1,0,0,1
mathcalF,0.72,0.73,3783,0,0,0,I,HV,1,0,0,1
mathcalF,0.72,0.73,3784,0,0,0,I,HV,1,0,0,1
mathcalF,0.72,0.73,3785,0,0,0,I,HV,1,0,0,1
mathcalF,0.72,0.73,3786,0,0,0,I,HV,1,0,0,1
mathcalF,0.72,0.73,3787,0,0,0,I,HV,1,0,0,1
mathcalF,0.72,0.73,3788,0,0,0,I,HV,1,0,0,1
mathcalF,0.72,0.73,3789,0,0,0,I,HV,1,0,0,1
mathcalF,0.72,0.73,3790,0,-1,1,V-1,HV,1,0,-1,1
mathcalF,0.72,0.73,3791,0,-1,1,V-1,HV,1,0,-1,1
mathcalF,0.72,0.73,3792,0,-1,1,V-1,HV,1,0,-1,1
mathcalF,0.72,0.73,3793,0,-1,1,V-1,HV,1,0,-1,1
mathcalF,0.72,0.73,3794,0,-1,1,V-1,HV,1,0,-1,1
mathcalF,0.72,0.73,3795,0,-1,1,V-1,HV,1,0,-1,1
mathcalF,0.72,0.73,3796,0,0,0,I,HV,1,0,0,1
mathcalF,0.72,0.73,3797,0,0,0,I,HV,1,0,0,1
mathcalF,0.72,0.73,3798,0,0,0,I,HV,1,0,0,1
mathcalF,0.72,0.73,3799,0,0,0,I,HV,1,0,0,1
mathcalF,0.72,0.73,3800,0,-1,1,V-1,HV,1,0,-1,1
mathcalF,0.72,0.73,3801,0,-1,1,V-1,HV,1,0,-1,1
mathcalF,0.72,0.73,3802,1,0,1,H+1,HV,1,1,0,1
mathcalF,0.72,0.73,3803,1,0,1,H+1,HV,1,1,0,1
mathcalF,0.72,0.73,3804,1,0,1,H+1,HV,1,1,0,1
mathcalF,0.72,0.73,3805,1,0,1,H+1,HV,1,1,0,1
mathcalF,0.72,0.73,3806,1,-1,2,H+1 V-1,HV,0,1,-1,1
mathcalF,0.72,0.73,3807,1,-1,2,H+1 V-1,HV,0,1,-1,1
mathcalF,0.72,0.73,3808,1,0,1,H+1,HV,1,1,0,1
mathcalF,0.72,0.73,3809,1,0,1,H+1,HV,1,1,0,1
mathcalF,0.72,0.73,3810,-1,0,1,H-1,HV,1,-1,0,1
mathcalF,0.72,0.73,3811,-1,0,1,H-1,HV,1,-1,0,1
mathcalF,0.72,0.73,3812,1,-1,2,H+1 V-1,HV,0,1,-1,1
mathcalF,0.72,0.73,3813,0,1,1,V+1,HV,1,0,1,1
mathcalF,0.72,0.73,3814,-1,0,1,H-1,HV,1,-1,0,1
mathcalF,0.72,0.73,3815,0,-1,1,V-1,HV,1,0,-1,1
mathcalF,0.72,0.73,3816,-1,0,1,H-1,HV,1,-1,0,1
mathcalF,0.72,0.73,3817,-1,0,1,H-1,HV,1,-1,0,1
mathcalF,0.72,0.73,3818,1,-1,2,V-1 H+1,VH,1,1,-1,0
mathcalF,0.72,0.73,3819,0,0,0,I,HV,1,0,0,1
mathcalF,0.72,0.73,3820,0,0,0,I,HV,1,0,0,1
mathcalF,0.72,0.73,3821,1,-1,2,V-1 H+1,VH,1,1,-1,0
mathcalF,0.72,0.73,3822,0,0,0,I,HV,1,0,0,1
mathcalF,0.72,0.73,3823,0,0,0,I,HV,1,0,0,1
mathcalF,0.72,0.73,3824,0,0,0,I,HV,1,0,0,1
mathcalF,0.72,0.73,3825,0,0,0,I,HV,1,0,0,1
mathcalF,0.72,0.73,3826,1,0,1,H+1,HV,1,1,0,1
mathcalF,0.72,0.73,3827,1,-1,2,H+1 V-1,HV,0,1,-1,1
mathcalF,0.72,0.73,3828,0,0,0,I,HV,1,0,0,1
mathcalF,0.72,0.73,3829,0,0,0,I,HV,1,0,0,1
mathcalF,0.72,0.73,3830,0,0,0,I,HV,1,0,0,1
mathcalF,0.72,0.73,3831,0,0,0,I,HV,1,0,0,1
mathcalF,0.72,0.73,3832,0,0,0,I,HV,1,0,0,1
mathcalF,0.72,0.73,3833,0,0,0,I,HV,1,0,0,1
mathcalF,0.72,0.73,3834,0,0,0,I,HV,1,0,0,1
mathcalF,0.72,0.73,3835,0,0,0,I,HV,1,0,0,1
mathcalF,0.72,0.73,3836,0,0,0,I,HV,1,0,0,1
mathcalF,0.72,0.73,3837,0,0,0,I,HV,1,0,0,1
mathcalF,0.72,0.73,3838,0,0,0,I,HV,1,0,0,1
mathcalF,0.72,0.73,3839,0,0,0,I,HV,1,0,0,1
mathcalF,0.72,0.73,3840,1,0,1,H+1,HV,1,1,0,1
mathcalF,0.72,0.73,3841,1,0,1,H+1,HV,1,1,0,1
mathcalF,0.72,0.73,3842,1,0,1,H+1,HV,1,1,0,1
mathcalF,0.72,0.73,3843,1,0,1,H+1,HV,1,1,0,1
mathcalF,0.72,0.73,3844,-1,0,1,H-1,HV,1,-1,0,1
mathcalF,0.72,0.73,3845,-1,0,1,H-1,HV,1,-1,0,1
mathcalF,0.72,0.73,3846,1,0,1,H+1,HV,1,1,0,1
mathcalF,0.72,0.73,3847,1,0,1,H+1,HV,1,1,0,1
mathcalF,0.72,0.73,3848,1,0,1,H+1,HV,1,1,0,1
mathcalF,0.72,0.73,3849,1,-1,2,H+1 V-1,HV,0,1,-1,1
mathcalF,0.72,0.73,3850,1,0,1,H+1,HV,1,1,0,1
mathcalF,0.72,0.73,3851,-1,0,1,H-1,HV,1,-1,0,1
mathcalF,0.72,0.73,3852,1,0,1,H+1,HV,1,1,0,1
mathcalF,0.72,0.73,3853,1,0,1,H+1,HV,1,1,0,1
mathcalF,0.72,0.73,3854,3,0,3,H+1 H+1 H+1,HV,1,3,0,1
mathcalF,0.72,0.73,3855,0,2,2,V+1 V+1,HV,1,0,2,1
mathcalF,0.72,0.73,3856,-1,1,2,H-1 V+1,HV,0,-1,1,1
mathcalF,0.72,0.73,3857,0,-2,2,V-1 V-1,HV,1,0,-2,1
mathcalF,0.72,0.73,3858,-1,1,2,H-1 V+1,HV,0,-1,1,1
mathcalF,0.72,0.73,3859,1,-1,2,V-1 H+1,VH,1,1,-1,0
mathcalF,0.72,0.73,3860,0,1,1,V+1,HV,1,0,1,1
mathcalF,0.72,0.73,3861,0,-1,1,V-1,HV,1,0,-1,1
mathcalF,0.72,0.73,3862,1,0,1,H+1,HV,1,1,0,1
mathcalF,0.72,0.73,3863,1,0,1,H+1,HV,1,1,0,1
mathcalF,0.72,0.73,3864,1,0,1,H+1,HV,1,1,0,1
mathcalF,0.72,0.73,3865,1,0,1,H+1,HV,1,1,0,1
mathcalF,0.72,0.73,3866,1,0,1,H+1,HV,1,1,0,1
mathcalF,0.72,0.73,3867,1,0,1,H+1,HV,1,1,0,1
mathcalF,0.72,0.73,3868,1,-1,2,H+1 V-1,HV,0,1,-1,1
mathcalF,0.72,0.73,3869,1,-1,2,H+1 V-1,HV,0,1,-1,1
mathcalF,0.72,0.73,3870,1,0,1,H+1,HV,1,1,0,1
mathcalF,0.72,0.73,3871,1,0,1,H+1,HV,1,1,0,1
mathcalF,0.72,0.73,3872,1,-1,2,H+1 V-1,HV,0,1,-1,1
mathcalF,0.72,0.73,3873,1,-1,2,H+1 V-1,HV,0,1,-1,1
mathcalF,0.72,0.73,3874,1,0,1,H+1,HV,1,1,0,1
mathcalF,0.72,0.73,3875,1,0,1,H+1,HV,1,1,0,1
mathcalF,0.72,0.73,3876,-1,0,1,H-1,HV,1,-1,0,1
mathcalF,0.72,0.73,3877,-1,0,1,H-1,HV,1,-1,0,1
mathcalF,0.72,0.73,3878,1,0,1,H+1,HV,1,1,0,1
mathcalF,0.72,0.73,3879,1,0,1,H+1,HV,1,1,0,1
mathcalF,0.72,0.73,3880,-1,0,1,H-1,HV,1,-1,0,1
mathcalF,0.72,0.73,3881,-1,0,1,H-1,HV,1,-1,0,1
mathcalF,0.72,0.73,3882,1,0,1,H+1,HV,1,1,0,1
mathcalF,0.72,0.73,3883,0,1,1,V+1,HV,1,0,1,1
mathcalF,0.72,0.73,3884,0,0,0,I,HV,1,0,0,1
mathcalF,0.72,0.73,3885,0,0,0,I,HV,1,0,0,1
mathcalF,0.72,0.73,3886,0,0,0,I,HV,1,0,0,1
mathcalF,0.72,0.73,3887,0,0,0,I,HV,1,0,0,1
mathcalF,0.72,0.73,3888,0,0,0,I,HV,1,0,0,1
mathcalF,0.72,0.73,3889,0,0,0,I,HV,1,0,0,1
mathcalF,0.72,0.73,3890,0,0,0,I,HV,1,0,0,1
mathcalF,0.72,0.73,3891,0,0,0,I,HV,1,0,0,1
mathcalF,0.72,0.73,3892,0,0,0,I,HV,1,0,0,1
mathcalF,0.72,0.73,3893,0,0,0,I,HV,1,0,0,1
mathcalF,0.72,0.73,3894,0,0,0,I,HV,1,0,0,1
mathcalF,0.72,0.73,3895,0,0,0,I,HV,1,0,0,1
mathcalF,0.72,0.73,3896,0,0,0,I,HV,1,0,0,1
mathcalF,0.72,0.73,3897,0,0,0,I,HV,1,0,0,1
mathcalF,0.72,0.73,3898,0,0,0,I,HV,1,0,0,1
mathcalF,0.72,0.73,3899,0,0,0,I,HV,1,0,0,1
mathcalF,0.72,0.73,3900,0,0,0,I,HV,1,0,0,1
mathcalF,0.72,0.73,3901,0,0,0,I,HV,1,0,0,1
mathcalF,0.72,0.73,3902,0,0,0,I,HV,1,0,0,1
mathcalF,0.72,0.73,3903,0,0,0,I,HV,1,0,0,1
mathcalF,0.72,0.73,3904,0,0,0,I,HV,1,0,0,1
mathcalF,0.72,0.73,3905,0,0,0,I,HV,1,0,0,1
mathcalF,0.72,0.73,3906,0,0,0,I,HV,1,0,0,1
mathcalF,0.72,0.73,3907,0,0,0,I,HV,1,0,0,1
mathcalF,0.72,0.73,3908,0,1,1,V+1,HV,1,0,1,1
mathcalF,0.72,0.73,3909,0,1,1,V+1,HV,1,0,1,1
mathcalF,0.72,0.73,3910,0,0,0,I,HV,1,0,0,1
mathcalF,0.72,0.73,3911,0,0,0,I,HV,1,0,0,1
mathcalF,0.72,0.73,3912,0,0,0,I,HV,1,0,0,1
mathcalF,0.72,0.73,3913,0,0,0,I,HV,1,0,0,1
mathcalF,0.72,0.73,3914,0,0,0,I,HV,1,0,0,1
mathcalF,0.72,0.73,3915,0,0,0,I,HV,1,0,0,1
mathcalF,0.72,0.73,3916,0,0,0,I,HV,1,0,0,1
mathcalF,0.72,0.73,3917,0,0,0,I,HV,1,0,0,1
mathcalF,0.72,0.73,3918,0,1,1,V+1,HV,1,0,1,1
mathcalF,0.72,0.73,3919,0,1,1,V+1,HV,1,0,1,1
mathcalF,0.72,0.73,3920,0,0,0,I,HV,1,0,0,1
mathcalF,0.72,0.73,3921,0,0,0,I,HV,1,0,0,1
mathcalF,0.72,0.73,3922,0,0,0,I,HV,1,0,0,1
mathcalF,0.72,0.73,3923,0,0,0,I,HV,1,0,0,1
mathcalF,0.72,0.73,3924,0,0,0,I,HV,1,0,0,1
mathcalF,0.72,0.73,3925,0,0,0,I,HV,1,0,0,1
mathcalF,0.72,0.73,3926,0,0,0,I,HV,1,0,0,1
mathcalF,0.72,0.73,3927,0,0,0,I,HV,1,0,0,1
mathcalF,0.72,0.73,3928,0,0,0,I,HV,1,0,0,1
mathcalF,0.72,0.73,3929,0,0,0,I,HV,1,0,0,1
mathcalF,0.72,0.73,3930,0,-1,1,V-1,HV,1,0,-1,1
mathcalF,0.72,0.73,3931,0,-1,1,V-1,HV,1,0,-1,1
mathcalF,0.72,0.73,3932,0,-1,1,V-1,HV,1,0,-1,1
mathcalF,0.72,0.73,3933,0,-1,1,V-1,HV,1,0,-1,1
mathcalF,0.72,0.73,3934,0,-1,1,V-1,HV,1,0,-1,1
mathcalF,0.72,0.73,3935,0,-1,1,V-1,HV,1,0,-1,1
mathcalF,0.72,0.73,3936,0,0,0,I,HV,1,0,0,1
mathcalF,0.72,0.73,3937,0,0,0,I,HV,1,0,0,1
mathcalF,0.72,0.73,3938,0,0,0,I,HV,1,0,0,1
mathcalF,0.72,0.73,3939,0,0,0,I,HV,1,0,0,1
mathcalF,0.72,0.73,3940,0,-1,1,V-1,HV,1,0,-1,1
mathcalF,0.72,0.73,3941,0,-1,1,V-1,HV,1,0,-1,1
mathcalF,0.72,0.73,3942,1,0,1,H+1,HV,1,1,0,1
mathcalF,0.72,0.73,3943,1,0,1,H+1,HV,1,1,0,1
mathcalF,0.72,0.73,3944,1,0,1,H+1,HV,1,1,0,1
mathcalF,0.72,0.73,3945,1,0,1,H+1,HV,1,1,0,1
mathcalF,0.72,0.73,3946,1,-1,2,H+1 V-1,HV,0,1,-1,1
mathcalF,0.72,0.73,3947,1,-1,2,H+1 V-1,HV,0,1,-1,1
mathcalF,0.72,0.73,3948,1,0,1,H+1,HV,1,1,0,1
mathcalF,0.72,0.73,3949,1,0,1,H+1,HV,1,1,0,1
mathcalF,0.72,0.73,3950,-1,0,1,H-1,HV,1,-1,0,1
mathcalF,0.72,0.73,3951,1,0,1,H+1,HV,1,1,0,1
mathcalF,0.72,0.73,3952,1,-1,2,H+1 V-1,HV,0,1,-1,1
mathcalF,0.72,0.73,3953,-1,0,1,H-1,HV,1,-1,0,1
mathcalF,0.72,0.73,3954,-1,0,1,H-1,HV,1,-1,0,1
mathcalF,0.72,0.73,3955,-1,0,1,H-1,HV,1,-1,0,1
mathcalF,0.72,0.73,3956,-1,0,1,H-1,HV,1,-1,0,1
mathcalF,0.72,0.73,3957,-1,0,1,H-1,HV,1,-1,0,1
mathcalF,0.72,0.73,3958,-1,0,1,H-1,HV,1,-1,0,1
mathcalF,0.72,0.73,3959,1,0,1,H+1,HV,1,1,0,1
mathcalF,0.72,0.73,3960,1,0,1,H+1,HV,1,1,0,1
mathcalF,0.72,0.73,3961,0,0,0,I,HV,1,0,0,1
mathcalF,0.72,0.73,3962,0,0,0,I,HV,1,0,0,1
mathcalF,0.72,0.73,3963,0,0,0,I,HV,1,0,0,1
mathcalF,0.72,0.73,3964,0,0,0,I,HV,1,0,0,1
mathcalF,0.72,0.73,3965,0,0,0,I,HV,1,0,0,1
mathcalF,0.72,0.73,3966,0,0,0,I,HV,1,0,0,1
mathcalF,0.72,0.73,3967,0,0,0,I,HV,1,0,0,1
mathcalF,0.72,0.73,3968,0,0,0,I,HV,1,0,0,1
mathcalF,0.72,0.73,3969,0,0,0,I,HV,1,0,0,1
mathcalF,0.72,0.73,3970,0,0,0,I,HV,1,0,0,1
mathcalF,0.72,0.73,3971,0,0,0,I,HV,1,0,0,1
mathcalF,0.72,0.73,3972,0,0,0,I,HV,1,0,0,1
mathcalF,0.72,0.73,3973,-1,1,2,V+1 H-1,VH,1,-1,1,0
mathcalF,0.72,0.73,3974,0,0,0,I,HV,1,0,0,1
mathcalF,0.72,0.73,3975,0,0,0,I,HV,1,0,0,1
mathcalF,0.72,0.73,3976,0,0,0,I,HV,1,0,0,1
mathcalF,0.72,0.73,3977,0,0,0,I,HV,1,0,0,1
mathcalF,0.72,0.73,3978,1,0,1,H+1,HV,1,1,0,1
mathcalF,0.72,0.73,3979,0,0,0,I,HV,1,0,0,1
mathcalF,0.72,0.73,3980,1,0,1,H+1,HV,1,1,0,1
mathcalF,0.72,0.73,3981,1,0,1,H+1,HV,1,1,0,1
mathcalF,0.72,0.73,3982,1,0,1,H+1,HV,1,1,0,1
mathcalF,0.72,0.73,3983,-1,0,1,H-1,HV,1,-1,0,1
mathcalF,0.72,0.73,3984,-1,0,1,H-1,HV,1,-1,0,1
mathcalF,0.72,0.73,3985,1,-1,2,V-1 H+1,VH,1,1,-1,0
mathcalF,0.72,0.73,3986,1,0,1,H+1,HV,1,1,0,1
mathcalF,0.72,0.73,3987,0,1,1,V+1,HV,1,0,1,1
mathcalF,0.72,0.73,3988,0,0,0,I,HV,1,0,0,1
mathcalF,0.72,0.73,3989,-1,0,1,H-1,HV,1,-1,0,1
mathcalF,0.72,0.73,3990,1,0,1,H+1,HV,1,1,0,1
mathcalF,0.72,0.73,3991,-1,0,1,H-1,HV,1,-1,0,1
mathcalF,0.72,0.73,3992,1,0,1,H+1,HV,1,1,0,1
mathcalF,0.72,0.73,3993,1,0,1,H+1,HV,1,1,0,1
mathcalF,0.72,0.73,3994,0,1,1,V+1,HV,1,0,1,1
mathcalF,0.72,0.73,3995,0,4,4,V+1 V+1 V+1 V+1,HV,1,0,4,1
mathcalF,0.72,0.73,3996,-1,0,1,H-1,HV,1,-1,0,1
mathcalF,0.72,0.73,3997,1,1,2,H+1 V+1,HV,2,1,1,1
mathcalF,0.72,0.73,3998,0,0,0,I,HV,1,0,0,1
mathcalF,0.72,0.73,3999,2,0,2,H+1 H+1,HV,1,2,0,1
mathcalF,0.72,0.73,4000,1,0,1,H+1,HV,1,1,0,1
mathcalF,0.72,0.73,4001,1,-1,2,H+1 V-1,HV,0,1,-1,1
mathcalF,0.72,0.73,4002,1,0,1,H+1,HV,1,1,0,1
mathcalF,0.72,0.73,4003,1,0,1,H+1,HV,1,1,0,1
mathcalF,0.72,0.73,4004,1,0,1,H+1,HV,1,1,0,1
mathcalF,0.72,0.73,4005,1,0,1,H+1,HV,1,1,0,1
mathcalF,0.72,0.73,4006,0,1,1,V+1,HV,1,0,1,1
mathcalF,0.72,0.73,4007,0,0,0,I,HV,1,0,0,1
mathcalF,0.72,0.73,4008,1,0,1,H+1,HV,1,1,0,1
mathcalF,0.72,0.73,4009,1,-1,2,H+1 V-1,HV,0,1,-1,1
mathcalF,0.72,0.73,4010,1,-1,2,H+1 V-1,HV,0,1,-1,1
mathcalF,0.72,0.73,4011,1,0,1,H+1,HV,1,1,0,1
mathcalF,0.72,0.73,4012,0,-1,1,V-1,HV,1,0,-1,1
mathcalF,0.72,0.73,4013,0,1,1,V+1,HV,1,0,1,1
mathcalF,0.72,0.73,4014,0,0,0,I,HV,1,0,0,1
mathcalF,0.72,0.73,4015,0,1,1,V+1,HV,1,0,1,1
mathcalF,0.72,0.73,4016,-1,0,1,H-1,HV,1,-1,0,1
mathcalF,0.72,0.73,4017,0,-1,3,H-1 V-1 H+1,longer_word,2,1,-1,0
mathcalF,0.72,0.73,4018,1,0,1,H+1,HV,1,1,0,1
mathcalF,0.72,0.73,4019,1,-1,2,H+1 V-1,HV,0,1,-1,1
mathcalF,0.72,0.73,4020,0,0,0,I,HV,1,0,0,1
mathcalF,0.72,0.73,4021,1,-2,3,V-1 V-1 H+1,VH,1,1,-2,-1
mathcalF,0.72,0.73,4022,1,0,1,H+1,HV,1,1,0,1
mathcalF,0.72,0.73,4023,0,0,0,I,HV,1,0,0,1
mathcalF,0.72,0.73,4024,0,0,0,I,HV,1,0,0,1
mathcalF,0.72,0.73,4025,0,0,0,I,HV,1,0,0,1
mathcalF,0.72,0.73,4026,0,0,0,I,HV,1,0,0,1
mathcalF,0.72,0.73,4027,0,0,0,I,HV,1,0,0,1
mathcalF,0.72,0.73,4028,0,0,0,I,HV,1,0,0,1
mathcalF,0.72,0.73,4029,0,0,0,I,HV,1,0,0,1
mathcalF,0.72,0.73,4030,0,0,0,I,HV,1,0,0,1
mathcalF,0.72,0.73,4031,0,0,0,I,HV,1,0,0,1
mathcalF,0.72,0.73,4032,0,0,0,I,HV,1,0,0,1
mathcalF,0.72,0.73,4033,0,0,0,I,HV,1,0,0,1
mathcalF,0.72,0.73,4034,0,0,0,I,HV,1,0,0,1
mathcalF,0.72,0.73,4035,0,0,0,I,HV,1,0,0,1
mathcalF,0.72,0.73,4036,0,0,0,I,HV,1,0,0,1
mathcalF,0.72,0.73,4037,0,0,0,I,HV,1,0,0,1
mathcalF,0.72,0.73,4038,0,0,0,I,HV,1,0,0,1
mathcalF,0.72,0.73,4039,0,0,0,I,HV,1,0,0,1
mathcalF,0.72,0.73,4040,0,0,0,I,HV,1,0,0,1
mathcalF,0.72,0.73,4041,0,0,0,I,HV,1,0,0,1
mathcalF,0.72,0.73,4042,0,0,0,I,HV,1,0,0,1
mathcalF,0.72,0.73,4043,0,0,0,I,HV,1,0,0,1
mathcalF,0.72,0.73,4044,0,0,0,I,HV,1,0,0,1
mathcalF,0.72,0.73,4045,0,0,0,I,HV,1,0,0,1
mathcalF,0.72,0.73,4046,0,0,0,I,HV,1,0,0,1
mathcalF,0.72,0.73,4047,0,0,0,I,HV,1,0,0,1
mathcalF,0.72,0.73,4048,0,1,1,V+1,HV,1,0,1,1
mathcalF,0.72,0.73,4049,0,0,0,I,HV,1,0,0,1
mathcalF,0.72,0.73,4050,0,0,0,I,HV,1,0,0,1
mathcalF,0.72,0.73,4051,0,0,0,I,HV,1,0,0,1
mathcalF,0.72,0.73,4052,0,0,0,I,HV,1,0,0,1
mathcalF,0.72,0.73,4053,0,0,0,I,HV,1,0,0,1
mathcalF,0.72,0.73,4054,0,0,0,I,HV,1,0,0,1
mathcalF,0.72,0.73,4055,0,0,0,I,HV,1,0,0,1
mathcalF,0.72,0.73,4056,0,0,0,I,HV,1,0,0,1
mathcalF,0.72,0.73,4057,0,1,1,V+1,HV,1,0,1,1
mathcalF,0.72,0.73,4058,0,0,0,I,HV,1,0,0,1
mathcalF,0.72,0.73,4059,0,0,0,I,HV,1,0,0,1
mathcalF,0.72,0.73,4060,0,0,0,I,HV,1,0,0,1
mathcalF,0.72,0.73,4061,0,0,0,I,HV,1,0,0,1
mathcalF,0.72,0.73,4062,0,0,0,I,HV,1,0,0,1
mathcalF,0.72,0.73,4063,0,0,0,I,HV,1,0,0,1
mathcalF,0.72,0.73,4064,0,0,0,I,HV,1,0,0,1
mathcalF,0.72,0.73,4065,0,0,0,I,HV,1,0,0,1
mathcalF,0.72,0.73,4066,0,0,0,I,HV,1,0,0,1
mathcalF,0.72,0.73,4067,0,0,0,I,HV,1,0,0,1
mathcalF,0.72,0.73,4068,0,0,0,I,HV,1,0,0,1
mathcalF,0.72,0.73,4069,0,0,0,I,HV,1,0,0,1
mathcalF,0.72,0.73,4070,0,-1,1,V-1,HV,1,0,-1,1
mathcalF,0.72,0.73,4071,0,-1,1,V-1,HV,1,0,-1,1
mathcalF,0.72,0.73,4072,0,-1,1,V-1,HV,1,0,-1,1
mathcalF,0.72,0.73,4073,0,-1,1,V-1,HV,1,0,-1,1
mathcalF,0.72,0.73,4074,0,-1,1,V-1,HV,1,0,-1,1
mathcalF,0.72,0.73,4075,0,-1,1,V-1,HV,1,0,-1,1
mathcalF,0.72,0.73,4076,0,0,0,I,HV,1,0,0,1
mathcalF,0.72,0.73,4077,0,0,0,I,HV,1,0,0,1
mathcalF,0.72,0.73,4078,0,0,0,I,HV,1,0,0,1
mathcalF,0.72,0.73,4079,0,0,0,I,HV,1,0,0,1
mathcalF,0.72,0.73,4080,0,-1,1,V-1,HV,1,0,-1,1
mathcalF,0.72,0.73,4081,-1,0,1,H-1,HV,1,-1,0,1
mathcalF,0.72,0.73,4082,1,0,1,H+1,HV,1,1,0,1
mathcalF,0.72,0.73,4083,1,0,1,H+1,HV,1,1,0,1
mathcalF,0.72,0.73,4084,1,-1,2,H+1 V-1,HV,0,1,-1,1
mathcalF,0.72,0.73,4085,1,0,1,H+1,HV,1,1,0,1
mathcalF,0.72,0.73,4086,1,0,1,H+1,HV,1,1,0,1
mathcalF,0.72,0.73,4087,1,-1,2,H+1 V-1,HV,0,1,-1,1
mathcalF,0.72,0.73,4088,1,0,1,H+1,HV,1,1,0,1
mathcalF,0.72,0.73,4089,1,-1,2,H+1 V-1,HV,0,1,-1,1
mathcalF,0.72,0.73,4090,0,0,0,I,HV,1,0,0,1
mathcalF,0.72,0.73,4091,-1,0,1,H-1,HV,1,-1,0,1
mathcalF,0.72,0.73,4092,-1,0,1,H-1,HV,1,-1,0,1
mathcalF,0.72,0.73,4093,-1,0,1,H-1,HV,1,-1,0,1
mathcalF,0.72,0.73,4094,-1,0,1,H-1,HV,1,-1,0,1
mathcalF,0.72,0.73,4095,-1,0,1,H-1,HV,1,-1,0,1
mathcalF,0.72,0.73,4096,-1,0,1,H-1,HV,1,-1,0,1
mathcalF,0.72,0.73,4097,1,0,1,H+1,HV,1,1,0,1
mathcalF,0.72,0.73,4098,1,0,1,H+1,HV,1,1,0,1
mathcalF,0.72,0.73,4099,-1,0,1,H-1,HV,1,-1,0,1
mathcalF,0.72,0.73,4100,-1,0,1,H-1,HV,1,-1,0,1
mathcalF,0.72,0.73,4101,0,0,0,I,HV,1,0,0,1
mathcalF,0.72,0.73,4102,0,0,0,I,HV,1,0,0,1
mathcalF,0.72,0.73,4103,0,0,0,I,HV,1,0,0,1
mathcalF,0.72,0.73,4104,0,0,0,I,HV,1,0,0,1
mathcalF,0.72,0.73,4105,0,0,0,I,HV,1,0,0,1
mathcalF,0.72,0.73,4106,0,0,0,I,HV,1,0,0,1
mathcalF,0.72,0.73,4107,0,0,0,I,HV,1,0,0,1
mathcalF,0.72,0.73,4108,0,0,0,I,HV,1,0,0,1
mathcalF,0.72,0.73,4109,0,0,0,I,HV,1,0,0,1
mathcalF,0.72,0.73,4110,1,0,1,H+1,HV,1,1,0,1
mathcalF,0.72,0.73,4111,0,0,0,I,HV,1,0,0,1
mathcalF,0.72,0.73,4112,0,0,0,I,HV,1,0,0,1
mathcalF,0.72,0.73,4113,0,0,0,I,HV,1,0,0,1
mathcalF,0.72,0.73,4114,0,0,0,I,HV,1,0,0,1
mathcalF,0.72,0.73,4115,1,0,1,H+1,HV,1,1,0,1
mathcalF,0.72,0.73,4116,0,0,0,I,HV,1,0,0,1
mathcalF,0.72,0.73,4117,1,0,1,H+1,HV,1,1,0,1
mathcalF,0.72,0.73,4118,1,0,1,H+1,HV,1,1,0,1
mathcalF,0.72,0.73,4119,1,0,1,H+1,HV,1,1,0,1
mathcalF,0.72,0.73,4120,1,0,1,H+1,HV,1,1,0,1
mathcalF,0.72,0.73,4121,1,-1,2,H+1 V-1,HV,0,1,-1,1
mathcalF,0.72,0.73,4122,1,0,1,H+1,HV,1,1,0,1
mathcalF,0.72,0.73,4123,1,0,1,H+1,HV,1,1,0,1
mathcalF,0.72,0.73,4124,0,-1,1,V-1,HV,1,0,-1,1
mathcalF,0.72,0.73,4125,1,0,1,H+1,HV,1,1,0,1
mathcalF,0.72,0.73,4126,-1,0,1,H-1,HV,1,-1,0,1
mathcalF,0.72,0.73,4127,-1,0,1,H-1,HV,1,-1,0,1
mathcalF,0.72,0.73,4128,1,0,1,H+1,HV,1,1,0,1
mathcalF,0.72,0.73,4129,1,0,1,H+1,HV,1,1,0,1
mathcalF,0.72,0.73,4130,1,0,1,H+1,HV,1,1,0,1
mathcalF,0.72,0.73,4131,1,0,1,H+1,HV,1,1,0,1
mathcalF,0.72,0.73,4132,1,0,1,H+1,HV,1,1,0,1
mathcalF,0.72,0.73,4133,1,0,1,H+1,HV,1,1,0,1
mathcalF,0.72,0.73,4134,0,0,0,I,HV,1,0,0,1
mathcalF,0.72,0.73,4135,1,0,1,H+1,HV,1,1,0,1
mathcalF,0.72,0.73,4136,1,0,1,H+1,HV,1,1,0,1
mathcalF,0.72,0.73,4137,1,-1,2,H+1 V-1,HV,0,1,-1,1
mathcalF,0.72,0.73,4138,1,-1,2,H+1 V-1,HV,0,1,-1,1
mathcalF,0.72,0.73,4139,1,0,1,H+1,HV,1,1,0,1
mathcalF,0.72,0.73,4140,1,0,1,H+1,HV,1,1,0,1
mathcalF,0.72,0.73,4141,1,0,1,H+1,HV,1,1,0,1
mathcalF,0.72,0.73,4142,1,0,1,H+1,HV,1,1,0,1
mathcalF,0.72,0.73,4143,1,0,1,H+1,HV,1,1,0,1
mathcalF,0.72,0.73,4144,1,0,1,H+1,HV,1,1,0,1
mathcalF,0.72,0.73,4145,1,-1,2,H+1 V-1,HV,0,1,-1,1
mathcalF,0.72,0.73,4146,1,-1,2,H+1 V-1,HV,0,1,-1,1
mathcalF,0.72,0.73,4147,1,0,1,H+1,HV,1,1,0,1
mathcalF,0.72,0.73,4148,0,1,1,V+1,HV,1,0,1,1
mathcalF,0.72,0.73,4149,1,-1,2,H+1 V-1,HV,0,1,-1,1
mathcalF,0.72,0.73,4150,3,0,3,H+1 H+1 H+1,HV,1,3,0,1
mathcalF,0.72,0.73,4151,3,0,3,H+1 H+1 H+1,HV,1,3,0,1
mathcalF,0.72,0.73,4152,-1,1,2,V+1 H-1,VH,1,-1,1,0
mathcalF,0.72,0.73,4153,0,0,0,I,HV,1,0,0,1
mathcalF,0.72,0.73,4154,0,1,1,V+1,HV,1,0,1,1
mathcalF,0.72,0.73,4155,0,0,0,I,HV,1,0,0,1
mathcalF,0.72,0.73,4156,0,-1,1,V-1,HV,1,0,-1,1
mathcalF,0.72,0.73,4157,0,-1,1,V-1,HV,1,0,-1,1
mathcalF,0.72,0.73,4158,3,0,3,H+1 H+1 H+1,HV,1,3,0,1
mathcalF,0.72,0.73,4159,0,0,0,I,HV,1,0,0,1
mathcalF,0.72,0.73,4160,0,-2,2,V-1 V-1,HV,1,0,-2,1
mathcalF,0.72,0.73,4161,0,0,0,I,HV,1,0,0,1
mathcalF,0.72,0.73,4162,0,0,0,I,HV,1,0,0,1
mathcalF,0.72,0.73,4163,0,0,0,I,HV,1,0,0,1
mathcalF,0.72,0.73,4164,0,0,0,I,HV,1,0,0,1
mathcalF,0.72,0.73,4165,0,0,0,I,HV,1,0,0,1
mathcalF,0.72,0.73,4166,0,0,0,I,HV,1,0,0,1
mathcalF,0.72,0.73,4167,0,0,0,I,HV,1,0,0,1
mathcalF,0.72,0.73,4168,0,0,0,I,HV,1,0,0,1
mathcalF,0.72,0.73,4169,0,0,0,I,HV,1,0,0,1
mathcalF,0.72,0.73,4170,0,0,0,I,HV,1,0,0,1
mathcalF,0.72,0.73,4171,0,0,0,I,HV,1,0,0,1
mathcalF,0.72,0.73,4172,0,0,0,I,HV,1,0,0,1
mathcalF,0.72,0.73,4173,0,0,0,I,HV,1,0,0,1
mathcalF,0.72,0.73,4174,0,0,0,I,HV,1,0,0,1
mathcalF,0.72,0.73,4175,0,0,0,I,HV,1,0,0,1
mathcalF,0.72,0.73,4176,0,0,0,I,HV,1,0,0,1
mathcalF,0.72,0.73,4177,0,0,0,I,HV,1,0,0,1
mathcalF,0.72,0.73,4178,0,0,0,I,HV,1,0,0,1
mathcalF,0.72,0.73,4179,0,0,0,I,HV,1,0,0,1
mathcalF,0.72,0.73,4180,0,0,0,I,HV,1,0,0,1
mathcalF,0.72,0.73,4181,0,0,0,I,HV,1,0,0,1
mathcalF,0.72,0.73,4182,0,0,0,I,HV,1,0,0,1
mathcalF,0.72,0.73,4183,0,0,0,I,HV,1,0,0,1
mathcalF,0.72,0.73,4184,0,0,0,I,HV,1,0,0,1
mathcalF,0.72,0.73,4185,0,0,0,I,HV,1,0,0,1
mathcalF,0.72,0.73,4186,0,1,1,V+1,HV,1,0,1,1
mathcalF,0.72,0.73,4187,0,0,0,I,HV,1,0,0,1
mathcalF,0.72,0.73,4188,0,1,1,V+1,HV,1,0,1,1
mathcalF,0.72,0.73,4189,0,0,0,I,HV,1,0,0,1
mathcalF,0.72,0.73,4190,0,0,0,I,HV,1,0,0,1
mathcalF,0.72,0.73,4191,0,0,0,I,HV,1,0,0,1
mathcalF,0.72,0.73,4192,0,0,0,I,HV,1,0,0,1
mathcalF,0.72,0.73,4193,0,0,0,I,HV,1,0,0,1
mathcalF,0.72,0.73,4194,0,0,0,I,HV,1,0,0,1
mathcalF,0.72,0.73,4195,0,1,1,V+1,HV,1,0,1,1
mathcalF,0.72,0.73,4196,0,1,1,V+1,HV,1,0,1,1
mathcalF,0.72,0.73,4197,0,0,0,I,HV,1,0,0,1
mathcalF,0.72,0.73,4198,0,0,0,I,HV,1,0,0,1
mathcalF,0.72,0.73,4199,0,0,0,I,HV,1,0,0,1
mathcalF,0.72,0.73,4200,0,0,0,I,HV,1,0,0,1
mathcalF,0.72,0.73,4201,0,0,0,I,HV,1,0,0,1
mathcalF,0.72,0.73,4202,0,0,0,I,HV,1,0,0,1
mathcalF,0.72,0.73,4203,0,0,0,I,HV,1,0,0,1
mathcalF,0.72,0.73,4204,0,0,0,I,HV,1,0,0,1
mathcalF,0.72,0.73,4205,0,0,0,I,HV,1,0,0,1
mathcalF,0.72,0.73,4206,0,0,0,I,HV,1,0,0,1
mathcalF,0.72,0.73,4207,0,0,0,I,HV,1,0,0,1
mathcalF,0.72,0.73,4208,0,0,0,I,HV,1,0,0,1
mathcalF,0.72,0.73,4209,0,-1,1,V-1,HV,1,0,-1,1
mathcalF,0.72,0.73,4210,0,-1,1,V-1,HV,1,0,-1,1
mathcalF,0.72,0.73,4211,-1,1,2,V+1 H-1,VH,1,-1,1,0
mathcalF,0.72,0.73,4212,-1,1,2,V+1 H-1,VH,1,-1,1,0
mathcalF,0.72,0.73,4213,-1,1,2,V+1 H-1,VH,1,-1,1,0
mathcalF,0.72,0.73,4214,0,0,0,I,HV,1,0,0,1
mathcalF,0.72,0.73,4215,-1,1,2,V+1 H-1,VH,1,-1,1,0
mathcalF,0.72,0.73,4216,0,0,0,I,HV,1,0,0,1
mathcalF,0.72,0.73,4217,0,0,0,I,HV,1,0,0,1
mathcalF,0.72,0.73,4218,-1,0,1,H-1,HV,1,-1,0,1
mathcalF,0.72,0.73,4219,0,0,0,I,HV,1,0,0,1
mathcalF,0.72,0.73,4220,0,1,1,V+1,HV,1,0,1,1
mathcalF,0.72,0.73,4221,1,0,1,H+1,HV,1,1,0,1
mathcalF,0.72,0.73,4222,1,0,1,H+1,HV,1,1,0,1
mathcalF,0.72,0.73,4223,1,0,1,H+1,HV,1,1,0,1
mathcalF,0.72,0.73,4224,1,-1,2,H+1 V-1,HV,0,1,-1,1
mathcalF,0.72,0.73,4225,1,-1,2,H+1 V-1,HV,0,1,-1,1
mathcalF,0.72,0.73,4226,1,0,1,H+1,HV,1,1,0,1
mathcalF,0.72,0.73,4227,1,0,1,H+1,HV,1,1,0,1
mathcalF,0.72,0.73,4228,1,-1,2,H+1 V-1,HV,0,1,-1,1
mathcalF,0.72,0.73,4229,1,-1,2,H+1 V-1,HV,0,1,-1,1
mathcalF,0.72,0.73,4230,-1,0,1,H-1,HV,1,-1,0,1
mathcalF,0.72,0.73,4231,-1,0,1,H-1,HV,1,-1,0,1
mathcalF,0.72,0.73,4232,-1,0,1,H-1,HV,1,-1,0,1
mathcalF,0.72,0.73,4233,-1,0,1,H-1,HV,1,-1,0,1
mathcalF,0.72,0.73,4234,-1,0,1,H-1,HV,1,-1,0,1
mathcalF,0.72,0.73,4235,-1,0,1,H-1,HV,1,-1,0,1
mathcalF,0.72,0.73,4236,1,0,1,H+1,HV,1,1,0,1
mathcalF,0.72,0.73,4237,1,0,1,H+1,HV,1,1,0,1
mathcalF,0.72,0.73,4238,-1,0,1,H-1,HV,1,-1,0,1
mathcalF,0.72,0.73,4239,-1,0,1,H-1,HV,1,-1,0,1
mathcalF,0.72,0.73,4240,0,0,0,I,HV,1,0,0,1
mathcalF,0.72,0.73,4241,0,0,0,I,HV,1,0,0,1
mathcalF,0.72,0.73,4242,0,0,0,I,HV,1,0,0,1
mathcalF,0.72,0.73,4243,0,0,0,I,HV,1,0,0,1
mathcalF,0.72,0.73,4244,0,0,0,I,HV,1,0,0,1
mathcalF,0.72,0.73,4245,0,0,0,I,HV,1,0,0,1
mathcalF,0.72,0.73,4246,0,0,0,I,HV,1,0,0,1
mathcalF,0.72,0.73,4247,0,0,0,I,HV,1,0,0,1
mathcalF,0.72,0.73,4248,0,0,0,I,HV,1,0,0,1
mathcalF,0.72,0.73,4249,0,0,0,I,HV,1,0,0,1
mathcalF,0.72,0.73,4250,0,0,0,I,HV,1,0,0,1
mathcalF,0.72,0.73,4251,0,0,0,I,HV,1,0,0,1
mathcalF,0.72,0.73,4252,1,0,1,H+1,HV,1,1,0,1
mathcalF,0.72,0.73,4253,0,0,0,I,HV,1,0,0,1
mathcalF,0.72,0.73,4254,1,0,1,H+1,HV,1,1,0,1
mathcalF,0.72,0.73,4255,1,0,1,H+1,HV,1,1,0,1
mathcalF,0.72,0.73,4256,1,0,1,H+1,HV,1,1,0,1
mathcalF,0.72,0.73,4257,1,0,1,H+1,HV,1,1,0,1
mathcalF,0.72,0.73,4258,1,0,1,H+1,HV,1,1,0,1
mathcalF,0.72,0.73,4259,1,0,1,H+1,HV,1,1,0,1
mathcalF,0.72,0.73,4260,1,-1,2,H+1 V-1,HV,0,1,-1,1
mathcalF,0.72,0.73,4261,1,-1,2,H+1 V-1,HV,0,1,-1,1
mathcalF,0.72,0.73,4262,1,0,1,H+1,HV,1,1,0,1
mathcalF,0.72,0.73,4263,1,0,1,H+1,HV,1,1,0,1
mathcalF,0.72,0.73,4264,-1,0,1,H-1,HV,1,-1,0,1
mathcalF,0.72,0.73,4265,-1,0,1,H-1,HV,1,-1,0,1
mathcalF,0.72,0.73,4266,1,0,1,H+1,HV,1,1,0,1
mathcalF,0.72,0.73,4267,1,0,1,H+1,HV,1,1,0,1
mathcalF,0.72,0.73,4268,1,0,1,H+1,HV,1,1,0,1
mathcalF,0.72,0.73,4269,1,0,1,H+1,HV,1,1,0,1
mathcalF,0.72,0.73,4270,1,0,1,H+1,HV,1,1,0,1
mathcalF,0.72,0.73,4271,1,0,1,H+1,HV,1,1,0,1
mathcalF,0.72,0.73,4272,-1,0,1,H-1,HV,1,-1,0,1
mathcalF,0.72,0.73,4273,-1,0,1,H-1,HV,1,-1,0,1
mathcalF,0.72,0.73,4274,0,1,1,V+1,HV,1,0,1,1
mathcalF,0.72,0.73,4275,2,0,2,H+1 H+1,HV,1,2,0,1
mathcalF,0.72,0.73,4276,1,-1,2,H+1 V-1,HV,0,1,-1,1
mathcalF,0.72,0.73,4277,0,0,0,I,HV,1,0,0,1
mathcalF,0.72,0.73,4278,1,0,1,H+1,HV,1,1,0,1
mathcalF,0.72,0.73,4279,1,0,1,H+1,HV,1,1,0,1
mathcalF,0.72,0.73,4280,1,0,1,H+1,HV,1,1,0,1
mathcalF,0.72,0.73,4281,1,0,1,H+1,HV,1,1,0,1
mathcalF,0.72,0.73,4282,1,0,1,H+1,HV,1,1,0,1
mathcalF,0.72,0.73,4283,1,0,1,H+1,HV,1,1,0,1
mathcalF,0.72,0.73,4284,1,-1,2,H+1 V-1,HV,0,1,-1,1
mathcalF,0.72,0.73,4285,0,0,0,I,HV,1,0,0,1
mathcalF,0.72,0.73,4286,1,1,2,H+1 V+1,HV,2,1,1,1
mathcalF,0.72,0.73,4287,0,1,1,V+1,HV,1,0,1,1
mathcalF,0.72,0.73,4288,1,-1,2,H+1 V-1,HV,0,1,-1,1
mathcalF,0.72,0.73,4289,1,0,1,H+1,HV,1,1,0,1
mathcalF,0.72,0.73,4290,-1,-1,2,V-1 H-1,VH,1,-1,-1,2
mathcalF,0.72,0.73,4291,-1,0,1,H-1,HV,1,-1,0,1
mathcalF,0.72,0.73,4292,-1,-1,2,V-1 H-1,VH,1,-1,-1,2
mathcalF,0.72,0.73,4293,-1,0,1,H-1,HV,1,-1,0,1
mathcalF,0.72,0.73,4294,0,1,1,V+1,HV,1,0,1,1
mathcalF,0.72,0.73,4295,1,0,1,H+1,HV,1,1,0,1
mathcalF,0.72,0.73,4296,0,0,0,I,HV,1,0,0,1
mathcalF,0.72,0.73,4297,1,0,1,H+1,HV,1,1,0,1
mathcalF,0.72,0.73,4298,0,0,0,I,HV,1,0,0,1
mathcalF,0.72,0.73,4299,0,0,0,I,HV,1,0,0,1
mathcalF,0.72,0.73,4300,-1,0,1,H-1,HV,1,-1,0,1
mathcalF,0.72,0.73,4301,0,0,0,I,HV,1,0,0,1
mathcalF,0.72,0.73,4302,0,0,0,I,HV,1,0,0,1
mathcalF,0.72,0.73,4303,0,0,0,I,HV,1,0,0,1
mathcalF,0.72,0.73,4304,0,0,0,I,HV,1,0,0,1
mathcalF,0.72,0.73,4305,0,0,0,I,HV,1,0,0,1
mathcalF,0.72,0.73,4306,0,0,0,I,HV,1,0,0,1
mathcalF,0.72,0.73,4307,0,0,0,I,HV,1,0,0,1
mathcalF,0.72,0.73,4308,0,0,0,I,HV,1,0,0,1
mathcalF,0.72,0.73,4309,0,0,0,I,HV,1,0,0,1
mathcalF,0.72,0.73,4310,0,0,0,I,HV,1,0,0,1
mathcalF,0.72,0.73,4311,0,0,0,I,HV,1,0,0,1
mathcalF,0.72,0.73,4312,0,0,0,I,HV,1,0,0,1
mathcalF,0.72,0.73,4313,0,0,0,I,HV,1,0,0,1
mathcalF,0.72,0.73,4314,0,0,0,I,HV,1,0,0,1
mathcalF,0.72,0.73,4315,0,0,0,I,HV,1,0,0,1
mathcalF,0.72,0.73,4316,0,0,0,I,HV,1,0,0,1
mathcalF,0.72,0.73,4317,0,0,0,I,HV,1,0,0,1
mathcalF,0.72,0.73,4318,0,0,0,I,HV,1,0,0,1
mathcalF,0.72,0.73,4319,0,0,0,I,HV,1,0,0,1
mathcalF,0.72,0.73,4320,0,0,0,I,HV,1,0,0,1
mathcalF,0.72,0.73,4321,0,0,0,I,HV,1,0,0,1
mathcalF,0.72,0.73,4322,0,0,0,I,HV,1,0,0,1
mathcalF,0.72,0.73,4323,0,0,0,I,HV,1,0,0,1
mathcalF,0.72,0.73,4324,0,1,1,V+1,HV,1,0,1,1
mathcalF,0.72,0.73,4325,0,0,0,I,HV,1,0,0,1
mathcalF,0.72,0.73,4326,0,0,0,I,HV,1,0,0,1
mathcalF,0.72,0.73,4327,0,1,1,V+1,HV,1,0,1,1
mathcalF,0.72,0.73,4328,0,0,0,I,HV,1,0,0,1
mathcalF,0.72,0.73,4329,0,0,0,I,HV,1,0,0,1
mathcalF,0.72,0.73,4330,0,0,0,I,HV,1,0,0,1
mathcalF,0.72,0.73,4331,0,0,0,I,HV,1,0,0,1
mathcalF,0.72,0.73,4332,0,0,0,I,HV,1,0,0,1
mathcalF,0.72,0.73,4333,0,0,0,I,HV,1,0,0,1
mathcalF,0.72,0.73,4334,0,1,1,V+1,HV,1,0,1,1
mathcalF,0.72,0.73,4335,0,1,1,V+1,HV,1,0,1,1
mathcalF,0.72,0.73,4336,0,0,0,I,HV,1,0,0,1
mathcalF,0.72,0.73,4337,0,0,0,I,HV,1,0,0,1
mathcalF,0.72,0.73,4338,0,0,0,I,HV,1,0,0,1
mathcalF,0.72,0.73,4339,0,0,0,I,HV,1,0,0,1
mathcalF,0.72,0.73,4340,0,0,0,I,HV,1,0,0,1
mathcalF,0.72,0.73,4341,0,0,0,I,HV,1,0,0,1
mathcalF,0.72,0.73,4342,-1,1,2,V+1 H-1,VH,1,-1,1,0
mathcalF,0.72,0.73,4343,0,0,0,I,HV,1,0,0,1
mathcalF,0.72,0.73,4344,0,0,0,I,HV,1,0,0,1
mathcalF,0.72,0.73,4345,0,0,0,I,HV,1,0,0,1
mathcalF,0.72,0.73,4346,0,0,0,I,HV,1,0,0,1
mathcalF,0.72,0.73,4347,0,0,0,I,HV,1,0,0,1
mathcalF,0.72,0.73,4348,0,0,0,I,HV,1,0,0,1
mathcalF,0.72,0.73,4349,0,-1,1,V-1,HV,1,0,-1,1
mathcalF,0.72,0.73,4350,0,-1,1,V-1,HV,1,0,-1,1
mathcalF,0.72,0.73,4351,0,-1,1,V-1,HV,1,0,-1,1
mathcalF,0.72,0.73,4352,0,-1,1,V-1,HV,1,0,-1,1
mathcalF,0.72,0.73,4353,0,-1,1,V-1,HV,1,0,-1,1
mathcalF,0.72,0.73,4354,0,0,0,I,HV,1,0,0,1
mathcalF,0.72,0.73,4355,0,0,0,I,HV,1,0,0,1
mathcalF,0.72,0.73,4356,0,0,0,I,HV,1,0,0,1
mathcalF,0.72,0.73,4357,1,0,1,H+1,HV,1,1,0,1
mathcalF,0.72,0.73,4358,-1,0,1,H-1,HV,1,-1,0,1
mathcalF,0.72,0.73,4359,-1,0,1,H-1,HV,1,-1,0,1
mathcalF,0.72,0.73,4360,1,0,1,H+1,HV,1,1,0,1
mathcalF,0.72,0.73,4361,1,0,1,H+1,HV,1,1,0,1
mathcalF,0.72,0.73,4362,1,0,1,H+1,HV,1,1,0,1
mathcalF,0.72,0.73,4363,1,0,1,H+1,HV,1,1,0,1
mathcalF,0.72,0.73,4364,1,-1,2,H+1 V-1,HV,0,1,-1,1
mathcalF,0.72,0.73,4365,1,-1,2,H+1 V-1,HV,0,1,-1,1
mathcalF,0.72,0.73,4366,1,0,1,H+1,HV,1,1,0,1
mathcalF,0.72,0.73,4367,1,0,1,H+1,HV,1,1,0,1
mathcalF,0.72,0.73,4368,1,-1,2,H+1 V-1,HV,0,1,-1,1
mathcalF,0.72,0.73,4369,1,-1,2,H+1 V-1,HV,0,1,-1,1
mathcalF,0.72,0.73,4370,-1,0,1,H-1,HV,1,-1,0,1
mathcalF,0.72,0.73,4371,-1,0,1,H-1,HV,1,-1,0,1
mathcalF,0.72,0.73,4372,-1,0,1,H-1,HV,1,-1,0,1
mathcalF,0.72,0.73,4373,-1,0,1,H-1,HV,1,-1,0,1
mathcalF,0.72,0.73,4374,-1,0,1,H-1,HV,1,-1,0,1
mathcalF,0.72,0.73,4375,-1,0,1,H-1,HV,1,-1,0,1
mathcalF,0.72,0.73,4376,1,0,1,H+1,HV,1,1,0,1
mathcalF,0.72,0.73,4377,1,0,1,H+1,HV,1,1,0,1
mathcalF,0.72,0.73,4378,0,-1,1,V-1,HV,1,0,-1,1
mathcalF,0.72,0.73,4379,0,-1,1,V-1,HV,1,0,-1,1
mathcalF,0.72,0.73,4380,0,0,0,I,HV,1,0,0,1
mathcalF,0.72,0.73,4381,0,0,0,I,HV,1,0,0,1
mathcalF,0.72,0.73,4382,0,0,0,I,HV,1,0,0,1
mathcalF,0.72,0.73,4383,0,0,0,I,HV,1,0,0,1
mathcalF,0.72,0.73,4384,0,0,0,I,HV,1,0,0,1
mathcalF,0.72,0.73,4385,0,0,0,I,HV,1,0,0,1
mathcalF,0.72,0.73,4386,0,0,0,I,HV,1,0,0,1
mathcalF,0.72,0.73,4387,0,0,0,I,HV,1,0,0,1
mathcalF,0.72,0.73,4388,0,0,0,I,HV,1,0,0,1
mathcalF,0.72,0.73,4389,0,0,0,I,HV,1,0,0,1
mathcalF,0.72,0.73,4390,0,0,0,I,HV,1,0,0,1
mathcalF,0.72,0.73,4391,1,0,1,H+1,HV,1,1,0,1
mathcalF,0.72,0.73,4392,1,0,1,H+1,HV,1,1,0,1
mathcalF,0.72,0.73,4393,1,0,1,H+1,HV,1,1,0,1
mathcalF,0.72,0.73,4394,1,0,1,H+1,HV,1,1,0,1
mathcalF,0.72,0.73,4395,1,0,1,H+1,HV,1,1,0,1
mathcalF,0.72,0.73,4396,1,0,1,H+1,HV,1,1,0,1
mathcalF,0.72,0.73,4397,1,0,1,H+1,HV,1,1,0,1
mathcalF,0.72,0.73,4398,1,0,1,H+1,HV,1,1,0,1
mathcalF,0.72,0.73,4399,1,0,1,H+1,HV,1,1,0,1
mathcalF,0.72,0.73,4400,1,-1,2,H+1 V-1,HV,0,1,-1,1
mathcalF,0.72,0.73,4401,1,-1,2,H+1 V-1,HV,0,1,-1,1
mathcalF,0.72,0.73,4402,1,0,1,H+1,HV,1,1,0,1
mathcalF,0.72,0.73,4403,1,0,1,H+1,HV,1,1,0,1
mathcalF,0.72,0.73,4404,-1,0,1,H-1,HV,1,-1,0,1
mathcalF,0.72,0.73,4405,-1,0,1,H-1,HV,1,-1,0,1
mathcalF,0.72,0.73,4406,1,0,1,H+1,HV,1,1,0,1
mathcalF,0.72,0.73,4407,1,0,1,H+1,HV,1,1,0,1
mathcalF,0.72,0.73,4408,1,0,1,H+1,HV,1,1,0,1
mathcalF,0.72,0.73,4409,1,0,1,H+1,HV,1,1,0,1
mathcalF,0.72,0.73,4410,1,0,1,H+1,HV,1,1,0,1
mathcalF,0.72,0.73,4411,1,0,1,H+1,HV,1,1,0,1
mathcalF,0.72,0.73,4412,-1,0,1,H-1,HV,1,-1,0,1
mathcalF,0.72,0.73,4413,-1,0,1,H-1,HV,1,-1,0,1
mathcalF,0.72,0.73,4414,1,0,1,H+1,HV,1,1,0,1
mathcalF,0.72,0.73,4415,1,0,1,H+1,HV,1,1,0,1
mathcalF,0.72,0.73,4416,1,-1,2,H+1 V-1,HV,0,1,-1,1
mathcalF,0.72,0.73,4417,1,-1,2,H+1 V-1,HV,0,1,-1,1
mathcalF,0.72,0.73,4418,1,0,1,H+1,HV,1,1,0,1
mathcalF,0.72,0.73,4419,1,0,1,H+1,HV,1,1,0,1
mathcalF,0.72,0.73,4420,1,0,1,H+1,HV,1,1,0,1
mathcalF,0.72,0.73,4421,1,0,1,H+1,HV,1,1,0,1
mathcalF,0.72,0.73,4422,1,0,1,H+1,HV,1,1,0,1
mathcalF,0.72,0.73,4423,0,1,1,V+1,HV,1,0,1,1
mathcalF,0.72,0.73,4424,0,0,0,I,HV,1,0,0,1
mathcalF,0.72,0.73,4425,0,-1,1,V-1,HV,1,0,-1,1
mathcalF,0.72,0.73,4426,0,1,1,V+1,HV,1,0,1,1
mathcalF,0.72,0.73,4427,1,0,1,H+1,HV,1,1,0,1
mathcalF,0.72,0.73,4428,1,0,1,H+1,HV,1,1,0,1
mathcalF,0.72,0.73,4429,1,0,1,H+1,HV,1,1,0,1
mathcalF,0.72,0.73,4430,1,0,1,H+1,HV,1,1,0,1
mathcalF,0.72,0.73,4431,1,0,1,H+1,HV,1,1,0,1
mathcalF,0.72,0.73,4432,-1,0,1,H-1,HV,1,-1,0,1
mathcalF,0.72,0.73,4433,0,-1,1,V-1,HV,1,0,-1,1
mathcalF,0.72,0.73,4434,0,1,1,V+1,HV,1,0,1,1
mathcalF,0.72,0.73,4435,0,1,1,V+1,HV,1,0,1,1
mathcalF,0.72,0.73,4436,0,0,0,I,HV,1,0,0,1
mathcalF,0.72,0.73,4437,0,0,0,I,HV,1,0,0,1
mathcalF,0.72,0.73,4438,0,0,0,I,HV,1,0,0,1
mathcalF,0.72,0.73,4439,0,0,0,I,HV,1,0,0,1
mathcalF,0.72,0.73,4440,0,0,0,I,HV,1,0,0,1
mathcalF,0.72,0.73,4441,0,0,0,I,HV,1,0,0,1
mathcalF,0.72,0.73,4442,0,0,0,I,HV,1,0,0,1
mathcalF,0.72,0.73,4443,0,0,0,I,HV,1,0,0,1
mathcalF,0.72,0.73,4444,0,0,0,I,HV,1,0,0,1
mathcalF,0.72,0.73,4445,0,0,0,I,HV,1,0,0,1
mathcalF,0.72,0.73,4446,0,0,0,I,HV,1,0,0,1
mathcalF,0.72,0.73,4447,0,0,0,I,HV,1,0,0,1
mathcalF,0.72,0.73,4448,0,0,0,I,HV,1,0,0,1
mathcalF,0.72,0.73,4449,0,0,0,I,HV,1,0,0,1
mathcalF,0.72,0.73,4450,0,0,0,I,HV,1,0,0,1
mathcalF,0.72,0.73,4451,0,0,0,I,HV,1,0,0,1
mathcalF,0.72,0.73,4452,0,0,0,I,HV,1,0,0,1
mathcalF,0.72,0.73,4453,0,0,0,I,HV,1,0,0,1
mathcalF,0.72,0.73,4454,0,0,0,I,HV,1,0,0,1
mathcalF,0.72,0.73,4455,0,0,0,I,HV,1,0,0,1
mathcalF,0.72,0.73,4456,0,0,0,I,HV,1,0,0,1
mathcalF,0.72,0.73,4457,0,0,0,I,HV,1,0,0,1
mathcalF,0.72,0.73,4458,0,0,0,I,HV,1,0,0,1
mathcalF,0.72,0.73,4459,0,0,0,I,HV,1,0,0,1
mathcalF,0.72,0.73,4460,0,0,0,I,HV,1,0,0,1
mathcalF,0.72,0.73,4461,0,0,0,I,HV,1,0,0,1
mathcalF,0.72,0.73,4462,0,0,0,I,HV,1,0,0,1
mathcalF,0.72,0.73,4463,0,0,0,I,HV,1,0,0,1
mathcalF,0.72,0.73,4464,0,1,1,V+1,HV,1,0,1,1
mathcalF,0.72,0.73,4465,0,1,1,V+1,HV,1,0,1,1
mathcalF,0.72,0.73,4466,0,0,0,I,HV,1,0,0,1
mathcalF,0.72,0.73,4467,0,0,0,I,HV,1,0,0,1
mathcalF,0.72,0.73,4468,0,0,0,I,HV,1,0,0,1
mathcalF,0.72,0.73,4469,0,0,0,I,HV,1,0,0,1
mathcalF,0.72,0.73,4470,0,0,0,I,HV,1,0,0,1
mathcalF,0.72,0.73,4471,0,0,0,I,HV,1,0,0,1
mathcalF,0.72,0.73,4472,0,0,0,I,HV,1,0,0,1
mathcalF,0.72,0.73,4473,0,0,0,I,HV,1,0,0,1
mathcalF,0.72,0.73,4474,0,1,1,V+1,HV,1,0,1,1
mathcalF,0.72,0.73,4475,0,1,1,V+1,HV,1,0,1,1
mathcalF,0.72,0.73,4476,0,0,0,I,HV,1,0,0,1
mathcalF,0.72,0.73,4477,0,0,0,I,HV,1,0,0,1
mathcalF,0.72,0.73,4478,0,0,0,I,HV,1,0,0,1
mathcalF,0.72,0.73,4479,0,0,0,I,HV,1,0,0,1
mathcalF,0.72,0.73,4480,0,0,0,I,HV,1,0,0,1
mathcalF,0.72,0.73,4481,0,0,0,I,HV,1,0,0,1
mathcalF,0.72,0.73,4482,0,0,0,I,HV,1,0,0,1
mathcalF,0.72,0.73,4483,0,0,0,I,HV,1,0,0,1
mathcalF,0.72,0.73,4484,0,0,0,I,HV,1,0,0,1
mathcalF,0.72,0.73,4485,0,0,0,I,HV,1,0,0,1
mathcalF,0.72,0.73,4486,0,0,0,I,HV,1,0,0,1
mathcalF,0.72,0.73,4487,0,0,0,I,HV,1,0,0,1
mathcalF,0.72,0.73,4488,0,-1,1,V-1,HV,1,0,-1,1
mathcalF,0.72,0.73,4489,0,-1,1,V-1,HV,1,0,-1,1
mathcalF,0.72,0.73,4490,0,-1,1,V-1,HV,1,0,-1,1
mathcalF,0.72,0.73,4491,0,-1,1,V-1,HV,1,0,-1,1
mathcalF,0.72,0.73,4492,0,-1,1,V-1,HV,1,0,-1,1
mathcalF,0.72,0.73,4493,0,-1,1,V-1,HV,1,0,-1,1
mathcalF,0.72,0.73,4494,0,0,0,I,HV,1,0,0,1
mathcalF,0.72,0.73,4495,0,0,0,I,HV,1,0,0,1
mathcalF,0.72,0.73,4496,1,0,1,H+1,HV,1,1,0,1
mathcalF,0.72,0.73,4497,1,0,1,H+1,HV,1,1,0,1
mathcalF,0.72,0.73,4498,-1,0,1,H-1,HV,1,-1,0,1
mathcalF,0.72,0.73,4499,-1,0,1,H-1,HV,1,-1,0,1
mathcalF,0.72,0.73,4500,1,0,1,H+1,HV,1,1,0,1
mathcalF,0.72,0.73,4501,1,0,1,H+1,HV,1,1,0,1
mathcalF,0.72,0.73,4502,1,0,1,H+1,HV,1,1,0,1
mathcalF,0.72,0.73,4503,1,0,1,H+1,HV,1,1,0,1
mathcalF,0.72,0.73,4504,1,-1,2,H+1 V-1,HV,0,1,-1,1
mathcalF,0.72,0.73,4505,1,-1,2,H+1 V-1,HV,0,1,-1,1
mathcalF,0.72,0.73,4506,1,0,1,H+1,HV,1,1,0,1
mathcalF,0.72,0.73,4507,1,0,1,H+1,HV,1,1,0,1
mathcalF,0.72,0.73,4508,1,-1,2,H+1 V-1,HV,0,1,-1,1
mathcalF,0.72,0.73,4509,1,-1,2,H+1 V-1,HV,0,1,-1,1
mathcalF,0.72,0.73,4510,-1,0,1,H-1,HV,1,-1,0,1
mathcalF,0.72,0.73,4511,-1,0,1,H-1,HV,1,-1,0,1
mathcalF,0.72,0.73,4512,-1,0,1,H-1,HV,1,-1,0,1
mathcalF,0.72,0.73,4513,-1,0,1,H-1,HV,1,-1,0,1
mathcalF,0.72,0.73,4514,-1,0,1,H-1,HV,1,-1,0,1
mathcalF,0.72,0.73,4515,0,-1,1,V-1,HV,1,0,-1,1
mathcalF,0.72,0.73,4516,1,0,1,H+1,HV,1,1,0,1
mathcalF,0.72,0.73,4517,0,0,0,I,HV,1,0,0,1
mathcalF,0.72,0.73,4518,0,-1,1,V-1,HV,1,0,-1,1
mathcalF,0.72,0.73,4519,0,-1,1,V-1,HV,1,0,-1,1
mathcalF,0.72,0.73,4520,0,0,0,I,HV,1,0,0,1
mathcalF,0.72,0.73,4521,0,0,0,I,HV,1,0,0,1
mathcalF,0.72,0.73,4522,0,0,0,I,HV,1,0,0,1
mathcalF,0.72,0.73,4523,0,0,0,I,HV,1,0,0,1
mathcalF,0.72,0.73,4524,0,0,0,I,HV,1,0,0,1
mathcalF,0.72,0.73,4525,0,0,0,I,HV,1,0,0,1
mathcalF,0.72,0.73,4526,0,0,0,I,HV,1,0,0,1
mathcalF,0.72,0.73,4527,0,0,0,I,HV,1,0,0,1
mathcalF,0.72,0.73,4528,0,0,0,I,HV,1,0,0,1
mathcalF,0.72,0.73,4529,0,0,0,I,HV,1,0,0,1
mathcalF,0.72,0.73,4530,0,0,0,I,HV,1,0,0,1
mathcalF,0.72,0.73,4531,1,0,1,H+1,HV,1,1,0,1
mathcalF,0.72,0.73,4532,1,0,1,H+1,HV,1,1,0,1
mathcalF,0.72,0.73,4533,1,0,1,H+1,HV,1,1,0,1
mathcalF,0.72,0.73,4534,1,0,1,H+1,HV,1,1,0,1
mathcalF,0.72,0.73,4535,1,0,1,H+1,HV,1,1,0,1
mathcalF,0.72,0.73,4536,1,0,1,H+1,HV,1,1,0,1
mathcalF,0.72,0.73,4537,1,0,1,H+1,HV,1,1,0,1
mathcalF,0.72,0.73,4538,1,0,1,H+1,HV,1,1,0,1
mathcalF,0.72,0.73,4539,1,0,1,H+1,HV,1,1,0,1
mathcalF,0.72,0.73,4540,1,-1,2,H+1 V-1,HV,0,1,-1,1
mathcalF,0.72,0.73,4541,1,-1,2,H+1 V-1,HV,0,1,-1,1
mathcalF,0.72,0.73,4542,1,0,1,H+1,HV,1,1,0,1
mathcalF,0.72,0.73,4543,1,0,1,H+1,HV,1,1,0,1
mathcalF,0.72,0.73,4544,-1,0,1,H-1,HV,1,-1,0,1
mathcalF,0.72,0.73,4545,-1,0,1,H-1,HV,1,-1,0,1
mathcalF,0.72,0.73,4546,1,0,1,H+1,HV,1,1,0,1
mathcalF,0.72,0.73,4547,1,0,1,H+1,HV,1,1,0,1
mathcalF,0.72,0.73,4548,1,0,1,H+1,HV,1,1,0,1
mathcalF,0.72,0.73,4549,1,0,1,H+1,HV,1,1,0,1
mathcalF,0.72,0.73,4550,1,0,1,H+1,HV,1,1,0,1
mathcalF,0.72,0.73,4551,1,0,1,H+1,HV,1,1,0,1
mathcalF,0.72,0.73,4552,-1,0,1,H-1,HV,1,-1,0,1
mathcalF,0.72,0.73,4553,-1,0,1,H-1,HV,1,-1,0,1
mathcalF,0.72,0.73,4554,1,0,1,H+1,HV,1,1,0,1
mathcalF,0.72,0.73,4555,1,0,1,H+1,HV,1,1,0,1
mathcalF,0.72,0.73,4556,1,-1,2,H+1 V-1,HV,0,1,-1,1
mathcalF,0.72,0.73,4557,1,-1,2,H+1 V-1,HV,0,1,-1,1
mathcalF,0.72,0.73,4558,1,0,1,H+1,HV,1,1,0,1
mathcalF,0.72,0.73,4559,1,0,1,H+1,HV,1,1,0,1
mathcalF,0.72,0.73,4560,1,0,1,H+1,HV,1,1,0,1
mathcalF,0.72,0.73,4561,1,0,1,H+1,HV,1,1,0,1
mathcalF,0.72,0.73,4562,1,0,1,H+1,HV,1,1,0,1
mathcalF,0.72,0.73,4563,0,0,0,I,HV,1,0,0,1
mathcalF,0.72,0.73,4564,1,1,2,V+1 H+1,VH,1,1,1,2
mathcalF,0.72,0.73,4565,1,-1,2,H+1 V-1,HV,0,1,-1,1
mathcalF,0.72,0.73,4566,3,0,3,H+1 H+1 H+1,HV,1,3,0,1
mathcalF,0.72,0.73,4567,2,0,2,H+1 H+1,HV,1,2,0,1
mathcalF,0.72,0.73,4568,1,1,2,V+1 H+1,VH,1,1,1,2
mathcalF,0.72,0.73,4569,1,-1,2,H+1 V-1,HV,0,1,-1,1
mathcalF,0.72,0.73,4570,-1,0,1,H-1,HV,1,-1,0,1
mathcalF,0.72,0.73,4571,-1,0,1,H-1,HV,1,-1,0,1
mathcalF,0.72,0.73,4572,-1,0,1,H-1,HV,1,-1,0,1
mathcalF,0.72,0.73,4573,-3,0,3,H-1 H-1 H-1,HV,1,-3,0,1
mathcalF,0.72,0.73,4574,0,0,0,I,HV,1,0,0,1
mathcalF,0.72,0.73,4575,2,0,2,H+1 H+1,HV,1,2,0,1
mathcalF,0.72,0.73,4576,0,0,0,I,HV,1,0,0,1
mathcalF,0.72,0.73,4577,0,0,0,I,HV,1,0,0,1
mathcalF,0.72,0.73,4578,0,0,0,I,HV,1,0,0,1
mathcalF,0.72,0.73,4579,0,0,0,I,HV,1,0,0,1
mathcalF,0.72,0.73,4580,0,0,0,I,HV,1,0,0,1
mathcalF,0.72,0.73,4581,0,0,0,I,HV,1,0,0,1
mathcalF,0.72,0.73,4582,0,0,0,I,HV,1,0,0,1
mathcalF,0.72,0.73,4583,0,0,0,I,HV,1,0,0,1
mathcalF,0.72,0.73,4584,0,0,0,I,HV,1,0,0,1
mathcalF,0.72,0.73,4585,0,0,0,I,HV,1,0,0,1
mathcalF,0.72,0.73,4586,0,0,0,I,HV,1,0,0,1
mathcalF,0.72,0.73,4587,0,0,0,I,HV,1,0,0,1
mathcalF,0.72,0.73,4588,0,0,0,I,HV,1,0,0,1
mathcalF,0.72,0.73,4589,0,0,0,I,HV,1,0,0,1
mathcalF,0.72,0.73,4590,0,0,0,I,HV,1,0,0,1
mathcalF,0.72,0.73,4591,0,0,0,I,HV,1,0,0,1
mathcalF,0.72,0.73,4592,0,0,0,I,HV,1,0,0,1
mathcalF,0.72,0.73,4593,0,0,0,I,HV,1,0,0,1
mathcalF,0.72,0.73,4594,-1,1,2,V+1 H-1,VH,1,-1,1,0
mathcalF,0.72,0.73,4595,0,0,0,I,HV,1,0,0,1
mathcalF,0.72,0.73,4596,0,0,0,I,HV,1,0,0,1
mathcalF,0.72,0.73,4597,0,0,0,I,HV,1,0,0,1
mathcalF,0.72,0.73,4598,0,0,0,I,HV,1,0,0,1
mathcalF,0.72,0.73,4599,0,0,0,I,HV,1,0,0,1
mathcalF,0.72,0.73,4600,0,0,0,I,HV,1,0,0,1
mathcalF,0.72,0.73,4601,0,0,0,I,HV,1,0,0,1
mathcalF,0.72,0.73,4602,0,0,0,I,HV,1,0,0,1
mathcalF,0.72,0.73,4603,0,0,0,I,HV,1,0,0,1
mathcalF,0.72,0.73,4604,0,1,1,V+1,HV,1,0,1,1
mathcalF,0.72,0.73,4605,0,1,1,V+1,HV,1,0,1,1
mathcalF,0.72,0.73,4606,0,0,0,I,HV,1,0,0,1
mathcalF,0.72,0.73,4607,0,0,0,I,HV,1,0,0,1
mathcalF,0.72,0.73,4608,0,0,0,I,HV,1,0,0,1
mathcalF,0.72,0.73,4609,0,0,0,I,HV,1,0,0,1
mathcalF,0.72,0.73,4610,0,0,0,I,HV,1,0,0,1
mathcalF,0.72,0.73,4611,0,0,0,I,HV,1,0,0,1
mathcalF,0.72,0.73,4612,0,0,0,I,HV,1,0,0,1
mathcalF,0.72,0.73,4613,0,1,1,V+1,HV,1,0,1,1
mathcalF,0.72,0.73,4614,0,1,1,V+1,HV,1,0,1,1
mathcalF,0.72,0.73,4615,0,0,0,I,HV,1,0,0,1
mathcalF,0.72,0.73,4616,0,0,0,I,HV,1,0,0,1
mathcalF,0.72,0.73,4617,0,0,0,I,HV,1,0,0,1
mathcalF,0.72,0.73,4618,0,0,0,I,HV,1,0,0,1
mathcalF,0.72,0.73,4619,0,0,0,I,HV,1,0,0,1
mathcalF,0.72,0.73,4620,0,0,0,I,HV,1,0,0,1
mathcalF,0.72,0.73,4621,0,0,0,I,HV,1,0,0,1
mathcalF,0.72,0.73,4622,0,0,0,I,HV,1,0,0,1
mathcalF,0.72,0.73,4623,0,0,0,I,HV,1,0,0,1
mathcalF,0.72,0.73,4624,0,0,0,I,HV,1,0,0,1
mathcalF,0.72,0.73,4625,0,0,0,I,HV,1,0,0,1
mathcalF,0.72,0.73,4626,0,0,0,I,HV,1,0,0,1
mathcalF,0.72,0.73,4627,0,0,0,I,HV,1,0,0,1
mathcalF,0.72,0.73,4628,0,-1,1,V-1,HV,1,0,-1,1
mathcalF,0.72,0.73,4629,0,-1,1,V-1,HV,1,0,-1,1
mathcalF,0.72,0.73,4630,0,-1,1,V-1,HV,1,0,-1,1
mathcalF,0.72,0.73,4631,0,-1,1,V-1,HV,1,0,-1,1
mathcalF,0.72,0.73,4632,0,-1,1,V-1,HV,1,0,-1,1
mathcalF,0.72,0.73,4633,0,-1,1,V-1,HV,1,0,-1,1
mathcalF,0.72,0.73,4634,1,0,1,H+1,HV,1,1,0,1
mathcalF,0.72,0.73,4635,0,0,0,I,HV,1,0,0,1
mathcalF,0.72,0.73,4636,1,0,1,H+1,HV,1,1,0,1
mathcalF,0.72,0.73,4637,1,0,1,H+1,HV,1,1,0,1
mathcalF,0.72,0.73,4638,-1,0,1,H-1,HV,1,-1,0,1
mathcalF,0.72,0.73,4639,-1,0,1,H-1,HV,1,-1,0,1
mathcalF,0.72,0.73,4640,1,0,1,H+1,HV,1,1,0,1
mathcalF,0.72,0.73,4641,1,0,1,H+1,HV,1,1,0,1
mathcalF,0.72,0.73,4642,1,0,1,H+1,HV,1,1,0,1
mathcalF,0.72,0.73,4643,1,0,1,H+1,HV,1,1,0,1
mathcalF,0.72,0.73,4644,1,-1,2,H+1 V-1,HV,0,1,-1,1
mathcalF,0.72,0.73,4645,1,-1,2,H+1 V-1,HV,0,1,-1,1
mathcalF,0.72,0.73,4646,1,0,1,H+1,HV,1,1,0,1
mathcalF,0.72,0.73,4647,1,0,1,H+1,HV,1,1,0,1
mathcalF,0.72,0.73,4648,1,-1,2,H+1 V-1,HV,0,1,-1,1
mathcalF,0.72,0.73,4649,1,-1,2,H+1 V-1,HV,0,1,-1,1
mathcalF,0.72,0.73,4650,-1,0,1,H-1,HV,1,-1,0,1
mathcalF,0.72,0.73,4651,-1,0,1,H-1,HV,1,-1,0,1
mathcalF,0.72,0.73,4652,-1,0,1,H-1,HV,1,-1,0,1
mathcalF,0.72,0.73,4653,-1,0,1,H-1,HV,1,-1,0,1
mathcalF,0.72,0.73,4654,-1,0,1,H-1,HV,1,-1,0,1
mathcalF,0.72,0.73,4655,0,-1,1,V-1,HV,1,0,-1,1
mathcalF,0.72,0.73,4656,0,0,0,I,HV,1,0,0,1
mathcalF,0.72,0.73,4657,0,0,0,I,HV,1,0,0,1
mathcalF,0.72,0.73,4658,0,-1,1,V-1,HV,1,0,-1,1
mathcalF,0.72,0.73,4659,0,-1,1,V-1,HV,1,0,-1,1
mathcalF,0.72,0.73,4660,0,0,0,I,HV,1,0,0,1
mathcalF,0.72,0.73,4661,0,0,0,I,HV,1,0,0,1
mathcalF,0.72,0.73,4662,0,0,0,I,HV,1,0,0,1
mathcalF,0.72,0.73,4663,0,0,0,I,HV,1,0,0,1
mathcalF,0.72,0.73,4664,0,0,0,I,HV,1,0,0,1
mathcalF,0.72,0.73,4665,0,0,0,I,HV,1,0,0,1
mathcalF,0.72,0.73,4666,0,0,0,I,HV,1,0,0,1
mathcalF,0.72,0.73,4667,0,0,0,I,HV,1,0,0,1
mathcalF,0.72,0.73,4668,0,0,0,I,HV,1,0,0,1
mathcalF,0.72,0.73,4669,0,0,0,I,HV,1,0,0,1
mathcalF,0.72,0.73,4670,0,0,0,I,HV,1,0,0,1
mathcalF,0.72,0.73,4671,1,0,1,H+1,HV,1,1,0,1
mathcalF,0.72,0.73,4672,1,0,1,H+1,HV,1,1,0,1
mathcalF,0.72,0.73,4673,1,0,1,H+1,HV,1,1,0,1
mathcalF,0.72,0.73,4674,1,0,1,H+1,HV,1,1,0,1
mathcalF,0.72,0.73,4675,1,0,1,H+1,HV,1,1,0,1
mathcalF,0.72,0.73,4676,1,0,1,H+1,HV,1,1,0,1
mathcalF,0.72,0.73,4677,1,0,1,H+1,HV,1,1,0,1
mathcalF,0.72,0.73,4678,1,0,1,H+1,HV,1,1,0,1
mathcalF,0.72,0.73,4679,1,0,1,H+1,HV,1,1,0,1
mathcalF,0.72,0.73,4680,1,-1,2,H+1 V-1,HV,0,1,-1,1
mathcalF,0.72,0.73,4681,1,-1,2,H+1 V-1,HV,0,1,-1,1
mathcalF,0.72,0.73,4682,1,0,1,H+1,HV,1,1,0,1
mathcalF,0.72,0.73,4683,1,0,1,H+1,HV,1,1,0,1
mathcalF,0.72,0.73,4684,-1,0,1,H-1,HV,1,-1,0,1
mathcalF,0.72,0.73,4685,-1,0,1,H-1,HV,1,-1,0,1
mathcalF,0.72,0.73,4686,1,0,1,H+1,HV,1,1,0,1
mathcalF,0.72,0.73,4687,1,0,1,H+1,HV,1,1,0,1
mathcalF,0.72,0.73,4688,1,0,1,H+1,HV,1,1,0,1
mathcalF,0.72,0.73,4689,1,0,1,H+1,HV,1,1,0,1
mathcalF,0.72,0.73,4690,1,0,1,H+1,HV,1,1,0,1
mathcalF,0.72,0.73,4691,1,0,1,H+1,HV,1,1,0,1
mathcalF,0.72,0.73,4692,-1,0,1,H-1,HV,1,-1,0,1
mathcalF,0.72,0.73,4693,-1,0,1,H-1,HV,1,-1,0,1
mathcalF,0.72,0.73,4694,1,0,1,H+1,HV,1,1,0,1
mathcalF,0.72,0.73,4695,1,0,1,H+1,HV,1,1,0,1
mathcalF,0.72,0.73,4696,1,-1,2,H+1 V-1,HV,0,1,-1,1
mathcalF,0.72,0.73,4697,1,-1,2,H+1 V-1,HV,0,1,-1,1
mathcalF,0.72,0.73,4698,1,0,1,H+1,HV,1,1,0,1
mathcalF,0.72,0.73,4699,1,0,1,H+1,HV,1,1,0,1
mathcalF,0.72,0.73,4700,1,0,1,H+1,HV,1,1,0,1
mathcalF,0.72,0.73,4701,0,1,1,V+1,HV,1,0,1,1
mathcalF,0.72,0.73,4702,0,3,3,V+1 V+1 V+1,HV,1,0,3,1
mathcalF,0.72,0.73,4703,0,1,1,V+1,HV,1,0,1,1
mathcalF,0.72,0.73,4704,-1,1,2,V+1 H-1,VH,1,-1,1,0
mathcalF,0.72,0.73,4705,0,-1,1,V-1,HV,1,0,-1,1
mathcalF,0.72,0.73,4706,0,0,0,I,HV,1,0,0,1
mathcalF,0.72,0.73,4707,1,-1,2,H+1 V-1,HV,0,1,-1,1
mathcalF,0.72,0.73,4708,0,0,0,I,HV,1,0,0,1
mathcalF,0.72,0.73,4709,0,0,0,I,HV,1,0,0,1
mathcalF,0.72,0.73,4710,0,0,0,I,HV,1,0,0,1
mathcalF,0.72,0.73,4711,0,0,0,I,HV,1,0,0,1
mathcalF,0.72,0.73,4712,0,0,0,I,HV,1,0,0,1
mathcalF,0.72,0.73,4713,0,0,0,I,HV,1,0,0,1
mathcalF,0.72,0.73,4714,0,0,0,I,HV,1,0,0,1
mathcalF,0.72,0.73,4715,0,0,0,I,HV,1,0,0,1
mathcalF,0.72,0.73,4716,0,0,0,I,HV,1,0,0,1
mathcalF,0.72,0.73,4717,0,0,0,I,HV,1,0,0,1
mathcalF,0.72,0.73,4718,-1,1,2,V+1 H-1,VH,1,-1,1,0
mathcalF,0.72,0.73,4719,0,0,0,I,HV,1,0,0,1
mathcalF,0.72,0.73,4720,0,0,0,I,HV,1,0,0,1
mathcalF,0.72,0.73,4721,0,0,0,I,HV,1,0,0,1
mathcalF,0.72,0.73,4722,0,0,0,I,HV,1,0,0,1
mathcalF,0.72,0.73,4723,0,0,0,I,HV,1,0,0,1
mathcalF,0.72,0.73,4724,0,0,0,I,HV,1,0,0,1
mathcalF,0.72,0.73,4725,0,0,0,I,HV,1,0,0,1
mathcalF,0.72,0.73,4726,0,0,0,I,HV,1,0,0,1
mathcalF,0.72,0.73,4727,0,0,0,I,HV,1,0,0,1
mathcalF,0.72,0.73,4728,0,0,0,I,HV,1,0,0,1
mathcalF,0.72,0.73,4729,0,0,0,I,HV,1,0,0,1
mathcalF,0.72,0.73,4730,0,0,0,I,HV,1,0,0,1
mathcalF,0.72,0.73,4731,0,0,0,I,HV,1,0,0,1
mathcalF,0.72,0.73,4732,0,0,0,I,HV,1,0,0,1
mathcalF,0.72,0.73,4733,0,0,0,I,HV,1,0,0,1
mathcalF,0.72,0.73,4734,0,0,0,I,HV,1,0,0,1
mathcalF,0.72,0.73,4735,0,0,0,I,HV,1,0,0,1
mathcalF,0.72,0.73,4736,0,0,0,I,HV,1,0,0,1
mathcalF,0.72,0.73,4737,0,0,0,I,HV,1,0,0,1
mathcalF,0.72,0.73,4738,0,0,0,I,HV,1,0,0,1
mathcalF,0.72,0.73,4739,0,0,0,I,HV,1,0,0,1
mathcalF,0.72,0.73,4740,0,0,0,I,HV,1,0,0,1
mathcalF,0.72,0.73,4741,0,0,0,I,HV,1,0,0,1
mathcalF,0.72,0.73,4742,0,1,1,V+1,HV,1,0,1,1
mathcalF,0.72,0.73,4743,0,0,0,I,HV,1,0,0,1
mathcalF,0.72,0.73,4744,1,0,1,H+1,HV,1,1,0,1
mathcalF,0.72,0.73,4745,0,0,0,I,HV,1,0,0,1
mathcalF,0.72,0.73,4746,0,0,0,I,HV,1,0,0,1
mathcalF,0.72,0.73,4747,0,0,0,I,HV,1,0,0,1
mathcalF,0.72,0.73,4748,0,0,0,I,HV,1,0,0,1
mathcalF,0.72,0.73,4749,0,0,0,I,HV,1,0,0,1
mathcalF,0.72,0.73,4750,0,0,0,I,HV,1,0,0,1
mathcalF,0.72,0.73,4751,0,0,0,I,HV,1,0,0,1
mathcalF,0.72,0.73,4752,0,1,1,V+1,HV,1,0,1,1
mathcalF,0.72,0.73,4753,0,1,1,V+1,HV,1,0,1,1
mathcalF,0.72,0.73,4754,0,0,0,I,HV,1,0,0,1
mathcalF,0.72,0.73,4755,0,0,0,I,HV,1,0,0,1
mathcalF,0.72,0.73,4756,0,0,0,I,HV,1,0,0,1
mathcalF,0.72,0.73,4757,0,0,0,I,HV,1,0,0,1
mathcalF,0.72,0.73,4758,0,0,0,I,HV,1,0,0,1
mathcalF,0.72,0.73,4759,0,0,0,I,HV,1,0,0,1
mathcalF,0.72,0.73,4760,0,0,0,I,HV,1,0,0,1
mathcalF,0.72,0.73,4761,0,0,0,I,HV,1,0,0,1
mathcalF,0.72,0.73,4762,0,0,0,I,HV,1,0,0,1
mathcalF,0.72,0.73,4763,0,0,0,I,HV,1,0,0,1
mathcalF,0.72,0.73,4764,0,0,0,I,HV,1,0,0,1
mathcalF,0.72,0.73,4765,0,0,0,I,HV,1,0,0,1
mathcalF,0.72,0.73,4766,0,0,0,I,HV,1,0,0,1
mathcalF,0.72,0.73,4767,0,0,0,I,HV,1,0,0,1
mathcalF,0.72,0.73,4768,0,-1,1,V-1,HV,1,0,-1,1
mathcalF,0.72,0.73,4769,0,-1,1,V-1,HV,1,0,-1,1
mathcalF,0.72,0.73,4770,0,-1,1,V-1,HV,1,0,-1,1
mathcalF,0.72,0.73,4771,0,-1,1,V-1,HV,1,0,-1,1
mathcalF,0.72,0.73,4772,0,-1,1,V-1,HV,1,0,-1,1
mathcalF,0.72,0.73,4773,0,-1,1,V-1,HV,1,0,-1,1
mathcalF,0.72,0.73,4774,1,0,1,H+1,HV,1,1,0,1
mathcalF,0.72,0.73,4775,1,0,1,H+1,HV,1,1,0,1
mathcalF,0.72,0.73,4776,1,0,1,H+1,HV,1,1,0,1
mathcalF,0.72,0.73,4777,1,0,1,H+1,HV,1,1,0,1
mathcalF,0.72,0.73,4778,-1,0,1,H-1,HV,1,-1,0,1
mathcalF,0.72,0.73,4779,-1,0,1,H-1,HV,1,-1,0,1
mathcalF,0.72,0.73,4780,1,0,1,H+1,HV,1,1,0,1
mathcalF,0.72,0.73,4781,1,0,1,H+1,HV,1,1,0,1
mathcalF,0.72,0.73,4782,1,0,1,H+1,HV,1,1,0,1
mathcalF,0.72,0.73,4783,1,0,1,H+1,HV,1,1,0,1
mathcalF,0.72,0.73,4784,1,-1,2,H+1 V-1,HV,0,1,-1,1
mathcalF,0.72,0.73,4785,1,-1,2,H+1 V-1,HV,0,1,-1,1
mathcalF,0.72,0.73,4786,1,0,1,H+1,HV,1,1,0,1
mathcalF,0.72,0.73,4787,1,0,1,H+1,HV,1,1,0,1
mathcalF,0.72,0.73,4788,1,-1,2,H+1 V-1,HV,0,1,-1,1
mathcalF,0.72,0.73,4789,-1,0,1,H-1,HV,1,-1,0,1
mathcalF,0.72,0.73,4790,-1,0,1,H-1,HV,1,-1,0,1
mathcalF,0.72,0.73,4791,-1,0,1,H-1,HV,1,-1,0,1
mathcalF,0.72,0.73,4792,-1,0,1,H-1,HV,1,-1,0,1
mathcalF,0.72,0.73,4793,-1,1,2,V+1 H-1,VH,1,-1,1,0
mathcalF,0.72,0.73,4794,-1,2,3,V+1 V+1 H-1,VH,1,-1,2,-1
mathcalF,0.72,0.73,4795,0,0,0,I,HV,1,0,0,1
mathcalF,0.72,0.73,4796,0,0,0,I,HV,1,0,0,1
mathcalF,0.72,0.73,4797,-1,1,2,V+1 H-1,VH,1,-1,1,0
mathcalF,0.72,0.73,4798,-1,1,2,V+1 H-1,VH,1,-1,1,0
mathcalF,0.72,0.73,4799,0,0,0,I,HV,1,0,0,1
mathcalF,0.72,0.73,4800,0,0,0,I,HV,1,0,0,1
mathcalF,0.72,0.73,4801,0,0,0,I,HV,1,0,0,1
mathcalF,0.72,0.73,4802,0,0,0,I,HV,1,0,0,1
mathcalF,0.72,0.73,4803,0,0,0,I,HV,1,0,0,1
mathcalF,0.72,0.73,4804,0,0,0,I,HV,1,0,0,1
mathcalF,0.72,0.73,4805,0,0,0,I,HV,1,0,0,1
mathcalF,0.72,0.73,4806,0,0,0,I,HV,1,0,0,1
mathcalF,0.72,0.73,4807,0,0,0,I,HV,1,0,0,1
mathcalF,0.72,0.73,4808,0,0,0,I,HV,1,0,0,1
mathcalF,0.72,0.73,4809,1,0,1,H+1,HV,1,1,0,1
mathcalF,0.72,0.73,4810,0,1,1,V+1,HV,1,0,1,1
mathcalF,0.72,0.73,4811,1,0,1,H+1,HV,1,1,0,1
mathcalF,0.72,0.73,4812,1,0,1,H+1,HV,1,1,0,1
mathcalF,0.72,0.73,4813,1,0,1,H+1,HV,1,1,0,1
mathcalF,0.72,0.73,4814,1,0,1,H+1,HV,1,1,0,1
mathcalF,0.72,0.73,4815,1,0,1,H+1,HV,1,1,0,1
mathcalF,0.72,0.73,4816,1,0,1,H+1,HV,1,1,0,1
mathcalF,0.72,0.73,4817,1,0,1,H+1,HV,1,1,0,1
mathcalF,0.72,0.73,4818,1,0,1,H+1,HV,1,1,0,1
mathcalF,0.72,0.73,4819,1,-1,2,H+1 V-1,HV,0,1,-1,1
mathcalF,0.72,0.73,4820,1,-1,2,H+1 V-1,HV,0,1,-1,1
mathcalF,0.72,0.73,4821,1,0,1,H+1,HV,1,1,0,1
mathcalF,0.72,0.73,4822,1,0,1,H+1,HV,1,1,0,1
mathcalF,0.72,0.73,4823,-1,0,1,H-1,HV,1,-1,0,1
mathcalF,0.72,0.73,4824,-1,0,1,H-1,HV,1,-1,0,1
mathcalF,0.72,0.73,4825,1,0,1,H+1,HV,1,1,0,1
mathcalF,0.72,0.73,4826,1,0,1,H+1,HV,1,1,0,1
mathcalF,0.72,0.73,4827,1,0,1,H+1,HV,1,1,0,1
mathcalF,0.72,0.73,4828,1,0,1,H+1,HV,1,1,0,1
mathcalF,0.72,0.73,4829,1,0,1,H+1,HV,1,1,0,1
mathcalF,0.72,0.73,4830,1,0,1,H+1,HV,1,1,0,1
mathcalF,0.72,0.73,4831,-1,0,1,H-1,HV,1,-1,0,1
mathcalF,0.72,0.73,4832,-1,0,1,H-1,HV,1,-1,0,1
mathcalF,0.72,0.73,4833,1,0,1,H+1,HV,1,1,0,1
mathcalF,0.72,0.73,4834,1,0,1,H+1,HV,1,1,0,1
mathcalF,0.72,0.73,4835,1,-1,2,H+1 V-1,HV,0,1,-1,1
mathcalF,0.72,0.73,4836,-1,0,1,H-1,HV,1,-1,0,1
mathcalF,0.72,0.73,4837,-1,0,1,H-1,HV,1,-1,0,1
mathcalF,0.72,0.73,4838,1,0,1,H+1,HV,1,1,0,1
mathcalF,0.72,0.73,4839,0,0,0,I,HV,1,0,0,1
mathcalF,0.72,0.73,4840,-1,1,2,V+1 H-1,VH,1,-1,1,0
mathcalF,0.72,0.73,4841,1,0,1,H+1,HV,1,1,0,1
mathcalF,0.72,0.73,4842,1,0,1,H+1,HV,1,1,0,1
mathcalF,0.72,0.73,4843,1,0,1,H+1,HV,1,1,0,1
mathcalF,0.72,0.73,4844,0,0,0,I,HV,1,0,0,1
mathcalF,0.72,0.73,4845,0,0,0,I,HV,1,0,0,1
mathcalF,0.72,0.73,4846,0,0,0,I,HV,1,0,0,1
mathcalF,0.72,0.73,4847,0,0,0,I,HV,1,0,0,1
mathcalF,0.72,0.73,4848,0,0,0,I,HV,1,0,0,1
mathcalF,0.72,0.73,4849,0,0,0,I,HV,1,0,0,1
mathcalF,0.72,0.73,4850,0,0,0,I,HV,1,0,0,1
mathcalF,0.72,0.73,4851,0,0,0,I,HV,1,0,0,1
mathcalF,0.72,0.73,4852,0,0,0,I,HV,1,0,0,1
mathcalF,0.72,0.73,4853,0,0,0,I,HV,1,0,0,1
mathcalF,0.72,0.73,4854,0,0,0,I,HV,1,0,0,1
mathcalF,0.72,0.73,4855,0,0,0,I,HV,1,0,0,1
mathcalF,0.72,0.73,4856,0,0,0,I,HV,1,0,0,1
mathcalF,0.72,0.73,4857,-1,1,2,V+1 H-1,VH,1,-1,1,0
mathcalF,0.72,0.73,4858,0,0,0,I,HV,1,0,0,1
mathcalF,0.72,0.73,4859,0,0,0,I,HV,1,0,0,1
mathcalF,0.72,0.73,4860,0,0,0,I,HV,1,0,0,1
mathcalF,0.72,0.73,4861,0,0,0,I,HV,1,0,0,1
mathcalF,0.72,0.73,4862,0,0,0,I,HV,1,0,0,1
mathcalF,0.72,0.73,4863,0,0,0,I,HV,1,0,0,1
mathcalF,0.72,0.73,4864,0,0,0,I,HV,1,0,0,1
mathcalF,0.72,0.73,4865,0,0,0,I,HV,1,0,0,1
mathcalF,0.72,0.73,4866,0,0,0,I,HV,1,0,0,1
mathcalF,0.72,0.73,4867,0,0,0,I,HV,1,0,0,1
mathcalF,0.72,0.73,4868,0,0,0,I,HV,1,0,0,1
mathcalF,0.72,0.73,4869,0,0,0,I,HV,1,0,0,1
mathcalF,0.72,0.73,4870,0,0,0,I,HV,1,0,0,1
mathcalF,0.72,0.73,4871,0,0,0,I,HV,1,0,0,1
mathcalF,0.72,0.73,4872,0,0,0,I,HV,1,0,0,1
mathcalF,0.72,0.73,4873,0,0,0,I,HV,1,0,0,1
mathcalF,0.72,0.73,4874,0,0,0,I,HV,1,0,0,1
mathcalF,0.72,0.73,4875,0,0,0,I,HV,1,0,0,1
mathcalF,0.72,0.73,4876,0,0,0,I,HV,1,0,0,1
mathcalF,0.72,0.73,4877,0,0,0,I,HV,1,0,0,1
mathcalF,0.72,0.73,4878,0,0,0,I,HV,1,0,0,1
mathcalF,0.72,0.73,4879,0,0,0,I,HV,1,0,0,1
mathcalF,0.72,0.73,4880,0,0,0,I,HV,1,0,0,1
mathcalF,0.72,0.73,4881,0,0,0,I,HV,1,0,0,1
mathcalF,0.72,0.73,4882,0,1,1,V+1,HV,1,0,1,1
mathcalF,0.72,0.73,4883,0,1,1,V+1,HV,1,0,1,1
mathcalF,0.72,0.73,4884,0,0,0,I,HV,1,0,0,1
mathcalF,0.72,0.73,4885,0,0,0,I,HV,1,0,0,1
mathcalF,0.72,0.73,4886,0,0,0,I,HV,1,0,0,1
mathcalF,0.72,0.73,4887,0,0,0,I,HV,1,0,0,1
mathcalF,0.72,0.73,4888,0,0,0,I,HV,1,0,0,1
mathcalF,0.72,0.73,4889,0,0,0,I,HV,1,0,0,1
mathcalF,0.72,0.73,4890,0,0,0,I,HV,1,0,0,1
mathcalF,0.72,0.73,4891,0,0,0,I,HV,1,0,0,1
mathcalF,0.72,0.73,4892,0,1,1,V+1,HV,1,0,1,1
mathcalF,0.72,0.73,4893,0,1,1,V+1,HV,1,0,1,1
mathcalF,0.72,0.73,4894,0,0,0,I,HV,1,0,0,1
mathcalF,0.72,0.73,4895,0,0,0,I,HV,1,0,0,1
mathcalF,0.72,0.73,4896,0,0,0,I,HV,1,0,0,1
mathcalF,0.72,0.73,4897,0,0,0,I,HV,1,0,0,1
mathcalF,0.72,0.73,4898,0,0,0,I,HV,1,0,0,1
mathcalF,0.72,0.73,4899,0,0,0,I,HV,1,0,0,1
mathcalF,0.72,0.73,4900,0,0,0,I,HV,1,0,0,1
mathcalF,0.72,0.73,4901,0,0,0,I,HV,1,0,0,1
mathcalF,0.72,0.73,4902,0,0,0,I,HV,1,0,0,1
mathcalF,0.72,0.73,4903,0,0,0,I,HV,1,0,0,1
mathcalF,0.72,0.73,4904,0,0,0,I,HV,1,0,0,1
mathcalF,0.72,0.73,4905,0,0,0,I,HV,1,0,0,1
mathcalF,0.72,0.73,4906,0,0,0,I,HV,1,0,0,1
mathcalF,0.72,0.73,4907,0,0,0,I,HV,1,0,0,1
mathcalF,0.72,0.73,4908,0,-1,1,V-1,HV,1,0,-1,1
mathcalF,0.72,0.73,4909,0,-1,1,V-1,HV,1,0,-1,1
mathcalF,0.72,0.73,4910,0,-1,1,V-1,HV,1,0,-1,1
mathcalF,0.72,0.73,4911,0,-1,1,V-1,HV,1,0,-1,1
mathcalF,0.72,0.73,4912,-1,0,1,H-1,HV,1,-1,0,1
mathcalF,0.72,0.73,4913,-1,0,1,H-1,HV,1,-1,0,1
mathcalF,0.72,0.73,4914,1,0,1,H+1,HV,1,1,0,1
mathcalF,0.72,0.73,4915,1,0,1,H+1,HV,1,1,0,1
mathcalF,0.72,0.73,4916,1,0,1,H+1,HV,1,1,0,1
mathcalF,0.72,0.73,4917,1,0,1,H+1,HV,1,1,0,1
mathcalF,0.72,0.73,4918,-1,0,1,H-1,HV,1,-1,0,1
mathcalF,0.72,0.73,4919,-1,0,1,H-1,HV,1,-1,0,1
mathcalF,0.72,0.73,4920,1,0,1,H+1,HV,1,1,0,1
mathcalF,0.72,0.73,4921,1,0,1,H+1,HV,1,1,0,1
mathcalF,0.72,0.73,4922,1,0,1,H+1,HV,1,1,0,1
mathcalF,0.72,0.73,4923,1,-1,2,H+1 V-1,HV,0,1,-1,1
mathcalF,0.72,0.73,4924,1,-1,2,H+1 V-1,HV,0,1,-1,1
mathcalF,0.72,0.73,4925,1,0,1,H+1,HV,1,1,0,1
mathcalF,0.72,0.73,4926,1,0,1,H+1,HV,1,1,0,1
mathcalF,0.72,0.73,4927,-1,0,1,H-1,HV,1,-1,0,1
mathcalF,0.72,0.73,4928,-1,0,1,H-1,HV,1,-1,0,1
mathcalF,0.72,0.73,4929,1,-1,2,H+1 V-1,HV,0,1,-1,1
mathcalF,0.72,0.73,4930,-1,0,1,H-1,HV,1,-1,0,1
mathcalF,0.72,0.73,4931,-1,0,1,H-1,HV,1,-1,0,1
mathcalF,0.72,0.73,4932,0,-1,1,V-1,HV,1,0,-1,1
mathcalF,0.72,0.73,4933,-1,-1,2,H-1 V-1,HV,2,-1,-1,1
mathcalF,0.72,0.73,4934,0,0,0,I,HV,1,0,0,1
mathcalF,0.72,0.73,4935,0,0,0,I,HV,1,0,0,1
mathcalF,0.72,0.73,4936,0,-1,1,V-1,HV,1,0,-1,1
mathcalF,0.72,0.73,4937,0,-1,1,V-1,HV,1,0,-1,1
mathcalF,0.72,0.73,4938,0,0,0,I,HV,1,0,0,1
mathcalF,0.72,0.73,4939,0,0,0,I,HV,1,0,0,1
mathcalF,0.72,0.73,4940,0,0,0,I,HV,1,0,0,1
mathcalF,0.72,0.73,4941,0,0,0,I,HV,1,0,0,1
mathcalF,0.72,0.73,4942,0,0,0,I,HV,1,0,0,1
mathcalF,0.72,0.73,4943,0,0,0,I,HV,1,0,0,1
mathcalF,0.72,0.73,4944,0,0,0,I,HV,1,0,0,1
mathcalF,0.72,0.73,4945,0,0,0,I,HV,1,0,0,1
mathcalF,0.72,0.73,4946,1,0,1,H+1,HV,1,1,0,1
mathcalF,0.72,0.73,4947,1,0,1,H+1,HV,1,1,0,1
mathcalF,0.72,0.73,4948,1,0,1,H+1,HV,1,1,0,1
mathcalF,0.72,0.73,4949,1,0,1,H+1,HV,1,1,0,1
mathcalF,0.72,0.73,4950,1,0,1,H+1,HV,1,1,0,1
mathcalF,0.72,0.73,4951,1,0,1,H+1,HV,1,1,0,1
mathcalF,0.72,0.73,4952,1,0,1,H+1,HV,1,1,0,1
mathcalF,0.72,0.73,4953,1,0,1,H+1,HV,1,1,0,1
mathcalF,0.72,0.73,4954,1,0,1,H+1,HV,1,1,0,1
mathcalF,0.72,0.73,4955,1,0,1,H+1,HV,1,1,0,1
mathcalF,0.72,0.73,4956,1,0,1,H+1,HV,1,1,0,1
mathcalF,0.72,0.73,4957,1,0,1,H+1,HV,1,1,0,1
mathcalF,0.72,0.73,4958,1,-1,2,H+1 V-1,HV,0,1,-1,1
mathcalF,0.72,0.73,4959,1,0,1,H+1,HV,1,1,0,1
mathcalF,0.72,0.73,4960,1,0,1,H+1,HV,1,1,0,1
mathcalF,0.72,0.73,4961,-1,0,1,H-1,HV,1,-1,0,1
mathcalF,0.72,0.73,4962,-1,0,1,H-1,HV,1,-1,0,1
mathcalF,0.72,0.73,4963,1,0,1,H+1,HV,1,1,0,1
mathcalF,0.72,0.73,4964,1,0,1,H+1,HV,1,1,0,1
mathcalF,0.72,0.73,4965,1,0,1,H+1,HV,1,1,0,1
mathcalF,0.72,0.73,4966,1,0,1,H+1,HV,1,1,0,1
mathcalF,0.72,0.73,4967,1,0,1,H+1,HV,1,1,0,1
mathcalF,0.72,0.73,4968,1,0,1,H+1,HV,1,1,0,1
mathcalF,0.72,0.73,4969,-1,0,1,H-1,HV,1,-1,0,1
mathcalF,0.72,0.73,4970,-1,0,1,H-1,HV,1,-1,0,1
mathcalF,0.72,0.73,4971,1,0,1,H+1,HV,1,1,0,1
mathcalF,0.72,0.73,4972,1,0,1,H+1,HV,1,1,0,1
mathcalF,0.72,0.73,4973,-1,0,1,H-1,HV,1,-1,0,1
mathcalF,0.72,0.73,4974,1,0,1,H+1,HV,1,1,0,1
mathcalF,0.72,0.73,4975,1,0,1,H+1,HV,1,1,0,1
mathcalF,0.72,0.73,4976,0,0,0,I,HV,1,0,0,1
mathcalF,0.72,0.73,4977,0,0,0,I,HV,1,0,0,1
mathcalF,0.72,0.73,4978,1,0,1,H+1,HV,1,1,0,1
mathcalF,0.72,0.73,4979,0,1,1,V+1,HV,1,0,1,1
mathcalF,0.72,0.73,4980,1,0,1,H+1,HV,1,1,0,1
mathcalF,0.72,0.73,4981,1,0,1,H+1,HV,1,1,0,1
mathcalF,0.72,0.73,4982,1,0,1,H+1,HV,1,1,0,1
mathcalF,0.72,0.73,4983,0,0,0,I,HV,1,0,0,1
mathcalF,0.72,0.73,4984,0,0,0,I,HV,1,0,0,1
mathcalF,0.72,0.73,4985,0,0,0,I,HV,1,0,0,1
mathcalF,0.72,0.73,4986,0,0,0,I,HV,1,0,0,1
mathcalF,0.72,0.73,4987,0,0,0,I,HV,1,0,0,1
mathcalF,0.72,0.73,4988,0,0,0,I,HV,1,0,0,1
mathcalF,0.72,0.73,4989,0,0,0,I,HV,1,0,0,1
mathcalF,0.72,0.73,4990,0,0,0,I,HV,1,0,0,1
mathcalF,0.72,0.73,4991,0,0,0,I,HV,1,0,0,1
mathcalF,0.72,0.73,4992,0,0,0,I,HV,1,0,0,1
mathcalF,0.72,0.73,4993,0,0,0,I,HV,1,0,0,1
mathcalF,0.72,0.73,4994,0,0,0,I,HV,1,0,0,1
mathcalF,0.72,0.73,4995,0,0,0,I,HV,1,0,0,1
mathcalF,0.72,0.73,4996,0,0,0,I,HV,1,0,0,1
mathcalF,0.72,0.73,4997,0,0,0,I,HV,1,0,0,1
mathcalF,0.72,0.73,4998,0,0,0,I,HV,1,0,0,1
mathcalF,0.72,0.73,4999,0,0,0,I,HV,1,0,0,1
mathcalF,0.72,0.73,5000,0,0,0,I,HV,1,0,0,1
mathcalF,0.72,0.73,5001,0,0,0,I,HV,1,0,0,1
mathcalF,0.72,0.73,5002,0,0,0,I,HV,1,0,0,1
mathcalF,0.72,0.73,5003,0,0,0,I,HV,1,0,0,1
mathcalF,0.72,0.73,5004,0,0,0,I,HV,1,0,0,1
mathcalF,0.72,0.73,5005,0,0,0,I,HV,1,0,0,1
mathcalF,0.72,0.73,5006,0,0,0,I,HV,1,0,0,1
mathcalF,0.72,0.73,5007,0,0,0,I,HV,1,0,0,1
mathcalF,0.72,0.73,5008,0,0,0,I,HV,1,0,0,1
mathcalF,0.72,0.73,5009,0,0,0,I,HV,1,0,0,1
mathcalF,0.72,0.73,5010,0,0,0,I,HV,1,0,0,1
mathcalF,0.72,0.73,5011,0,0,0,I,HV,1,0,0,1
mathcalF,0.72,0.73,5012,0,0,0,I,HV,1,0,0,1
mathcalF,0.72,0.73,5013,0,0,0,I,HV,1,0,0,1
mathcalF,0.72,0.73,5014,0,0,0,I,HV,1,0,0,1
mathcalF,0.72,0.73,5015,0,0,0,I,HV,1,0,0,1
mathcalF,0.72,0.73,5016,0,0,0,I,HV,1,0,0,1
mathcalF,0.72,0.73,5017,0,0,0,I,HV,1,0,0,1
mathcalF,0.72,0.73,5018,0,0,0,I,HV,1,0,0,1
mathcalF,0.72,0.73,5019,0,0,0,I,HV,1,0,0,1
mathcalF,0.72,0.73,5020,0,0,0,I,HV,1,0,0,1
mathcalF,0.72,0.73,5021,0,0,0,I,HV,1,0,0,1
mathcalF,0.72,0.73,5022,0,1,1,V+1,HV,1,0,1,1
mathcalF,0.72,0.73,5023,0,1,1,V+1,HV,1,0,1,1
mathcalF,0.72,0.73,5024,0,0,0,I,HV,1,0,0,1
mathcalF,0.72,0.73,5025,0,0,0,I,HV,1,0,0,1
mathcalF,0.72,0.73,5026,0,0,0,I,HV,1,0,0,1
mathcalF,0.72,0.73,5027,0,0,0,I,HV,1,0,0,1
mathcalF,0.72,0.73,5028,0,0,0,I,HV,1,0,0,1
mathcalF,0.72,0.73,5029,0,0,0,I,HV,1,0,0,1
mathcalF,0.72,0.73,5030,0,0,0,I,HV,1,0,0,1
mathcalF,0.72,0.73,5031,0,0,0,I,HV,1,0,0,1
mathcalF,0.72,0.73,5032,0,1,1,V+1,HV,1,0,1,1
mathcalF,0.72,0.73,5033,0,1,1,V+1,HV,1,0,1,1
mathcalF,0.72,0.73,5034,0,0,0,I,HV,1,0,0,1
mathcalF,0.72,0.73,5035,0,0,0,I,HV,1,0,0,1
mathcalF,0.72,0.73,5036,0,0,0,I,HV,1,0,0,1
mathcalF,0.72,0.73,5037,0,0,0,I,HV,1,0,0,1
mathcalF,0.72,0.73,5038,0,0,0,I,HV,1,0,0,1
mathcalF,0.72,0.73,5039,0,0,0,I,HV,1,0,0,1
mathcalF,0.72,0.73,5040,0,0,0,I,HV,1,0,0,1
mathcalF,0.72,0.73,5041,0,0,0,I,HV,1,0,0,1
mathcalF,0.72,0.73,5042,0,0,0,I,HV,1,0,0,1
mathcalF,0.72,0.73,5043,0,0,0,I,HV,1,0,0,1
mathcalF,0.72,0.73,5044,0,0,0,I,HV,1,0,0,1
mathcalF,0.72,0.73,5045,0,0,0,I,HV,1,0,0,1
mathcalF,0.72,0.73,5046,0,0,0,I,HV,1,0,0,1
mathcalF,0.72,0.73,5047,0,0,0,I,HV,1,0,0,1
mathcalF,0.72,0.73,5048,0,-1,1,V-1,HV,1,0,-1,1
mathcalF,0.72,0.73,5049,-1,1,2,V+1 H-1,VH,1,-1,1,0
mathcalF,0.72,0.73,5050,-1,0,1,H-1,HV,1,-1,0,1
mathcalF,0.72,0.73,5051,-1,0,1,H-1,HV,1,-1,0,1
mathcalF,0.72,0.73,5052,-1,0,1,H-1,HV,1,-1,0,1
mathcalF,0.72,0.73,5053,1,0,1,H+1,HV,1,1,0,1
mathcalF,0.72,0.73,5054,1,0,1,H+1,HV,1,1,0,1
mathcalF,0.72,0.73,5055,1,0,1,H+1,HV,1,1,0,1
mathcalF,0.72,0.73,5056,1,0,1,H+1,HV,1,1,0,1
mathcalF,0.72,0.73,5057,-1,0,1,H-1,HV,1,-1,0,1
mathcalF,0.72,0.73,5058,-1,0,1,H-1,HV,1,-1,0,1
mathcalF,0.72,0.73,5059,1,0,1,H+1,HV,1,1,0,1
mathcalF,0.72,0.73,5060,1,0,1,H+1,HV,1,1,0,1
mathcalF,0.72,0.73,5061,1,0,1,H+1,HV,1,1,0,1
mathcalF,0.72,0.73,5062,1,-1,2,H+1 V-1,HV,0,1,-1,1
mathcalF,0.72,0.73,5063,1,-1,2,H+1 V-1,HV,0,1,-1,1
mathcalF,0.72,0.73,5064,1,0,1,H+1,HV,1,1,0,1
mathcalF,0.72,0.73,5065,1,0,1,H+1,HV,1,1,0,1
mathcalF,0.72,0.73,5066,-1,0,1,H-1,HV,1,-1,0,1
mathcalF,0.72,0.73,5067,-1,0,1,H-1,HV,1,-1,0,1
mathcalF,0.72,0.73,5068,1,-1,2,H+1 V-1,HV,0,1,-1,1
mathcalF,0.72,0.73,5069,1,-1,2,H+1 V-1,HV,0,1,-1,1
mathcalF,0.72,0.73,5070,-1,0,1,H-1,HV,1,-1,0,1
mathcalF,0.72,0.73,5071,-1,0,1,H-1,HV,1,-1,0,1
mathcalF,0.72,0.73,5072,-1,-1,2,H-1 V-1,HV,2,-1,-1,1
mathcalF,0.72,0.73,5073,0,-2,2,V-1 V-1,HV,1,0,-2,1
mathcalF,0.72,0.73,5074,0,0,0,I,HV,1,0,0,1
mathcalF,0.72,0.73,5075,0,0,0,I,HV,1,0,0,1
mathcalF,0.72,0.73,5076,0,-1,1,V-1,HV,1,0,-1,1
mathcalF,0.72,0.73,5077,0,-1,1,V-1,HV,1,0,-1,1
mathcalF,0.72,0.73,5078,0,0,0,I,HV,1,0,0,1
mathcalF,0.72,0.73,5079,0,0,0,I,HV,1,0,0,1
mathcalF,0.72,0.73,5080,0,0,0,I,HV,1,0,0,1
mathcalF,0.72,0.73,5081,0,0,0,I,HV,1,0,0,1
mathcalF,0.72,0.73,5082,0,0,0,I,HV,1,0,0,1
mathcalF,0.72,0.73,5083,0,0,0,I,HV,1,0,0,1
mathcalF,0.72,0.73,5084,0,0,0,I,HV,1,0,0,1
mathcalF,0.72,0.73,5085,1,0,1,H+1,HV,1,1,0,1
mathcalF,0.72,0.73,5086,1,0,1,H+1,HV,1,1,0,1
mathcalF,0.72,0.73,5087,1,0,1,H+1,HV,1,1,0,1
mathcalF,0.72,0.73,5088,1,0,1,H+1,HV,1,1,0,1
mathcalF,0.72,0.73,5089,1,0,1,H+1,HV,1,1,0,1
mathcalF,0.72,0.73,5090,1,0,1,H+1,HV,1,1,0,1
mathcalF,0.72,0.73,5091,1,0,1,H+1,HV,1,1,0,1
mathcalF,0.72,0.73,5092,1,0,1,H+1,HV,1,1,0,1
mathcalF,0.72,0.73,5093,1,0,1,H+1,HV,1,1,0,1
mathcalF,0.72,0.73,5094,1,0,1,H+1,HV,1,1,0,1
mathcalF,0.72,0.73,5095,1,0,1,H+1,HV,1,1,0,1
mathcalF,0.72,0.73,5096,-1,0,1,H-1,HV,1,-1,0,1
mathcalF,0.72,0.73,5097,1,0,1,H+1,HV,1,1,0,1
mathcalF,0.72,0.73,5098,-1,0,1,H-1,HV,1,-1,0,1
mathcalF,0.72,0.73,5099,1,0,1,H+1,HV,1,1,0,1
mathcalF,0.72,0.73,5100,-1,0,1,H-1,HV,1,-1,0,1
mathcalF,0.72,0.73,5101,-1,0,1,H-1,HV,1,-1,0,1
mathcalF,0.72,0.73,5102,1,0,1,H+1,HV,1,1,0,1
mathcalF,0.72,0.73,5103,1,0,1,H+1,HV,1,1,0,1
mathcalF,0.72,0.73,5104,1,0,1,H+1,HV,1,1,0,1
mathcalF,0.72,0.73,5105,1,0,1,H+1,HV,1,1,0,1
mathcalF,0.72,0.73,5106,1,0,1,H+1,HV,1,1,0,1
mathcalF,0.72,0.73,5107,1,0,1,H+1,HV,1,1,0,1
mathcalF,0.72,0.73,5108,-1,0,1,H-1,HV,1,-1,0,1
mathcalF,0.72,0.73,5109,-1,0,1,H-1,HV,1,-1,0,1
mathcalF,0.72,0.73,5110,1,0,1,H+1,HV,1,1,0,1
mathcalF,0.72,0.73,5111,1,0,1,H+1,HV,1,1,0,1
mathcalF,0.72,0.73,5112,-1,0,1,H-1,HV,1,-1,0,1
mathcalF,0.72,0.73,5113,-1,0,1,H-1,HV,1,-1,0,1
mathcalF,0.72,0.73,5114,0,1,1,V+1,HV,1,0,1,1
mathcalF,0.72,0.73,5115,1,0,1,H+1,HV,1,1,0,1
mathcalF,0.72,0.73,5116,-1,0,1,H-1,HV,1,-1,0,1
mathcalF,0.72,0.73,5117,-1,0,1,H-1,HV,1,-1,0,1
mathcalF,0.72,0.73,5118,1,0,1,H+1,HV,1,1,0,1
mathcalF,0.72,0.73,5119,1,0,1,H+1,HV,1,1,0,1
mathcalF,0.72,0.73,5120,1,0,1,H+1,HV,1,1,0,1
mathcalF,0.72,0.73,5121,1,0,1,H+1,HV,1,1,0,1
mathcalF,0.72,0.73,5122,0,0,0,I,HV,1,0,0,1
mathcalF,0.72,0.73,5123,0,0,0,I,HV,1,0,0,1
mathcalF,0.72,0.73,5124,0,0,0,I,HV,1,0,0,1
mathcalF,0.72,0.73,5125,0,0,0,I,HV,1,0,0,1
mathcalF,0.72,0.73,5126,0,0,0,I,HV,1,0,0,1
mathcalF,0.72,0.73,5127,0,0,0,I,HV,1,0,0,1
mathcalF,0.72,0.73,5128,0,0,0,I,HV,1,0,0,1
mathcalF,0.72,0.73,5129,0,0,0,I,HV,1,0,0,1
mathcalF,0.72,0.73,5130,0,0,0,I,HV,1,0,0,1
mathcalF,0.72,0.73,5131,0,0,0,I,HV,1,0,0,1
mathcalF,0.72,0.73,5132,0,0,0,I,HV,1,0,0,1
mathcalF,0.72,0.73,5133,0,0,0,I,HV,1,0,0,1
mathcalF,0.72,0.73,5134,0,0,0,I,HV,1,0,0,1
mathcalF,0.72,0.73,5135,0,0,0,I,HV,1,0,0,1
mathcalF,0.72,0.73,5136,0,0,0,I,HV,1,0,0,1
mathcalF,0.72,0.73,5137,0,0,0,I,HV,1,0,0,1
mathcalF,0.72,0.73,5138,0,0,0,I,HV,1,0,0,1
mathcalF,0.72,0.73,5139,0,0,0,I,HV,1,0,0,1
mathcalF,0.72,0.73,5140,0,0,0,I,HV,1,0,0,1
mathcalF,0.72,0.73,5141,0,0,0,I,HV,1,0,0,1
mathcalF,0.72,0.73,5142,0,0,0,I,HV,1,0,0,1
mathcalF,0.72,0.73,5143,0,0,0,I,HV,1,0,0,1
mathcalF,0.72,0.73,5144,0,0,0,I,HV,1,0,0,1
mathcalF,0.72,0.73,5145,0,0,0,I,HV,1,0,0,1
mathcalF,0.72,0.73,5146,0,0,0,I,HV,1,0,0,1
mathcalF,0.72,0.73,5147,0,0,0,I,HV,1,0,0,1
mathcalF,0.72,0.73,5148,0,0,0,I,HV,1,0,0,1
mathcalF,0.72,0.73,5149,0,0,0,I,HV,1,0,0,1
mathcalF,0.72,0.73,5150,0,0,0,I,HV,1,0,0,1
mathcalF,0.72,0.73,5151,0,0,0,I,HV,1,0,0,1
mathcalF,0.72,0.73,5152,0,0,0,I,HV,1,0,0,1
mathcalF,0.72,0.73,5153,0,0,0,I,HV,1,0,0,1
mathcalF,0.72,0.73,5154,0,0,0,I,HV,1,0,0,1
mathcalF,0.72,0.73,5155,0,0,0,I,HV,1,0,0,1
mathcalF,0.72,0.73,5156,0,0,0,I,HV,1,0,0,1
mathcalF,0.72,0.73,5157,0,0,0,I,HV,1,0,0,1
mathcalF,0.72,0.73,5158,0,0,0,I,HV,1,0,0,1
mathcalF,0.72,0.73,5159,0,0,0,I,HV,1,0,0,1
mathcalF,0.72,0.73,5160,0,0,0,I,HV,1,0,0,1
mathcalF,0.72,0.73,5161,0,0,0,I,HV,1,0,0,1
mathcalF,0.72,0.73,5162,0,1,1,V+1,HV,1,0,1,1
mathcalF,0.72,0.73,5163,0,1,1,V+1,HV,1,0,1,1
mathcalF,0.72,0.73,5164,0,0,0,I,HV,1,0,0,1
mathcalF,0.72,0.73,5165,0,0,0,I,HV,1,0,0,1
mathcalF,0.72,0.73,5166,0,0,0,I,HV,1,0,0,1
mathcalF,0.72,0.73,5167,0,0,0,I,HV,1,0,0,1
mathcalF,0.72,0.73,5168,0,0,0,I,HV,1,0,0,1
mathcalF,0.72,0.73,5169,0,0,0,I,HV,1,0,0,1
mathcalF,0.72,0.73,5170,0,0,0,I,HV,1,0,0,1
mathcalF,0.72,0.73,5171,0,0,0,I,HV,1,0,0,1
mathcalF,0.72,0.73,5172,0,1,1,V+1,HV,1,0,1,1
mathcalF,0.72,0.73,5173,0,1,1,V+1,HV,1,0,1,1
mathcalF,0.72,0.73,5174,0,0,0,I,HV,1,0,0,1
mathcalF,0.72,0.73,5175,0,0,0,I,HV,1,0,0,1
mathcalF,0.72,0.73,5176,0,0,0,I,HV,1,0,0,1
mathcalF,0.72,0.73,5177,0,0,0,I,HV,1,0,0,1
mathcalF,0.72,0.73,5178,0,0,0,I,HV,1,0,0,1
mathcalF,0.72,0.73,5179,0,0,0,I,HV,1,0,0,1
mathcalF,0.72,0.73,5180,0,0,0,I,HV,1,0,0,1
mathcalF,0.72,0.73,5181,0,0,0,I,HV,1,0,0,1
mathcalF,0.72,0.73,5182,0,0,0,I,HV,1,0,0,1
mathcalF,0.72,0.73,5183,0,0,0,I,HV,1,0,0,1
mathcalF,0.72,0.73,5184,0,0,0,I,HV,1,0,0,1
mathcalF,0.72,0.73,5185,0,0,0,I,HV,1,0,0,1
mathcalF,0.72,0.73,5186,0,0,0,I,HV,1,0,0,1
mathcalF,0.72,0.73,5187,0,-1,1,V-1,HV,1,0,-1,1
mathcalF,0.72,0.73,5188,0,-1,1,V-1,HV,1,0,-1,1
mathcalF,0.72,0.73,5189,0,0,0,I,HV,1,0,0,1
mathcalF,0.72,0.73,5190,-1,0,1,H-1,HV,1,-1,0,1
mathcalF,0.72,0.73,5191,-1,0,1,H-1,HV,1,-1,0,1
mathcalF,0.72,0.73,5192,1,0,1,H+1,HV,1,1,0,1
mathcalF,0.72,0.73,5193,1,0,1,H+1,HV,1,1,0,1
mathcalF,0.72,0.73,5194,1,0,1,H+1,HV,1,1,0,1
mathcalF,0.72,0.73,5195,1,0,1,H+1,HV,1,1,0,1
mathcalF,0.72,0.73,5196,-1,0,1,H-1,HV,1,-1,0,1
mathcalF,0.72,0.73,5197,-1,0,1,H-1,HV,1,-1,0,1
mathcalF,0.72,0.73,5198,1,0,1,H+1,HV,1,1,0,1
mathcalF,0.72,0.73,5199,1,0,1,H+1,HV,1,1,0,1
mathcalF,0.72,0.73,5200,1,0,1,H+1,HV,1,1,0,1
mathcalF,0.72,0.73,5201,1,0,1,H+1,HV,1,1,0,1
mathcalF,0.72,0.73,5202,1,-1,2,H+1 V-1,HV,0,1,-1,1
mathcalF,0.72,0.73,5203,1,-1,2,H+1 V-1,HV,0,1,-1,1
mathcalF,0.72,0.73,5204,1,0,1,H+1,HV,1,1,0,1
mathcalF,0.72,0.73,5205,1,0,1,H+1,HV,1,1,0,1
mathcalF,0.72,0.73,5206,-1,0,1,H-1,HV,1,-1,0,1
mathcalF,0.72,0.73,5207,-1,0,1,H-1,HV,1,-1,0,1
mathcalF,0.72,0.73,5208,1,-1,2,H+1 V-1,HV,0,1,-1,1
mathcalF,0.72,0.73,5209,0,0,0,I,HV,1,0,0,1
mathcalF,0.72,0.73,5210,0,1,3,H+1 V+1 H-1,longer_word,2,-1,1,0
mathcalF,0.72,0.73,5211,0,1,3,H+1 V+1 H-1,longer_word,2,-1,1,0
mathcalF,0.72,0.73,5212,-1,1,2,V+1 H-1,VH,1,-1,1,0
mathcalF,0.72,0.73,5213,0,0,0,I,HV,1,0,0,1
mathcalF,0.72,0.73,5214,0,1,3,H+1 V+1 H-1,longer_word,2,-1,1,0
mathcalF,0.72,0.73,5215,0,0,0,I,HV,1,0,0,1
mathcalF,0.72,0.73,5216,0,0,0,I,HV,1,0,0,1
mathcalF,0.72,0.73,5217,-1,1,2,V+1 H-1,VH,1,-1,1,0
mathcalF,0.72,0.73,5218,0,0,0,I,HV,1,0,0,1
mathcalF,0.72,0.73,5219,0,0,0,I,HV,1,0,0,1
mathcalF,0.72,0.73,5220,0,0,0,I,HV,1,0,0,1
mathcalF,0.72,0.73,5221,0,0,0,I,HV,1,0,0,1
mathcalF,0.72,0.73,5222,0,0,0,I,HV,1,0,0,1
mathcalF,0.72,0.73,5223,1,0,1,H+1,HV,1,1,0,1
mathcalF,0.72,0.73,5224,1,0,1,H+1,HV,1,1,0,1
mathcalF,0.72,0.73,5225,1,0,1,H+1,HV,1,1,0,1
mathcalF,0.72,0.73,5226,1,0,1,H+1,HV,1,1,0,1
mathcalF,0.72,0.73,5227,1,0,1,H+1,HV,1,1,0,1
mathcalF,0.72,0.73,5228,1,0,1,H+1,HV,1,1,0,1
mathcalF,0.72,0.73,5229,1,0,1,H+1,HV,1,1,0,1
mathcalF,0.72,0.73,5230,1,0,1,H+1,HV,1,1,0,1
mathcalF,0.72,0.73,5231,1,0,1,H+1,HV,1,1,0,1
mathcalF,0.72,0.73,5232,1,0,1,H+1,HV,1,1,0,1
mathcalF,0.72,0.73,5233,1,0,1,H+1,HV,1,1,0,1
mathcalF,0.72,0.73,5234,1,0,1,H+1,HV,1,1,0,1
mathcalF,0.72,0.73,5235,1,0,1,H+1,HV,1,1,0,1
mathcalF,0.72,0.73,5236,-1,0,1,H-1,HV,1,-1,0,1
mathcalF,0.72,0.73,5237,-1,0,1,H-1,HV,1,-1,0,1
mathcalF,0.72,0.73,5238,1,0,1,H+1,HV,1,1,0,1
mathcalF,0.72,0.73,5239,1,0,1,H+1,HV,1,1,0,1
mathcalF,0.72,0.73,5240,-1,0,1,H-1,HV,1,-1,0,1
mathcalF,0.72,0.73,5241,-1,0,1,H-1,HV,1,-1,0,1
mathcalF,0.72,0.73,5242,1,0,1,H+1,HV,1,1,0,1
mathcalF,0.72,0.73,5243,1,0,1,H+1,HV,1,1,0,1
mathcalF,0.72,0.73,5244,1,0,1,H+1,HV,1,1,0,1
mathcalF,0.72,0.73,5245,1,0,1,H+1,HV,1,1,0,1
mathcalF,0.72,0.73,5246,1,0,1,H+1,HV,1,1,0,1
mathcalF,0.72,0.73,5247,1,0,1,H+1,HV,1,1,0,1
mathcalF,0.72,0.73,5248,-1,0,1,H-1,HV,1,-1,0,1
mathcalF,0.72,0.73,5249,-1,0,1,H-1,HV,1,-1,0,1
mathcalF,0.72,0.73,5250,0,1,1,V+1,HV,1,0,1,1
mathcalF,0.72,0.73,5251,1,0,1,H+1,HV,1,1,0,1
mathcalF,0.72,0.73,5252,0,0,0,I,HV,1,0,0,1
mathcalF,0.72,0.73,5253,0,0,0,I,HV,1,0,0,1
mathcalF,0.72,0.73,5254,1,0,1,H+1,HV,1,1,0,1
mathcalF,0.72,0.73,5255,0,1,1,V+1,HV,1,0,1,1
mathcalF,0.72,0.73,5256,-1,0,1,H-1,HV,1,-1,0,1
mathcalF,0.72,0.73,5257,-1,0,1,H-1,HV,1,-1,0,1
mathcalF,0.72,0.73,5258,1,0,1,H+1,HV,1,1,0,1
mathcalF,0.72,0.73,5259,1,0,1,H+1,HV,1,1,0,1
mathcalF,0.72,0.73,5260,0,0,0,I,HV,1,0,0,1
mathcalF,0.72,0.73,5261,1,0,1,H+1,HV,1,1,0,1
mathcalF,0.72,0.73,5262,0,0,0,I,HV,1,0,0,1
mathcalF,0.72,0.73,5263,0,0,0,I,HV,1,0,0,1
mathcalF,0.72,0.73,5264,0,0,0,I,HV,1,0,0,1
mathcalF,0.72,0.73,5265,0,0,0,I,HV,1,0,0,1
mathcalF,0.72,0.73,5266,0,0,0,I,HV,1,0,0,1
mathcalF,0.72,0.73,5267,0,0,0,I,HV,1,0,0,1
mathcalF,0.72,0.73,5268,0,0,0,I,HV,1,0,0,1
mathcalF,0.72,0.73,5269,0,0,0,I,HV,1,0,0,1
mathcalF,0.72,0.73,5270,0,0,0,I,HV,1,0,0,1
mathcalF,0.72,0.73,5271,0,0,0,I,HV,1,0,0,1
mathcalF,0.72,0.73,5272,0,0,0,I,HV,1,0,0,1
mathcalF,0.72,0.73,5273,0,0,0,I,HV,1,0,0,1
mathcalF,0.72,0.73,5274,0,0,0,I,HV,1,0,0,1
mathcalF,0.72,0.73,5275,0,0,0,I,HV,1,0,0,1
mathcalF,0.72,0.73,5276,0,0,0,I,HV,1,0,0,1
mathcalF,0.72,0.73,5277,0,0,0,I,HV,1,0,0,1
mathcalF,0.72,0.73,5278,0,0,0,I,HV,1,0,0,1
mathcalF,0.72,0.73,5279,0,0,0,I,HV,1,0,0,1
mathcalF,0.72,0.73,5280,0,0,0,I,HV,1,0,0,1
mathcalF,0.72,0.73,5281,0,0,0,I,HV,1,0,0,1
mathcalF,0.72,0.73,5282,0,0,0,I,HV,1,0,0,1
mathcalF,0.72,0.73,5283,0,0,0,I,HV,1,0,0,1
mathcalF,0.72,0.73,5284,0,0,0,I,HV,1,0,0,1
mathcalF,0.72,0.73,5285,0,0,0,I,HV,1,0,0,1
mathcalF,0.72,0.73,5286,0,0,0,I,HV,1,0,0,1
mathcalF,0.72,0.73,5287,0,0,0,I,HV,1,0,0,1
mathcalF,0.72,0.73,5288,0,0,0,I,HV,1,0,0,1
mathcalF,0.72,0.73,5289,0,0,0,I,HV,1,0,0,1
mathcalF,0.72,0.73,5290,0,0,0,I,HV,1,0,0,1
mathcalF,0.72,0.73,5291,0,0,0,I,HV,1,0,0,1
mathcalF,0.72,0.73,5292,0,0,0,I,HV,1,0,0,1
mathcalF,0.72,0.73,5293,0,0,0,I,HV,1,0,0,1
mathcalF,0.72,0.73,5294,0,0,0,I,HV,1,0,0,1
mathcalF,0.72,0.73,5295,0,0,0,I,HV,1,0,0,1
mathcalF,0.72,0.73,5296,0,0,0,I,HV,1,0,0,1
mathcalF,0.72,0.73,5297,0,0,0,I,HV,1,0,0,1
mathcalF,0.72,0.73,5298,0,0,0,I,HV,1,0,0,1
mathcalF,0.72,0.73,5299,0,0,0,I,HV,1,0,0,1
mathcalF,0.72,0.73,5300,0,0,0,I,HV,1,0,0,1
mathcalF,0.72,0.73,5301,0,0,0,I,HV,1,0,0,1
mathcalF,0.72,0.73,5302,0,1,1,V+1,HV,1,0,1,1
mathcalF,0.72,0.73,5303,0,1,1,V+1,HV,1,0,1,1
mathcalF,0.72,0.73,5304,0,0,0,I,HV,1,0,0,1
mathcalF,0.72,0.73,5305,0,0,0,I,HV,1,0,0,1
mathcalF,0.72,0.73,5306,0,0,0,I,HV,1,0,0,1
mathcalF,0.72,0.73,5307,0,0,0,I,HV,1,0,0,1
mathcalF,0.72,0.73,5308,0,0,0,I,HV,1,0,0,1
mathcalF,0.72,0.73,5309,0,0,0,I,HV,1,0,0,1
mathcalF,0.72,0.73,5310,0,0,0,I,HV,1,0,0,1
mathcalF,0.72,0.73,5311,0,0,0,I,HV,1,0,0,1
mathcalF,0.72,0.73,5312,0,1,1,V+1,HV,1,0,1,1
mathcalF,0.72,0.73,5313,0,1,1,V+1,HV,1,0,1,1
mathcalF,0.72,0.73,5314,0,0,0,I,HV,1,0,0,1
mathcalF,0.72,0.73,5315,0,0,0,I,HV,1,0,0,1
mathcalF,0.72,0.73,5316,0,0,0,I,HV,1,0,0,1
mathcalF,0.72,0.73,5317,0,0,0,I,HV,1,0,0,1
mathcalF,0.72,0.73,5318,0,0,0,I,HV,1,0,0,1
mathcalF,0.72,0.73,5319,0,0,0,I,HV,1,0,0,1
mathcalF,0.72,0.73,5320,0,0,0,I,HV,1,0,0,1
mathcalF,0.72,0.73,5321,0,0,0,I,HV,1,0,0,1
mathcalF,0.72,0.73,5322,0,0,0,I,HV,1,0,0,1
mathcalF,0.72,0.73,5323,0,0,0,I,HV,1,0,0,1
mathcalF,0.72,0.73,5324,0,0,0,I,HV,1,0,0,1
mathcalF,0.72,0.73,5325,0,0,0,I,HV,1,0,0,1
mathcalF,0.72,0.73,5326,0,-1,1,V-1,HV,1,0,-1,1
mathcalF,0.72,0.73,5327,0,-1,1,V-1,HV,1,0,-1,1
mathcalF,0.72,0.73,5328,0,0,0,I,HV,1,0,0,1
mathcalF,0.72,0.73,5329,1,0,1,H+1,HV,1,1,0,1
mathcalF,0.72,0.73,5330,-1,0,1,H-1,HV,1,-1,0,1
mathcalF,0.72,0.73,5331,-1,0,1,H-1,HV,1,-1,0,1
mathcalF,0.72,0.73,5332,1,0,1,H+1,HV,1,1,0,1
mathcalF,0.72,0.73,5333,1,0,1,H+1,HV,1,1,0,1
mathcalF,0.72,0.73,5334,1,0,1,H+1,HV,1,1,0,1
mathcalF,0.72,0.73,5335,1,0,1,H+1,HV,1,1,0,1
mathcalF,0.72,0.73,5336,-1,0,1,H-1,HV,1,-1,0,1
mathcalF,0.72,0.73,5337,-1,0,1,H-1,HV,1,-1,0,1
mathcalF,0.72,0.73,5338,1,0,1,H+1,HV,1,1,0,1
mathcalF,0.72,0.73,5339,1,0,1,H+1,HV,1,1,0,1
mathcalF,0.72,0.73,5340,1,0,1,H+1,HV,1,1,0,1
mathcalF,0.72,0.73,5341,0,0,0,I,HV,1,0,0,1
mathcalF,0.72,0.73,5342,1,-1,2,H+1 V-1,HV,0,1,-1,1
mathcalF,0.72,0.73,5343,1,0,1,H+1,HV,1,1,0,1
mathcalF,0.72,0.73,5344,0,1,1,V+1,HV,1,0,1,1
mathcalF,0.72,0.73,5345,-1,0,1,H-1,HV,1,-1,0,1
mathcalF,0.72,0.73,5346,-1,0,1,H-1,HV,1,-1,0,1
mathcalF,0.72,0.73,5347,-1,0,1,H-1,HV,1,-1,0,1
mathcalF,0.72,0.73,5348,-1,0,1,H-1,HV,1,-1,0,1
mathcalF,0.72,0.73,5349,-1,1,2,V+1 H-1,VH,1,-1,1,0
mathcalF,0.72,0.73,5350,-1,1,2,V+1 H-1,VH,1,-1,1,0
mathcalF,0.72,0.73,5351,0,1,1,V+1,HV,1,0,1,1
mathcalF,0.72,0.73,5352,1,0,1,H+1,HV,1,1,0,1
mathcalF,0.72,0.73,5353,1,0,1,H+1,HV,1,1,0,1
mathcalF,0.72,0.73,5354,-1,0,1,H-1,HV,1,-1,0,1
mathcalF,0.72,0.73,5355,0,-1,1,V-1,HV,1,0,-1,1
mathcalF,0.72,0.73,5356,0,0,0,I,HV,1,0,0,1
mathcalF,0.72,0.73,5357,1,0,1,H+1,HV,1,1,0,1
mathcalF,0.72,0.73,5358,1,0,1,H+1,HV,1,1,0,1
mathcalF,0.72,0.73,5359,2,0,2,H+1 H+1,HV,1,2,0,1
mathcalF,0.72,0.73,5360,0,0,0,I,HV,1,0,0,1
mathcalF,0.72,0.73,5361,-2,0,2,H-1 H-1,HV,1,-2,0,1
mathcalF,0.72,0.73,5362,1,0,1,H+1,HV,1,1,0,1
mathcalF,0.72,0.73,5363,1,0,1,H+1,HV,1,1,0,1
mathcalF,0.72,0.73,5364,1,0,1,H+1,HV,1,1,0,1
mathcalF,0.72,0.73,5365,1,0,1,H+1,HV,1,1,0,1
mathcalF,0.72,0.73,5366,1,0,1,H+1,HV,1,1,0,1
mathcalF,0.72,0.73,5367,1,0,1,H+1,HV,1,1,0,1
mathcalF,0.72,0.73,5368,1,0,1,H+1,HV,1,1,0,1
mathcalF,0.72,0.73,5369,1,0,1,H+1,HV,1,1,0,1
mathcalF,0.72,0.73,5370,1,0,1,H+1,HV,1,1,0,1
mathcalF,0.72,0.73,5371,1,0,1,H+1,HV,1,1,0,1
mathcalF,0.72,0.73,5372,1,0,1,H+1,HV,1,1,0,1
mathcalF,0.72,0.73,5373,1,0,1,H+1,HV,1,1,0,1
mathcalF,0.72,0.73,5374,1,0,1,H+1,HV,1,1,0,1
mathcalF,0.72,0.73,5375,1,0,1,H+1,HV,1,1,0,1
mathcalF,0.72,0.73,5376,-1,0,1,H-1,HV,1,-1,0,1
mathcalF,0.72,0.73,5377,-1,0,1,H-1,HV,1,-1,0,1
mathcalF,0.72,0.73,5378,1,0,1,H+1,HV,1,1,0,1
mathcalF,0.72,0.73,5379,1,0,1,H+1,HV,1,1,0,1
mathcalF,0.72,0.73,5380,-1,0,1,H-1,HV,1,-1,0,1
mathcalF,0.72,0.73,5381,-1,0,1,H-1,HV,1,-1,0,1
mathcalF,0.72,0.73,5382,1,0,1,H+1,HV,1,1,0,1
mathcalF,0.72,0.73,5383,1,0,1,H+1,HV,1,1,0,1
mathcalF,0.72,0.73,5384,1,0,1,H+1,HV,1,1,0,1
mathcalF,0.72,0.73,5385,1,0,1,H+1,HV,1,1,0,1
mathcalF,0.72,0.73,5386,1,0,1,H+1,HV,1,1,0,1
mathcalF,0.72,0.73,5387,0,1,1,V+1,HV,1,0,1,1
mathcalF,0.72,0.73,5388,0,0,0,I,HV,1,0,0,1
mathcalF,0.72,0.73,5389,0,0,0,I,HV,1,0,0,1
mathcalF,0.72,0.73,5390,0,1,1,V+1,HV,1,0,1,1
mathcalF,0.72,0.73,5391,1,0,1,H+1,HV,1,1,0,1
mathcalF,0.72,0.73,5392,-1,0,1,H-1,HV,1,-1,0,1
mathcalF,0.72,0.73,5393,-1,0,1,H-1,HV,1,-1,0,1
mathcalF,0.72,0.73,5394,1,0,1,H+1,HV,1,1,0,1
mathcalF,0.72,0.73,5395,1,0,1,H+1,HV,1,1,0,1
mathcalF,0.72,0.73,5396,-1,0,1,H-1,HV,1,-1,0,1
mathcalF,0.72,0.73,5397,-1,0,1,H-1,HV,1,-1,0,1
mathcalF,0.72,0.73,5398,1,0,1,H+1,HV,1,1,0,1
mathcalF,0.72,0.73,5399,1,0,1,H+1,HV,1,1,0,1
mathcalF,0.72,0.73,5400,0,0,0,I,HV,1,0,0,1
mathcalF,0.72,0.73,5401,0,0,0,I,HV,1,0,0,1
mathcalF,0.72,0.73,5402,0,0,0,I,HV,1,0,0,1
mathcalF,0.72,0.73,5403,0,0,0,I,HV,1,0,0,1
mathcalF,0.72,0.73,5404,0,0,0,I,HV,1,0,0,1
mathcalF,0.72,0.73,5405,0,0,0,I,HV,1,0,0,1
mathcalF,0.72,0.73,5406,0,0,0,I,HV,1,0,0,1
mathcalF,0.72,0.73,5407,0,0,0,I,HV,1,0,0,1
mathcalF,0.72,0.73,5408,0,0,0,I,HV,1,0,0,1
mathcalF,0.72,0.73,5409,0,0,0,I,HV,1,0,0,1
mathcalF,0.72,0.73,5410,0,0,0,I,HV,1,0,0,1
mathcalF,0.72,0.73,5411,0,0,0,I,HV,1,0,0,1
mathcalF,0.72,0.73,5412,0,0,0,I,HV,1,0,0,1
mathcalF,0.72,0.73,5413,0,0,0,I,HV,1,0,0,1
mathcalF,0.72,0.73,5414,0,0,0,I,HV,1,0,0,1
mathcalF,0.72,0.73,5415,0,0,0,I,HV,1,0,0,1
mathcalF,0.72,0.73,5416,0,0,0,I,HV,1,0,0,1
mathcalF,0.72,0.73,5417,0,0,0,I,HV,1,0,0,1
mathcalF,0.72,0.73,5418,0,0,0,I,HV,1,0,0,1
mathcalF,0.72,0.73,5419,0,0,0,I,HV,1,0,0,1
mathcalF,0.72,0.73,5420,0,0,0,I,HV,1,0,0,1
mathcalF,0.72,0.73,5421,0,0,0,I,HV,1,0,0,1
mathcalF,0.72,0.73,5422,0,0,0,I,HV,1,0,0,1
mathcalF,0.72,0.73,5423,0,0,0,I,HV,1,0,0,1
mathcalF,0.72,0.73,5424,0,0,0,I,HV,1,0,0,1
mathcalF,0.72,0.73,5425,0,0,0,I,HV,1,0,0,1
mathcalF,0.72,0.73,5426,0,0,0,I,HV,1,0,0,1
mathcalF,0.72,0.73,5427,0,0,0,I,HV,1,0,0,1
mathcalF,0.72,0.73,5428,0,0,0,I,HV,1,0,0,1
mathcalF,0.72,0.73,5429,0,0,0,I,HV,1,0,0,1
mathcalF,0.72,0.73,5430,0,0,0,I,HV,1,0,0,1
mathcalF,0.72,0.73,5431,0,0,0,I,HV,1,0,0,1
mathcalF,0.72,0.73,5432,0,0,0,I,HV,1,0,0,1
mathcalF,0.72,0.73,5433,0,0,0,I,HV,1,0,0,1
mathcalF,0.72,0.73,5434,0,0,0,I,HV,1,0,0,1
mathcalF,0.72,0.73,5435,0,0,0,I,HV,1,0,0,1
mathcalF,0.72,0.73,5436,0,0,0,I,HV,1,0,0,1
mathcalF,0.72,0.73,5437,0,0,0,I,HV,1,0,0,1
mathcalF,0.72,0.73,5438,0,0,0,I,HV,1,0,0,1
mathcalF,0.72,0.73,5439,0,0,0,I,HV,1,0,0,1
mathcalF,0.72,0.73,5440,0,0,0,I,HV,1,0,0,1
mathcalF,0.72,0.73,5441,0,0,0,I,HV,1,0,0,1
mathcalF,0.72,0.73,5442,0,1,1,V+1,HV,1,0,1,1
mathcalF,0.72,0.73,5443,0,1,1,V+1,HV,1,0,1,1
mathcalF,0.72,0.73,5444,0,0,0,I,HV,1,0,0,1
mathcalF,0.72,0.73,5445,0,0,0,I,HV,1,0,0,1
mathcalF,0.72,0.73,5446,0,0,0,I,HV,1,0,0,1
mathcalF,0.72,0.73,5447,0,0,0,I,HV,1,0,0,1
mathcalF,0.72,0.73,5448,0,0,0,I,HV,1,0,0,1
mathcalF,0.72,0.73,5449,0,0,0,I,HV,1,0,0,1
mathcalF,0.72,0.73,5450,0,1,1,V+1,HV,1,0,1,1
mathcalF,0.72,0.73,5451,0,0,0,I,HV,1,0,0,1
mathcalF,0.72,0.73,5452,0,1,1,V+1,HV,1,0,1,1
mathcalF,0.72,0.73,5453,0,0,0,I,HV,1,0,0,1
mathcalF,0.72,0.73,5454,0,0,0,I,HV,1,0,0,1
mathcalF,0.72,0.73,5455,0,0,0,I,HV,1,0,0,1
mathcalF,0.72,0.73,5456,0,0,0,I,HV,1,0,0,1
mathcalF,0.72,0.73,5457,0,0,0,I,HV,1,0,0,1
mathcalF,0.72,0.73,5458,0,0,0,I,HV,1,0,0,1
mathcalF,0.72,0.73,5459,0,0,0,I,HV,1,0,0,1
mathcalF,0.72,0.73,5460,0,0,0,I,HV,1,0,0,1
mathcalF,0.72,0.73,5461,0,0,0,I,HV,1,0,0,1
mathcalF,0.72,0.73,5462,0,0,0,I,HV,1,0,0,1
mathcalF,0.72,0.73,5463,0,0,0,I,HV,1,0,0,1
mathcalF,0.72,0.73,5464,0,0,0,I,HV,1,0,0,1
mathcalF,0.72,0.73,5465,0,0,0,I,HV,1,0,0,1
mathcalF,0.72,0.73,5466,0,-1,1,V-1,HV,1,0,-1,1
mathcalF,0.72,0.73,5467,0,-1,1,V-1,HV,1,0,-1,1
mathcalF,0.72,0.73,5468,0,0,0,I,HV,1,0,0,1
mathcalF,0.72,0.73,5469,-1,0,1,H-1,HV,1,-1,0,1
mathcalF,0.72,0.73,5470,-1,0,1,H-1,HV,1,-1,0,1
mathcalF,0.72,0.73,5471,1,0,1,H+1,HV,1,1,0,1
mathcalF,0.72,0.73,5472,1,0,1,H+1,HV,1,1,0,1
mathcalF,0.72,0.73,5473,1,0,1,H+1,HV,1,1,0,1
mathcalF,0.72,0.73,5474,1,0,1,H+1,HV,1,1,0,1
mathcalF,0.72,0.73,5475,-1,0,1,H-1,HV,1,-1,0,1
mathcalF,0.72,0.73,5476,-1,0,1,H-1,HV,1,-1,0,1
mathcalF,0.72,0.73,5477,1,0,1,H+1,HV,1,1,0,1
mathcalF,0.72,0.73,5478,0,2,2,V+1 V+1,HV,1,0,2,1
mathcalF,0.72,0.73,5479,1,0,1,H+1,HV,1,1,0,1
mathcalF,0.72,0.73,5480,1,0,1,H+1,HV,1,1,0,1
mathcalF,0.72,0.73,5481,0,0,0,I,HV,1,0,0,1
mathcalF,0.72,0.73,5482,1,0,1,H+1,HV,1,1,0,1
mathcalF,0.72,0.73,5483,-1,0,1,H-1,HV,1,-1,0,1
mathcalF,0.72,0.73,5484,0,0,0,I,HV,1,0,0,1
mathcalF,0.72,0.73,5485,-1,1,2,V+1 H-1,VH,1,-1,1,0
mathcalF,0.72,0.73,5486,-1,0,1,H-1,HV,1,-1,0,1
mathcalF,0.72,0.73,5487,-1,2,3,V+1 V+1 H-1,VH,1,-1,2,-1
mathcalF,0.72,0.73,5488,2,1,5,H+1 H+1 H+1 V+1 H-1,longer_word,4,-1,1,0
mathcalF,0.72,0.73,5489,7,0,7,H+1 H+1 H+1 H+1 H+1 H+1 H+1,HV,1,7,0,1
mathcalF,0.72,0.73,5490,-2,0,2,H-1 H-1,HV,1,-2,0,1
mathcalF,0.72,0.73,5491,-1,0,1,H-1,HV,1,-1,0,1
mathcalF,0.72,0.73,5492,1,-1,2,V-1 H+1,VH,1,1,-1,0
mathcalF,0.72,0.73,5493,0,1,1,V+1,HV,1,0,1,1
mathcalF,0.72,0.73,5494,0,-1,1,V-1,HV,1,0,-1,1
mathcalF,0.72,0.73,5495,-1,0,1,H-1,HV,1,-1,0,1
mathcalF,0.72,0.73,5496,2,-1,3,H+1 H+1 V-1,HV,-1,2,-1,1
mathcalF,0.72,0.73,5497,1,0,1,H+1,HV,1,1,0,1
mathcalF,0.72,0.73,5498,1,0,1,H+1,HV,1,1,0,1
mathcalF,0.72,0.73,5499,1,0,1,H+1,HV,1,1,0,1
mathcalF,0.72,0.73,5500,-1,0,1,H-1,HV,1,-1,0,1
mathcalF,0.72,0.73,5501,-1,0,1,H-1,HV,1,-1,0,1
mathcalF,0.72,0.73,5502,1,0,1,H+1,HV,1,1,0,1
mathcalF,0.72,0.73,5503,0,1,1,V+1,HV,1,0,1,1
mathcalF,0.72,0.73,5504,3,0,3,H+1 H+1 H+1,HV,1,3,0,1
mathcalF,0.72,0.73,5505,1,0,1,H+1,HV,1,1,0,1
mathcalF,0.72,0.73,5506,1,0,1,H+1,HV,1,1,0,1
mathcalF,0.72,0.73,5507,1,0,1,H+1,HV,1,1,0,1
mathcalF,0.72,0.73,5508,1,0,1,H+1,HV,1,1,0,1
mathcalF,0.72,0.73,5509,1,0,1,H+1,HV,1,1,0,1
mathcalF,0.72,0.73,5510,1,0,1,H+1,HV,1,1,0,1
mathcalF,0.72,0.73,5511,1,0,1,H+1,HV,1,1,0,1
mathcalF,0.72,0.73,5512,1,0,1,H+1,HV,1,1,0,1
mathcalF,0.72,0.73,5513,1,0,1,H+1,HV,1,1,0,1
mathcalF,0.72,0.73,5514,1,0,1,H+1,HV,1,1,0,1
mathcalF,0.72,0.73,5515,1,0,1,H+1,HV,1,1,0,1
mathcalF,0.72,0.73,5516,-1,0,1,H-1,HV,1,-1,0,1
mathcalF,0.72,0.73,5517,-1,0,1,H-1,HV,1,-1,0,1
mathcalF,0.72,0.73,5518,1,0,1,H+1,HV,1,1,0,1
mathcalF,0.72,0.73,5519,1,0,1,H+1,HV,1,1,0,1
mathcalF,0.72,0.73,5520,-1,0,1,H-1,HV,1,-1,0,1
mathcalF,0.72,0.73,5521,-1,0,1,H-1,HV,1,-1,0,1
mathcalF,0.72,0.73,5522,1,0,1,H+1,HV,1,1,0,1
mathcalF,0.72,0.73,5523,1,0,1,H+1,HV,1,1,0,1
mathcalF,0.72,0.73,5524,1,0,1,H+1,HV,1,1,0,1
mathcalF,0.72,0.73,5525,1,0,1,H+1,HV,1,1,0,1
mathcalF,0.72,0.73,5526,1,0,1,H+1,HV,1,1,0,1
mathcalF,0.72,0.73,5527,1,0,1,H+1,HV,1,1,0,1
mathcalF,0.72,0.73,5528,-1,0,1,H-1,HV,1,-1,0,1
mathcalF,0.72,0.73,5529,-1,0,1,H-1,HV,1,-1,0,1
mathcalF,0.72,0.73,5530,1,0,1,H+1,HV,1,1,0,1
mathcalF,0.72,0.73,5531,1,0,1,H+1,HV,1,1,0,1
mathcalF,0.72,0.73,5532,-1,0,1,H-1,HV,1,-1,0,1
mathcalF,0.72,0.73,5533,-1,0,1,H-1,HV,1,-1,0,1
mathcalF,0.72,0.73,5534,1,0,1,H+1,HV,1,1,0,1
mathcalF,0.72,0.73,5535,1,0,1,H+1,HV,1,1,0,1
mathcalF,0.72,0.73,5536,-1,0,1,H-1,HV,1,-1,0,1
mathcalF,0.72,0.73,5537,-1,0,1,H-1,HV,1,-1,0,1
mathcalF,0.72,0.73,5538,0,0,0,I,HV,1,0,0,1
mathcalF,0.72,0.73,5539,1,0,1,H+1,HV,1,1,0,1
mathcalF,0.72,0.73,5540,0,0,0,I,HV,1,0,0,1
mathcalF,0.72,0.73,5541,0,0,0,I,HV,1,0,0,1
mathcalF,0.72,0.73,5542,0,0,0,I,HV,1,0,0,1
mathcalF,0.72,0.73,5543,0,0,0,I,HV,1,0,0,1
mathcalF,0.72,0.73,5544,0,0,0,I,HV,1,0,0,1
mathcalF,0.72,0.73,5545,0,0,0,I,HV,1,0,0,1
mathcalF,0.72,0.73,5546,0,0,0,I,HV,1,0,0,1
mathcalF,0.72,0.73,5547,0,0,0,I,HV,1,0,0,1
mathcalF,0.72,0.73,5548,0,0,0,I,HV,1,0,0,1
mathcalF,0.72,0.73,5549,0,0,0,I,HV,1,0,0,1
mathcalF,0.72,0.73,5550,0,0,0,I,HV,1,0,0,1
mathcalF,0.72,0.73,5551,0,0,0,I,HV,1,0,0,1
mathcalF,0.72,0.73,5552,0,0,0,I,HV,1,0,0,1
mathcalF,0.72,0.73,5553,0,0,0,I,HV,1,0,0,1
mathcalF,0.72,0.73,5554,0,0,0,I,HV,1,0,0,1
mathcalF,0.72,0.73,5555,0,0,0,I,HV,1,0,0,1
mathcalF,0.72,0.73,5556,0,0,0,I,HV,1,0,0,1
mathcalF,0.72,0.73,5557,0,0,0,I,HV,1,0,0,1
mathcalF,0.72,0.73,5558,0,0,0,I,HV,1,0,0,1
mathcalF,0.72,0.73,5559,0,0,0,I,HV,1,0,0,1
mathcalF,0.72,0.73,5560,0,0,0,I,HV,1,0,0,1
mathcalF,0.72,0.73,5561,0,0,0,I,HV,1,0,0,1
mathcalF,0.72,0.73,5562,0,0,0,I,HV,1,0,0,1
mathcalF,0.72,0.73,5563,0,0,0,I,HV,1,0,0,1
mathcalF,0.72,0.73,5564,0,0,0,I,HV,1,0,0,1
mathcalF,0.72,0.73,5565,0,0,0,I,HV,1,0,0,1
mathcalF,0.72,0.73,5566,0,0,0,I,HV,1,0,0,1
mathcalF,0.72,0.73,5567,0,0,0,I,HV,1,0,0,1
mathcalF,0.72,0.73,5568,0,0,0,I,HV,1,0,0,1
mathcalF,0.72,0.73,5569,0,0,0,I,HV,1,0,0,1
mathcalF,0.72,0.73,5570,0,0,0,I,HV,1,0,0,1
mathcalF,0.72,0.73,5571,0,0,0,I,HV,1,0,0,1
mathcalF,0.72,0.73,5572,0,0,0,I,HV,1,0,0,1
mathcalF,0.72,0.73,5573,-1,1,2,V+1 H-1,VH,1,-1,1,0
mathcalF,0.72,0.73,5574,0,0,0,I,HV,1,0,0,1
mathcalF,0.72,0.73,5575,0,0,0,I,HV,1,0,0,1
mathcalF,0.72,0.73,5576,0,0,0,I,HV,1,0,0,1
mathcalF,0.72,0.73,5577,0,0,0,I,HV,1,0,0,1
mathcalF,0.72,0.73,5578,0,0,0,I,HV,1,0,0,1
mathcalF,0.72,0.73,5579,0,0,0,I,HV,1,0,0,1
mathcalF,0.72,0.73,5580,0,0,0,I,HV,1,0,0,1
mathcalF,0.72,0.73,5581,0,1,1,V+1,HV,1,0,1,1
mathcalF,0.72,0.73,5582,0,1,1,V+1,HV,1,0,1,1
mathcalF,0.72,0.73,5583,0,0,0,I,HV,1,0,0,1
mathcalF,0.72,0.73,5584,0,0,0,I,HV,1,0,0,1
mathcalF,0.72,0.73,5585,0,0,0,I,HV,1,0,0,1
mathcalF,0.72,0.73,5586,0,0,0,I,HV,1,0,0,1
mathcalF,0.72,0.73,5587,0,0,0,I,HV,1,0,0,1
mathcalF,0.72,0.73,5588,0,0,0,I,HV,1,0,0,1
mathcalF,0.72,0.73,5589,0,0,0,I,HV,1,0,0,1
mathcalF,0.72,0.73,5590,0,1,1,V+1,HV,1,0,1,1
mathcalF,0.72,0.73,5591,0,1,1,V+1,HV,1,0,1,1
mathcalF,0.72,0.73,5592,0,0,0,I,HV,1,0,0,1
mathcalF,0.72,0.73,5593,0,0,0,I,HV,1,0,0,1
mathcalF,0.72,0.73,5594,0,0,0,I,HV,1,0,0,1
mathcalF,0.72,0.73,5595,0,0,0,I,HV,1,0,0,1
mathcalF,0.72,0.73,5596,0,0,0,I,HV,1,0,0,1
mathcalF,0.72,0.73,5597,0,0,0,I,HV,1,0,0,1
mathcalF,0.72,0.73,5598,0,0,0,I,HV,1,0,0,1
mathcalF,0.72,0.73,5599,0,0,0,I,HV,1,0,0,1
mathcalF,0.72,0.73,5600,0,0,0,I,HV,1,0,0,1
mathcalF,0.72,0.73,5601,0,0,0,I,HV,1,0,0,1
mathcalF,0.72,0.73,5602,0,0,0,I,HV,1,0,0,1
mathcalF,0.72,0.73,5603,0,0,0,I,HV,1,0,0,1
mathcalF,0.72,0.73,5604,0,0,0,I,HV,1,0,0,1
mathcalF,0.72,0.73,5605,0,-1,1,V-1,HV,1,0,-1,1
mathcalF,0.72,0.73,5606,1,-1,2,H+1 V-1,HV,0,1,-1,1
mathcalF,0.72,0.73,5607,1,0,1,H+1,HV,1,1,0,1
mathcalF,0.72,0.73,5608,1,0,1,H+1,HV,1,1,0,1
mathcalF,0.72,0.73,5609,1,0,1,H+1,HV,1,1,0,1
mathcalF,0.72,0.73,5610,1,0,1,H+1,HV,1,1,0,1
mathcalF,0.72,0.73,5611,1,0,1,H+1,HV,1,1,0,1
mathcalF,0.72,0.73,5612,1,0,1,H+1,HV,1,1,0,1
mathcalF,0.72,0.73,5613,-1,0,1,H-1,HV,1,-1,0,1
mathcalF,0.72,0.73,5614,-1,0,1,H-1,HV,1,-1,0,1
mathcalF,0.72,0.73,5615,1,0,1,H+1,HV,1,1,0,1
mathcalF,0.72,0.73,5616,1,0,1,H+1,HV,1,1,0,1
mathcalF,0.72,0.73,5617,1,0,1,H+1,HV,1,1,0,1
mathcalF,0.72,0.73,5618,1,0,1,H+1,HV,1,1,0,1
mathcalF,0.72,0.73,5619,0,0,0,I,HV,1,0,0,1
mathcalF,0.72,0.73,5620,1,-1,2,H+1 V-1,HV,0,1,-1,1
mathcalF,0.72,0.73,5621,0,0,0,I,HV,1,0,0,1
mathcalF,0.72,0.73,5622,0,0,0,I,HV,1,0,0,1
mathcalF,0.72,0.73,5623,1,-1,2,V-1 H+1,VH,1,1,-1,0
mathcalF,0.72,0.73,5624,0,-1,1,V-1,HV,1,0,-1,1
mathcalF,0.72,0.73,5625,0,-1,1,V-1,HV,1,0,-1,1
mathcalF,0.72,0.73,5626,-1,-1,2,H-1 V-1,HV,2,-1,-1,1
mathcalF,0.72,0.73,5627,0,-2,2,V-1 V-1,HV,1,0,-2,1
mathcalF,0.72,0.73,5628,0,-3,3,V-1 V-1 V-1,HV,1,0,-3,1
mathcalF,0.72,0.73,5629,-1,-1,2,H-1 V-1,HV,2,-1,-1,1
mathcalF,0.72,0.73,5630,0,0,0,I,HV,1,0,0,1
mathcalF,0.72,0.73,5631,0,0,0,I,HV,1,0,0,1
mathcalF,0.72,0.73,5632,0,0,0,I,HV,1,0,0,1
mathcalF,0.72,0.73,5633,1,-1,2,V-1 H+1,VH,1,1,-1,0
mathcalF,0.72,0.73,5634,-1,-1,2,V-1 H-1,VH,1,-1,-1,2
mathcalF,0.72,0.73,5635,1,-1,2,H+1 V-1,HV,0,1,-1,1
mathcalF,0.72,0.73,5636,1,-1,2,H+1 V-1,HV,0,1,-1,1
mathcalF,0.72,0.73,5637,1,0,1,H+1,HV,1,1,0,1
mathcalF,0.72,0.73,5638,1,0,1,H+1,HV,1,1,0,1
mathcalF,0.72,0.73,5639,-1,0,1,H-1,HV,1,-1,0,1
mathcalF,0.72,0.73,5640,-1,0,1,H-1,HV,1,-1,0,1
mathcalF,0.72,0.73,5641,0,1,1,V+1,HV,1,0,1,1
mathcalF,0.72,0.73,5642,0,1,1,V+1,HV,1,0,1,1
mathcalF,0.72,0.73,5643,1,0,1,H+1,HV,1,1,0,1
mathcalF,0.72,0.73,5644,1,0,1,H+1,HV,1,1,0,1
mathcalF,0.72,0.73,5645,1,0,1,H+1,HV,1,1,0,1
mathcalF,0.72,0.73,5646,1,0,1,H+1,HV,1,1,0,1
mathcalF,0.72,0.73,5647,1,0,1,H+1,HV,1,1,0,1
mathcalF,0.72,0.73,5648,1,0,1,H+1,HV,1,1,0,1
mathcalF,0.72,0.73,5649,1,0,1,H+1,HV,1,1,0,1
mathcalF,0.72,0.73,5650,1,0,1,H+1,HV,1,1,0,1
mathcalF,0.72,0.73,5651,1,0,1,H+1,HV,1,1,0,1
mathcalF,0.72,0.73,5652,1,0,1,H+1,HV,1,1,0,1
mathcalF,0.72,0.73,5653,1,0,1,H+1,HV,1,1,0,1
mathcalF,0.72,0.73,5654,1,0,1,H+1,HV,1,1,0,1
mathcalF,0.72,0.73,5655,-1,0,1,H-1,HV,1,-1,0,1
mathcalF,0.72,0.73,5656,-1,0,1,H-1,HV,1,-1,0,1
mathcalF,0.72,0.73,5657,1,0,1,H+1,HV,1,1,0,1
mathcalF,0.72,0.73,5658,1,0,1,H+1,HV,1,1,0,1
mathcalF,0.72,0.73,5659,-1,0,1,H-1,HV,1,-1,0,1
mathcalF,0.72,0.73,5660,-1,0,1,H-1,HV,1,-1,0,1
mathcalF,0.72,0.73,5661,1,0,1,H+1,HV,1,1,0,1
mathcalF,0.72,0.73,5662,1,0,1,H+1,HV,1,1,0,1
mathcalF,0.72,0.73,5663,0,1,1,V+1,HV,1,0,1,1
mathcalF,0.72,0.73,5664,1,0,1,H+1,HV,1,1,0,1
mathcalF,0.72,0.73,5665,0,1,1,V+1,HV,1,0,1,1
mathcalF,0.72,0.73,5666,1,0,1,H+1,HV,1,1,0,1
mathcalF,0.72,0.73,5667,-1,0,1,H-1,HV,1,-1,0,1
mathcalF,0.72,0.73,5668,-1,0,1,H-1,HV,1,-1,0,1
mathcalF,0.72,0.73,5669,1,0,1,H+1,HV,1,1,0,1
mathcalF,0.72,0.73,5670,1,0,1,H+1,HV,1,1,0,1
mathcalF,0.72,0.73,5671,-1,0,1,H-1,HV,1,-1,0,1
mathcalF,0.72,0.73,5672,-1,0,1,H-1,HV,1,-1,0,1
mathcalF,0.72,0.73,5673,1,0,1,H+1,HV,1,1,0,1
mathcalF,0.72,0.73,5674,1,0,1,H+1,HV,1,1,0,1
mathcalF,0.72,0.73,5675,-1,0,1,H-1,HV,1,-1,0,1
mathcalF,0.72,0.73,5676,-1,0,1,H-1,HV,1,-1,0,1
mathcalF,0.72,0.73,5677,0,0,0,I,HV,1,0,0,1
mathcalF,0.72,0.73,5678,1,0,1,H+1,HV,1,1,0,1
mathcalF,0.72,0.73,5679,0,0,0,I,HV,1,0,0,1
mathcalF,0.72,0.73,5680,0,0,0,I,HV,1,0,0,1
mathcalF,0.72,0.73,5681,0,0,0,I,HV,1,0,0,1
mathcalF,0.72,0.73,5682,0,0,0,I,HV,1,0,0,1
mathcalF,0.72,0.73,5683,0,0,0,I,HV,1,0,0,1
mathcalF,0.72,0.73,5684,0,0,0,I,HV,1,0,0,1
mathcalF,0.72,0.73,5685,0,0,0,I,HV,1,0,0,1
mathcalF,0.72,0.73,5686,0,0,0,I,HV,1,0,0,1
mathcalF,0.72,0.73,5687,0,0,0,I,HV,1,0,0,1
mathcalF,0.72,0.73,5688,0,0,0,I,HV,1,0,0,1
mathcalF,0.72,0.73,5689,0,0,0,I,HV,1,0,0,1
mathcalF,0.72,0.73,5690,0,0,0,I,HV,1,0,0,1
mathcalF,0.72,0.73,5691,0,0,0,I,HV,1,0,0,1
mathcalF,0.72,0.73,5692,0,0,0,I,HV,1,0,0,1
mathcalF,0.72,0.73,5693,0,0,0,I,HV,1,0,0,1
mathcalF,0.72,0.73,5694,0,0,0,I,HV,1,0,0,1
mathcalF,0.72,0.73,5695,0,0,0,I,HV,1,0,0,1
mathcalF,0.72,0.73,5696,0,0,0,I,HV,1,0,0,1
mathcalF,0.72,0.73,5697,0,0,0,I,HV,1,0,0,1
mathcalF,0.72,0.73,5698,0,0,0,I,HV,1,0,0,1
mathcalF,0.72,0.73,5699,0,0,0,I,HV,1,0,0,1
mathcalF,0.72,0.73,5700,0,0,0,I,HV,1,0,0,1
mathcalF,0.72,0.73,5701,0,0,0,I,HV,1,0,0,1
mathcalF,0.72,0.73,5702,0,0,0,I,HV,1,0,0,1
mathcalF,0.72,0.73,5703,0,0,0,I,HV,1,0,0,1
mathcalF,0.72,0.73,5704,0,0,0,I,HV,1,0,0,1
mathcalF,0.72,0.73,5705,0,0,0,I,HV,1,0,0,1
mathcalF,0.72,0.73,5706,0,0,0,I,HV,1,0,0,1
mathcalF,0.72,0.73,5707,0,0,0,I,HV,1,0,0,1
mathcalF,0.72,0.73,5708,0,0,0,I,HV,1,0,0,1
mathcalF,0.72,0.73,5709,0,0,0,I,HV,1,0,0,1
mathcalF,0.72,0.73,5710,0,0,0,I,HV,1,0,0,1
mathcalF,0.72,0.73,5711,0,0,0,I,HV,1,0,0,1
mathcalF,0.72,0.73,5712,0,0,0,I,HV,1,0,0,1
mathcalF,0.72,0.73,5713,0,0,0,I,HV,1,0,0,1
mathcalF,0.72,0.73,5714,0,0,0,I,HV,1,0,0,1
mathcalF,0.72,0.73,5715,0,0,0,I,HV,1,0,0,1
mathcalF,0.72,0.73,5716,0,0,0,I,HV,1,0,0,1
mathcalF,0.72,0.73,5717,0,0,0,I,HV,1,0,0,1
mathcalF,0.72,0.73,5718,0,0,0,I,HV,1,0,0,1
mathcalF,0.72,0.73,5719,0,0,0,I,HV,1,0,0,1
mathcalF,0.72,0.73,5720,0,0,0,I,HV,1,0,0,1
mathcalF,0.72,0.73,5721,0,1,1,V+1,HV,1,0,1,1
mathcalF,0.72,0.73,5722,0,0,0,I,HV,1,0,0,1
mathcalF,0.72,0.73,5723,0,0,0,I,HV,1,0,0,1
mathcalF,0.72,0.73,5724,0,0,0,I,HV,1,0,0,1
mathcalF,0.72,0.73,5725,0,0,0,I,HV,1,0,0,1
mathcalF,0.72,0.73,5726,0,0,0,I,HV,1,0,0,1
mathcalF,0.72,0.73,5727,0,0,0,I,HV,1,0,0,1
mathcalF,0.72,0.73,5728,0,0,0,I,HV,1,0,0,1
mathcalF,0.72,0.73,5729,0,0,0,I,HV,1,0,0,1
mathcalF,0.72,0.73,5730,0,1,1,V+1,HV,1,0,1,1
mathcalF,0.72,0.73,5731,0,1,1,V+1,HV,1,0,1,1
mathcalF,0.72,0.73,5732,0,0,0,I,HV,1,0,0,1
mathcalF,0.72,0.73,5733,0,0,0,I,HV,1,0,0,1
mathcalF,0.72,0.73,5734,0,0,0,I,HV,1,0,0,1
mathcalF,0.72,0.73,5735,0,0,0,I,HV,1,0,0,1
mathcalF,0.72,0.73,5736,0,0,0,I,HV,1,0,0,1
mathcalF,0.72,0.73,5737,0,0,0,I,HV,1,0,0,1
mathcalF,0.72,0.73,5738,0,0,0,I,HV,1,0,0,1
mathcalF,0.72,0.73,5739,0,0,0,I,HV,1,0,0,1
mathcalF,0.72,0.73,5740,0,0,0,I,HV,1,0,0,1
mathcalF,0.72,0.73,5741,0,0,0,I,HV,1,0,0,1
mathcalF,0.72,0.73,5742,0,0,0,I,HV,1,0,0,1
mathcalF,0.72,0.73,5743,0,-1,1,V-1,HV,1,0,-1,1
mathcalF,0.72,0.73,5744,1,-1,2,H+1 V-1,HV,0,1,-1,1
mathcalF,0.72,0.73,5745,1,0,1,H+1,HV,1,1,0,1
mathcalF,0.72,0.73,5746,1,0,1,H+1,HV,1,1,0,1
mathcalF,0.72,0.73,5747,-1,0,1,H-1,HV,1,-1,0,1
mathcalF,0.72,0.73,5748,-1,0,1,H-1,HV,1,-1,0,1
mathcalF,0.72,0.73,5749,1,0,1,H+1,HV,1,1,0,1
mathcalF,0.72,0.73,5750,1,0,1,H+1,HV,1,1,0,1
mathcalF,0.72,0.73,5751,1,0,1,H+1,HV,1,1,0,1
mathcalF,0.72,0.73,5752,-1,0,1,H-1,HV,1,-1,0,1
mathcalF,0.72,0.73,5753,-1,0,1,H-1,HV,1,-1,0,1
mathcalF,0.72,0.73,5754,1,0,1,H+1,HV,1,1,0,1
mathcalF,0.72,0.73,5755,1,0,1,H+1,HV,1,1,0,1
mathcalF,0.72,0.73,5756,1,0,1,H+1,HV,1,1,0,1
mathcalF,0.72,0.73,5757,1,0,1,H+1,HV,1,1,0,1
mathcalF,0.72,0.73,5758,0,0,0,I,HV,1,0,0,1
mathcalF,0.72,0.73,5759,0,0,0,I,HV,1,0,0,1
mathcalF,0.72,0.73,5760,0,0,0,I,HV,1,0,0,1
mathcalF,0.72,0.73,5761,0,0,0,I,HV,1,0,0,1
mathcalF,0.72,0.73,5762,0,1,1,V+1,HV,1,0,1,1
mathcalF,0.72,0.73,5763,0,1,1,V+1,HV,1,0,1,1
mathcalF,0.72,0.73,5764,0,1,3,H+1 V+1 H-1,longer_word,2,-1,1,0
mathcalF,0.72,0.73,5765,-1,1,2,V+1 H-1,VH,1,-1,1,0
mathcalF,0.72,0.73,5766,1,1,2,H+1 V+1,HV,2,1,1,1
mathcalF,0.72,0.73,5767,0,2,4,H+1 V+1 V+1 H-1,longer_word,3,-2,2,-1
mathcalF,0.72,0.73,5768,2,0,2,H+1 H+1,HV,1,2,0,1
mathcalF,0.72,0.73,5769,0,-2,2,V-1 V-1,HV,1,0,-2,1
mathcalF,0.72,0.73,5770,0,0,0,I,HV,1,0,0,1
mathcalF,0.72,0.73,5771,-1,0,1,H-1,HV,1,-1,0,1
mathcalF,0.72,0.73,5772,-1,1,2,H-1 V+1,HV,0,-1,1,1
mathcalF,0.72,0.73,5773,0,0,0,I,HV,1,0,0,1
mathcalF,0.72,0.73,5774,1,-1,2,H+1 V-1,HV,0,1,-1,1
mathcalF,0.72,0.73,5775,1,-1,2,H+1 V-1,HV,0,1,-1,1
mathcalF,0.72,0.73,5776,1,0,1,H+1,HV,1,1,0,1
mathcalF,0.72,0.73,5777,1,0,1,H+1,HV,1,1,0,1
mathcalF,0.72,0.73,5778,-1,0,1,H-1,HV,1,-1,0,1
mathcalF,0.72,0.73,5779,-1,0,1,H-1,HV,1,-1,0,1
mathcalF,0.72,0.73,5780,1,0,1,H+1,HV,1,1,0,1
mathcalF,0.72,0.73,5781,1,0,1,H+1,HV,1,1,0,1
mathcalF,0.72,0.73,5782,1,0,1,H+1,HV,1,1,0,1
mathcalF,0.72,0.73,5783,1,0,1,H+1,HV,1,1,0,1
mathcalF,0.72,0.73,5784,1,0,1,H+1,HV,1,1,0,1
mathcalF,0.72,0.73,5785,1,0,1,H+1,HV,1,1,0,1
mathcalF,0.72,0.73,5786,1,0,1,H+1,HV,1,1,0,1
mathcalF,0.72,0.73,5787,1,0,1,H+1,HV,1,1,0,1
mathcalF,0.72,0.73,5788,1,0,1,H+1,HV,1,1,0,1
mathcalF,0.72,0.73,5789,1,0,1,H+1,HV,1,1,0,1
mathcalF,0.72,0.73,5790,1,0,1,H+1,HV,1,1,0,1
mathcalF,0.72,0.73,5791,1,0,1,H+1,HV,1,1,0,1
mathcalF,0.72,0.73,5792,1,0,1,H+1,HV,1,1,0,1
mathcalF,0.72,0.73,5793,1,0,1,H+1,HV,1,1,0,1
mathcalF,0.72,0.73,5794,-1,0,1,H-1,HV,1,-1,0,1
mathcalF,0.72,0.73,5795,-1,0,1,H-1,HV,1,-1,0,1
mathcalF,0.72,0.73,5796,1,0,1,H+1,HV,1,1,0,1
mathcalF,0.72,0.73,5797,1,0,1,H+1,HV,1,1,0,1
mathcalF,0.72,0.73,5798,-1,0,1,H-1,HV,1,-1,0,1
mathcalF,0.72,0.73,5799,-1,0,1,H-1,HV,1,-1,0,1
mathcalF,0.72,0.73,5800,1,0,1,H+1,HV,1,1,0,1
mathcalF,0.72,0.73,5801,0,1,1,V+1,HV,1,0,1,1
mathcalF,0.72,0.73,5802,1,0,1,H+1,HV,1,1,0,1
mathcalF,0.72,0.73,5803,0,1,1,V+1,HV,1,0,1,1
mathcalF,0.72,0.73,5804,1,0,1,H+1,HV,1,1,0,1
mathcalF,0.72,0.73,5805,1,0,1,H+1,HV,1,1,0,1
mathcalF,0.72,0.73,5806,-1,0,1,H-1,HV,1,-1,0,1
mathcalF,0.72,0.73,5807,-1,0,1,H-1,HV,1,-1,0,1
mathcalF,0.72,0.73,5808,1,0,1,H+1,HV,1,1,0,1
mathcalF,0.72,0.73,5809,1,0,1,H+1,HV,1,1,0,1
mathcalF,0.72,0.73,5810,-1,0,1,H-1,HV,1,-1,0,1
mathcalF,0.72,0.73,5811,-1,0,1,H-1,HV,1,-1,0,1
mathcalF,0.72,0.73,5812,1,0,1,H+1,HV,1,1,0,1
mathcalF,0.72,0.73,5813,1,0,1,H+1,HV,1,1,0,1
mathcalF,0.72,0.73,5814,-1,0,1,H-1,HV,1,-1,0,1
mathcalF,0.72,0.73,5815,-1,0,1,H-1,HV,1,-1,0,1
mathcalF,0.72,0.73,5816,0,0,0,I,HV,1,0,0,1
mathcalF,0.72,0.73,5817,0,0,0,I,HV,1,0,0,1
mathcalF,0.72,0.73,5818,0,0,0,I,HV,1,0,0,1
mathcalF,0.72,0.73,5819,0,0,0,I,HV,1,0,0,1
mathcalF,0.72,0.73,5820,0,0,0,I,HV,1,0,0,1
mathcalF,0.72,0.73,5821,0,0,0,I,HV,1,0,0,1
mathcalF,0.72,0.73,5822,0,0,0,I,HV,1,0,0,1
mathcalF,0.72,0.73,5823,0,0,0,I,HV,1,0,0,1
mathcalF,0.72,0.73,5824,0,0,0,I,HV,1,0,0,1
mathcalF,0.72,0.73,5825,0,0,0,I,HV,1,0,0,1
mathcalF,0.72,0.73,5826,0,0,0,I,HV,1,0,0,1
mathcalF,0.72,0.73,5827,0,0,0,I,HV,1,0,0,1
mathcalF,0.72,0.73,5828,0,0,0,I,HV,1,0,0,1
mathcalF,0.72,0.73,5829,0,0,0,I,HV,1,0,0,1
mathcalF,0.72,0.73,5830,0,0,0,I,HV,1,0,0,1
mathcalF,0.72,0.73,5831,0,0,0,I,HV,1,0,0,1
mathcalF,0.72,0.73,5832,0,0,0,I,HV,1,0,0,1
mathcalF,0.72,0.73,5833,0,0,0,I,HV,1,0,0,1
mathcalF,0.72,0.73,5834,0,0,0,I,HV,1,0,0,1
mathcalF,0.72,0.73,5835,0,0,0,I,HV,1,0,0,1
mathcalF,0.72,0.73,5836,0,0,0,I,HV,1,0,0,1
mathcalF,0.72,0.73,5837,0,0,0,I,HV,1,0,0,1
mathcalF,0.72,0.73,5838,0,0,0,I,HV,1,0,0,1
mathcalF,0.72,0.73,5839,0,0,0,I,HV,1,0,0,1
mathcalF,0.72,0.73,5840,0,0,0,I,HV,1,0,0,1
mathcalF,0.72,0.73,5841,0,0,0,I,HV,1,0,0,1
mathcalF,0.72,0.73,5842,0,0,0,I,HV,1,0,0,1
mathcalF,0.72,0.73,5843,0,0,0,I,HV,1,0,0,1
mathcalF,0.72,0.73,5844,0,0,0,I,HV,1,0,0,1
mathcalF,0.72,0.73,5845,0,0,0,I,HV,1,0,0,1
mathcalF,0.72,0.73,5846,0,0,0,I,HV,1,0,0,1
mathcalF,0.72,0.73,5847,0,0,0,I,HV,1,0,0,1
mathcalF,0.72,0.73,5848,0,0,0,I,HV,1,0,0,1
mathcalF,0.72,0.73,5849,0,0,0,I,HV,1,0,0,1
mathcalF,0.72,0.73,5850,0,0,0,I,HV,1,0,0,1
mathcalF,0.72,0.73,5851,0,0,0,I,HV,1,0,0,1
mathcalF,0.72,0.73,5852,0,0,0,I,HV,1,0,0,1
mathcalF,0.72,0.73,5853,0,0,0,I,HV,1,0,0,1
mathcalF,0.72,0.73,5854,0,0,0,I,HV,1,0,0,1
mathcalF,0.72,0.73,5855,0,0,0,I,HV,1,0,0,1
mathcalF,0.72,0.73,5856,0,0,0,I,HV,1,0,0,1
mathcalF,0.72,0.73,5857,0,0,0,I,HV,1,0,0,1
mathcalF,0.72,0.73,5858,0,0,0,I,HV,1,0,0,1
mathcalF,0.72,0.73,5859,0,0,0,I,HV,1,0,0,1
mathcalF,0.72,0.73,5860,0,1,1,V+1,HV,1,0,1,1
mathcalF,0.72,0.73,5861,0,1,1,V+1,HV,1,0,1,1
mathcalF,0.72,0.73,5862,0,0,0,I,HV,1,0,0,1
mathcalF,0.72,0.73,5863,0,0,0,I,HV,1,0,0,1
mathcalF,0.72,0.73,5864,0,0,0,I,HV,1,0,0,1
mathcalF,0.72,0.73,5865,0,0,0,I,HV,1,0,0,1
mathcalF,0.72,0.73,5866,0,0,0,I,HV,1,0,0,1
mathcalF,0.72,0.73,5867,0,0,0,I,HV,1,0,0,1
mathcalF,0.72,0.73,5868,0,0,0,I,HV,1,0,0,1
mathcalF,0.72,0.73,5869,0,0,0,I,HV,1,0,0,1
mathcalF,0.72,0.73,5870,0,1,1,V+1,HV,1,0,1,1
mathcalF,0.72,0.73,5871,0,1,1,V+1,HV,1,0,1,1
mathcalF,0.72,0.73,5872,0,0,0,I,HV,1,0,0,1
mathcalF,0.72,0.73,5873,0,0,0,I,HV,1,0,0,1
mathcalF,0.72,0.73,5874,0,0,0,I,HV,1,0,0,1
mathcalF,0.72,0.73,5875,0,0,0,I,HV,1,0,0,1
mathcalF,0.72,0.73,5876,0,0,0,I,HV,1,0,0,1
mathcalF,0.72,0.73,5877,0,0,0,I,HV,1,0,0,1
mathcalF,0.72,0.73,5878,0,0,0,I,HV,1,0,0,1
mathcalF,0.72,0.73,5879,0,0,0,I,HV,1,0,0,1
mathcalF,0.72,0.73,5880,0,0,0,I,HV,1,0,0,1
mathcalF,0.72,0.73,5881,0,0,0,I,HV,1,0,0,1
mathcalF,0.72,0.73,5882,1,-1,2,H+1 V-1,HV,0,1,-1,1
mathcalF,0.72,0.73,5883,1,-1,2,H+1 V-1,HV,0,1,-1,1
mathcalF,0.72,0.73,5884,1,0,1,H+1,HV,1,1,0,1
mathcalF,0.72,0.73,5885,1,0,1,H+1,HV,1,1,0,1
mathcalF,0.72,0.73,5886,-1,0,1,H-1,HV,1,-1,0,1
mathcalF,0.72,0.73,5887,-1,0,1,H-1,HV,1,-1,0,1
mathcalF,0.72,0.73,5888,1,0,1,H+1,HV,1,1,0,1
mathcalF,0.72,0.73,5889,1,0,1,H+1,HV,1,1,0,1
mathcalF,0.72,0.73,5890,1,0,1,H+1,HV,1,1,0,1
mathcalF,0.72,0.73,5891,1,0,1,H+1,HV,1,1,0,1
mathcalF,0.72,0.73,5892,-1,0,1,H-1,HV,1,-1,0,1
mathcalF,0.72,0.73,5893,-1,0,1,H-1,HV,1,-1,0,1
mathcalF,0.72,0.73,5894,1,0,1,H+1,HV,1,1,0,1
mathcalF,0.72,0.73,5895,1,0,1,H+1,HV,1,1,0,1
mathcalF,0.72,0.73,5896,1,0,1,H+1,HV,1,1,0,1
mathcalF,0.72,0.73,5897,1,0,1,H+1,HV,1,1,0,1
mathcalF,0.72,0.73,5898,0,0,0,I,HV,1,0,0,1
mathcalF,0.72,0.73,5899,0,0,0,I,HV,1,0,0,1
mathcalF,0.72,0.73,5900,0,0,0,I,HV,1,0,0,1
mathcalF,0.72,0.73,5901,-2,0,2,H-1 H-1,HV,1,-2,0,1
mathcalF,0.72,0.73,5902,0,0,0,I,HV,1,0,0,1
mathcalF,0.72,0.73,5903,-1,0,1,H-1,HV,1,-1,0,1
mathcalF,0.72,0.73,5904,0,-2,2,V-1 V-1,HV,1,0,-2,1
mathcalF,0.72,0.73,5905,-1,-1,2,H-1 V-1,HV,2,-1,-1,1
mathcalF,0.72,0.73,5906,2,0,2,H+1 H+1,HV,1,2,0,1
mathcalF,0.72,0.73,5907,0,-2,2,V-1 V-1,HV,1,0,-2,1
mathcalF,0.72,0.73,5908,-2,-1,3,H-1 V-1 H-1,longer_word,2,-3,-1,2
mathcalF,0.72,0.73,5909,-2,-1,3,H-1 V-1 H-1,longer_word,2,-3,-1,2
mathcalF,0.72,0.73,5910,-1,0,1,H-1,HV,1,-1,0,1
mathcalF,0.72,0.73,5911,-1,0,1,H-1,HV,1,-1,0,1
mathcalF,0.72,0.73,5912,-1,1,2,H-1 V+1,HV,0,-1,1,1
mathcalF,0.72,0.73,5913,-1,1,2,H-1 V+1,HV,0,-1,1,1
mathcalF,0.72,0.73,5914,1,-1,2,H+1 V-1,HV,0,1,-1,1
mathcalF,0.72,0.73,5915,1,-1,2,H+1 V-1,HV,0,1,-1,1
mathcalF,0.72,0.73,5916,1,0,1,H+1,HV,1,1,0,1
mathcalF,0.72,0.73,5917,1,0,1,H+1,HV,1,1,0,1
mathcalF,0.72,0.73,5918,-1,0,1,H-1,HV,1,-1,0,1
mathcalF,0.72,0.73,5919,-1,0,1,H-1,HV,1,-1,0,1
mathcalF,0.72,0.73,5920,1,0,1,H+1,HV,1,1,0,1
mathcalF,0.72,0.73,5921,2,0,2,H+1 H+1,HV,1,2,0,1
mathcalF,0.72,0.73,5922,3,0,3,H+1 H+1 H+1,HV,1,3,0,1
mathcalF,0.72,0.73,5923,-1,0,1,H-1,HV,1,-1,0,1
mathcalF,0.72,0.73,5924,1,0,1,H+1,HV,1,1,0,1
mathcalF,0.72,0.73,5925,1,0,1,H+1,HV,1,1,0,1
mathcalF,0.72,0.73,5926,1,0,1,H+1,HV,1,1,0,1
mathcalF,0.72,0.73,5927,1,0,1,H+1,HV,1,1,0,1
mathcalF,0.72,0.73,5928,1,0,1,H+1,HV,1,1,0,1
mathcalF,0.72,0.73,5929,1,0,1,H+1,HV,1,1,0,1
mathcalF,0.72,0.73,5930,1,0,1,H+1,HV,1,1,0,1
mathcalF,0.72,0.73,5931,1,0,1,H+1,HV,1,1,0,1
mathcalF,0.72,0.73,5932,1,0,1,H+1,HV,1,1,0,1
mathcalF,0.72,0.73,5933,1,0,1,H+1,HV,1,1,0,1
mathcalF,0.72,0.73,5934,-1,0,1,H-1,HV,1,-1,0,1
mathcalF,0.72,0.73,5935,-1,0,1,H-1,HV,1,-1,0,1
mathcalF,0.72,0.73,5936,0,1,1,V+1,HV,1,0,1,1
mathcalF,0.72,0.73,5937,1,0,1,H+1,HV,1,1,0,1
mathcalF,0.72,0.73,5938,0,0,0,I,HV,1,0,0,1
mathcalF,0.72,0.73,5939,0,0,0,I,HV,1,0,0,1
mathcalF,0.72,0.73,5940,1,0,1,H+1,HV,1,1,0,1
mathcalF,0.72,0.73,5941,0,1,1,V+1,HV,1,0,1,1
mathcalF,0.72,0.73,5942,1,0,1,H+1,HV,1,1,0,1
mathcalF,0.72,0.73,5943,1,0,1,H+1,HV,1,1,0,1
mathcalF,0.72,0.73,5944,1,0,1,H+1,HV,1,1,0,1
mathcalF,0.72,0.73,5945,1,0,1,H+1,HV,1,1,0,1
mathcalF,0.72,0.73,5946,-1,0,1,H-1,HV,1,-1,0,1
mathcalF,0.72,0.73,5947,-1,0,1,H-1,HV,1,-1,0,1
mathcalF,0.72,0.73,5948,1,0,1,H+1,HV,1,1,0,1
mathcalF,0.72,0.73,5949,1,0,1,H+1,HV,1,1,0,1
mathcalF,0.72,0.73,5950,-1,0,1,H-1,HV,1,-1,0,1
mathcalF,0.72,0.73,5951,-1,0,1,H-1,HV,1,-1,0,1
mathcalF,0.72,0.73,5952,1,0,1,H+1,HV,1,1,0,1
mathcalF,0.72,0.73,5953,1,0,1,H+1,HV,1,1,0,1
mathcalF,0.72,0.73,5954,0,0,0,I,HV,1,0,0,1
mathcalF,0.72,0.73,5955,0,0,0,I,HV,1,0,0,1
mathcalF,0.72,0.73,5956,0,0,0,I,HV,1,0,0,1
mathcalF,0.72,0.73,5957,0,0,0,I,HV,1,0,0,1
mathcalF,0.72,0.73,5958,0,0,0,I,HV,1,0,0,1
mathcalF,0.72,0.73,5959,0,0,0,I,HV,1,0,0,1
mathcalF,0.72,0.73,5960,0,0,0,I,HV,1,0,0,1
mathcalF,0.72,0.73,5961,0,0,0,I,HV,1,0,0,1
mathcalF,0.72,0.73,5962,0,0,0,I,HV,1,0,0,1
mathcalF,0.72,0.73,5963,0,0,0,I,HV,1,0,0,1
mathcalF,0.72,0.73,5964,0,0,0,I,HV,1,0,0,1
mathcalF,0.72,0.73,5965,0,0,0,I,HV,1,0,0,1
mathcalF,0.72,0.73,5966,0,0,0,I,HV,1,0,0,1
mathcalF,0.72,0.73,5967,0,0,0,I,HV,1,0,0,1
mathcalF,0.72,0.73,5968,0,0,0,I,HV,1,0,0,1
mathcalF,0.72,0.73,5969,0,0,0,I,HV,1,0,0,1
mathcalF,0.72,0.73,5970,0,0,0,I,HV,1,0,0,1
mathcalF,0.72,0.73,5971,0,0,0,I,HV,1,0,0,1
mathcalF,0.72,0.73,5972,0,0,0,I,HV,1,0,0,1
mathcalF,0.72,0.73,5973,0,0,0,I,HV,1,0,0,1
mathcalF,0.72,0.73,5974,0,0,0,I,HV,1,0,0,1
mathcalF,0.72,0.73,5975,0,0,0,I,HV,1,0,0,1
mathcalF,0.72,0.73,5976,0,0,0,I,HV,1,0,0,1
mathcalF,0.72,0.73,5977,0,0,0,I,HV,1,0,0,1
mathcalF,0.72,0.73,5978,0,0,0,I,HV,1,0,0,1
mathcalF,0.72,0.73,5979,0,0,0,I,HV,1,0,0,1
mathcalF,0.72,0.73,5980,0,0,0,I,HV,1,0,0,1
mathcalF,0.72,0.73,5981,0,0,0,I,HV,1,0,0,1
mathcalF,0.72,0.73,5982,0,0,0,I,HV,1,0,0,1
mathcalF,0.72,0.73,5983,0,0,0,I,HV,1,0,0,1
mathcalF,0.72,0.73,5984,0,0,0,I,HV,1,0,0,1
mathcalF,0.72,0.73,5985,0,0,0,I,HV,1,0,0,1
mathcalF,0.72,0.73,5986,0,0,0,I,HV,1,0,0,1
mathcalF,0.72,0.73,5987,0,0,0,I,HV,1,0,0,1
mathcalF,0.72,0.73,5988,0,0,0,I,HV,1,0,0,1
mathcalF,0.72,0.73,5989,0,0,0,I,HV,1,0,0,1
mathcalF,0.72,0.73,5990,0,0,0,I,HV,1,0,0,1
mathcalF,0.72,0.73,5991,0,0,0,I,HV,1,0,0,1
mathcalF,0.72,0.73,5992,0,0,0,I,HV,1,0,0,1
mathcalF,0.72,0.73,5993,0,0,0,I,HV,1,0,0,1
mathcalF,0.72,0.73,5994,0,0,0,I,HV,1,0,0,1
mathcalF,0.72,0.73,5995,0,0,0,I,HV,1,0,0,1
mathcalF,0.72,0.73,5996,0,0,0,I,HV,1,0,0,1
mathcalF,0.72,0.73,5997,0,0,0,I,HV,1,0,0,1
mathcalF,0.72,0.73,5998,0,0,0,I,HV,1,0,0,1
mathcalF,0.72,0.73,5999,0,0,0,I,HV,1,0,0,1
mathcalF,0.72,0.73,6000,0,1,1,V+1,HV,1,0,1,1
mathcalF,0.72,0.73,6001,0,1,1,V+1,HV,1,0,1,1
mathcalF,0.72,0.73,6002,0,0,0,I,HV,1,0,0,1
mathcalF,0.72,0.73,6003,0,0,0,I,HV,1,0,0,1
mathcalF,0.72,0.73,6004,0,0,0,I,HV,1,0,0,1
mathcalF,0.72,0.73,6005,0,0,0,I,HV,1,0,0,1
mathcalF,0.72,0.73,6006,0,0,0,I,HV,1,0,0,1
mathcalF,0.72,0.73,6007,0,0,0,I,HV,1,0,0,1
mathcalF,0.72,0.73,6008,0,0,0,I,HV,1,0,0,1
mathcalF,0.72,0.73,6009,0,1,1,V+1,HV,1,0,1,1
mathcalF,0.72,0.73,6010,0,0,0,I,HV,1,0,0,1
mathcalF,0.72,0.73,6011,0,0,0,I,HV,1,0,0,1
mathcalF,0.72,0.73,6012,0,0,0,I,HV,1,0,0,1
mathcalF,0.72,0.73,6013,0,0,0,I,HV,1,0,0,1
mathcalF,0.72,0.73,6014,0,0,0,I,HV,1,0,0,1
mathcalF,0.72,0.73,6015,0,0,0,I,HV,1,0,0,1
mathcalF,0.72,0.73,6016,0,0,0,I,HV,1,0,0,1
mathcalF,0.72,0.73,6017,0,0,0,I,HV,1,0,0,1
mathcalF,0.72,0.73,6018,0,0,0,I,HV,1,0,0,1
mathcalF,0.72,0.73,6019,0,0,0,I,HV,1,0,0,1
mathcalF,0.72,0.73,6020,0,0,0,I,HV,1,0,0,1
mathcalF,0.72,0.73,6021,0,0,0,I,HV,1,0,0,1
mathcalF,0.72,0.73,6022,1,-1,2,H+1 V-1,HV,0,1,-1,1
mathcalF,0.72,0.73,6023,1,-1,2,H+1 V-1,HV,0,1,-1,1
mathcalF,0.72,0.73,6024,1,0,1,H+1,HV,1,1,0,1
mathcalF,0.72,0.73,6025,1,0,1,H+1,HV,1,1,0,1
mathcalF,0.72,0.73,6026,-1,0,1,H-1,HV,1,-1,0,1
mathcalF,0.72,0.73,6027,-1,0,1,H-1,HV,1,-1,0,1
mathcalF,0.72,0.73,6028,1,0,1,H+1,HV,1,1,0,1
mathcalF,0.72,0.73,6029,1,0,1,H+1,HV,1,1,0,1
mathcalF,0.72,0.73,6030,1,0,1,H+1,HV,1,1,0,1
mathcalF,0.72,0.73,6031,1,0,1,H+1,HV,1,1,0,1
mathcalF,0.72,0.73,6032,-1,0,1,H-1,HV,1,-1,0,1
mathcalF,0.72,0.73,6033,-1,0,1,H-1,HV,1,-1,0,1
mathcalF,0.72,0.73,6034,1,0,1,H+1,HV,1,1,0,1
mathcalF,0.72,0.73,6035,1,0,1,H+1,HV,1,1,0,1
mathcalF,0.72,0.73,6036,1,0,1,H+1,HV,1,1,0,1
mathcalF,0.72,0.73,6037,1,0,1,H+1,HV,1,1,0,1
mathcalF,0.72,0.73,6038,0,0,0,I,HV,1,0,0,1
mathcalF,0.72,0.73,6039,0,0,0,I,HV,1,0,0,1
mathcalF,0.72,0.73,6040,0,0,0,I,HV,1,0,0,1
mathcalF,0.72,0.73,6041,0,0,0,I,HV,1,0,0,1
mathcalF,0.72,0.73,6042,-1,-1,2,V-1 H-1,VH,1,-1,-1,2
mathcalF,0.72,0.73,6043,-2,0,2,H-1 H-1,HV,1,-2,0,1
mathcalF,0.72,0.73,6044,-1,0,1,H-1,HV,1,-1,0,1
mathcalF,0.72,0.73,6045,0,-1,1,V-1,HV,1,0,-1,1
mathcalF,0.72,0.73,6046,-1,-1,2,H-1 V-1,HV,2,-1,-1,1
mathcalF,0.72,0.73,6047,-1,-2,3,H-1 V-1 V-1,HV,3,-1,-2,1
mathcalF,0.72,0.73,6048,-2,-1,3,H-1 V-1 H-1,longer_word,2,-3,-1,2
mathcalF,0.72,0.73,6049,-1,2,3,V+1 V+1 H-1,VH,1,-1,2,-1
mathcalF,0.72,0.73,6050,0,0,0,I,HV,1,0,0,1
mathcalF,0.72,0.73,6051,1,1,2,V+1 H+1,VH,1,1,1,2
mathcalF,0.72,0.73,6052,-1,1,2,H-1 V+1,HV,0,-1,1,1
mathcalF,0.72,0.73,6053,0,0,0,I,HV,1,0,0,1
mathcalF,0.72,0.73,6054,2,0,2,H+1 H+1,HV,1,2,0,1
mathcalF,0.72,0.73,6055,1,-1,2,H+1 V-1,HV,0,1,-1,1
mathcalF,0.72,0.73,6056,0,0,0,I,HV,1,0,0,1
mathcalF,0.72,0.73,6057,2,0,2,H+1 H+1,HV,1,2,0,1
mathcalF,0.72,0.73,6058,0,0,0,I,HV,1,0,0,1
mathcalF,0.72,0.73,6059,2,0,2,H+1 H+1,HV,1,2,0,1
mathcalF,0.72,0.73,6060,2,0,2,H+1 H+1,HV,1,2,0,1
mathcalF,0.72,0.73,6061,1,0,1,H+1,HV,1,1,0,1
mathcalF,0.72,0.73,6062,-1,0,1,H-1,HV,1,-1,0,1
mathcalF,0.72,0.73,6063,-1,0,1,H-1,HV,1,-1,0,1
mathcalF,0.72,0.73,6064,1,0,1,H+1,HV,1,1,0,1
mathcalF,0.72,0.73,6065,1,0,1,H+1,HV,1,1,0,1
mathcalF,0.72,0.73,6066,1,0,1,H+1,HV,1,1,0,1
mathcalF,0.72,0.73,6067,1,0,1,H+1,HV,1,1,0,1
mathcalF,0.72,0.73,6068,1,0,1,H+1,HV,1,1,0,1
mathcalF,0.72,0.73,6069,1,0,1,H+1,HV,1,1,0,1
mathcalF,0.72,0.73,6070,1,0,1,H+1,HV,1,1,0,1
mathcalF,0.72,0.73,6071,1,0,1,H+1,HV,1,1,0,1
mathcalF,0.72,0.73,6072,1,0,1,H+1,HV,1,1,0,1
mathcalF,0.72,0.73,6073,1,0,1,H+1,HV,1,1,0,1
mathcalF,0.72,0.73,6074,-1,0,1,H-1,HV,1,-1,0,1
mathcalF,0.72,0.73,6075,-1,0,1,H-1,HV,1,-1,0,1
mathcalF,0.72,0.73,6076,1,0,1,H+1,HV,1,1,0,1
mathcalF,0.72,0.73,6077,1,0,1,H+1,HV,1,1,0,1
mathcalF,0.72,0.73,6078,-1,0,1,H-1,HV,1,-1,0,1
mathcalF,0.72,0.73,6079,-1,0,1,H-1,HV,1,-1,0,1
mathcalF,0.72,0.73,6080,1,0,1,H+1,HV,1,1,0,1
mathcalF,0.72,0.73,6081,1,0,1,H+1,HV,1,1,0,1
mathcalF,0.72,0.73,6082,1,0,1,H+1,HV,1,1,0,1
mathcalF,0.72,0.73,6083,1,0,1,H+1,HV,1,1,0,1
mathcalF,0.72,0.73,6084,1,0,1,H+1,HV,1,1,0,1
mathcalF,0.72,0.73,6085,1,0,1,H+1,HV,1,1,0,1
mathcalF,0.72,0.73,6086,-1,0,1,H-1,HV,1,-1,0,1
mathcalF,0.72,0.73,6087,-1,0,1,H-1,HV,1,-1,0,1
mathcalF,0.72,0.73,6088,1,0,1,H+1,HV,1,1,0,1
mathcalF,0.72,0.73,6089,1,0,1,H+1,HV,1,1,0,1
mathcalF,0.72,0.73,6090,-1,0,1,H-1,HV,1,-1,0,1
mathcalF,0.72,0.73,6091,-1,0,1,H-1,HV,1,-1,0,1
mathcalF,0.72,0.73,6092,0,0,0,I,HV,1,0,0,1
mathcalF,0.72,0.73,6093,0,0,0,I,HV,1,0,0,1
mathcalF,0.72,0.73,6094,0,0,0,I,HV,1,0,0,1
mathcalF,0.72,0.73,6095,0,0,0,I,HV,1,0,0,1
mathcalF,0.72,0.73,6096,0,0,0,I,HV,1,0,0,1
mathcalF,0.72,0.73,6097,0,0,0,I,HV,1,0,0,1
mathcalF,0.72,0.73,6098,0,0,0,I,HV,1,0,0,1
mathcalF,0.72,0.73,6099,0,0,0,I,HV,1,0,0,1
mathcalF,0.72,0.73,6100,0,0,0,I,HV,1,0,0,1
mathcalF,0.72,0.73,6101,0,0,0,I,HV,1,0,0,1
mathcalF,0.72,0.73,6102,0,0,0,I,HV,1,0,0,1
mathcalF,0.72,0.73,6103,0,0,0,I,HV,1,0,0,1
mathcalF,0.72,0.73,6104,0,0,0,I,HV,1,0,0,1
mathcalF,0.72,0.73,6105,0,0,0,I,HV,1,0,0,1
mathcalF,0.72,0.73,6106,0,0,0,I,HV,1,0,0,1
mathcalF,0.72,0.73,6107,0,0,0,I,HV,1,0,0,1
mathcalF,0.72,0.73,6108,0,0,0,I,HV,1,0,0,1
mathcalF,0.72,0.73,6109,0,0,0,I,HV,1,0,0,1
mathcalF,0.72,0.73,6110,0,0,0,I,HV,1,0,0,1
mathcalF,0.72,0.73,6111,0,0,0,I,HV,1,0,0,1
mathcalF,0.72,0.73,6112,0,0,0,I,HV,1,0,0,1
mathcalF,0.72,0.73,6113,0,0,0,I,HV,1,0,0,1
mathcalF,0.72,0.73,6114,0,0,0,I,HV,1,0,0,1
mathcalF,0.72,0.73,6115,0,0,0,I,HV,1,0,0,1
mathcalF,0.72,0.73,6116,0,0,0,I,HV,1,0,0,1
mathcalF,0.72,0.73,6117,0,0,0,I,HV,1,0,0,1
mathcalF,0.72,0.73,6118,0,0,0,I,HV,1,0,0,1
mathcalF,0.72,0.73,6119,0,0,0,I,HV,1,0,0,1
mathcalF,0.72,0.73,6120,0,0,0,I,HV,1,0,0,1
mathcalF,0.72,0.73,6121,0,0,0,I,HV,1,0,0,1
mathcalF,0.72,0.73,6122,0,0,0,I,HV,1,0,0,1
mathcalF,0.72,0.73,6123,0,0,0,I,HV,1,0,0,1
mathcalF,0.72,0.73,6124,0,0,0,I,HV,1,0,0,1
mathcalF,0.72,0.73,6125,0,0,0,I,HV,1,0,0,1
mathcalF,0.72,0.73,6126,0,0,0,I,HV,1,0,0,1
mathcalF,0.72,0.73,6127,0,0,0,I,HV,1,0,0,1
mathcalF,0.72,0.73,6128,0,0,0,I,HV,1,0,0,1
mathcalF,0.72,0.73,6129,-1,1,2,V+1 H-1,VH,1,-1,1,0
mathcalF,0.72,0.73,6130,0,0,0,I,HV,1,0,0,1
mathcalF,0.72,0.73,6131,0,0,0,I,HV,1,0,0,1
mathcalF,0.72,0.73,6132,0,0,0,I,HV,1,0,0,1
mathcalF,0.72,0.73,6133,0,0,0,I,HV,1,0,0,1
mathcalF,0.72,0.73,6134,0,0,0,I,HV,1,0,0,1
mathcalF,0.72,0.73,6135,0,0,0,I,HV,1,0,0,1
mathcalF,0.72,0.73,6136,0,0,0,I,HV,1,0,0,1
mathcalF,0.72,0.73,6137,0,0,0,I,HV,1,0,0,1
mathcalF,0.72,0.73,6138,0,0,0,I,HV,1,0,0,1
mathcalF,0.72,0.73,6139,0,0,0,I,HV,1,0,0,1
mathcalF,0.72,0.73,6140,0,0,0,I,HV,1,0,0,1
mathcalF,0.72,0.73,6141,0,1,1,V+1,HV,1,0,1,1
mathcalF,0.72,0.73,6142,0,0,0,I,HV,1,0,0,1
mathcalF,0.72,0.73,6143,0,0,0,I,HV,1,0,0,1
mathcalF,0.72,0.73,6144,0,0,0,I,HV,1,0,0,1
mathcalF,0.72,0.73,6145,0,0,0,I,HV,1,0,0,1
mathcalF,0.72,0.73,6146,0,0,0,I,HV,1,0,0,1
mathcalF,0.72,0.73,6147,0,0,0,I,HV,1,0,0,1
mathcalF,0.72,0.73,6148,0,1,1,V+1,HV,1,0,1,1
mathcalF,0.72,0.73,6149,0,0,0,I,HV,1,0,0,1
mathcalF,0.72,0.73,6150,0,0,0,I,HV,1,0,0,1
mathcalF,0.72,0.73,6151,0,0,0,I,HV,1,0,0,1
mathcalF,0.72,0.73,6152,0,0,0,I,HV,1,0,0,1
mathcalF,0.72,0.73,6153,0,0,0,I,HV,1,0,0,1
mathcalF,0.72,0.73,6154,0,0,0,I,HV,1,0,0,1
mathcalF,0.72,0.73,6155,0,0,0,I,HV,1,0,0,1
mathcalF,0.72,0.73,6156,0,0,0,I,HV,1,0,0,1
mathcalF,0.72,0.73,6157,0,0,0,I,HV,1,0,0,1
mathcalF,0.72,0.73,6158,0,0,0,I,HV,1,0,0,1
mathcalF,0.72,0.73,6159,0,0,0,I,HV,1,0,0,1
mathcalF,0.72,0.73,6160,0,0,0,I,HV,1,0,0,1
mathcalF,0.72,0.73,6161,1,0,1,H+1,HV,1,1,0,1
mathcalF,0.72,0.73,6162,1,-1,2,H+1 V-1,HV,0,1,-1,1
mathcalF,0.72,0.73,6163,1,-1,2,H+1 V-1,HV,0,1,-1,1
mathcalF,0.72,0.73,6164,1,0,1,H+1,HV,1,1,0,1
mathcalF,0.72,0.73,6165,1,0,1,H+1,HV,1,1,0,1
mathcalF,0.72,0.73,6166,-1,0,1,H-1,HV,1,-1,0,1
mathcalF,0.72,0.73,6167,-1,0,1,H-1,HV,1,-1,0,1
mathcalF,0.72,0.73,6168,1,0,1,H+1,HV,1,1,0,1
mathcalF,0.72,0.73,6169,1,0,1,H+1,HV,1,1,0,1
mathcalF,0.72,0.73,6170,1,0,1,H+1,HV,1,1,0,1
mathcalF,0.72,0.73,6171,1,0,1,H+1,HV,1,1,0,1
mathcalF,0.72,0.73,6172,-1,0,1,H-1,HV,1,-1,0,1
mathcalF,0.72,0.73,6173,-1,0,1,H-1,HV,1,-1,0,1
mathcalF,0.72,0.73,6174,0,1,1,V+1,HV,1,0,1,1
mathcalF,0.72,0.73,6175,1,0,1,H+1,HV,1,1,0,1
mathcalF,0.72,0.73,6176,1,0,1,H+1,HV,1,1,0,1
mathcalF,0.72,0.73,6177,1,0,1,H+1,HV,1,1,0,1
mathcalF,0.72,0.73,6178,1,-1,2,H+1 V-1,HV,0,1,-1,1
mathcalF,0.72,0.73,6179,0,0,0,I,HV,1,0,0,1
mathcalF,0.72,0.73,6180,-1,1,2,V+1 H-1,VH,1,-1,1,0
mathcalF,0.72,0.73,6181,0,1,1,V+1,HV,1,0,1,1
mathcalF,0.72,0.73,6182,-2,0,2,H-1 H-1,HV,1,-2,0,1
mathcalF,0.72,0.73,6183,-2,-1,3,V-1 H-1 H-1,VH,1,-2,-1,3
mathcalF,0.72,0.73,6184,0,0,0,I,HV,1,0,0,1
mathcalF,0.72,0.73,6185,-3,-1,4,H-1 H-1 H-1 V-1,HV,4,-3,-1,1
mathcalF,0.72,0.73,6186,1,1,2,H+1 V+1,HV,2,1,1,1
mathcalF,0.72,0.73,6187,-1,-1,2,H-1 V-1,HV,2,-1,-1,1
mathcalF,0.72,0.73,6188,-1,0,1,H-1,HV,1,-1,0,1
mathcalF,0.72,0.73,6189,0,-1,3,H+1 V-1 H-1,longer_word,0,1,-1,2
mathcalF,0.72,0.73,6190,1,0,1,H+1,HV,1,1,0,1
mathcalF,0.72,0.73,6191,0,-1,1,V-1,HV,1,0,-1,1
mathcalF,0.72,0.73,6192,0,0,0,I,HV,1,0,0,1
mathcalF,0.72,0.73,6193,1,0,1,H+1,HV,1,1,0,1
mathcalF,0.72,0.73,6194,0,0,0,I,HV,1,0,0,1
mathcalF,0.72,0.73,6195,-1,0,1,H-1,HV,1,-1,0,1
mathcalF,0.72,0.73,6196,-1,0,1,H-1,HV,1,-1,0,1
mathcalF,0.72,0.73,6197,1,1,2,V+1 H+1,VH,1,1,1,2
mathcalF,0.72,0.73,6198,1,0,1,H+1,HV,1,1,0,1
mathcalF,0.72,0.73,6199,0,1,1,V+1,HV,1,0,1,1
mathcalF,0.72,0.73,6200,4,1,7,H+1 H+1 H+1 H+1 H+1 V+1 H-1,longer_word,6,-1,1,0
mathcalF,0.72,0.73,6201,-1,0,1,H-1,HV,1,-1,0,1
mathcalF,0.72,0.73,6202,-1,0,1,H-1,HV,1,-1,0,1
mathcalF,0.72,0.73,6203,1,0,1,H+1,HV,1,1,0,1
mathcalF,0.72,0.73,6204,1,0,1,H+1,HV,1,1,0,1
mathcalF,0.72,0.73,6205,1,0,1,H+1,HV,1,1,0,1
mathcalF,0.72,0.73,6206,1,0,1,H+1,HV,1,1,0,1
mathcalF,0.72,0.73,6207,1,0,1,H+1,HV,1,1,0,1
mathcalF,0.72,0.73,6208,1,0,1,H+1,HV,1,1,0,1
mathcalF,0.72,0.73,6209,1,0,1,H+1,HV,1,1,0,1
mathcalF,0.72,0.73,6210,1,0,1,H+1,HV,1,1,0,1
mathcalF,0.72,0.73,6211,1,0,1,H+1,HV,1,1,0,1
mathcalF,0.72,0.73,6212,0,1,1,V+1,HV,1,0,1,1
mathcalF,0.72,0.73,6213,0,0,0,I,HV,1,0,0,1
mathcalF,0.72,0.73,6214,0,0,0,I,HV,1,0,0,1
mathcalF,0.72,0.73,6215,0,1,1,V+1,HV,1,0,1,1
mathcalF,0.72,0.73,6216,1,0,1,H+1,HV,1,1,0,1
mathcalF,0.72,0.73,6217,-1,0,1,H-1,HV,1,-1,0,1
mathcalF,0.72,0.73,6218,-1,0,1,H-1,HV,1,-1,0,1
mathcalF,0.72,0.73,6219,1,0,1,H+1,HV,1,1,0,1
mathcalF,0.72,0.73,6220,1,0,1,H+1,HV,1,1,0,1
mathcalF,0.72,0.73,6221,1,0,1,H+1,HV,1,1,0,1
mathcalF,0.72,0.73,6222,1,0,1,H+1,HV,1,1,0,1
mathcalF,0.72,0.73,6223,1,0,1,H+1,HV,1,1,0,1
mathcalF,0.72,0.73,6224,1,0,1,H+1,HV,1,1,0,1
mathcalF,0.72,0.73,6225,-1,0,1,H-1,HV,1,-1,0,1
mathcalF,0.72,0.73,6226,-1,0,1,H-1,HV,1,-1,0,1
mathcalF,0.72,0.73,6227,0,0,0,I,HV,1,0,0,1
mathcalF,0.72,0.73,6228,1,0,1,H+1,HV,1,1,0,1
mathcalF,0.72,0.73,6229,0,0,0,I,HV,1,0,0,1
mathcalF,0.72,0.73,6230,0,0,0,I,HV,1,0,0,1
mathcalF,0.72,0.73,6231,0,0,0,I,HV,1,0,0,1
mathcalF,0.72,0.73,6232,0,0,0,I,HV,1,0,0,1
mathcalF,0.72,0.73,6233,0,0,0,I,HV,1,0,0,1
mathcalF,0.72,0.73,6234,0,0,0,I,HV,1,0,0,1
mathcalF,0.72,0.73,6235,0,0,0,I,HV,1,0,0,1
mathcalF,0.72,0.73,6236,0,0,0,I,HV,1,0,0,1
mathcalF,0.72,0.73,6237,0,0,0,I,HV,1,0,0,1
mathcalF,0.72,0.73,6238,0,0,0,I,HV,1,0,0,1
mathcalF,0.72,0.73,6239,0,0,0,I,HV,1,0,0,1
mathcalF,0.72,0.73,6240,0,0,0,I,HV,1,0,0,1
mathcalF,0.72,0.73,6241,0,0,0,I,HV,1,0,0,1
mathcalF,0.72,0.73,6242,0,0,0,I,HV,1,0,0,1
mathcalF,0.72,0.73,6243,0,0,0,I,HV,1,0,0,1
mathcalF,0.72,0.73,6244,0,0,0,I,HV,1,0,0,1
mathcalF,0.72,0.73,6245,0,0,0,I,HV,1,0,0,1
mathcalF,0.72,0.73,6246,0,0,0,I,HV,1,0,0,1
mathcalF,0.72,0.73,6247,0,0,0,I,HV,1,0,0,1
mathcalF,0.72,0.73,6248,0,0,0,I,HV,1,0,0,1
mathcalF,0.72,0.73,6249,0,0,0,I,HV,1,0,0,1
mathcalF,0.72,0.73,6250,0,0,0,I,HV,1,0,0,1
mathcalF,0.72,0.73,6251,0,0,0,I,HV,1,0,0,1
mathcalF,0.72,0.73,6252,0,0,0,I,HV,1,0,0,1
mathcalF,0.72,0.73,6253,0,0,0,I,HV,1,0,0,1
mathcalF,0.72,0.73,6254,0,0,0,I,HV,1,0,0,1
mathcalF,0.72,0.73,6255,0,0,0,I,HV,1,0,0,1
mathcalF,0.72,0.73,6256,0,0,0,I,HV,1,0,0,1
mathcalF,0.72,0.73,6257,0,0,0,I,HV,1,0,0,1
mathcalF,0.72,0.73,6258,0,0,0,I,HV,1,0,0,1
mathcalF,0.72,0.73,6259,0,0,0,I,HV,1,0,0,1
mathcalF,0.72,0.73,6260,0,0,0,I,HV,1,0,0,1
mathcalF,0.72,0.73,6261,0,0,0,I,HV,1,0,0,1
mathcalF,0.72,0.73,6262,0,0,0,I,HV,1,0,0,1
mathcalF,0.72,0.73,6263,0,0,0,I,HV,1,0,0,1
mathcalF,0.72,0.73,6264,0,0,0,I,HV,1,0,0,1
mathcalF,0.72,0.73,6265,0,0,0,I,HV,1,0,0,1
mathcalF,0.72,0.73,6266,0,0,0,I,HV,1,0,0,1
mathcalF,0.72,0.73,6267,0,0,0,I,HV,1,0,0,1
mathcalF,0.72,0.73,6268,0,0,0,I,HV,1,0,0,1
mathcalF,0.72,0.73,6269,0,0,0,I,HV,1,0,0,1
mathcalF,0.72,0.73,6270,0,0,0,I,HV,1,0,0,1
mathcalF,0.72,0.73,6271,0,0,0,I,HV,1,0,0,1
mathcalF,0.72,0.73,6272,0,0,0,I,HV,1,0,0,1
mathcalF,0.72,0.73,6273,0,0,0,I,HV,1,0,0,1
mathcalF,0.72,0.73,6274,1,0,1,H+1,HV,1,1,0,1
mathcalF,0.72,0.73,6275,-1,1,2,V+1 H-1,VH,1,-1,1,0
mathcalF,0.72,0.73,6276,0,0,0,I,HV,1,0,0,1
mathcalF,0.72,0.73,6277,0,0,0,I,HV,1,0,0,1
mathcalF,0.72,0.73,6278,0,1,1,V+1,HV,1,0,1,1
mathcalF,0.72,0.73,6279,0,1,1,V+1,HV,1,0,1,1
mathcalF,0.72,0.73,6280,0,0,0,I,HV,1,0,0,1
mathcalF,0.72,0.73,6281,0,0,0,I,HV,1,0,0,1
mathcalF,0.72,0.73,6282,0,0,0,I,HV,1,0,0,1
mathcalF,0.72,0.73,6283,0,0,0,I,HV,1,0,0,1
mathcalF,0.72,0.73,6284,0,0,0,I,HV,1,0,0,1
mathcalF,0.72,0.73,6285,0,0,0,I,HV,1,0,0,1
mathcalF,0.72,0.73,6286,0,1,1,V+1,HV,1,0,1,1
mathcalF,0.72,0.73,6287,0,1,1,V+1,HV,1,0,1,1
mathcalF,0.72,0.73,6288,0,0,0,I,HV,1,0,0,1
mathcalF,0.72,0.73,6289,0,0,0,I,HV,1,0,0,1
mathcalF,0.72,0.73,6290,0,0,0,I,HV,1,0,0,1
mathcalF,0.72,0.73,6291,0,0,0,I,HV,1,0,0,1
mathcalF,0.72,0.73,6292,0,0,0,I,HV,1,0,0,1
mathcalF,0.72,0.73,6293,0,0,0,I,HV,1,0,0,1
mathcalF,0.72,0.73,6294,0,0,0,I,HV,1,0,0,1
mathcalF,0.72,0.73,6295,0,0,0,I,HV,1,0,0,1
mathcalF,0.72,0.73,6296,0,0,0,I,HV,1,0,0,1
mathcalF,0.72,0.73,6297,0,0,0,I,HV,1,0,0,1
mathcalF,0.72,0.73,6298,0,0,0,I,HV,1,0,0,1
mathcalF,0.72,0.73,6299,0,0,0,I,HV,1,0,0,1
mathcalF,0.72,0.73,6300,1,0,1,H+1,HV,1,1,0,1
mathcalF,0.72,0.73,6301,1,0,1,H+1,HV,1,1,0,1
mathcalF,0.72,0.73,6302,1,-1,2,H+1 V-1,HV,0,1,-1,1
mathcalF,0.72,0.73,6303,1,-1,2,H+1 V-1,HV,0,1,-1,1
mathcalF,0.72,0.73,6304,1,0,1,H+1,HV,1,1,0,1
mathcalF,0.72,0.73,6305,1,0,1,H+1,HV,1,1,0,1
mathcalF,0.72,0.73,6306,-1,0,1,H-1,HV,1,-1,0,1
mathcalF,0.72,0.73,6307,-1,0,1,H-1,HV,1,-1,0,1
mathcalF,0.72,0.73,6308,1,0,1,H+1,HV,1,1,0,1
mathcalF,0.72,0.73,6309,1,0,1,H+1,HV,1,1,0,1
mathcalF,0.72,0.73,6310,1,0,1,H+1,HV,1,1,0,1
mathcalF,0.72,0.73,6311,1,0,1,H+1,HV,1,1,0,1
mathcalF,0.72,0.73,6312,-1,0,1,H-1,HV,1,-1,0,1
mathcalF,0.72,0.73,6313,-1,0,1,H-1,HV,1,-1,0,1
mathcalF,0.72,0.73,6314,1,0,1,H+1,HV,1,1,0,1
mathcalF,0.72,0.73,6315,1,0,1,H+1,HV,1,1,0,1
mathcalF,0.72,0.73,6316,1,0,1,H+1,HV,1,1,0,1
mathcalF,0.72,0.73,6317,0,1,1,V+1,HV,1,0,1,1
mathcalF,0.72,0.73,6318,0,0,0,I,HV,1,0,0,1
mathcalF,0.72,0.73,6319,0,1,1,V+1,HV,1,0,1,1
mathcalF,0.72,0.73,6320,0,-1,3,H+1 V-1 H-1,longer_word,0,1,-1,2
mathcalF,0.72,0.73,6321,1,-1,2,H+1 V-1,HV,0,1,-1,1
mathcalF,0.72,0.73,6322,0,3,3,V+1 V+1 V+1,HV,1,0,3,1
mathcalF,0.72,0.73,6323,-1,0,1,H-1,HV,1,-1,0,1
mathcalF,0.72,0.73,6324,0,1,1,V+1,HV,1,0,1,1
mathcalF,0.72,0.73,6325,0,2,2,V+1 V+1,HV,1,0,2,1
mathcalF,0.72,0.73,6326,0,1,1,V+1,HV,1,0,1,1
mathcalF,0.72,0.73,6327,-1,-1,2,H-1 V-1,HV,2,-1,-1,1
mathcalF,0.72,0.73,6328,0,-1,3,H+1 V-1 H-1,longer_word,0,1,-1,2
mathcalF,0.72,0.73,6329,-1,0,1,H-1,HV,1,-1,0,1
mathcalF,0.72,0.73,6330,0,2,2,V+1 V+1,HV,1,0,2,1
mathcalF,0.72,0.73,6331,-1,0,1,H-1,HV,1,-1,0,1
mathcalF,0.72,0.73,6332,1,0,1,H+1,HV,1,1,0,1
mathcalF,0.72,0.73,6333,1,1,2,V+1 H+1,VH,1,1,1,2
mathcalF,0.72,0.73,6334,-2,0,2,H-1 H-1,HV,1,-2,0,1
mathcalF,0.72,0.73,6335,-2,0,2,H-1 H-1,HV,1,-2,0,1
mathcalF,0.72,0.73,6336,1,0,1,H+1,HV,1,1,0,1
mathcalF,0.72,0.73,6337,1,1,2,V+1 H+1,VH,1,1,1,2
mathcalF,0.72,0.73,6338,0,1,3,H+1 V+1 H-1,longer_word,2,-1,1,0
mathcalF,0.72,0.73,6339,0,1,1,V+1,HV,1,0,1,1
mathcalF,0.72,0.73,6340,-1,0,1,H-1,HV,1,-1,0,1
mathcalF,0.72,0.73,6341,-1,0,1,H-1,HV,1,-1,0,1
mathcalF,0.72,0.73,6342,1,0,1,H+1,HV,1,1,0,1
mathcalF,0.72,0.73,6343,1,0,1,H+1,HV,1,1,0,1
mathcalF,0.72,0.73,6344,1,0,1,H+1,HV,1,1,0,1
mathcalF,0.72,0.73,6345,1,0,1,H+1,HV,1,1,0,1
mathcalF,0.72,0.73,6346,1,0,1,H+1,HV,1,1,0,1
mathcalF,0.72,0.73,6347,1,0,1,H+1,HV,1,1,0,1
mathcalF,0.72,0.73,6348,0,1,1,V+1,HV,1,0,1,1
mathcalF,0.72,0.73,6349,1,0,1,H+1,HV,1,1,0,1
mathcalF,0.72,0.73,6350,1,0,1,H+1,HV,1,1,0,1
mathcalF,0.72,0.73,6351,0,1,1,V+1,HV,1,0,1,1
mathcalF,0.72,0.73,6352,-1,0,1,H-1,HV,1,-1,0,1
mathcalF,0.72,0.73,6353,-1,0,1,H-1,HV,1,-1,0,1
mathcalF,0.72,0.73,6354,1,0,1,H+1,HV,1,1,0,1
mathcalF,0.72,0.73,6355,1,0,1,H+1,HV,1,1,0,1
mathcalF,0.72,0.73,6356,-1,0,1,H-1,HV,1,-1,0,1
mathcalF,0.72,0.73,6357,-1,0,1,H-1,HV,1,-1,0,1
mathcalF,0.72,0.73,6358,1,0,1,H+1,HV,1,1,0,1
mathcalF,0.72,0.73,6359,1,0,1,H+1,HV,1,1,0,1
mathcalF,0.72,0.73,6360,1,0,1,H+1,HV,1,1,0,1
mathcalF,0.72,0.73,6361,1,0,1,H+1,HV,1,1,0,1
mathcalF,0.72,0.73,6362,1,0,1,H+1,HV,1,1,0,1
mathcalF,0.72,0.73,6363,1,0,1,H+1,HV,1,1,0,1
mathcalF,0.72,0.73,6364,0,0,0,I,HV,1,0,0,1
mathcalF,0.72,0.73,6365,0,0,0,I,HV,1,0,0,1
mathcalF,0.72,0.73,6366,0,0,0,I,HV,1,0,0,1
mathcalF,0.72,0.73,6367,0,0,0,I,HV,1,0,0,1
mathcalF,0.72,0.73,6368,0,0,0,I,HV,1,0,0,1
mathcalF,0.72,0.73,6369,0,0,0,I,HV,1,0,0,1
mathcalF,0.72,0.73,6370,0,0,0,I,HV,1,0,0,1
mathcalF,0.72,0.73,6371,0,0,0,I,HV,1,0,0,1
mathcalF,0.72,0.73,6372,0,0,0,I,HV,1,0,0,1
mathcalF,0.72,0.73,6373,0,0,0,I,HV,1,0,0,1
mathcalF,0.72,0.73,6374,0,0,0,I,HV,1,0,0,1
mathcalF,0.72,0.73,6375,0,0,0,I,HV,1,0,0,1
mathcalF,0.72,0.73,6376,0,0,0,I,HV,1,0,0,1
mathcalF,0.72,0.73,6377,0,0,0,I,HV,1,0,0,1
mathcalF,0.72,0.73,6378,0,0,0,I,HV,1,0,0,1
mathcalF,0.72,0.73,6379,0,0,0,I,HV,1,0,0,1
mathcalF,0.72,0.73,6380,0,0,0,I,HV,1,0,0,1
mathcalF,0.72,0.73,6381,0,0,0,I,HV,1,0,0,1
mathcalF,0.72,0.73,6382,0,0,0,I,HV,1,0,0,1
mathcalF,0.72,0.73,6383,0,0,0,I,HV,1,0,0,1
mathcalF,0.72,0.73,6384,0,0,0,I,HV,1,0,0,1
mathcalF,0.72,0.73,6385,0,0,0,I,HV,1,0,0,1
mathcalF,0.72,0.73,6386,0,0,0,I,HV,1,0,0,1
mathcalF,0.72,0.73,6387,0,0,0,I,HV,1,0,0,1
mathcalF,0.72,0.73,6388,0,0,0,I,HV,1,0,0,1
mathcalF,0.72,0.73,6389,0,0,0,I,HV,1,0,0,1
mathcalF,0.72,0.73,6390,0,0,0,I,HV,1,0,0,1
mathcalF,0.72,0.73,6391,0,0,0,I,HV,1,0,0,1
mathcalF,0.72,0.73,6392,0,0,0,I,HV,1,0,0,1
mathcalF,0.72,0.73,6393,0,0,0,I,HV,1,0,0,1
mathcalF,0.72,0.73,6394,0,0,0,I,HV,1,0,0,1
mathcalF,0.72,0.73,6395,0,0,0,I,HV,1,0,0,1
mathcalF,0.72,0.73,6396,0,0,0,I,HV,1,0,0,1
mathcalF,0.72,0.73,6397,0,0,0,I,HV,1,0,0,1
mathcalF,0.72,0.73,6398,0,0,0,I,HV,1,0,0,1
mathcalF,0.72,0.73,6399,0,0,0,I,HV,1,0,0,1
mathcalF,0.72,0.73,6400,0,0,0,I,HV,1,0,0,1
mathcalF,0.72,0.73,6401,0,0,0,I,HV,1,0,0,1
mathcalF,0.72,0.73,6402,0,0,0,I,HV,1,0,0,1
mathcalF,0.72,0.73,6403,0,0,0,I,HV,1,0,0,1
mathcalF,0.72,0.73,6404,0,0,0,I,HV,1,0,0,1
mathcalF,0.72,0.73,6405,0,0,0,I,HV,1,0,0,1
mathcalF,0.72,0.73,6406,0,0,0,I,HV,1,0,0,1
mathcalF,0.72,0.73,6407,0,0,0,I,HV,1,0,0,1
mathcalF,0.72,0.73,6408,0,0,0,I,HV,1,0,0,1
mathcalF,0.72,0.73,6409,1,0,1,H+1,HV,1,1,0,1
mathcalF,0.72,0.73,6410,0,0,0,I,HV,1,0,0,1
mathcalF,0.72,0.73,6411,0,0,0,I,HV,1,0,0,1
mathcalF,0.72,0.73,6412,0,0,0,I,HV,1,0,0,1
mathcalF,0.72,0.73,6413,0,0,0,I,HV,1,0,0,1
mathcalF,0.72,0.73,6414,0,0,0,I,HV,1,0,0,1
mathcalF,0.72,0.73,6415,0,0,0,I,HV,1,0,0,1
mathcalF,0.72,0.73,6416,0,1,1,V+1,HV,1,0,1,1
mathcalF,0.72,0.73,6417,0,1,1,V+1,HV,1,0,1,1
mathcalF,0.72,0.73,6418,0,0,0,I,HV,1,0,0,1
mathcalF,0.72,0.73,6419,0,0,0,I,HV,1,0,0,1
mathcalF,0.72,0.73,6420,0,0,0,I,HV,1,0,0,1
mathcalF,0.72,0.73,6421,0,0,0,I,HV,1,0,0,1
mathcalF,0.72,0.73,6422,0,0,0,I,HV,1,0,0,1
mathcalF,0.72,0.73,6423,0,0,0,I,HV,1,0,0,1
mathcalF,0.72,0.73,6424,0,0,0,I,HV,1,0,0,1
mathcalF,0.72,0.73,6425,0,0,0,I,HV,1,0,0,1
mathcalF,0.72,0.73,6426,0,1,1,V+1,HV,1,0,1,1
mathcalF,0.72,0.73,6427,0,1,1,V+1,HV,1,0,1,1
mathcalF,0.72,0.73,6428,0,0,0,I,HV,1,0,0,1
mathcalF,0.72,0.73,6429,0,0,0,I,HV,1,0,0,1
mathcalF,0.72,0.73,6430,0,0,0,I,HV,1,0,0,1
mathcalF,0.72,0.73,6431,0,0,0,I,HV,1,0,0,1
mathcalF,0.72,0.73,6432,0,0,0,I,HV,1,0,0,1
mathcalF,0.72,0.73,6433,0,0,0,I,HV,1,0,0,1
mathcalF,0.72,0.73,6434,0,0,0,I,HV,1,0,0,1
mathcalF,0.72,0.73,6435,0,0,0,I,HV,1,0,0,1
mathcalF,0.72,0.73,6436,0,0,0,I,HV,1,0,0,1
mathcalF,0.72,0.73,6437,0,0,0,I,HV,1,0,0,1
mathcalF,0.72,0.73,6438,0,0,0,I,HV,1,0,0,1
mathcalF,0.72,0.73,6439,1,-1,2,H+1 V-1,HV,0,1,-1,1
mathcalF,0.72,0.73,6440,1,0,1,H+1,HV,1,1,0,1
mathcalF,0.72,0.73,6441,1,0,1,H+1,HV,1,1,0,1
mathcalF,0.72,0.73,6442,1,-1,2,H+1 V-1,HV,0,1,-1,1
mathcalF,0.72,0.73,6443,1,-1,2,H+1 V-1,HV,0,1,-1,1
mathcalF,0.72,0.73,6444,1,0,1,H+1,HV,1,1,0,1
mathcalF,0.72,0.73,6445,1,0,1,H+1,HV,1,1,0,1
mathcalF,0.72,0.73,6446,-1,0,1,H-1,HV,1,-1,0,1
mathcalF,0.72,0.73,6447,-1,0,1,H-1,HV,1,-1,0,1
mathcalF,0.72,0.73,6448,1,0,1,H+1,HV,1,1,0,1
mathcalF,0.72,0.73,6449,1,0,1,H+1,HV,1,1,0,1
mathcalF,0.72,0.73,6450,1,0,1,H+1,HV,1,1,0,1
mathcalF,0.72,0.73,6451,1,0,1,H+1,HV,1,1,0,1
mathcalF,0.72,0.73,6452,-1,0,1,H-1,HV,1,-1,0,1
mathcalF,0.72,0.73,6453,-1,0,1,H-1,HV,1,-1,0,1
mathcalF,0.72,0.73,6454,0,1,1,V+1,HV,1,0,1,1
mathcalF,0.72,0.73,6455,1,0,1,H+1,HV,1,1,0,1
mathcalF,0.72,0.73,6456,-1,0,1,H-1,HV,1,-1,0,1
mathcalF,0.72,0.73,6457,0,-1,1,V-1,HV,1,0,-1,1
mathcalF,0.72,0.73,6458,0,0,0,I,HV,1,0,0,1
mathcalF,0.72,0.73,6459,0,1,3,H+1 V+1 H-1,longer_word,2,-1,1,0
mathcalF,0.72,0.73,6460,1,-1,2,H+1 V-1,HV,0,1,-1,1
mathcalF,0.72,0.73,6461,0,-2,4,H+1 V-1 V-1 H-1,longer_word,-1,2,-2,3
mathcalF,0.72,0.73,6462,-1,0,1,H-1,HV,1,-1,0,1
mathcalF,0.72,0.73,6463,-1,0,1,H-1,HV,1,-1,0,1
mathcalF,0.72,0.73,6464,0,1,3,H+1 V+1 H-1,longer_word,2,-1,1,0
mathcalF,0.72,0.73,6465,-1,-2,3,V-1 H-1 V-1,longer_word,2,-1,-3,2
mathcalF,0.72,0.73,6466,-2,1,3,V+1 H-1 H-1,VH,1,-2,1,-1
mathcalF,0.72,0.73,6467,0,1,3,H+1 V+1 H-1,longer_word,2,-1,1,0
mathcalF,0.72,0.73,6468,0,-1,1,V-1,HV,1,0,-1,1
mathcalF,0.72,0.73,6469,1,0,1,H+1,HV,1,1,0,1
mathcalF,0.72,0.73,6470,-1,0,1,H-1,HV,1,-1,0,1
mathcalF,0.72,0.73,6471,-1,0,1,H-1,HV,1,-1,0,1
mathcalF,0.72,0.73,6472,1,0,1,H+1,HV,1,1,0,1
mathcalF,0.72,0.73,6473,1,0,1,H+1,HV,1,1,0,1
mathcalF,0.72,0.73,6474,-1,0,1,H-1,HV,1,-1,0,1
mathcalF,0.72,0.73,6475,-1,0,1,H-1,HV,1,-1,0,1
mathcalF,0.72,0.73,6476,1,0,1,H+1,HV,1,1,0,1
mathcalF,0.72,0.73,6477,1,0,1,H+1,HV,1,1,0,1
mathcalF,0.72,0.73,6478,1,0,1,H+1,HV,1,1,0,1
mathcalF,0.72,0.73,6479,1,0,1,H+1,HV,1,1,0,1
mathcalF,0.72,0.73,6480,-1,0,1,H-1,HV,1,-1,0,1
mathcalF,0.72,0.73,6481,-1,0,1,H-1,HV,1,-1,0,1
mathcalF,0.72,0.73,6482,1,0,1,H+1,HV,1,1,0,1
mathcalF,0.72,0.73,6483,1,0,1,H+1,HV,1,1,0,1
mathcalF,0.72,0.73,6484,1,0,1,H+1,HV,1,1,0,1
mathcalF,0.72,0.73,6485,1,0,1,H+1,HV,1,1,0,1
mathcalF,0.72,0.73,6486,1,0,1,H+1,HV,1,1,0,1
mathcalF,0.72,0.73,6487,1,0,1,H+1,HV,1,1,0,1
mathcalF,0.72,0.73,6488,1,0,1,H+1,HV,1,1,0,1
mathcalF,0.72,0.73,6489,1,0,1,H+1,HV,1,1,0,1
mathcalF,0.72,0.73,6490,1,0,1,H+1,HV,1,1,0,1
mathcalF,0.72,0.73,6491,1,0,1,H+1,HV,1,1,0,1
mathcalF,0.72,0.73,6492,-1,0,1,H-1,HV,1,-1,0,1
mathcalF,0.72,0.73,6493,-1,0,1,H-1,HV,1,-1,0,1
mathcalF,0.72,0.73,6494,1,0,1,H+1,HV,1,1,0,1
mathcalF,0.72,0.73,6495,1,0,1,H+1,HV,1,1,0,1
mathcalF,0.72,0.73,6496,-1,0,1,H-1,HV,1,-1,0,1
mathcalF,0.72,0.73,6497,-1,0,1,H-1,HV,1,-1,0,1
mathcalF,0.72,0.73,6498,1,0,1,H+1,HV,1,1,0,1
mathcalF,0.72,0.73,6499,1,0,1,H+1,HV,1,1,0,1
mathcalF,0.72,0.73,6500,1,0,1,H+1,HV,1,1,0,1
mathcalF,0.72,0.73,6501,1,0,1,H+1,HV,1,1,0,1
mathcalF,0.72,0.73,6502,1,0,1,H+1,HV,1,1,0,1
mathcalF,0.72,0.73,6503,0,0,0,I,HV,1,0,0,1
mathcalF,0.72,0.73,6504,0,0,0,I,HV,1,0,0,1
mathcalF,0.72,0.73,6505,0,0,0,I,HV,1,0,0,1
mathcalF,0.72,0.73,6506,0,0,0,I,HV,1,0,0,1
mathcalF,0.72,0.73,6507,0,0,0,I,HV,1,0,0,1
mathcalF,0.72,0.73,6508,0,0,0,I,HV,1,0,0,1
mathcalF,0.72,0.73,6509,0,0,0,I,HV,1,0,0,1
mathcalF,0.72,0.73,6510,0,0,0,I,HV,1,0,0,1
mathcalF,0.72,0.73,6511,0,0,0,I,HV,1,0,0,1
mathcalF,0.72,0.73,6512,0,0,0,I,HV,1,0,0,1
mathcalF,0.72,0.73,6513,0,0,0,I,HV,1,0,0,1
mathcalF,0.72,0.73,6514,0,0,0,I,HV,1,0,0,1
mathcalF,0.72,0.73,6515,0,0,0,I,HV,1,0,0,1
mathcalF,0.72,0.73,6516,0,0,0,I,HV,1,0,0,1
mathcalF,0.72,0.73,6517,0,0,0,I,HV,1,0,0,1
mathcalF,0.72,0.73,6518,-1,1,2,V+1 H-1,VH,1,-1,1,0
mathcalF,0.72,0.73,6519,0,0,0,I,HV,1,0,0,1
mathcalF,0.72,0.73,6520,0,0,0,I,HV,1,0,0,1
mathcalF,0.72,0.73,6521,0,0,0,I,HV,1,0,0,1
mathcalF,0.72,0.73,6522,0,0,0,I,HV,1,0,0,1
mathcalF,0.72,0.73,6523,0,0,0,I,HV,1,0,0,1
mathcalF,0.72,0.73,6524,0,0,0,I,HV,1,0,0,1
mathcalF,0.72,0.73,6525,0,0,0,I,HV,1,0,0,1
mathcalF,0.72,0.73,6526,0,0,0,I,HV,1,0,0,1
mathcalF,0.72,0.73,6527,0,0,0,I,HV,1,0,0,1
mathcalF,0.72,0.73,6528,0,0,0,I,HV,1,0,0,1
mathcalF,0.72,0.73,6529,0,0,0,I,HV,1,0,0,1
mathcalF,0.72,0.73,6530,0,0,0,I,HV,1,0,0,1
mathcalF,0.72,0.73,6531,0,0,0,I,HV,1,0,0,1
mathcalF,0.72,0.73,6532,0,0,0,I,HV,1,0,0,1
mathcalF,0.72,0.73,6533,0,0,0,I,HV,1,0,0,1
mathcalF,0.72,0.73,6534,0,0,0,I,HV,1,0,0,1
mathcalF,0.72,0.73,6535,0,0,0,I,HV,1,0,0,1
mathcalF,0.72,0.73,6536,0,0,0,I,HV,1,0,0,1
mathcalF,0.72,0.73,6537,0,0,0,I,HV,1,0,0,1
mathcalF,0.72,0.73,6538,0,0,0,I,HV,1,0,0,1
mathcalF,0.72,0.73,6539,0,0,0,I,HV,1,0,0,1
mathcalF,0.72,0.73,6540,0,0,0,I,HV,1,0,0,1
mathcalF,0.72,0.73,6541,0,0,0,I,HV,1,0,0,1
mathcalF,0.72,0.73,6542,0,0,0,I,HV,1,0,0,1
mathcalF,0.72,0.73,6543,0,0,0,I,HV,1,0,0,1
mathcalF,0.72,0.73,6544,0,0,0,I,HV,1,0,0,1
mathcalF,0.72,0.73,6545,0,0,0,I,HV,1,0,0,1
mathcalF,0.72,0.73,6546,0,0,0,I,HV,1,0,0,1
mathcalF,0.72,0.73,6547,0,0,0,I,HV,1,0,0,1
mathcalF,0.72,0.73,6548,0,0,0,I,HV,1,0,0,1
mathcalF,0.72,0.73,6549,0,0,0,I,HV,1,0,0,1
mathcalF,0.72,0.73,6550,0,0,0,I,HV,1,0,0,1
mathcalF,0.72,0.73,6551,0,0,0,I,HV,1,0,0,1
mathcalF,0.72,0.73,6552,0,0,0,I,HV,1,0,0,1
mathcalF,0.72,0.73,6553,0,0,0,I,HV,1,0,0,1
mathcalF,0.72,0.73,6554,0,0,0,I,HV,1,0,0,1
mathcalF,0.72,0.73,6555,0,0,0,I,HV,1,0,0,1
mathcalF,0.72,0.73,6556,0,1,1,V+1,HV,1,0,1,1
mathcalF,0.72,0.73,6557,0,1,1,V+1,HV,1,0,1,1
mathcalF,0.72,0.73,6558,0,0,0,I,HV,1,0,0,1
mathcalF,0.72,0.73,6559,0,0,0,I,HV,1,0,0,1
mathcalF,0.72,0.73,6560,0,0,0,I,HV,1,0,0,1
mathcalF,0.72,0.73,6561,0,0,0,I,HV,1,0,0,1
mathcalF,0.72,0.73,6562,0,0,0,I,HV,1,0,0,1
mathcalF,0.72,0.73,6563,0,0,0,I,HV,1,0,0,1
mathcalF,0.72,0.73,6564,0,0,0,I,HV,1,0,0,1
mathcalF,0.72,0.73,6565,0,0,0,I,HV,1,0,0,1
mathcalF,0.72,0.73,6566,0,1,1,V+1,HV,1,0,1,1
mathcalF,0.72,0.73,6567,0,1,1,V+1,HV,1,0,1,1
mathcalF,0.72,0.73,6568,0,0,0,I,HV,1,0,0,1
mathcalF,0.72,0.73,6569,0,0,0,I,HV,1,0,0,1
mathcalF,0.72,0.73,6570,0,0,0,I,HV,1,0,0,1
mathcalF,0.72,0.73,6571,0,0,0,I,HV,1,0,0,1
mathcalF,0.72,0.73,6572,0,0,0,I,HV,1,0,0,1
mathcalF,0.72,0.73,6573,0,0,0,I,HV,1,0,0,1
mathcalF,0.72,0.73,6574,0,0,0,I,HV,1,0,0,1
mathcalF,0.72,0.73,6575,0,0,0,I,HV,1,0,0,1
mathcalF,0.72,0.73,6576,1,0,1,H+1,HV,1,1,0,1
mathcalF,0.72,0.73,6577,0,0,0,I,HV,1,0,0,1
mathcalF,0.72,0.73,6578,1,-1,2,H+1 V-1,HV,0,1,-1,1
mathcalF,0.72,0.73,6579,1,-1,2,H+1 V-1,HV,0,1,-1,1
mathcalF,0.72,0.73,6580,1,0,1,H+1,HV,1,1,0,1
mathcalF,0.72,0.73,6581,1,0,1,H+1,HV,1,1,0,1
mathcalF,0.72,0.73,6582,1,-1,2,H+1 V-1,HV,0,1,-1,1
mathcalF,0.72,0.73,6583,1,-1,2,H+1 V-1,HV,0,1,-1,1
mathcalF,0.72,0.73,6584,1,0,1,H+1,HV,1,1,0,1
mathcalF,0.72,0.73,6585,1,0,1,H+1,HV,1,1,0,1
mathcalF,0.72,0.73,6586,-1,0,1,H-1,HV,1,-1,0,1
mathcalF,0.72,0.73,6587,-1,0,1,H-1,HV,1,-1,0,1
mathcalF,0.72,0.73,6588,1,0,1,H+1,HV,1,1,0,1
mathcalF,0.72,0.73,6589,0,1,1,V+1,HV,1,0,1,1
mathcalF,0.72,0.73,6590,-1,0,1,H-1,HV,1,-1,0,1
mathcalF,0.72,0.73,6591,1,0,1,H+1,HV,1,1,0,1
mathcalF,0.72,0.73,6592,1,-1,2,H+1 V-1,HV,0,1,-1,1
mathcalF,0.72,0.73,6593,-1,0,1,H-1,HV,1,-1,0,1
mathcalF,0.72,0.73,6594,-1,0,1,H-1,HV,1,-1,0,1
mathcalF,0.72,0.73,6595,0,0,0,I,HV,1,0,0,1
mathcalF,0.72,0.73,6596,-1,0,1,H-1,HV,1,-1,0,1
mathcalF,0.72,0.73,6597,0,2,2,V+1 V+1,HV,1,0,2,1
mathcalF,0.72,0.73,6598,0,1,3,H+1 V+1 H-1,longer_word,2,-1,1,0
mathcalF,0.72,0.73,6599,1,1,4,H+1 H+1 V+1 H-1,longer_word,3,-1,1,0
mathcalF,0.72,0.73,6600,0,2,2,V+1 V+1,HV,1,0,2,1
mathcalF,0.72,0.73,6601,1,-1,2,H+1 V-1,HV,0,1,-1,1
mathcalF,0.72,0.73,6602,-1,-1,2,H-1 V-1,HV,2,-1,-1,1
mathcalF,0.72,0.73,6603,0,0,0,I,HV,1,0,0,1
mathcalF,0.72,0.73,6604,0,-2,2,V-1 V-1,HV,1,0,-2,1
mathcalF,0.72,0.73,6605,0,-2,2,V-1 V-1,HV,1,0,-2,1
mathcalF,0.72,0.73,6606,-1,1,2,V+1 H-1,VH,1,-1,1,0
mathcalF,0.72,0.73,6607,0,0,0,I,HV,1,0,0,1
mathcalF,0.72,0.73,6608,1,0,1,H+1,HV,1,1,0,1
mathcalF,0.72,0.73,6609,1,1,2,V+1 H+1,VH,1,1,1,2
mathcalF,0.72,0.73,6610,-2,0,2,H-1 H-1,HV,1,-2,0,1
mathcalF,0.72,0.73,6611,-2,0,2,H-1 H-1,HV,1,-2,0,1
mathcalF,0.72,0.73,6612,1,1,2,V+1 H+1,VH,1,1,1,2
mathcalF,0.72,0.73,6613,1,0,1,H+1,HV,1,1,0,1
mathcalF,0.72,0.73,6614,-1,0,1,H-1,HV,1,-1,0,1
mathcalF,0.72,0.73,6615,-1,0,1,H-1,HV,1,-1,0,1
mathcalF,0.72,0.73,6616,1,0,1,H+1,HV,1,1,0,1
mathcalF,0.72,0.73,6617,1,0,1,H+1,HV,1,1,0,1
mathcalF,0.72,0.73,6618,1,0,1,H+1,HV,1,1,0,1
mathcalF,0.72,0.73,6619,1,0,1,H+1,HV,1,1,0,1
mathcalF,0.72,0.73,6620,-1,0,1,H-1,HV,1,-1,0,1
mathcalF,0.72,0.73,6621,-1,0,1,H-1,HV,1,-1,0,1
mathcalF,0.72,0.73,6622,1,0,1,H+1,HV,1,1,0,1
mathcalF,0.72,0.73,6623,1,0,1,H+1,HV,1,1,0,1
mathcalF,0.72,0.73,6624,1,0,1,H+1,HV,1,1,0,1
mathcalF,0.72,0.73,6625,1,0,1,H+1,HV,1,1,0,1
mathcalF,0.72,0.73,6626,1,0,1,H+1,HV,1,1,0,1
mathcalF,0.72,0.73,6627,0,1,1,V+1,HV,1,0,1,1
mathcalF,0.72,0.73,6628,0,1,1,V+1,HV,1,0,1,1
mathcalF,0.72,0.73,6629,1,0,1,H+1,HV,1,1,0,1
mathcalF,0.72,0.73,6630,1,0,1,H+1,HV,1,1,0,1
mathcalF,0.72,0.73,6631,1,0,1,H+1,HV,1,1,0,1
mathcalF,0.72,0.73,6632,-1,0,1,H-1,HV,1,-1,0,1
mathcalF,0.72,0.73,6633,-1,0,1,H-1,HV,1,-1,0,1
mathcalF,0.72,0.73,6634,1,0,1,H+1,HV,1,1,0,1
mathcalF,0.72,0.73,6635,1,0,1,H+1,HV,1,1,0,1
mathcalF,0.72,0.73,6636,-1,0,1,H-1,HV,1,-1,0,1
mathcalF,0.72,0.73,6637,-1,0,1,H-1,HV,1,-1,0,1
mathcalF,0.72,0.73,6638,1,0,1,H+1,HV,1,1,0,1
mathcalF,0.72,0.73,6639,1,0,1,H+1,HV,1,1,0,1
mathcalF,0.72,0.73,6640,1,0,1,H+1,HV,1,1,0,1
mathcalF,0.72,0.73,6641,1,0,1,H+1,HV,1,1,0,1
mathcalF,0.72,0.73,6642,1,0,1,H+1,HV,1,1,0,1
mathcalF,0.72,0.73,6643,0,0,0,I,HV,1,0,0,1
mathcalF,0.72,0.73,6644,0,0,0,I,HV,1,0,0,1
mathcalF,0.72,0.73,6645,0,0,0,I,HV,1,0,0,1
mathcalF,0.72,0.73,6646,0,0,0,I,HV,1,0,0,1
mathcalF,0.72,0.73,6647,0,0,0,I,HV,1,0,0,1
mathcalF,0.72,0.73,6648,0,0,0,I,HV,1,0,0,1
mathcalF,0.72,0.73,6649,0,0,0,I,HV,1,0,0,1
mathcalF,0.72,0.73,6650,0,0,0,I,HV,1,0,0,1
mathcalF,0.72,0.73,6651,0,0,0,I,HV,1,0,0,1
mathcalF,0.72,0.73,6652,0,0,0,I,HV,1,0,0,1
mathcalF,0.72,0.73,6653,0,0,0,I,HV,1,0,0,1
mathcalF,0.72,0.73,6654,0,0,0,I,HV,1,0,0,1
mathcalF,0.72,0.73,6655,0,0,0,I,HV,1,0,0,1
mathcalF,0.72,0.73,6656,0,0,0,I,HV,1,0,0,1
mathcalF,0.72,0.73,6657,0,0,0,I,HV,1,0,0,1
mathcalF,0.72,0.73,6658,0,0,0,I,HV,1,0,0,1
mathcalF,0.72,0.73,6659,0,0,0,I,HV,1,0,0,1
mathcalF,0.72,0.73,6660,0,0,0,I,HV,1,0,0,1
mathcalF,0.72,0.73,6661,0,0,0,I,HV,1,0,0,1
mathcalF,0.72,0.73,6662,0,0,0,I,HV,1,0,0,1
mathcalF,0.72,0.73,6663,0,0,0,I,HV,1,0,0,1
mathcalF,0.72,0.73,6664,0,0,0,I,HV,1,0,0,1
mathcalF,0.72,0.73,6665,0,0,0,I,HV,1,0,0,1
mathcalF,0.72,0.73,6666,0,0,0,I,HV,1,0,0,1
mathcalF,0.72,0.73,6667,0,0,0,I,HV,1,0,0,1
mathcalF,0.72,0.73,6668,0,0,0,I,HV,1,0,0,1
mathcalF,0.72,0.73,6669,0,0,0,I,HV,1,0,0,1
mathcalF,0.72,0.73,6670,0,0,0,I,HV,1,0,0,1
mathcalF,0.72,0.73,6671,0,0,0,I,HV,1,0,0,1
mathcalF,0.72,0.73,6672,0,0,0,I,HV,1,0,0,1
mathcalF,0.72,0.73,6673,0,0,0,I,HV,1,0,0,1
mathcalF,0.72,0.73,6674,0,0,0,I,HV,1,0,0,1
mathcalF,0.72,0.73,6675,0,0,0,I,HV,1,0,0,1
mathcalF,0.72,0.73,6676,0,0,0,I,HV,1,0,0,1
mathcalF,0.72,0.73,6677,0,0,0,I,HV,1,0,0,1
mathcalF,0.72,0.73,6678,0,0,0,I,HV,1,0,0,1
mathcalF,0.72,0.73,6679,0,0,0,I,HV,1,0,0,1
mathcalF,0.72,0.73,6680,0,0,0,I,HV,1,0,0,1
mathcalF,0.72,0.73,6681,0,0,0,I,HV,1,0,0,1
mathcalF,0.72,0.73,6682,0,0,0,I,HV,1,0,0,1
mathcalF,0.72,0.73,6683,0,0,0,I,HV,1,0,0,1
mathcalF,0.72,0.73,6684,0,0,0,I,HV,1,0,0,1
mathcalF,0.72,0.73,6685,0,0,0,I,HV,1,0,0,1
mathcalF,0.72,0.73,6686,0,0,0,I,HV,1,0,0,1
mathcalF,0.72,0.73,6687,0,0,0,I,HV,1,0,0,1
mathcalF,0.72,0.73,6688,0,0,0,I,HV,1,0,0,1
mathcalF,0.72,0.73,6689,0,0,0,I,HV,1,0,0,1
mathcalF,0.72,0.73,6690,0,0,0,I,HV,1,0,0,1
mathcalF,0.72,0.73,6691,0,0,0,I,HV,1,0,0,1
mathcalF,0.72,0.73,6692,0,0,0,I,HV,1,0,0,1
mathcalF,0.72,0.73,6693,0,0,0,I,HV,1,0,0,1
mathcalF,0.72,0.73,6694,0,0,0,I,HV,1,0,0,1
mathcalF,0.72,0.73,6695,0,0,0,I,HV,1,0,0,1
mathcalF,0.72,0.73,6696,0,1,1,V+1,HV,1,0,1,1
mathcalF,0.72,0.73,6697,0,1,1,V+1,HV,1,0,1,1
mathcalF,0.72,0.73,6698,0,0,0,I,HV,1,0,0,1
mathcalF,0.72,0.73,6699,0,0,0,I,HV,1,0,0,1
mathcalF,0.72,0.73,6700,0,0,0,I,HV,1,0,0,1
mathcalF,0.72,0.73,6701,-1,1,2,V+1 H-1,VH,1,-1,1,0
mathcalF,0.72,0.73,6702,0,0,0,I,HV,1,0,0,1
mathcalF,0.72,0.73,6703,0,0,0,I,HV,1,0,0,1
mathcalF,0.72,0.73,6704,0,0,0,I,HV,1,0,0,1
mathcalF,0.72,0.73,6705,0,0,0,I,HV,1,0,0,1
mathcalF,0.72,0.73,6706,0,1,1,V+1,HV,1,0,1,1
mathcalF,0.72,0.73,6707,0,1,1,V+1,HV,1,0,1,1
mathcalF,0.72,0.73,6708,0,0,0,I,HV,1,0,0,1
mathcalF,0.72,0.73,6709,0,0,0,I,HV,1,0,0,1
mathcalF,0.72,0.73,6710,0,0,0,I,HV,1,0,0,1
mathcalF,0.72,0.73,6711,0,0,0,I,HV,1,0,0,1
mathcalF,0.72,0.73,6712,0,0,0,I,HV,1,0,0,1
mathcalF,0.72,0.73,6713,0,0,0,I,HV,1,0,0,1
mathcalF,0.72,0.73,6714,0,0,0,I,HV,1,0,0,1
mathcalF,0.72,0.73,6715,0,0,0,I,HV,1,0,0,1
mathcalF,0.72,0.73,6716,1,0,1,H+1,HV,1,1,0,1
mathcalF,0.72,0.73,6717,0,0,0,I,HV,1,0,0,1
mathcalF,0.72,0.73,6718,1,-1,2,H+1 V-1,HV,0,1,-1,1
mathcalF,0.72,0.73,6719,1,-1,2,H+1 V-1,HV,0,1,-1,1
mathcalF,0.72,0.73,6720,2,0,2,H+1 H+1,HV,1,2,0,1
mathcalF,0.72,0.73,6721,2,-1,3,H+1 H+1 V-1,HV,-1,2,-1,1
mathcalF,0.72,0.73,6722,2,-1,3,H+1 H+1 V-1,HV,-1,2,-1,1
mathcalF,0.72,0.73,6723,2,0,2,H+1 H+1,HV,1,2,0,1
mathcalF,0.72,0.73,6724,2,0,2,H+1 H+1,HV,1,2,0,1
mathcalF,0.72,0.73,6725,-1,-1,2,V-1 H-1,VH,1,-1,-1,2
mathcalF,0.72,0.73,6726,-1,0,1,H-1,HV,1,-1,0,1
mathcalF,0.72,0.73,6727,1,0,1,H+1,HV,1,1,0,1
mathcalF,0.72,0.73,6728,2,0,2,H+1 H+1,HV,1,2,0,1
mathcalF,0.72,0.73,6729,0,0,0,I,HV,1,0,0,1
mathcalF,0.72,0.73,6730,0,0,0,I,HV,1,0,0,1
mathcalF,0.72,0.73,6731,2,0,2,H+1 H+1,HV,1,2,0,1
mathcalF,0.72,0.73,6732,-1,0,1,H-1,HV,1,-1,0,1
mathcalF,0.72,0.73,6733,2,1,3,H+1 V+1 H+1,longer_word,2,3,1,2
mathcalF,0.72,0.73,6734,-1,0,1,H-1,HV,1,-1,0,1
mathcalF,0.72,0.73,6735,0,1,3,H+1 V+1 H-1,longer_word,2,-1,1,0
mathcalF,0.72,0.73,6736,0,-1,1,V-1,HV,1,0,-1,1
mathcalF,0.72,0.73,6737,-1,-1,2,H-1 V-1,HV,2,-1,-1,1
mathcalF,0.72,0.73,6738,0,-3,3,V-1 V-1 V-1,HV,1,0,-3,1
mathcalF,0.72,0.73,6739,0,-1,1,V-1,HV,1,0,-1,1
mathcalF,0.72,0.73,6740,1,-1,2,H+1 V-1,HV,0,1,-1,1
mathcalF,0.72,0.73,6741,1,-1,2,H+1 V-1,HV,0,1,-1,1
mathcalF,0.72,0.73,6742,-1,-1,2,H-1 V-1,HV,2,-1,-1,1
mathcalF,0.72,0.73,6743,0,-2,2,V-1 V-1,HV,1,0,-2,1
mathcalF,0.72,0.73,6744,0,-1,1,V-1,HV,1,0,-1,1
mathcalF,0.72,0.73,6745,-1,-2,3,V-1 H-1 V-1,longer_word,2,-1,-3,2
mathcalF,0.72,0.73,6746,2,0,2,H+1 H+1,HV,1,2,0,1
mathcalF,0.72,0.73,6747,1,1,2,V+1 H+1,VH,1,1,1,2
mathcalF,0.72,0.73,6748,1,1,2,V+1 H+1,VH,1,1,1,2
mathcalF,0.72,0.73,6749,2,0,2,H+1 H+1,HV,1,2,0,1
mathcalF,0.72,0.73,6750,-1,-1,2,V-1 H-1,VH,1,-1,-1,2
mathcalF,0.72,0.73,6751,-1,0,1,H-1,HV,1,-1,0,1
mathcalF,0.72,0.73,6752,1,0,1,H+1,HV,1,1,0,1
mathcalF,0.72,0.73,6753,3,0,3,H+1 H+1 H+1,HV,1,3,0,1
mathcalF,0.72,0.73,6754,-1,0,1,H-1,HV,1,-1,0,1
mathcalF,0.72,0.73,6755,-2,-1,3,H-1 V-1 H-1,longer_word,2,-3,-1,2
mathcalF,0.72,0.73,6756,1,0,1,H+1,HV,1,1,0,1
mathcalF,0.72,0.73,6757,1,0,1,H+1,HV,1,1,0,1
mathcalF,0.72,0.73,6758,2,0,2,H+1 H+1,HV,1,2,0,1
mathcalF,0.72,0.73,6759,2,0,2,H+1 H+1,HV,1,2,0,1
mathcalF,0.72,0.73,6760,-1,-1,2,V-1 H-1,VH,1,-1,-1,2
mathcalF,0.72,0.73,6761,-1,0,1,H-1,HV,1,-1,0,1
mathcalF,0.72,0.73,6762,1,0,1,H+1,HV,1,1,0,1
mathcalF,0.72,0.73,6763,3,0,3,H+1 H+1 H+1,HV,1,3,0,1
mathcalF,0.72,0.73,6764,2,0,2,H+1 H+1,HV,1,2,0,1
mathcalF,0.72,0.73,6765,0,0,0,I,HV,1,0,0,1
mathcalF,0.72,0.73,6766,0,1,1,V+1,HV,1,0,1,1
mathcalF,0.72,0.73,6767,1,0,1,H+1,HV,1,1,0,1
mathcalF,0.72,0.73,6768,1,0,1,H+1,HV,1,1,0,1
mathcalF,0.72,0.73,6769,1,0,1,H+1,HV,1,1,0,1
mathcalF,0.72,0.73,6770,1,0,1,H+1,HV,1,1,0,1
mathcalF,0.72,0.73,6771,1,0,1,H+1,HV,1,1,0,1
mathcalF,0.72,0.73,6772,-1,0,1,H-1,HV,1,-1,0,1
mathcalF,0.72,0.73,6773,-1,0,1,H-1,HV,1,-1,0,1
mathcalF,0.72,0.73,6774,1,0,1,H+1,HV,1,1,0,1
mathcalF,0.72,0.73,6775,-1,0,1,H-1,HV,1,-1,0,1
mathcalF,0.72,0.73,6776,-1,0,1,H-1,HV,1,-1,0,1
mathcalF,0.72,0.73,6777,1,0,1,H+1,HV,1,1,0,1
mathcalF,0.72,0.73,6778,1,0,1,H+1,HV,1,1,0,1
mathcalF,0.72,0.73,6779,0,1,1,V+1,HV,1,0,1,1
mathcalF,0.72,0.73,6780,0,1,1,V+1,HV,1,0,1,1
mathcalF,0.72,0.73,6781,0,0,0,I,HV,1,0,0,1
mathcalF,0.72,0.73,6782,0,0,0,I,HV,1,0,0,1
mathcalF,0.72,0.73,6783,0,0,0,I,HV,1,0,0,1
mathcalF,0.72,0.73,6784,0,0,0,I,HV,1,0,0,1
mathcalF,0.72,0.73,6785,0,0,0,I,HV,1,0,0,1
mathcalF,0.72,0.73,6786,0,0,0,I,HV,1,0,0,1
mathcalF,0.72,0.73,6787,0,0,0,I,HV,1,0,0,1
mathcalF,0.72,0.73,6788,0,0,0,I,HV,1,0,0,1
mathcalF,0.72,0.73,6789,0,0,0,I,HV,1,0,0,1
mathcalF,0.72,0.73,6790,0,0,0,I,HV,1,0,0,1
mathcalF,0.72,0.73,6791,0,0,0,I,HV,1,0,0,1
mathcalF,0.72,0.73,6792,0,0,0,I,HV,1,0,0,1
mathcalF,0.72,0.73,6793,0,0,0,I,HV,1,0,0,1
mathcalF,0.72,0.73,6794,0,0,0,I,HV,1,0,0,1
mathcalF,0.72,0.73,6795,0,0,0,I,HV,1,0,0,1
mathcalF,0.72,0.73,6796,0,0,0,I,HV,1,0,0,1
mathcalF,0.72,0.73,6797,0,0,0,I,HV,1,0,0,1
mathcalF,0.72,0.73,6798,0,0,0,I,HV,1,0,0,1
mathcalF,0.72,0.73,6799,0,0,0,I,HV,1,0,0,1
mathcalF,0.72,0.73,6800,0,0,0,I,HV,1,0,0,1
mathcalF,0.72,0.73,6801,0,0,0,I,HV,1,0,0,1
mathcalF,0.72,0.73,6802,0,0,0,I,HV,1,0,0,1
mathcalF,0.72,0.73,6803,0,0,0,I,HV,1,0,0,1
mathcalF,0.72,0.73,6804,0,0,0,I,HV,1,0,0,1
mathcalF,0.72,0.73,6805,0,0,0,I,HV,1,0,0,1
mathcalF,0.72,0.73,6806,0,0,0,I,HV,1,0,0,1
mathcalF,0.72,0.73,6807,0,0,0,I,HV,1,0,0,1
mathcalF,0.72,0.73,6808,0,0,0,I,HV,1,0,0,1
mathcalF,0.72,0.73,6809,0,0,0,I,HV,1,0,0,1
mathcalF,0.72,0.73,6810,0,0,0,I,HV,1,0,0,1
mathcalF,0.72,0.73,6811,0,0,0,I,HV,1,0,0,1
mathcalF,0.72,0.73,6812,-1,1,2,V+1 H-1,VH,1,-1,1,0
mathcalF,0.72,0.73,6813,0,0,0,I,HV,1,0,0,1
mathcalF,0.72,0.73,6814,0,0,0,I,HV,1,0,0,1
mathcalF,0.72,0.73,6815,0,0,0,I,HV,1,0,0,1
mathcalF,0.72,0.73,6816,0,0,0,I,HV,1,0,0,1
mathcalF,0.72,0.73,6817,0,0,0,I,HV,1,0,0,1
mathcalF,0.72,0.73,6818,0,0,0,I,HV,1,0,0,1
mathcalF,0.72,0.73,6819,0,0,0,I,HV,1,0,0,1
mathcalF,0.72,0.73,6820,0,0,0,I,HV,1,0,0,1
mathcalF,0.72,0.73,6821,0,0,0,I,HV,1,0,0,1
mathcalF,0.72,0.73,6822,0,0,0,I,HV,1,0,0,1
mathcalF,0.72,0.73,6823,0,0,0,I,HV,1,0,0,1
mathcalF,0.72,0.73,6824,0,0,0,I,HV,1,0,0,1
mathcalF,0.72,0.73,6825,0,0,0,I,HV,1,0,0,1
mathcalF,0.72,0.73,6826,0,0,0,I,HV,1,0,0,1
mathcalF,0.72,0.73,6827,0,0,0,I,HV,1,0,0,1
mathcalF,0.72,0.73,6828,-1,1,2,V+1 H-1,VH,1,-1,1,0
mathcalF,0.72,0.73,6829,0,0,0,I,HV,1,0,0,1
mathcalF,0.72,0.73,6830,0,0,0,I,HV,1,0,0,1
mathcalF,0.72,0.73,6831,0,0,0,I,HV,1,0,0,1
mathcalF,0.72,0.73,6832,0,0,0,I,HV,1,0,0,1
mathcalF,0.72,0.73,6833,0,0,0,I,HV,1,0,0,1
mathcalF,0.72,0.73,6834,0,0,0,I,HV,1,0,0,1
mathcalF,0.72,0.73,6835,0,1,1,V+1,HV,1,0,1,1
mathcalF,0.72,0.73,6836,0,1,1,V+1,HV,1,0,1,1
mathcalF,0.72,0.73,6837,0,0,0,I,HV,1,0,0,1
mathcalF,0.72,0.73,6838,0,0,0,I,HV,1,0,0,1
mathcalF,0.72,0.73,6839,0,0,0,I,HV,1,0,0,1
mathcalF,0.72,0.73,6840,0,0,0,I,HV,1,0,0,1
mathcalF,0.72,0.73,6841,0,0,0,I,HV,1,0,0,1
mathcalF,0.72,0.73,6842,0,0,0,I,HV,1,0,0,1
mathcalF,0.72,0.73,6843,0,0,0,I,HV,1,0,0,1
mathcalF,0.72,0.73,6844,0,0,0,I,HV,1,0,0,1
mathcalF,0.72,0.73,6845,0,1,1,V+1,HV,1,0,1,1
mathcalF,0.72,0.73,6846,0,1,1,V+1,HV,1,0,1,1
mathcalF,0.72,0.73,6847,0,0,0,I,HV,1,0,0,1
mathcalF,0.72,0.73,6848,0,0,0,I,HV,1,0,0,1
mathcalF,0.72,0.73,6849,0,0,0,I,HV,1,0,0,1
mathcalF,0.72,0.73,6850,0,0,0,I,HV,1,0,0,1
mathcalF,0.72,0.73,6851,0,0,0,I,HV,1,0,0,1
mathcalF,0.72,0.73,6852,0,0,0,I,HV,1,0,0,1
mathcalF,0.72,0.73,6853,0,0,0,I,HV,1,0,0,1
mathcalF,0.72,0.73,6854,0,0,0,I,HV,1,0,0,1
mathcalF,0.72,0.73,6855,0,0,0,I,HV,1,0,0,1
mathcalF,0.72,0.73,6856,0,0,0,I,HV,1,0,0,1
mathcalF,0.72,0.73,6857,1,0,1,H+1,HV,1,1,0,1
mathcalF,0.72,0.73,6858,1,-1,2,H+1 V-1,HV,0,1,-1,1
mathcalF,0.72,0.73,6859,0,1,1,V+1,HV,1,0,1,1
mathcalF,0.72,0.73,6860,1,-1,2,H+1 V-1,HV,0,1,-1,1
mathcalF,0.72,0.73,6861,1,-1,2,H+1 V-1,HV,0,1,-1,1
mathcalF,0.72,0.73,6862,1,0,1,H+1,HV,1,1,0,1
mathcalF,0.72,0.73,6863,1,0,1,H+1,HV,1,1,0,1
mathcalF,0.72,0.73,6864,-1,0,1,H-1,HV,1,-1,0,1
mathcalF,0.72,0.73,6865,-1,-1,2,V-1 H-1,VH,1,-1,-1,2
mathcalF,0.72,0.73,6866,2,0,2,H+1 H+1,HV,1,2,0,1
mathcalF,0.72,0.73,6867,2,0,2,H+1 H+1,HV,1,2,0,1
mathcalF,0.72,0.73,6868,2,0,2,H+1 H+1,HV,1,2,0,1
mathcalF,0.72,0.73,6869,1,1,2,V+1 H+1,VH,1,1,1,2
mathcalF,0.72,0.73,6870,1,0,1,H+1,HV,1,1,0,1
mathcalF,0.72,0.73,6871,-1,0,1,H-1,HV,1,-1,0,1
mathcalF,0.72,0.73,6872,-1,0,1,H-1,HV,1,-1,0,1
mathcalF,0.72,0.73,6873,0,-1,1,V-1,HV,1,0,-1,1
mathcalF,0.72,0.73,6874,0,0,0,I,HV,1,0,0,1
mathcalF,0.72,0.73,6875,0,0,0,I,HV,1,0,0,1
mathcalF,0.72,0.73,6876,-1,1,2,V+1 H-1,VH,1,-1,1,0
mathcalF,0.72,0.73,6877,0,0,0,I,HV,1,0,0,1
mathcalF,0.72,0.73,6878,1,0,1,H+1,HV,1,1,0,1
mathcalF,0.72,0.73,6879,-1,-1,2,H-1 V-1,HV,2,-1,-1,1
mathcalF,0.72,0.73,6880,-1,-1,2,H-1 V-1,HV,2,-1,-1,1
mathcalF,0.72,0.73,6881,0,-1,1,V-1,HV,1,0,-1,1
mathcalF,0.72,0.73,6882,-1,-1,2,H-1 V-1,HV,2,-1,-1,1
mathcalF,0.72,0.73,6883,-1,-1,2,H-1 V-1,HV,2,-1,-1,1
mathcalF,0.72,0.73,6884,0,-1,1,V-1,HV,1,0,-1,1
mathcalF,0.72,0.73,6885,0,0,0,I,HV,1,0,0,1
mathcalF,0.72,0.73,6886,0,0,0,I,HV,1,0,0,1
mathcalF,0.72,0.73,6887,0,0,0,I,HV,1,0,0,1
mathcalF,0.72,0.73,6888,1,0,1,H+1,HV,1,1,0,1
mathcalF,0.72,0.73,6889,1,0,1,H+1,HV,1,1,0,1
mathcalF,0.72,0.73,6890,-1,0,1,H-1,HV,1,-1,0,1
mathcalF,0.72,0.73,6891,-2,0,2,H-1 H-1,HV,1,-2,0,1
mathcalF,0.72,0.73,6892,1,0,1,H+1,HV,1,1,0,1
mathcalF,0.72,0.73,6893,2,0,2,H+1 H+1,HV,1,2,0,1
mathcalF,0.72,0.73,6894,-1,0,1,H-1,HV,1,-1,0,1
mathcalF,0.72,0.73,6895,-2,-1,3,H-1 V-1 H-1,longer_word,2,-3,-1,2
mathcalF,0.72,0.73,6896,2,0,2,H+1 H+1,HV,1,2,0,1
mathcalF,0.72,0.73,6897,2,0,2,H+1 H+1,HV,1,2,0,1
mathcalF,0.72,0.73,6898,2,0,2,H+1 H+1,HV,1,2,0,1
mathcalF,0.72,0.73,6899,-1,0,1,H-1,HV,1,-1,0,1
mathcalF,0.72,0.73,6900,-1,-1,2,V-1 H-1,VH,1,-1,-1,2
mathcalF,0.72,0.73,6901,2,0,2,H+1 H+1,HV,1,2,0,1
mathcalF,0.72,0.73,6902,1,0,1,H+1,HV,1,1,0,1
mathcalF,0.72,0.73,6903,-1,0,1,H-1,HV,1,-1,0,1
mathcalF,0.72,0.73,6904,-1,0,1,H-1,HV,1,-1,0,1
mathcalF,0.72,0.73,6905,1,0,1,H+1,HV,1,1,0,1
mathcalF,0.72,0.73,6906,1,0,1,H+1,HV,1,1,0,1
mathcalF,0.72,0.73,6907,1,0,1,H+1,HV,1,1,0,1
mathcalF,0.72,0.73,6908,1,0,1,H+1,HV,1,1,0,1
mathcalF,0.72,0.73,6909,1,0,1,H+1,HV,1,1,0,1
mathcalF,0.72,0.73,6910,1,0,1,H+1,HV,1,1,0,1
mathcalF,0.72,0.73,6911,-1,0,1,H-1,HV,1,-1,0,1
mathcalF,0.72,0.73,6912,-1,0,1,H-1,HV,1,-1,0,1
mathcalF,0.72,0.73,6913,1,0,1,H+1,HV,1,1,0,1
mathcalF,0.72,0.73,6914,1,0,1,H+1,HV,1,1,0,1
mathcalF,0.72,0.73,6915,1,-1,2,H+1 V-1,HV,0,1,-1,1
mathcalF,0.72,0.73,6916,1,0,1,H+1,HV,1,1,0,1
mathcalF,0.72,0.73,6917,0,0,0,I,HV,1,0,0,1
mathcalF,0.72,0.73,6918,0,1,1,V+1,HV,1,0,1,1
mathcalF,0.72,0.73,6919,0,1,1,V+1,HV,1,0,1,1
mathcalF,0.72,0.73,6920,0,0,0,I,HV,1,0,0,1
mathcalF,0.72,0.73,6921,0,0,0,I,HV,1,0,0,1
mathcalF,0.72,0.73,6922,0,0,0,I,HV,1,0,0,1
mathcalF,0.72,0.73,6923,0,0,0,I,HV,1,0,0,1
mathcalF,0.72,0.73,6924,0,0,0,I,HV,1,0,0,1
mathcalF,0.72,0.73,6925,0,0,0,I,HV,1,0,0,1
mathcalF,0.72,0.73,6926,0,0,0,I,HV,1,0,0,1
mathcalF,0.72,0.73,6927,0,0,0,I,HV,1,0,0,1
mathcalF,0.72,0.73,6928,0,0,0,I,HV,1,0,0,1
mathcalF,0.72,0.73,6929,0,0,0,I,HV,1,0,0,1
mathcalF,0.72,0.73,6930,0,0,0,I,HV,1,0,0,1
mathcalF,0.72,0.73,6931,0,0,0,I,HV,1,0,0,1
mathcalF,0.72,0.73,6932,0,0,0,I,HV,1,0,0,1
mathcalF,0.72,0.73,6933,0,0,0,I,HV,1,0,0,1
mathcalF,0.72,0.73,6934,0,0,0,I,HV,1,0,0,1
mathcalF,0.72,0.73,6935,0,0,0,I,HV,1,0,0,1
mathcalF,0.72,0.73,6936,0,0,0,I,HV,1,0,0,1
mathcalF,0.72,0.73,6937,0,0,0,I,HV,1,0,0,1
mathcalF,0.72,0.73,6938,0,0,0,I,HV,1,0,0,1
mathcalF,0.72,0.73,6939,0,0,0,I,HV,1,0,0,1
mathcalF,0.72,0.73,6940,0,0,0,I,HV,1,0,0,1
mathcalF,0.72,0.73,6941,0,0,0,I,HV,1,0,0,1
mathcalF,0.72,0.73,6942,0,0,0,I,HV,1,0,0,1
mathcalF,0.72,0.73,6943,0,0,0,I,HV,1,0,0,1
mathcalF,0.72,0.73,6944,0,0,0,I,HV,1,0,0,1
mathcalF,0.72,0.73,6945,0,0,0,I,HV,1,0,0,1
mathcalF,0.72,0.73,6946,0,0,0,I,HV,1,0,0,1
mathcalF,0.72,0.73,6947,0,0,0,I,HV,1,0,0,1
mathcalF,0.72,0.73,6948,0,0,0,I,HV,1,0,0,1
mathcalF,0.72,0.73,6949,0,0,0,I,HV,1,0,0,1
mathcalF,0.72,0.73,6950,0,0,0,I,HV,1,0,0,1
mathcalF,0.72,0.73,6951,0,0,0,I,HV,1,0,0,1
mathcalF,0.72,0.73,6952,0,0,0,I,HV,1,0,0,1
mathcalF,0.72,0.73,6953,0,0,0,I,HV,1,0,0,1
mathcalF,0.72,0.73,6954,0,0,0,I,HV,1,0,0,1
mathcalF,0.72,0.73,6955,0,0,0,I,HV,1,0,0,1
mathcalF,0.72,0.73,6956,0,0,0,I,HV,1,0,0,1
mathcalF,0.72,0.73,6957,0,0,0,I,HV,1,0,0,1
mathcalF,0.72,0.73,6958,0,0,0,I,HV,1,0,0,1
mathcalF,0.72,0.73,6959,0,0,0,I,HV,1,0,0,1
mathcalF,0.72,0.73,6960,0,0,0,I,HV,1,0,0,1
mathcalF,0.72,0.73,6961,0,0,0,I,HV,1,0,0,1
mathcalF,0.72,0.73,6962,0,0,0,I,HV,1,0,0,1
mathcalF,0.72,0.73,6963,0,0,0,I,HV,1,0,0,1
mathcalF,0.72,0.73,6964,0,0,0,I,HV,1,0,0,1
mathcalF,0.72,0.73,6965,0,0,0,I,HV,1,0,0,1
mathcalF,0.72,0.73,6966,0,0,0,I,HV,1,0,0,1
mathcalF,0.72,0.73,6967,0,0,0,I,HV,1,0,0,1
mathcalF,0.72,0.73,6968,0,0,0,I,HV,1,0,0,1
mathcalF,0.72,0.73,6969,0,0,0,I,HV,1,0,0,1
mathcalF,0.72,0.73,6970,0,0,0,I,HV,1,0,0,1
mathcalF,0.72,0.73,6971,0,0,0,I,HV,1,0,0,1
mathcalF,0.72,0.73,6972,0,0,0,I,HV,1,0,0,1
mathcalF,0.72,0.73,6973,0,0,0,I,HV,1,0,0,1
mathcalF,0.72,0.73,6974,0,1,1,V+1,HV,1,0,1,1
mathcalF,0.72,0.73,6975,0,1,1,V+1,HV,1,0,1,1
mathcalF,0.72,0.73,6976,0,0,0,I,HV,1,0,0,1
mathcalF,0.72,0.73,6977,0,0,0,I,HV,1,0,0,1
mathcalF,0.72,0.73,6978,0,0,0,I,HV,1,0,0,1
mathcalF,0.72,0.73,6979,0,0,0,I,HV,1,0,0,1
mathcalF,0.72,0.73,6980,0,0,0,I,HV,1,0,0,1
mathcalF,0.72,0.73,6981,0,0,0,I,HV,1,0,0,1
mathcalF,0.72,0.73,6982,0,0,0,I,HV,1,0,0,1
mathcalF,0.72,0.73,6983,0,0,0,I,HV,1,0,0,1
mathcalF,0.72,0.73,6984,0,1,1,V+1,HV,1,0,1,1
mathcalF,0.72,0.73,6985,-1,0,1,H-1,HV,1,-1,0,1
mathcalF,0.72,0.73,6986,0,1,1,V+1,HV,1,0,1,1
mathcalF,0.72,0.73,6987,0,0,0,I,HV,1,0,0,1
mathcalF,0.72,0.73,6988,0,0,0,I,HV,1,0,0,1
mathcalF,0.72,0.73,6989,0,0,0,I,HV,1,0,0,1
mathcalF,0.72,0.73,6990,0,0,0,I,HV,1,0,0,1
mathcalF,0.72,0.73,6991,0,0,0,I,HV,1,0,0,1
mathcalF,0.72,0.73,6992,0,0,0,I,HV,1,0,0,1
mathcalF,0.72,0.73,6993,0,0,0,I,HV,1,0,0,1
mathcalF,0.72,0.73,6994,0,0,0,I,HV,1,0,0,1
mathcalF,0.72,0.73,6995,1,0,1,H+1,HV,1,1,0,1
mathcalF,0.72,0.73,6996,1,0,1,H+1,HV,1,1,0,1
mathcalF,0.72,0.73,6997,-1,0,1,H-1,HV,1,-1,0,1
mathcalF,0.72,0.73,6998,-1,0,1,H-1,HV,1,-1,0,1
mathcalF,0.72,0.73,6999,0,2,2,V+1 V+1,HV,1,0,2,1
mathcalF,0.72,0.73,7000,1,-1,2,H+1 V-1,HV,0,1,-1,1
mathcalF,0.72,0.73,7001,1,0,1,H+1,HV,1,1,0,1
mathcalF,0.72,0.73,7002,1,0,1,H+1,HV,1,1,0,1
mathcalF,0.72,0.73,7003,-1,0,1,H-1,HV,1,-1,0,1
mathcalF,0.72,0.73,7004,-1,0,1,H-1,HV,1,-1,0,1
mathcalF,0.72,0.73,7005,1,0,1,H+1,HV,1,1,0,1
mathcalF,0.72,0.73,7006,1,1,2,V+1 H+1,VH,1,1,1,2
mathcalF,0.72,0.73,7007,-2,0,2,H-1 H-1,HV,1,-2,0,1
mathcalF,0.72,0.73,7008,0,-1,3,H+1 V-1 H-1,longer_word,0,1,-1,2
mathcalF,0.72,0.73,7009,1,0,1,H+1,HV,1,1,0,1
mathcalF,0.72,0.73,7010,-1,0,1,H-1,HV,1,-1,0,1
mathcalF,0.72,0.73,7011,-1,0,1,H-1,HV,1,-1,0,1
mathcalF,0.72,0.73,7012,1,-1,2,H+1 V-1,HV,0,1,-1,1
mathcalF,0.72,0.73,7013,0,-2,2,V-1 V-1,HV,1,0,-2,1
mathcalF,0.72,0.73,7014,-1,1,2,V+1 H-1,VH,1,-1,1,0
mathcalF,0.72,0.73,7015,-1,0,1,H-1,HV,1,-1,0,1
mathcalF,0.72,0.73,7016,0,-1,1,V-1,HV,1,0,-1,1
mathcalF,0.72,0.73,7017,0,-2,2,V-1 V-1,HV,1,0,-2,1
mathcalF,0.72,0.73,7018,1,0,1,H+1,HV,1,1,0,1
mathcalF,0.72,0.73,7019,-1,0,1,H-1,HV,1,-1,0,1
mathcalF,0.72,0.73,7020,-1,2,3,V+1 V+1 H-1,VH,1,-1,2,-1
mathcalF,0.72,0.73,7021,0,0,0,I,HV,1,0,0,1
mathcalF,0.72,0.73,7022,0,1,3,H+1 V+1 H-1,longer_word,2,-1,1,0
mathcalF,0.72,0.73,7023,1,-1,2,H+1 V-1,HV,0,1,-1,1
mathcalF,0.72,0.73,7024,0,-1,3,H+1 V-1 H-1,longer_word,0,1,-1,2
mathcalF,0.72,0.73,7025,1,0,1,H+1,HV,1,1,0,1
mathcalF,0.72,0.73,7026,0,0,0,I,HV,1,0,0,1
mathcalF,0.72,0.73,7027,-2,0,2,H-1 H-1,HV,1,-2,0,1
mathcalF,0.72,0.73,7028,1,0,1,H+1,HV,1,1,0,1
mathcalF,0.72,0.73,7029,-2,0,2,H-1 H-1,HV,1,-2,0,1
mathcalF,0.72,0.73,7030,1,1,2,V+1 H+1,VH,1,1,1,2
mathcalF,0.72,0.73,7031,1,0,1,H+1,HV,1,1,0,1
mathcalF,0.72,0.73,7032,-1,0,1,H-1,HV,1,-1,0,1
mathcalF,0.72,0.73,7033,-1,0,1,H-1,HV,1,-1,0,1
mathcalF,0.72,0.73,7034,1,0,1,H+1,HV,1,1,0,1
mathcalF,0.72,0.73,7035,1,0,1,H+1,HV,1,1,0,1
mathcalF,0.72,0.73,7036,1,0,1,H+1,HV,1,1,0,1
mathcalF,0.72,0.73,7037,1,-1,2,H+1 V-1,HV,0,1,-1,1
mathcalF,0.72,0.73,7038,1,0,1,H+1,HV,1,1,0,1
mathcalF,0.72,0.73,7039,1,0,1,H+1,HV,1,1,0,1
mathcalF,0.72,0.73,7040,1,0,1,H+1,HV,1,1,0,1
mathcalF,0.72,0.73,7041,-1,0,1,H-1,HV,1,-1,0,1
mathcalF,0.72,0.73,7042,-1,0,1,H-1,HV,1,-1,0,1
mathcalF,0.72,0.73,7043,1,0,1,H+1,HV,1,1,0,1
mathcalF,0.72,0.73,7044,1,0,1,H+1,HV,1,1,0,1
mathcalF,0.72,0.73,7045,1,0,1,H+1,HV,1,1,0,1
mathcalF,0.72,0.73,7046,1,0,1,H+1,HV,1,1,0,1
mathcalF,0.72,0.73,7047,1,0,1,H+1,HV,1,1,0,1
mathcalF,0.72,0.73,7048,1,0,1,H+1,HV,1,1,0,1
mathcalF,0.72,0.73,7049,-1,0,1,H-1,HV,1,-1,0,1
mathcalF,0.72,0.73,7050,-1,0,1,H-1,HV,1,-1,0,1
mathcalF,0.72,0.73,7051,1,0,1,H+1,HV,1,1,0,1
mathcalF,0.72,0.73,7052,1,0,1,H+1,HV,1,1,0,1
mathcalF,0.72,0.73,7053,1,-1,2,H+1 V-1,HV,0,1,-1,1
mathcalF,0.72,0.73,7054,0,0,0,I,HV,1,0,0,1
mathcalF,0.72,0.73,7055,0,0,0,I,HV,1,0,0,1
mathcalF,0.72,0.73,7056,0,0,0,I,HV,1,0,0,1
mathcalF,0.72,0.73,7057,0,1,1,V+1,HV,1,0,1,1
mathcalF,0.72,0.73,7058,0,1,1,V+1,HV,1,0,1,1
mathcalF,0.72,0.73,7059,0,0,0,I,HV,1,0,0,1
mathcalF,0.72,0.73,7060,0,0,0,I,HV,1,0,0,1
mathcalF,0.72,0.73,7061,0,0,0,I,HV,1,0,0,1
mathcalF,0.72,0.73,7062,0,0,0,I,HV,1,0,0,1
mathcalF,0.72,0.73,7063,0,0,0,I,HV,1,0,0,1
mathcalF,0.72,0.73,7064,0,0,0,I,HV,1,0,0,1
mathcalF,0.72,0.73,7065,0,0,0,I,HV,1,0,0,1
mathcalF,0.72,0.73,7066,0,0,0,I,HV,1,0,0,1
mathcalF,0.72,0.73,7067,0,0,0,I,HV,1,0,0,1
mathcalF,0.72,0.73,7068,0,0,0,I,HV,1,0,0,1
mathcalF,0.72,0.73,7069,0,0,0,I,HV,1,0,0,1
mathcalF,0.72,0.73,7070,0,0,0,I,HV,1,0,0,1
mathcalF,0.72,0.73,7071,0,0,0,I,HV,1,0,0,1
mathcalF,0.72,0.73,7072,0,0,0,I,HV,1,0,0,1
mathcalF,0.72,0.73,7073,0,0,0,I,HV,1,0,0,1
mathcalF,0.72,0.73,7074,0,0,0,I,HV,1,0,0,1
mathcalF,0.72,0.73,7075,0,0,0,I,HV,1,0,0,1
mathcalF,0.72,0.73,7076,0,0,0,I,HV,1,0,0,1
mathcalF,0.72,0.73,7077,0,0,0,I,HV,1,0,0,1
mathcalF,0.72,0.73,7078,0,0,0,I,HV,1,0,0,1
mathcalF,0.72,0.73,7079,0,0,0,I,HV,1,0,0,1
mathcalF,0.72,0.73,7080,0,0,0,I,HV,1,0,0,1
mathcalF,0.72,0.73,7081,0,0,0,I,HV,1,0,0,1
mathcalF,0.72,0.73,7082,0,0,0,I,HV,1,0,0,1
mathcalF,0.72,0.73,7083,0,0,0,I,HV,1,0,0,1
mathcalF,0.72,0.73,7084,0,0,0,I,HV,1,0,0,1
mathcalF,0.72,0.73,7085,0,0,0,I,HV,1,0,0,1
mathcalF,0.72,0.73,7086,0,0,0,I,HV,1,0,0,1
mathcalF,0.72,0.73,7087,0,0,0,I,HV,1,0,0,1
mathcalF,0.72,0.73,7088,0,0,0,I,HV,1,0,0,1
mathcalF,0.72,0.73,7089,0,0,0,I,HV,1,0,0,1
mathcalF,0.72,0.73,7090,0,0,0,I,HV,1,0,0,1
mathcalF,0.72,0.73,7091,0,0,0,I,HV,1,0,0,1
mathcalF,0.72,0.73,7092,0,0,0,I,HV,1,0,0,1
mathcalF,0.72,0.73,7093,0,0,0,I,HV,1,0,0,1
mathcalF,0.72,0.73,7094,0,0,0,I,HV,1,0,0,1
mathcalF,0.72,0.73,7095,0,0,0,I,HV,1,0,0,1
mathcalF,0.72,0.73,7096,0,0,0,I,HV,1,0,0,1
mathcalF,0.72,0.73,7097,0,0,0,I,HV,1,0,0,1
mathcalF,0.72,0.73,7098,0,0,0,I,HV,1,0,0,1
mathcalF,0.72,0.73,7099,0,0,0,I,HV,1,0,0,1
mathcalF,0.72,0.73,7100,0,0,0,I,HV,1,0,0,1
mathcalF,0.72,0.73,7101,0,0,0,I,HV,1,0,0,1
mathcalF,0.72,0.73,7102,0,0,0,I,HV,1,0,0,1
mathcalF,0.72,0.73,7103,0,0,0,I,HV,1,0,0,1
mathcalF,0.72,0.73,7104,0,0,0,I,HV,1,0,0,1
mathcalF,0.72,0.73,7105,0,0,0,I,HV,1,0,0,1
mathcalF,0.72,0.73,7106,0,0,0,I,HV,1,0,0,1
mathcalF,0.72,0.73,7107,0,0,0,I,HV,1,0,0,1
mathcalF,0.72,0.73,7108,0,0,0,I,HV,1,0,0,1
mathcalF,0.72,0.73,7109,0,0,0,I,HV,1,0,0,1
mathcalF,0.72,0.73,7110,0,0,0,I,HV,1,0,0,1
mathcalF,0.72,0.73,7111,0,0,0,I,HV,1,0,0,1
mathcalF,0.72,0.73,7112,0,0,0,I,HV,1,0,0,1
mathcalF,0.72,0.73,7113,0,0,0,I,HV,1,0,0,1
mathcalF,0.72,0.73,7114,0,1,1,V+1,HV,1,0,1,1
mathcalF,0.72,0.73,7115,0,1,1,V+1,HV,1,0,1,1
mathcalF,0.72,0.73,7116,0,0,0,I,HV,1,0,0,1
mathcalF,0.72,0.73,7117,0,0,0,I,HV,1,0,0,1
mathcalF,0.72,0.73,7118,0,0,0,I,HV,1,0,0,1
mathcalF,0.72,0.73,7119,0,0,0,I,HV,1,0,0,1
mathcalF,0.72,0.73,7120,0,0,0,I,HV,1,0,0,1
mathcalF,0.72,0.73,7121,0,0,0,I,HV,1,0,0,1
mathcalF,0.72,0.73,7122,0,0,0,I,HV,1,0,0,1
mathcalF,0.72,0.73,7123,0,0,0,I,HV,1,0,0,1
mathcalF,0.72,0.73,7124,0,1,1,V+1,HV,1,0,1,1
mathcalF,0.72,0.73,7125,0,1,1,V+1,HV,1,0,1,1
mathcalF,0.72,0.73,7126,0,0,0,I,HV,1,0,0,1
mathcalF,0.72,0.73,7127,0,0,0,I,HV,1,0,0,1
mathcalF,0.72,0.73,7128,0,0,0,I,HV,1,0,0,1
mathcalF,0.72,0.73,7129,0,0,0,I,HV,1,0,0,1
mathcalF,0.72,0.73,7130,0,0,0,I,HV,1,0,0,1
mathcalF,0.72,0.73,7131,0,0,0,I,HV,1,0,0,1
mathcalF,0.72,0.73,7132,0,0,0,I,HV,1,0,0,1
mathcalF,0.72,0.73,7133,1,0,1,H+1,HV,1,1,0,1
mathcalF,0.72,0.73,7134,1,0,1,H+1,HV,1,1,0,1
mathcalF,0.72,0.73,7135,0,1,1,V+1,HV,1,0,1,1
mathcalF,0.72,0.73,7136,0,0,0,I,HV,1,0,0,1
mathcalF,0.72,0.73,7137,0,0,0,I,HV,1,0,0,1
mathcalF,0.72,0.73,7138,1,1,2,H+1 V+1,HV,2,1,1,1
mathcalF,0.72,0.73,7139,1,-1,2,H+1 V-1,HV,0,1,-1,1
mathcalF,0.72,0.73,7140,1,0,1,H+1,HV,1,1,0,1
mathcalF,0.72,0.73,7141,1,1,2,V+1 H+1,VH,1,1,1,2
mathcalF,0.72,0.73,7142,-2,0,2,H-1 H-1,HV,1,-2,0,1
mathcalF,0.72,0.73,7143,-2,0,2,H-1 H-1,HV,1,-2,0,1
mathcalF,0.72,0.73,7144,1,1,2,V+1 H+1,VH,1,1,1,2
mathcalF,0.72,0.73,7145,1,0,1,H+1,HV,1,1,0,1
mathcalF,0.72,0.73,7146,-1,0,1,H-1,HV,1,-1,0,1
mathcalF,0.72,0.73,7147,-1,0,1,H-1,HV,1,-1,0,1
mathcalF,0.72,0.73,7148,1,0,1,H+1,HV,1,1,0,1
mathcalF,0.72,0.73,7149,1,0,1,H+1,HV,1,1,0,1
mathcalF,0.72,0.73,7150,-2,0,2,H-1 H-1,HV,1,-2,0,1
mathcalF,0.72,0.73,7151,-1,0,1,H-1,HV,1,-1,0,1
mathcalF,0.72,0.73,7152,-1,-1,2,H-1 V-1,HV,2,-1,-1,1
mathcalF,0.72,0.73,7153,0,0,0,I,HV,1,0,0,1
mathcalF,0.72,0.73,7154,-1,0,1,H-1,HV,1,-1,0,1
mathcalF,0.72,0.73,7155,0,0,0,I,HV,1,0,0,1
mathcalF,0.72,0.73,7156,-1,0,1,H-1,HV,1,-1,0,1
mathcalF,0.72,0.73,7157,-1,2,3,V+1 V+1 H-1,VH,1,-1,2,-1
mathcalF,0.72,0.73,7158,-1,1,2,V+1 H-1,VH,1,-1,1,0
mathcalF,0.72,0.73,7159,-1,1,2,V+1 H-1,VH,1,-1,1,0
mathcalF,0.72,0.73,7160,0,0,0,I,HV,1,0,0,1
mathcalF,0.72,0.73,7161,-1,0,1,H-1,HV,1,-1,0,1
mathcalF,0.72,0.73,7162,-1,-1,4,H+1 V-1 H-1 H-1,longer_word,0,1,-1,3
mathcalF,0.72,0.73,7163,-1,0,1,H-1,HV,1,-1,0,1
mathcalF,0.72,0.73,7164,1,1,2,V+1 H+1,VH,1,1,1,2
mathcalF,0.72,0.73,7165,1,0,1,H+1,HV,1,1,0,1
mathcalF,0.72,0.73,7166,-1,0,1,H-1,HV,1,-1,0,1
mathcalF,0.72,0.73,7167,-1,0,1,H-1,HV,1,-1,0,1
mathcalF,0.72,0.73,7168,1,0,1,H+1,HV,1,1,0,1
mathcalF,0.72,0.73,7169,1,0,1,H+1,HV,1,1,0,1
mathcalF,0.72,0.73,7170,-1,0,1,H-1,HV,1,-1,0,1
mathcalF,0.72,0.73,7171,-1,0,1,H-1,HV,1,-1,0,1
mathcalF,0.72,0.73,7172,1,0,1,H+1,HV,1,1,0,1
mathcalF,0.72,0.73,7173,1,0,1,H+1,HV,1,1,0,1
mathcalF,0.72,0.73,7174,1,0,1,H+1,HV,1,1,0,1
mathcalF,0.72,0.73,7175,1,0,1,H+1,HV,1,1,0,1
mathcalF,0.72,0.73,7176,1,-1,2,H+1 V-1,HV,0,1,-1,1
mathcalF,0.72,0.73,7177,1,-1,2,H+1 V-1,HV,0,1,-1,1
mathcalF,0.72,0.73,7178,1,0,1,H+1,HV,1,1,0,1
mathcalF,0.72,0.73,7179,1,0,1,H+1,HV,1,1,0,1
mathcalF,0.72,0.73,7180,-1,0,1,H-1,HV,1,-1,0,1
mathcalF,0.72,0.73,7181,-1,0,1,H-1,HV,1,-1,0,1
mathcalF,0.72,0.73,7182,1,0,1,H+1,HV,1,1,0,1
mathcalF,0.72,0.73,7183,1,0,1,H+1,HV,1,1,0,1
mathcalF,0.72,0.73,7184,1,0,1,H+1,HV,1,1,0,1
mathcalF,0.72,0.73,7185,1,0,1,H+1,HV,1,1,0,1
mathcalF,0.72,0.73,7186,0,0,0,I,HV,1,0,0,1
mathcalF,0.72,0.73,7187,1,0,1,H+1,HV,1,1,0,1
mathcalF,0.72,0.73,7188,-1,0,1,H-1,HV,1,-1,0,1
mathcalF,0.72,0.73,7189,0,0,0,I,HV,1,0,0,1
mathcalF,0.72,0.73,7190,0,0,0,I,HV,1,0,0,1
mathcalF,0.72,0.73,7191,1,0,1,H+1,HV,1,1,0,1
mathcalF,0.72,0.73,7192,0,0,0,I,HV,1,0,0,1
mathcalF,0.72,0.73,7193,0,0,0,I,HV,1,0,0,1
mathcalF,0.72,0.73,7194,0,0,0,I,HV,1,0,0,1
mathcalF,0.72,0.73,7195,0,0,0,I,HV,1,0,0,1
mathcalF,0.72,0.73,7196,0,1,1,V+1,HV,1,0,1,1
mathcalF,0.72,0.73,7197,0,1,1,V+1,HV,1,0,1,1
mathcalF,0.72,0.73,7198,0,0,0,I,HV,1,0,0,1
mathcalF,0.72,0.73,7199,0,0,0,I,HV,1,0,0,1
mathcalF,0.72,0.73,7200,0,0,0,I,HV,1,0,0,1
mathcalF,0.72,0.73,7201,0,0,0,I,HV,1,0,0,1
mathcalF,0.72,0.73,7202,0,0,0,I,HV,1,0,0,1
mathcalF,0.72,0.73,7203,0,0,0,I,HV,1,0,0,1
mathcalF,0.72,0.73,7204,0,0,0,I,HV,1,0,0,1
mathcalF,0.72,0.73,7205,0,0,0,I,HV,1,0,0,1
mathcalF,0.72,0.73,7206,0,0,0,I,HV,1,0,0,1
mathcalF,0.72,0.73,7207,0,0,0,I,HV,1,0,0,1
mathcalF,0.72,0.73,7208,0,0,0,I,HV,1,0,0,1
mathcalF,0.72,0.73,7209,0,0,0,I,HV,1,0,0,1
mathcalF,0.72,0.73,7210,0,0,0,I,HV,1,0,0,1
mathcalF,0.72,0.73,7211,0,0,0,I,HV,1,0,0,1
mathcalF,0.72,0.73,7212,0,0,0,I,HV,1,0,0,1
mathcalF,0.72,0.73,7213,0,0,0,I,HV,1,0,0,1
mathcalF,0.72,0.73,7214,0,0,0,I,HV,1,0,0,1
mathcalF,0.72,0.73,7215,0,0,0,I,HV,1,0,0,1
mathcalF,0.72,0.73,7216,0,0,0,I,HV,1,0,0,1
mathcalF,0.72,0.73,7217,0,0,0,I,HV,1,0,0,1
mathcalF,0.72,0.73,7218,0,0,0,I,HV,1,0,0,1
mathcalF,0.72,0.73,7219,0,0,0,I,HV,1,0,0,1
mathcalF,0.72,0.73,7220,0,0,0,I,HV,1,0,0,1
mathcalF,0.72,0.73,7221,0,0,0,I,HV,1,0,0,1
mathcalF,0.72,0.73,7222,0,0,0,I,HV,1,0,0,1
mathcalF,0.72,0.73,7223,0,0,0,I,HV,1,0,0,1
mathcalF,0.72,0.73,7224,0,0,0,I,HV,1,0,0,1
mathcalF,0.72,0.73,7225,0,0,0,I,HV,1,0,0,1
mathcalF,0.72,0.73,7226,0,0,0,I,HV,1,0,0,1
mathcalF,0.72,0.73,7227,0,0,0,I,HV,1,0,0,1
mathcalF,0.72,0.73,7228,0,0,0,I,HV,1,0,0,1
mathcalF,0.72,0.73,7229,0,0,0,I,HV,1,0,0,1
mathcalF,0.72,0.73,7230,0,0,0,I,HV,1,0,0,1
mathcalF,0.72,0.73,7231,0,0,0,I,HV,1,0,0,1
mathcalF,0.72,0.73,7232,0,0,0,I,HV,1,0,0,1
mathcalF,0.72,0.73,7233,0,0,0,I,HV,1,0,0,1
mathcalF,0.72,0.73,7234,0,0,0,I,HV,1,0,0,1
mathcalF,0.72,0.73,7235,0,0,0,I,HV,1,0,0,1
mathcalF,0.72,0.73,7236,0,0,0,I,HV,1,0,0,1
mathcalF,0.72,0.73,7237,0,0,0,I,HV,1,0,0,1
mathcalF,0.72,0.73,7238,0,0,0,I,HV,1,0,0,1
mathcalF,0.72,0.73,7239,0,0,0,I,HV,1,0,0,1
mathcalF,0.72,0.73,7240,0,0,0,I,HV,1,0,0,1
mathcalF,0.72,0.73,7241,0,0,0,I,HV,1,0,0,1
mathcalF,0.72,0.73,7242,0,0,0,I,HV,1,0,0,1
mathcalF,0.72,0.73,7243,0,0,0,I,HV,1,0,0,1
mathcalF,0.72,0.73,7244,0,0,0,I,HV,1,0,0,1
mathcalF,0.72,0.73,7245,0,0,0,I,HV,1,0,0,1
mathcalF,0.72,0.73,7246,0,0,0,I,HV,1,0,0,1
mathcalF,0.72,0.73,7247,0,0,0,I,HV,1,0,0,1
mathcalF,0.72,0.73,7248,0,0,0,I,HV,1,0,0,1
mathcalF,0.72,0.73,7249,0,0,0,I,HV,1,0,0,1
mathcalF,0.72,0.73,7250,0,0,0,I,HV,1,0,0,1
mathcalF,0.72,0.73,7251,0,0,0,I,HV,1,0,0,1
mathcalF,0.72,0.73,7252,0,0,0,I,HV,1,0,0,1
mathcalF,0.72,0.73,7253,0,0,0,I,HV,1,0,0,1
mathcalF,0.72,0.73,7254,0,1,1,V+1,HV,1,0,1,1
mathcalF,0.72,0.73,7255,0,1,1,V+1,HV,1,0,1,1
mathcalF,0.72,0.73,7256,0,0,0,I,HV,1,0,0,1
mathcalF,0.72,0.73,7257,0,0,0,I,HV,1,0,0,1
mathcalF,0.72,0.73,7258,0,0,0,I,HV,1,0,0,1
mathcalF,0.72,0.73,7259,0,0,0,I,HV,1,0,0,1
mathcalF,0.72,0.73,7260,0,0,0,I,HV,1,0,0,1
mathcalF,0.72,0.73,7261,0,0,0,I,HV,1,0,0,1
mathcalF,0.72,0.73,7262,0,0,0,I,HV,1,0,0,1
mathcalF,0.72,0.73,7263,0,0,0,I,HV,1,0,0,1
mathcalF,0.72,0.73,7264,0,1,1,V+1,HV,1,0,1,1
mathcalF,0.72,0.73,7265,0,1,1,V+1,HV,1,0,1,1
mathcalF,0.72,0.73,7266,0,0,0,I,HV,1,0,0,1
mathcalF,0.72,0.73,7267,0,0,0,I,HV,1,0,0,1
mathcalF,0.72,0.73,7268,0,0,0,I,HV,1,0,0,1
mathcalF,0.72,0.73,7269,0,0,0,I,HV,1,0,0,1
mathcalF,0.72,0.73,7270,0,0,0,I,HV,1,0,0,1
mathcalF,0.72,0.73,7271,0,0,0,I,HV,1,0,0,1
mathcalF,0.72,0.73,7272,1,0,1,H+1,HV,1,1,0,1
mathcalF,0.72,0.73,7273,1,0,1,H+1,HV,1,1,0,1
mathcalF,0.72,0.73,7274,1,0,1,H+1,HV,1,1,0,1
mathcalF,0.72,0.73,7275,-1,0,1,H-1,HV,1,-1,0,1
mathcalF,0.72,0.73,7276,-1,0,1,H-1,HV,1,-1,0,1
mathcalF,0.72,0.73,7277,1,1,2,H+1 V+1,HV,2,1,1,1
mathcalF,0.72,0.73,7278,1,1,2,H+1 V+1,HV,2,1,1,1
mathcalF,0.72,0.73,7279,1,-1,2,H+1 V-1,HV,0,1,-1,1
mathcalF,0.72,0.73,7280,1,1,2,V+1 H+1,VH,1,1,1,2
mathcalF,0.72,0.73,7281,1,0,1,H+1,HV,1,1,0,1
mathcalF,0.72,0.73,7282,-1,0,1,H-1,HV,1,-1,0,1
mathcalF,0.72,0.73,7283,-1,0,1,H-1,HV,1,-1,0,1
mathcalF,0.72,0.73,7284,1,0,1,H+1,HV,1,1,0,1
mathcalF,0.72,0.73,7285,1,0,1,H+1,HV,1,1,0,1
mathcalF,0.72,0.73,7286,-1,0,1,H-1,HV,1,-1,0,1
mathcalF,0.72,0.73,7287,-1,0,1,H-1,HV,1,-1,0,1
mathcalF,0.72,0.73,7288,1,0,1,H+1,HV,1,1,0,1
mathcalF,0.72,0.73,7289,-1,0,1,H-1,HV,1,-1,0,1
mathcalF,0.72,0.73,7290,-1,-1,2,H-1 V-1,HV,2,-1,-1,1
mathcalF,0.72,0.73,7291,-1,0,1,H-1,HV,1,-1,0,1
mathcalF,0.72,0.73,7292,0,0,0,I,HV,1,0,0,1
mathcalF,0.72,0.73,7293,-1,-1,2,H-1 V-1,HV,2,-1,-1,1
mathcalF,0.72,0.73,7294,0,1,3,H+1 V+1 H-1,longer_word,2,-1,1,0
mathcalF,0.72,0.73,7295,0,0,0,I,HV,1,0,0,1
mathcalF,0.72,0.73,7296,0,-1,1,V-1,HV,1,0,-1,1
mathcalF,0.72,0.73,7297,0,-1,1,V-1,HV,1,0,-1,1
mathcalF,0.72,0.73,7298,-1,0,1,H-1,HV,1,-1,0,1
mathcalF,0.72,0.73,7299,-1,0,1,H-1,HV,1,-1,0,1
mathcalF,0.72,0.73,7300,-1,0,1,H-1,HV,1,-1,0,1
mathcalF,0.72,0.73,7301,-1,0,1,H-1,HV,1,-1,0,1
mathcalF,0.72,0.73,7302,0,0,0,I,HV,1,0,0,1
mathcalF,0.72,0.73,7303,0,0,0,I,HV,1,0,0,1
mathcalF,0.72,0.73,7304,1,0,1,H+1,HV,1,1,0,1
mathcalF,0.72,0.73,7305,1,0,1,H+1,HV,1,1,0,1
mathcalF,0.72,0.73,7306,-1,0,1,H-1,HV,1,-1,0,1
mathcalF,0.72,0.73,7307,-1,0,1,H-1,HV,1,-1,0,1
mathcalF,0.72,0.73,7308,1,0,1,H+1,HV,1,1,0,1
mathcalF,0.72,0.73,7309,1,0,1,H+1,HV,1,1,0,1
mathcalF,0.72,0.73,7310,-1,0,1,H-1,HV,1,-1,0,1
mathcalF,0.72,0.73,7311,-1,0,1,H-1,HV,1,-1,0,1
mathcalF,0.72,0.73,7312,1,0,1,H+1,HV,1,1,0,1
mathcalF,0.72,0.73,7313,1,0,1,H+1,HV,1,1,0,1
mathcalF,0.72,0.73,7314,1,0,1,H+1,HV,1,1,0,1
mathcalF,0.72,0.73,7315,1,0,1,H+1,HV,1,1,0,1
mathcalF,0.72,0.73,7316,1,-1,2,H+1 V-1,HV,0,1,-1,1
mathcalF,0.72,0.73,7317,1,-1,2,H+1 V-1,HV,0,1,-1,1
mathcalF,0.72,0.73,7318,1,0,1,H+1,HV,1,1,0,1
mathcalF,0.72,0.73,7319,1,0,1,H+1,HV,1,1,0,1
mathcalF,0.72,0.73,7320,-1,0,1,H-1,HV,1,-1,0,1
mathcalF,0.72,0.73,7321,-1,0,1,H-1,HV,1,-1,0,1
mathcalF,0.72,0.73,7322,1,0,1,H+1,HV,1,1,0,1
mathcalF,0.72,0.73,7323,1,0,1,H+1,HV,1,1,0,1
mathcalF,0.72,0.73,7324,1,0,1,H+1,HV,1,1,0,1
mathcalF,0.72,0.73,7325,1,0,1,H+1,HV,1,1,0,1
mathcalF,0.72,0.73,7326,0,0,0,I,HV,1,0,0,1
mathcalF,0.72,0.73,7327,0,0,0,I,HV,1,0,0,1
mathcalF,0.72,0.73,7328,0,0,0,I,HV,1,0,0,1
mathcalF,0.72,0.73,7329,0,0,0,I,HV,1,0,0,1
mathcalF,0.72,0.73,7330,0,0,0,I,HV,1,0,0,1
mathcalF,0.72,0.73,7331,0,0,0,I,HV,1,0,0,1
mathcalF,0.72,0.73,7332,0,0,0,I,HV,1,0,0,1
mathcalF,0.72,0.73,7333,0,0,0,I,HV,1,0,0,1
mathcalF,0.72,0.73,7334,0,0,0,I,HV,1,0,0,1
mathcalF,0.72,0.73,7335,0,0,0,I,HV,1,0,0,1
mathcalF,0.72,0.73,7336,0,1,1,V+1,HV,1,0,1,1
mathcalF,0.72,0.73,7337,0,1,1,V+1,HV,1,0,1,1
mathcalF,0.72,0.73,7338,0,0,0,I,HV,1,0,0,1
mathcalF,0.72,0.73,7339,0,0,0,I,HV,1,0,0,1
mathcalF,0.72,0.73,7340,0,0,0,I,HV,1,0,0,1
mathcalF,0.72,0.73,7341,0,0,0,I,HV,1,0,0,1
mathcalF,0.72,0.73,7342,0,0,0,I,HV,1,0,0,1
mathcalF,0.72,0.73,7343,0,0,0,I,HV,1,0,0,1
mathcalF,0.72,0.73,7344,0,0,0,I,HV,1,0,0,1
mathcalF,0.72,0.73,7345,0,0,0,I,HV,1,0,0,1
mathcalF,0.72,0.73,7346,0,0,0,I,HV,1,0,0,1
mathcalF,0.72,0.73,7347,0,0,0,I,HV,1,0,0,1
mathcalF,0.72,0.73,7348,0,0,0,I,HV,1,0,0,1
mathcalF,0.72,0.73,7349,0,0,0,I,HV,1,0,0,1
mathcalF,0.72,0.73,7350,0,0,0,I,HV,1,0,0,1
mathcalF,0.72,0.73,7351,0,0,0,I,HV,1,0,0,1
mathcalF,0.72,0.73,7352,0,0,0,I,HV,1,0,0,1
mathcalF,0.72,0.73,7353,0,0,0,I,HV,1,0,0,1
mathcalF,0.72,0.73,7354,0,0,0,I,HV,1,0,0,1
mathcalF,0.72,0.73,7355,0,0,0,I,HV,1,0,0,1
mathcalF,0.72,0.73,7356,0,0,0,I,HV,1,0,0,1
mathcalF,0.72,0.73,7357,0,0,0,I,HV,1,0,0,1
mathcalF,0.72,0.73,7358,0,0,0,I,HV,1,0,0,1
mathcalF,0.72,0.73,7359,0,0,0,I,HV,1,0,0,1
mathcalF,0.72,0.73,7360,0,0,0,I,HV,1,0,0,1
mathcalF,0.72,0.73,7361,0,0,0,I,HV,1,0,0,1
mathcalF,0.72,0.73,7362,0,0,0,I,HV,1,0,0,1
mathcalF,0.72,0.73,7363,0,0,0,I,HV,1,0,0,1
mathcalF,0.72,0.73,7364,0,0,0,I,HV,1,0,0,1
mathcalF,0.72,0.73,7365,0,0,0,I,HV,1,0,0,1
mathcalF,0.72,0.73,7366,0,0,0,I,HV,1,0,0,1
mathcalF,0.72,0.73,7367,0,0,0,I,HV,1,0,0,1
mathcalF,0.72,0.73,7368,0,0,0,I,HV,1,0,0,1
mathcalF,0.72,0.73,7369,0,0,0,I,HV,1,0,0,1
mathcalF,0.72,0.73,7370,0,0,0,I,HV,1,0,0,1
mathcalF,0.72,0.73,7371,0,0,0,I,HV,1,0,0,1
mathcalF,0.72,0.73,7372,0,0,0,I,HV,1,0,0,1
mathcalF,0.72,0.73,7373,0,0,0,I,HV,1,0,0,1
mathcalF,0.72,0.73,7374,0,0,0,I,HV,1,0,0,1
mathcalF,0.72,0.73,7375,0,0,0,I,HV,1,0,0,1
mathcalF,0.72,0.73,7376,0,0,0,I,HV,1,0,0,1
mathcalF,0.72,0.73,7377,0,0,0,I,HV,1,0,0,1
mathcalF,0.72,0.73,7378,0,0,0,I,HV,1,0,0,1
mathcalF,0.72,0.73,7379,0,0,0,I,HV,1,0,0,1
mathcalF,0.72,0.73,7380,0,0,0,I,HV,1,0,0,1
mathcalF,0.72,0.73,7381,0,0,0,I,HV,1,0,0,1
mathcalF,0.72,0.73,7382,0,0,0,I,HV,1,0,0,1
mathcalF,0.72,0.73,7383,0,0,0,I,HV,1,0,0,1
mathcalF,0.72,0.73,7384,0,0,0,I,HV,1,0,0,1
mathcalF,0.72,0.73,7385,0,0,0,I,HV,1,0,0,1
mathcalF,0.72,0.73,7386,0,0,0,I,HV,1,0,0,1
mathcalF,0.72,0.73,7387,0,0,0,I,HV,1,0,0,1
mathcalF,0.72,0.73,7388,0,0,0,I,HV,1,0,0,1
mathcalF,0.72,0.73,7389,0,0,0,I,HV,1,0,0,1
mathcalF,0.72,0.73,7390,0,0,0,I,HV,1,0,0,1
mathcalF,0.72,0.73,7391,0,0,0,I,HV,1,0,0,1
mathcalF,0.72,0.73,7392,0,0,0,I,HV,1,0,0,1
mathcalF,0.72,0.73,7393,0,0,0,I,HV,1,0,0,1
mathcalF,0.72,0.73,7394,0,1,1,V+1,HV,1,0,1,1
mathcalF,0.72,0.73,7395,0,1,1,V+1,HV,1,0,1,1
mathcalF,0.72,0.73,7396,0,0,0,I,HV,1,0,0,1
mathcalF,0.72,0.73,7397,0,0,0,I,HV,1,0,0,1
mathcalF,0.72,0.73,7398,0,0,0,I,HV,1,0,0,1
mathcalF,0.72,0.73,7399,0,0,0,I,HV,1,0,0,1
mathcalF,0.72,0.73,7400,0,0,0,I,HV,1,0,0,1
mathcalF,0.72,0.73,7401,0,0,0,I,HV,1,0,0,1
mathcalF,0.72,0.73,7402,0,0,0,I,HV,1,0,0,1
mathcalF,0.72,0.73,7403,0,0,0,I,HV,1,0,0,1
mathcalF,0.72,0.73,7404,0,1,1,V+1,HV,1,0,1,1
mathcalF,0.72,0.73,7405,0,1,1,V+1,HV,1,0,1,1
mathcalF,0.72,0.73,7406,0,0,0,I,HV,1,0,0,1
mathcalF,0.72,0.73,7407,0,0,0,I,HV,1,0,0,1
mathcalF,0.72,0.73,7408,-1,0,1,H-1,HV,1,-1,0,1
mathcalF,0.72,0.73,7409,1,0,1,H+1,HV,1,1,0,1
mathcalF,0.72,0.73,7410,0,0,0,I,HV,1,0,0,1
mathcalF,0.72,0.73,7411,1,0,1,H+1,HV,1,1,0,1
mathcalF,0.72,0.73,7412,1,0,1,H+1,HV,1,1,0,1
mathcalF,0.72,0.73,7413,1,0,1,H+1,HV,1,1,0,1
mathcalF,0.72,0.73,7414,0,1,1,V+1,HV,1,0,1,1
mathcalF,0.72,0.73,7415,1,-1,2,H+1 V-1,HV,0,1,-1,1
mathcalF,0.72,0.73,7416,1,1,2,H+1 V+1,HV,2,1,1,1
mathcalF,0.72,0.73,7417,2,1,3,H+1 H+1 V+1,HV,3,2,1,1
mathcalF,0.72,0.73,7418,1,-1,2,H+1 V-1,HV,0,1,-1,1
mathcalF,0.72,0.73,7419,0,-1,3,H+1 V-1 H-1,longer_word,0,1,-1,2
mathcalF,0.72,0.73,7420,1,0,1,H+1,HV,1,1,0,1
mathcalF,0.72,0.73,7421,-1,0,1,H-1,HV,1,-1,0,1
mathcalF,0.72,0.73,7422,-1,0,1,H-1,HV,1,-1,0,1
mathcalF,0.72,0.73,7423,1,0,1,H+1,HV,1,1,0,1
mathcalF,0.72,0.73,7424,1,0,1,H+1,HV,1,1,0,1
mathcalF,0.72,0.73,7425,-1,0,1,H-1,HV,1,-1,0,1
mathcalF,0.72,0.73,7426,-1,0,1,H-1,HV,1,-1,0,1
mathcalF,0.72,0.73,7427,1,0,1,H+1,HV,1,1,0,1
mathcalF,0.72,0.73,7428,1,0,1,H+1,HV,1,1,0,1
mathcalF,0.72,0.73,7429,0,0,0,I,HV,1,0,0,1
mathcalF,0.72,0.73,7430,0,-1,1,V-1,HV,1,0,-1,1
mathcalF,0.72,0.73,7431,0,-1,1,V-1,HV,1,0,-1,1
mathcalF,0.72,0.73,7432,-1,1,2,V+1 H-1,VH,1,-1,1,0
mathcalF,0.72,0.73,7433,-1,1,2,V+1 H-1,VH,1,-1,1,0
mathcalF,0.72,0.73,7434,0,-1,1,V-1,HV,1,0,-1,1
mathcalF,0.72,0.73,7435,2,-1,3,H+1 H+1 V-1,HV,-1,2,-1,1
mathcalF,0.72,0.73,7436,-2,0,2,H-1 H-1,HV,1,-2,0,1
mathcalF,0.72,0.73,7437,-2,0,2,H-1 H-1,HV,1,-2,0,1
mathcalF,0.72,0.73,7438,-2,0,2,H-1 H-1,HV,1,-2,0,1
mathcalF,0.72,0.73,7439,-2,0,2,H-1 H-1,HV,1,-2,0,1
mathcalF,0.72,0.73,7440,-1,-1,2,V-1 H-1,VH,1,-1,-1,2
mathcalF,0.72,0.73,7441,-2,0,2,H-1 H-1,HV,1,-2,0,1
mathcalF,0.72,0.73,7442,0,1,1,V+1,HV,1,0,1,1
mathcalF,0.72,0.73,7443,0,0,0,I,HV,1,0,0,1
mathcalF,0.72,0.73,7444,1,0,1,H+1,HV,1,1,0,1
mathcalF,0.72,0.73,7445,1,0,1,H+1,HV,1,1,0,1
mathcalF,0.72,0.73,7446,-1,0,1,H-1,HV,1,-1,0,1
mathcalF,0.72,0.73,7447,-1,0,1,H-1,HV,1,-1,0,1
mathcalF,0.72,0.73,7448,1,0,1,H+1,HV,1,1,0,1
mathcalF,0.72,0.73,7449,1,0,1,H+1,HV,1,1,0,1
mathcalF,0.72,0.73,7450,-1,0,1,H-1,HV,1,-1,0,1
mathcalF,0.72,0.73,7451,-1,0,1,H-1,HV,1,-1,0,1
mathcalF,0.72,0.73,7452,1,0,1,H+1,HV,1,1,0,1
mathcalF,0.72,0.73,7453,1,0,1,H+1,HV,1,1,0,1
mathcalF,0.72,0.73,7454,1,0,1,H+1,HV,1,1,0,1
mathcalF,0.72,0.73,7455,1,0,1,H+1,HV,1,1,0,1
mathcalF,0.72,0.73,7456,1,-1,2,H+1 V-1,HV,0,1,-1,1
mathcalF,0.72,0.73,7457,1,-1,2,H+1 V-1,HV,0,1,-1,1
mathcalF,0.72,0.73,7458,1,0,1,H+1,HV,1,1,0,1
mathcalF,0.72,0.73,7459,1,0,1,H+1,HV,1,1,0,1
mathcalF,0.72,0.73,7460,-1,0,1,H-1,HV,1,-1,0,1
mathcalF,0.72,0.73,7461,-1,0,1,H-1,HV,1,-1,0,1
mathcalF,0.72,0.73,7462,1,0,1,H+1,HV,1,1,0,1
mathcalF,0.72,0.73,7463,1,0,1,H+1,HV,1,1,0,1
mathcalF,0.72,0.73,7464,0,0,0,I,HV,1,0,0,1
mathcalF,0.72,0.73,7465,1,0,1,H+1,HV,1,1,0,1
mathcalF,0.72,0.73,7466,0,0,0,I,HV,1,0,0,1
mathcalF,0.72,0.73,7467,0,0,0,I,HV,1,0,0,1
mathcalF,0.72,0.73,7468,0,0,0,I,HV,1,0,0,1
mathcalF,0.72,0.73,7469,0,0,0,I,HV,1,0,0,1
mathcalF,0.72,0.73,7470,0,0,0,I,HV,1,0,0,1
mathcalF,0.72,0.73,7471,0,0,0,I,HV,1,0,0,1
mathcalF,0.72,0.73,7472,0,0,0,I,HV,1,0,0,1
mathcalF,0.72,0.73,7473,0,0,0,I,HV,1,0,0,1
mathcalF,0.72,0.73,7474,0,0,0,I,HV,1,0,0,1
mathcalF,0.72,0.73,7475,0,0,0,I,HV,1,0,0,1
mathcalF,0.72,0.73,7476,0,1,1,V+1,HV,1,0,1,1
mathcalF,0.72,0.73,7477,0,1,1,V+1,HV,1,0,1,1
mathcalF,0.72,0.73,7478,0,0,0,I,HV,1,0,0,1
mathcalF,0.72,0.73,7479,0,0,0,I,HV,1,0,0,1
mathcalF,0.72,0.73,7480,0,0,0,I,HV,1,0,0,1
mathcalF,0.72,0.73,7481,0,0,0,I,HV,1,0,0,1
mathcalF,0.72,0.73,7482,0,0,0,I,HV,1,0,0,1
mathcalF,0.72,0.73,7483,0,0,0,I,HV,1,0,0,1
mathcalF,0.72,0.73,7484,0,0,0,I,HV,1,0,0,1
mathcalF,0.72,0.73,7485,0,0,0,I,HV,1,0,0,1
mathcalF,0.72,0.73,7486,0,0,0,I,HV,1,0,0,1
mathcalF,0.72,0.73,7487,0,0,0,I,HV,1,0,0,1
mathcalF,0.72,0.73,7488,0,0,0,I,HV,1,0,0,1
mathcalF,0.72,0.73,7489,0,0,0,I,HV,1,0,0,1
mathcalF,0.72,0.73,7490,0,0,0,I,HV,1,0,0,1
mathcalF,0.72,0.73,7491,0,0,0,I,HV,1,0,0,1
mathcalF,0.72,0.73,7492,0,0,0,I,HV,1,0,0,1
mathcalF,0.72,0.73,7493,0,0,0,I,HV,1,0,0,1
mathcalF,0.72,0.73,7494,0,0,0,I,HV,1,0,0,1
mathcalF,0.72,0.73,7495,0,0,0,I,HV,1,0,0,1
mathcalF,0.72,0.73,7496,0,0,0,I,HV,1,0,0,1
mathcalF,0.72,0.73,7497,0,0,0,I,HV,1,0,0,1
mathcalF,0.72,0.73,7498,0,0,0,I,HV,1,0,0,1
mathcalF,0.72,0.73,7499,0,0,0,I,HV,1,0,0,1
mathcalF,0.72,0.73,7500,0,0,0,I,HV,1,0,0,1
mathcalF,0.72,0.73,7501,0,0,0,I,HV,1,0,0,1
mathcalF,0.72,0.73,7502,0,0,0,I,HV,1,0,0,1
mathcalF,0.72,0.73,7503,0,0,0,I,HV,1,0,0,1
mathcalF,0.72,0.73,7504,0,0,0,I,HV,1,0,0,1
mathcalF,0.72,0.73,7505,0,0,0,I,HV,1,0,0,1
mathcalF,0.72,0.73,7506,0,0,0,I,HV,1,0,0,1
mathcalF,0.72,0.73,7507,0,0,0,I,HV,1,0,0,1
mathcalF,0.72,0.73,7508,0,0,0,I,HV,1,0,0,1
mathcalF,0.72,0.73,7509,0,0,0,I,HV,1,0,0,1
mathcalF,0.72,0.73,7510,0,0,0,I,HV,1,0,0,1
mathcalF,0.72,0.73,7511,0,0,0,I,HV,1,0,0,1
mathcalF,0.72,0.73,7512,0,0,0,I,HV,1,0,0,1
mathcalF,0.72,0.73,7513,0,0,0,I,HV,1,0,0,1
mathcalF,0.72,0.73,7514,0,0,0,I,HV,1,0,0,1
mathcalF,0.72,0.73,7515,0,0,0,I,HV,1,0,0,1
mathcalF,0.72,0.73,7516,0,0,0,I,HV,1,0,0,1
mathcalF,0.72,0.73,7517,0,0,0,I,HV,1,0,0,1
mathcalF,0.72,0.73,7518,0,0,0,I,HV,1,0,0,1
mathcalF,0.72,0.73,7519,0,0,0,I,HV,1,0,0,1
mathcalF,0.72,0.73,7520,0,0,0,I,HV,1,0,0,1
mathcalF,0.72,0.73,7521,0,0,0,I,HV,1,0,0,1
mathcalF,0.72,0.73,7522,0,0,0,I,HV,1,0,0,1
mathcalF,0.72,0.73,7523,0,0,0,I,HV,1,0,0,1
mathcalF,0.72,0.73,7524,0,0,0,I,HV,1,0,0,1
mathcalF,0.72,0.73,7525,0,0,0,I,HV,1,0,0,1
mathcalF,0.72,0.73,7526,0,0,0,I,HV,1,0,0,1
mathcalF,0.72,0.73,7527,0,0,0,I,HV,1,0,0,1
mathcalF,0.72,0.73,7528,0,0,0,I,HV,1,0,0,1
mathcalF,0.72,0.73,7529,0,0,0,I,HV,1,0,0,1
mathcalF,0.72,0.73,7530,0,0,0,I,HV,1,0,0,1
mathcalF,0.72,0.73,7531,0,0,0,I,HV,1,0,0,1
mathcalF,0.72,0.73,7532,0,0,0,I,HV,1,0,0,1
mathcalF,0.72,0.73,7533,0,0,0,I,HV,1,0,0,1
mathcalF,0.72,0.73,7534,0,1,1,V+1,HV,1,0,1,1
mathcalF,0.72,0.73,7535,0,1,1,V+1,HV,1,0,1,1
mathcalF,0.72,0.73,7536,0,0,0,I,HV,1,0,0,1
mathcalF,0.72,0.73,7537,0,0,0,I,HV,1,0,0,1
mathcalF,0.72,0.73,7538,0,0,0,I,HV,1,0,0,1
mathcalF,0.72,0.73,7539,0,0,0,I,HV,1,0,0,1
mathcalF,0.72,0.73,7540,0,0,0,I,HV,1,0,0,1
mathcalF,0.72,0.73,7541,0,0,0,I,HV,1,0,0,1
mathcalF,0.72,0.73,7542,0,0,0,I,HV,1,0,0,1
mathcalF,0.72,0.73,7543,0,0,0,I,HV,1,0,0,1
mathcalF,0.72,0.73,7544,0,1,1,V+1,HV,1,0,1,1
mathcalF,0.72,0.73,7545,0,1,1,V+1,HV,1,0,1,1
mathcalF,0.72,0.73,7546,1,1,2,V+1 H+1,VH,1,1,1,2
mathcalF,0.72,0.73,7547,0,0,0,I,HV,1,0,0,1
mathcalF,0.72,0.73,7548,-1,0,1,H-1,HV,1,-1,0,1
mathcalF,0.72,0.73,7549,-1,0,1,H-1,HV,1,-1,0,1
mathcalF,0.72,0.73,7550,0,1,1,V+1,HV,1,0,1,1
mathcalF,0.72,0.73,7551,1,0,1,H+1,HV,1,1,0,1
mathcalF,0.72,0.73,7552,2,0,2,H+1 H+1,HV,1,2,0,1
mathcalF,0.72,0.73,7553,0,1,1,V+1,HV,1,0,1,1
mathcalF,0.72,0.73,7554,2,-1,3,H+1 H+1 V-1,HV,-1,2,-1,1
mathcalF,0.72,0.73,7555,2,-1,3,H+1 H+1 V-1,HV,-1,2,-1,1
mathcalF,0.72,0.73,7556,3,0,3,H+1 H+1 H+1,HV,1,3,0,1
mathcalF,0.72,0.73,7557,0,1,1,V+1,HV,1,0,1,1
mathcalF,0.72,0.73,7558,1,-1,2,H+1 V-1,HV,0,1,-1,1
mathcalF,0.72,0.73,7559,1,-1,2,H+1 V-1,HV,0,1,-1,1
mathcalF,0.72,0.73,7560,-1,0,1,H-1,HV,1,-1,0,1
mathcalF,0.72,0.73,7561,-1,0,1,H-1,HV,1,-1,0,1
mathcalF,0.72,0.73,7562,1,0,1,H+1,HV,1,1,0,1
mathcalF,0.72,0.73,7563,1,0,1,H+1,HV,1,1,0,1
mathcalF,0.72,0.73,7564,-1,0,1,H-1,HV,1,-1,0,1
mathcalF,0.72,0.73,7565,-1,0,1,H-1,HV,1,-1,0,1
mathcalF,0.72,0.73,7566,1,0,1,H+1,HV,1,1,0,1
mathcalF,0.72,0.73,7567,0,1,1,V+1,HV,1,0,1,1
mathcalF,0.72,0.73,7568,0,0,0,I,HV,1,0,0,1
mathcalF,0.72,0.73,7569,1,-1,2,H+1 V-1,HV,0,1,-1,1
mathcalF,0.72,0.73,7570,-1,-1,2,H-1 V-1,HV,2,-1,-1,1
mathcalF,0.72,0.73,7571,-1,-1,2,H-1 V-1,HV,2,-1,-1,1
mathcalF,0.72,0.73,7572,0,1,1,V+1,HV,1,0,1,1
mathcalF,0.72,0.73,7573,0,0,0,I,HV,1,0,0,1
mathcalF,0.72,0.73,7574,2,-1,3,H+1 H+1 V-1,HV,-1,2,-1,1
mathcalF,0.72,0.73,7575,1,-1,2,H+1 V-1,HV,0,1,-1,1
mathcalF,0.72,0.73,7576,-1,0,1,H-1,HV,1,-1,0,1
mathcalF,0.72,0.73,7577,-1,0,1,H-1,HV,1,-1,0,1
mathcalF,0.72,0.73,7578,-1,0,1,H-1,HV,1,-1,0,1
mathcalF,0.72,0.73,7579,-1,0,1,H-1,HV,1,-1,0,1
mathcalF,0.72,0.73,7580,-1,0,1,H-1,HV,1,-1,0,1
mathcalF,0.72,0.73,7581,-1,0,1,H-1,HV,1,-1,0,1
mathcalF,0.72,0.73,7582,0,0,0,I,HV,1,0,0,1
mathcalF,0.72,0.73,7583,0,0,0,I,HV,1,0,0,1
mathcalF,0.72,0.73,7584,1,0,1,H+1,HV,1,1,0,1
mathcalF,0.72,0.73,7585,1,0,1,H+1,HV,1,1,0,1
mathcalF,0.72,0.73,7586,-1,0,1,H-1,HV,1,-1,0,1
mathcalF,0.72,0.73,7587,-1,0,1,H-1,HV,1,-1,0,1
mathcalF,0.72,0.73,7588,1,0,1,H+1,HV,1,1,0,1
mathcalF,0.72,0.73,7589,1,0,1,H+1,HV,1,1,0,1
mathcalF,0.72,0.73,7590,-1,0,1,H-1,HV,1,-1,0,1
mathcalF,0.72,0.73,7591,-1,0,1,H-1,HV,1,-1,0,1
mathcalF,0.72,0.73,7592,1,0,1,H+1,HV,1,1,0,1
mathcalF,0.72,0.73,7593,1,0,1,H+1,HV,1,1,0,1
mathcalF,0.72,0.73,7594,1,0,1,H+1,HV,1,1,0,1
mathcalF,0.72,0.73,7595,1,0,1,H+1,HV,1,1,0,1
mathcalF,0.72,0.73,7596,1,-1,2,H+1 V-1,HV,0,1,-1,1
mathcalF,0.72,0.73,7597,1,-1,2,H+1 V-1,HV,0,1,-1,1
mathcalF,0.72,0.73,7598,1,0,1,H+1,HV,1,1,0,1
mathcalF,0.72,0.73,7599,1,0,1,H+1,HV,1,1,0,1
mathcalF,0.72,0.73,7600,-1,0,1,H-1,HV,1,-1,0,1
mathcalF,0.72,0.73,7601,-1,0,1,H-1,HV,1,-1,0,1
mathcalF,0.72,0.73,7602,1,0,1,H+1,HV,1,1,0,1
mathcalF,0.72,0.73,7603,1,0,1,H+1,HV,1,1,0,1
mathcalF,0.72,0.73,7604,0,0,0,I,HV,1,0,0,1
mathcalF,0.72,0.73,7605,1,0,1,H+1,HV,1,1,0,1
mathcalF,0.72,0.73,7606,0,0,0,I,HV,1,0,0,1
mathcalF,0.72,0.73,7607,0,0,0,I,HV,1,0,0,1
mathcalF,0.72,0.73,7608,0,1,1,V+1,HV,1,0,1,1
mathcalF,0.72,0.73,7609,0,0,0,I,HV,1,0,0,1
mathcalF,0.72,0.73,7610,0,0,0,I,HV,1,0,0,1
mathcalF,0.72,0.73,7611,0,0,0,I,HV,1,0,0,1
mathcalF,0.72,0.73,7612,0,0,0,I,HV,1,0,0,1
mathcalF,0.72,0.73,7613,0,0,0,I,HV,1,0,0,1
mathcalF,0.72,0.73,7614,0,0,0,I,HV,1,0,0,1
mathcalF,0.72,0.73,7615,0,0,0,I,HV,1,0,0,1
mathcalF,0.72,0.73,7616,0,1,1,V+1,HV,1,0,1,1
mathcalF,0.72,0.73,7617,0,1,1,V+1,HV,1,0,1,1
mathcalF,0.72,0.73,7618,0,0,0,I,HV,1,0,0,1
mathcalF,0.72,0.73,7619,0,0,0,I,HV,1,0,0,1
mathcalF,0.72,0.73,7620,0,0,0,I,HV,1,0,0,1
mathcalF,0.72,0.73,7621,0,0,0,I,HV,1,0,0,1
mathcalF,0.72,0.73,7622,0,0,0,I,HV,1,0,0,1
mathcalF,0.72,0.73,7623,0,0,0,I,HV,1,0,0,1
mathcalF,0.72,0.73,7624,0,0,0,I,HV,1,0,0,1
mathcalF,0.72,0.73,7625,0,0,0,I,HV,1,0,0,1
mathcalF,0.72,0.73,7626,0,0,0,I,HV,1,0,0,1
mathcalF,0.72,0.73,7627,0,0,0,I,HV,1,0,0,1
mathcalF,0.72,0.73,7628,0,0,0,I,HV,1,0,0,1
mathcalF,0.72,0.73,7629,0,0,0,I,HV,1,0,0,1
mathcalF,0.72,0.73,7630,0,0,0,I,HV,1,0,0,1
mathcalF,0.72,0.73,7631,0,0,0,I,HV,1,0,0,1
mathcalF,0.72,0.73,7632,0,0,0,I,HV,1,0,0,1
mathcalF,0.72,0.73,7633,0,0,0,I,HV,1,0,0,1
mathcalF,0.72,0.73,7634,0,0,0,I,HV,1,0,0,1
mathcalF,0.72,0.73,7635,0,0,0,I,HV,1,0,0,1
mathcalF,0.72,0.73,7636,0,0,0,I,HV,1,0,0,1
mathcalF,0.72,0.73,7637,0,0,0,I,HV,1,0,0,1
mathcalF,0.72,0.73,7638,0,0,0,I,HV,1,0,0,1
mathcalF,0.72,0.73,7639,0,0,0,I,HV,1,0,0,1
mathcalF,0.72,0.73,7640,0,0,0,I,HV,1,0,0,1
mathcalF,0.72,0.73,7641,0,0,0,I,HV,1,0,0,1
mathcalF,0.72,0.73,7642,0,0,0,I,HV,1,0,0,1
mathcalF,0.72,0.73,7643,0,0,0,I,HV,1,0,0,1
mathcalF,0.72,0.73,7644,0,0,0,I,HV,1,0,0,1
mathcalF,0.72,0.73,7645,0,0,0,I,HV,1,0,0,1
mathcalF,0.72,0.73,7646,0,0,0,I,HV,1,0,0,1
mathcalF,0.72,0.73,7647,0,0,0,I,HV,1,0,0,1
mathcalF,0.72,0.73,7648,0,0,0,I,HV,1,0,0,1
mathcalF,0.72,0.73,7649,0,0,0,I,HV,1,0,0,1
mathcalF,0.72,0.73,7650,0,0,0,I,HV,1,0,0,1
mathcalF,0.72,0.73,7651,0,0,0,I,HV,1,0,0,1
mathcalF,0.72,0.73,7652,0,0,0,I,HV,1,0,0,1
mathcalF,0.72,0.73,7653,0,0,0,I,HV,1,0,0,1
mathcalF,0.72,0.73,7654,0,0,0,I,HV,1,0,0,1
mathcalF,0.72,0.73,7655,0,0,0,I,HV,1,0,0,1
mathcalF,0.72,0.73,7656,0,0,0,I,HV,1,0,0,1
mathcalF,0.72,0.73,7657,0,0,0,I,HV,1,0,0,1
mathcalF,0.72,0.73,7658,0,0,0,I,HV,1,0,0,1
mathcalF,0.72,0.73,7659,0,0,0,I,HV,1,0,0,1
mathcalF,0.72,0.73,7660,0,0,0,I,HV,1,0,0,1
mathcalF,0.72,0.73,7661,0,0,0,I,HV,1,0,0,1
mathcalF,0.72,0.73,7662,0,0,0,I,HV,1,0,0,1
mathcalF,0.72,0.73,7663,0,0,0,I,HV,1,0,0,1
mathcalF,0.72,0.73,7664,0,0,0,I,HV,1,0,0,1
mathcalF,0.72,0.73,7665,0,0,0,I,HV,1,0,0,1
mathcalF,0.72,0.73,7666,0,0,0,I,HV,1,0,0,1
mathcalF,0.72,0.73,7667,0,0,0,I,HV,1,0,0,1
mathcalF,0.72,0.73,7668,0,0,0,I,HV,1,0,0,1
mathcalF,0.72,0.73,7669,0,0,0,I,HV,1,0,0,1
mathcalF,0.72,0.73,7670,0,0,0,I,HV,1,0,0,1
mathcalF,0.72,0.73,7671,0,0,0,I,HV,1,0,0,1
mathcalF,0.72,0.73,7672,0,0,0,I,HV,1,0,0,1
mathcalF,0.72,0.73,7673,0,0,0,I,HV,1,0,0,1
mathcalF,0.72,0.73,7674,0,1,1,V+1,HV,1,0,1,1
mathcalF,0.72,0.73,7675,0,1,1,V+1,HV,1,0,1,1
mathcalF,0.72,0.73,7676,0,0,0,I,HV,1,0,0,1
mathcalF,0.72,0.73,7677,0,0,0,I,HV,1,0,0,1
mathcalF,0.72,0.73,7678,0,0,0,I,HV,1,0,0,1
mathcalF,0.72,0.73,7679,0,0,0,I,HV,1,0,0,1
mathcalF,0.72,0.73,7680,0,0,0,I,HV,1,0,0,1
mathcalF,0.72,0.73,7681,0,0,0,I,HV,1,0,0,1
mathcalF,0.72,0.73,7682,0,0,0,I,HV,1,0,0,1
mathcalF,0.72,0.73,7683,0,1,1,V+1,HV,1,0,1,1
mathcalF,0.72,0.73,7684,0,0,0,I,HV,1,0,0,1
mathcalF,0.72,0.73,7685,0,0,0,I,HV,1,0,0,1
mathcalF,0.72,0.73,7686,1,0,1,H+1,HV,1,1,0,1
mathcalF,0.72,0.73,7687,0,1,1,V+1,HV,1,0,1,1
mathcalF,0.72,0.73,7688,-1,0,1,H-1,HV,1,-1,0,1
mathcalF,0.72,0.73,7689,0,0,0,I,HV,1,0,0,1
mathcalF,0.72,0.73,7690,0,1,1,V+1,HV,1,0,1,1
mathcalF,0.72,0.73,7691,2,1,3,H+1 V+1 H+1,longer_word,2,3,1,2
mathcalF,0.72,0.73,7692,0,0,0,I,HV,1,0,0,1
mathcalF,0.72,0.73,7693,1,0,1,H+1,HV,1,1,0,1
mathcalF,0.72,0.73,7694,0,0,0,I,HV,1,0,0,1
mathcalF,0.72,0.73,7695,1,0,1,H+1,HV,1,1,0,1
mathcalF,0.72,0.73,7696,0,-1,3,H+1 V-1 H-1,longer_word,0,1,-1,2
mathcalF,0.72,0.73,7697,1,1,2,V+1 H+1,VH,1,1,1,2
mathcalF,0.72,0.73,7698,1,0,1,H+1,HV,1,1,0,1
mathcalF,0.72,0.73,7699,1,0,1,H+1,HV,1,1,0,1
mathcalF,0.72,0.73,7700,-1,0,1,H-1,HV,1,-1,0,1
mathcalF,0.72,0.73,7701,-1,0,1,H-1,HV,1,-1,0,1
mathcalF,0.72,0.73,7702,1,0,1,H+1,HV,1,1,0,1
mathcalF,0.72,0.73,7703,1,0,1,H+1,HV,1,1,0,1
mathcalF,0.72,0.73,7704,-1,0,1,H-1,HV,1,-1,0,1
mathcalF,0.72,0.73,7705,-1,0,1,H-1,HV,1,-1,0,1
mathcalF,0.72,0.73,7706,-1,0,1,H-1,HV,1,-1,0,1
mathcalF,0.72,0.73,7707,0,-1,1,V-1,HV,1,0,-1,1
mathcalF,0.72,0.73,7708,0,-1,1,V-1,HV,1,0,-1,1
mathcalF,0.72,0.73,7709,0,-1,1,V-1,HV,1,0,-1,1
mathcalF,0.72,0.73,7710,3,-1,4,H+1 H+1 H+1 V-1,HV,-2,3,-1,1
mathcalF,0.72,0.73,7711,-1,-1,2,H-1 V-1,HV,2,-1,-1,1
mathcalF,0.72,0.73,7712,0,0,0,I,HV,1,0,0,1
mathcalF,0.72,0.73,7713,0,0,0,I,HV,1,0,0,1
mathcalF,0.72,0.73,7714,1,-1,2,H+1 V-1,HV,0,1,-1,1
mathcalF,0.72,0.73,7715,1,-1,2,H+1 V-1,HV,0,1,-1,1
mathcalF,0.72,0.73,7716,-1,0,1,H-1,HV,1,-1,0,1
mathcalF,0.72,0.73,7717,-1,0,1,H-1,HV,1,-1,0,1
mathcalF,0.72,0.73,7718,-1,0,1,H-1,HV,1,-1,0,1
mathcalF,0.72,0.73,7719,-1,0,1,H-1,HV,1,-1,0,1
mathcalF,0.72,0.73,7720,-1,0,1,H-1,HV,1,-1,0,1
mathcalF,0.72,0.73,7721,-1,0,1,H-1,HV,1,-1,0,1
mathcalF,0.72,0.73,7722,1,-1,2,H+1 V-1,HV,0,1,-1,1
mathcalF,0.72,0.73,7723,0,0,0,I,HV,1,0,0,1
mathcalF,0.72,0.73,7724,1,0,1,H+1,HV,1,1,0,1
mathcalF,0.72,0.73,7725,1,0,1,H+1,HV,1,1,0,1
mathcalF,0.72,0.73,7726,-1,0,1,H-1,HV,1,-1,0,1
mathcalF,0.72,0.73,7727,-1,0,1,H-1,HV,1,-1,0,1
mathcalF,0.72,0.73,7728,1,0,1,H+1,HV,1,1,0,1
mathcalF,0.72,0.73,7729,1,0,1,H+1,HV,1,1,0,1
mathcalF,0.72,0.73,7730,-1,0,1,H-1,HV,1,-1,0,1
mathcalF,0.72,0.73,7731,-1,0,1,H-1,HV,1,-1,0,1
mathcalF,0.72,0.73,7732,1,0,1,H+1,HV,1,1,0,1
mathcalF,0.72,0.73,7733,1,0,1,H+1,HV,1,1,0,1
mathcalF,0.72,0.73,7734,1,0,1,H+1,HV,1,1,0,1
mathcalF,0.72,0.73,7735,1,0,1,H+1,HV,1,1,0,1
mathcalF,0.72,0.73,7736,1,-1,2,H+1 V-1,HV,0,1,-1,1
mathcalF,0.72,0.73,7737,1,-1,2,H+1 V-1,HV,0,1,-1,1
mathcalF,0.72,0.73,7738,1,0,1,H+1,HV,1,1,0,1
mathcalF,0.72,0.73,7739,1,0,1,H+1,HV,1,1,0,1
mathcalF,0.72,0.73,7740,-1,0,1,H-1,HV,1,-1,0,1
mathcalF,0.72,0.73,7741,-1,0,1,H-1,HV,1,-1,0,1
mathcalF,0.72,0.73,7742,1,0,1,H+1,HV,1,1,0,1
mathcalF,0.72,0.73,7743,1,0,1,H+1,HV,1,1,0,1
mathcalF,0.72,0.73,7744,0,0,0,I,HV,1,0,0,1
mathcalF,0.72,0.73,7745,0,0,0,I,HV,1,0,0,1
mathcalF,0.72,0.73,7746,0,0,0,I,HV,1,0,0,1
mathcalF,0.72,0.73,7747,0,0,0,I,HV,1,0,0,1
mathcalF,0.72,0.73,7748,0,1,1,V+1,HV,1,0,1,1
mathcalF,0.72,0.73,7749,0,1,1,V+1,HV,1,0,1,1
mathcalF,0.72,0.73,7750,0,0,0,I,HV,1,0,0,1
mathcalF,0.72,0.73,7751,0,0,0,I,HV,1,0,0,1
mathcalF,0.72,0.73,7752,0,0,0,I,HV,1,0,0,1
mathcalF,0.72,0.73,7753,0,0,0,I,HV,1,0,0,1
mathcalF,0.72,0.73,7754,0,0,0,I,HV,1,0,0,1
mathcalF,0.72,0.73,7755,0,0,0,I,HV,1,0,0,1
mathcalF,0.72,0.73,7756,0,1,1,V+1,HV,1,0,1,1
mathcalF,0.72,0.73,7757,0,1,1,V+1,HV,1,0,1,1
mathcalF,0.72,0.73,7758,0,0,0,I,HV,1,0,0,1
mathcalF,0.72,0.73,7759,0,0,0,I,HV,1,0,0,1
mathcalF,0.72,0.73,7760,0,0,0,I,HV,1,0,0,1
mathcalF,0.72,0.73,7761,0,0,0,I,HV,1,0,0,1
mathcalF,0.72,0.73,7762,0,0,0,I,HV,1,0,0,1
mathcalF,0.72,0.73,7763,0,0,0,I,HV,1,0,0,1
mathcalF,0.72,0.73,7764,0,0,0,I,HV,1,0,0,1
mathcalF,0.72,0.73,7765,0,0,0,I,HV,1,0,0,1
mathcalF,0.72,0.73,7766,0,0,0,I,HV,1,0,0,1
mathcalF,0.72,0.73,7767,0,0,0,I,HV,1,0,0,1
mathcalF,0.72,0.73,7768,0,0,0,I,HV,1,0,0,1
mathcalF,0.72,0.73,7769,0,0,0,I,HV,1,0,0,1
mathcalF,0.72,0.73,7770,0,0,0,I,HV,1,0,0,1
mathcalF,0.72,0.73,7771,0,0,0,I,HV,1,0,0,1
mathcalF,0.72,0.73,7772,0,0,0,I,HV,1,0,0,1
mathcalF,0.72,0.73,7773,0,0,0,I,HV,1,0,0,1
mathcalF,0.72,0.73,7774,0,0,0,I,HV,1,0,0,1
mathcalF,0.72,0.73,7775,0,0,0,I,HV,1,0,0,1
mathcalF,0.72,0.73,7776,0,0,0,I,HV,1,0,0,1
mathcalF,0.72,0.73,7777,0,0,0,I,HV,1,0,0,1
mathcalF,0.72,0.73,7778,0,0,0,I,HV,1,0,0,1
mathcalF,0.72,0.73,7779,0,0,0,I,HV,1,0,0,1
mathcalF,0.72,0.73,7780,0,0,0,I,HV,1,0,0,1
mathcalF,0.72,0.73,7781,0,0,0,I,HV,1,0,0,1
mathcalF,0.72,0.73,7782,0,0,0,I,HV,1,0,0,1
mathcalF,0.72,0.73,7783,0,0,0,I,HV,1,0,0,1
mathcalF,0.72,0.73,7784,0,0,0,I,HV,1,0,0,1
mathcalF,0.72,0.73,7785,0,0,0,I,HV,1,0,0,1
mathcalF,0.72,0.73,7786,0,0,0,I,HV,1,0,0,1
mathcalF,0.72,0.73,7787,0,0,0,I,HV,1,0,0,1
mathcalF,0.72,0.73,7788,0,0,0,I,HV,1,0,0,1
mathcalF,0.72,0.73,7789,0,0,0,I,HV,1,0,0,1
mathcalF,0.72,0.73,7790,0,0,0,I,HV,1,0,0,1
mathcalF,0.72,0.73,7791,0,0,0,I,HV,1,0,0,1
mathcalF,0.72,0.73,7792,0,0,0,I,HV,1,0,0,1
mathcalF,0.72,0.73,7793,0,0,0,I,HV,1,0,0,1
mathcalF,0.72,0.73,7794,0,0,0,I,HV,1,0,0,1
mathcalF,0.72,0.73,7795,0,0,0,I,HV,1,0,0,1
mathcalF,0.72,0.73,7796,0,0,0,I,HV,1,0,0,1
mathcalF,0.72,0.73,7797,0,0,0,I,HV,1,0,0,1
mathcalF,0.72,0.73,7798,0,0,0,I,HV,1,0,0,1
mathcalF,0.72,0.73,7799,0,0,0,I,HV,1,0,0,1
mathcalF,0.72,0.73,7800,0,0,0,I,HV,1,0,0,1
mathcalF,0.72,0.73,7801,0,0,0,I,HV,1,0,0,1
mathcalF,0.72,0.73,7802,0,0,0,I,HV,1,0,0,1
mathcalF,0.72,0.73,7803,0,0,0,I,HV,1,0,0,1
mathcalF,0.72,0.73,7804,0,0,0,I,HV,1,0,0,1
mathcalF,0.72,0.73,7805,0,0,0,I,HV,1,0,0,1
mathcalF,0.72,0.73,7806,0,0,0,I,HV,1,0,0,1
mathcalF,0.72,0.73,7807,0,0,0,I,HV,1,0,0,1
mathcalF,0.72,0.73,7808,0,0,0,I,HV,1,0,0,1
mathcalF,0.72,0.73,7809,0,0,0,I,HV,1,0,0,1
mathcalF,0.72,0.73,7810,0,0,0,I,HV,1,0,0,1
mathcalF,0.72,0.73,7811,0,0,0,I,HV,1,0,0,1
mathcalF,0.72,0.73,7812,0,0,0,I,HV,1,0,0,1
mathcalF,0.72,0.73,7813,0,1,1,V+1,HV,1,0,1,1
mathcalF,0.72,0.73,7814,0,1,1,V+1,HV,1,0,1,1
mathcalF,0.72,0.73,7815,0,0,0,I,HV,1,0,0,1
mathcalF,0.72,0.73,7816,0,0,0,I,HV,1,0,0,1
mathcalF,0.72,0.73,7817,0,0,0,I,HV,1,0,0,1
mathcalF,0.72,0.73,7818,0,0,0,I,HV,1,0,0,1
mathcalF,0.72,0.73,7819,0,0,0,I,HV,1,0,0,1
mathcalF,0.72,0.73,7820,0,0,0,I,HV,1,0,0,1
mathcalF,0.72,0.73,7821,0,0,0,I,HV,1,0,0,1
mathcalF,0.72,0.73,7822,0,1,1,V+1,HV,1,0,1,1
mathcalF,0.72,0.73,7823,0,1,1,V+1,HV,1,0,1,1
mathcalF,0.72,0.73,7824,0,0,0,I,HV,1,0,0,1
mathcalF,0.72,0.73,7825,0,0,0,I,HV,1,0,0,1
mathcalF,0.72,0.73,7826,0,0,0,I,HV,1,0,0,1
mathcalF,0.72,0.73,7827,0,1,1,V+1,HV,1,0,1,1
mathcalF,0.72,0.73,7828,0,0,0,I,HV,1,0,0,1
mathcalF,0.72,0.73,7829,0,2,2,V+1 V+1,HV,1,0,2,1
mathcalF,0.72,0.73,7830,0,0,0,I,HV,1,0,0,1
mathcalF,0.72,0.73,7831,0,1,1,V+1,HV,1,0,1,1
mathcalF,0.72,0.73,7832,1,0,1,H+1,HV,1,1,0,1
mathcalF,0.72,0.73,7833,1,0,1,H+1,HV,1,1,0,1
mathcalF,0.72,0.73,7834,1,0,1,H+1,HV,1,1,0,1
mathcalF,0.72,0.73,7835,1,0,1,H+1,HV,1,1,0,1
mathcalF,0.72,0.73,7836,1,-1,2,H+1 V-1,HV,0,1,-1,1
mathcalF,0.72,0.73,7837,1,-1,2,H+1 V-1,HV,0,1,-1,1
mathcalF,0.72,0.73,7838,1,0,1,H+1,HV,1,1,0,1
mathcalF,0.72,0.73,7839,1,0,1,H+1,HV,1,1,0,1
mathcalF,0.72,0.73,7840,-1,0,1,H-1,HV,1,-1,0,1
mathcalF,0.72,0.73,7841,-1,0,1,H-1,HV,1,-1,0,1
mathcalF,0.72,0.73,7842,1,0,1,H+1,HV,1,1,0,1
mathcalF,0.72,0.73,7843,1,0,1,H+1,HV,1,1,0,1
mathcalF,0.72,0.73,7844,-1,0,1,H-1,HV,1,-1,0,1
mathcalF,0.72,0.73,7845,-1,0,1,H-1,HV,1,-1,0,1
mathcalF,0.72,0.73,7846,-1,0,1,H-1,HV,1,-1,0,1
mathcalF,0.72,0.73,7847,-1,0,1,H-1,HV,1,-1,0,1
mathcalF,0.72,0.73,7848,1,-1,2,H+1 V-1,HV,0,1,-1,1
mathcalF,0.72,0.73,7849,1,-1,2,H+1 V-1,HV,0,1,-1,1
mathcalF,0.72,0.73,7850,1,-1,2,H+1 V-1,HV,0,1,-1,1
mathcalF,0.72,0.73,7851,1,-1,2,H+1 V-1,HV,0,1,-1,1
mathcalF,0.72,0.73,7852,0,0,0,I,HV,1,0,0,1
mathcalF,0.72,0.73,7853,0,0,0,I,HV,1,0,0,1
mathcalF,0.72,0.73,7854,1,-1,2,H+1 V-1,HV,0,1,-1,1
mathcalF,0.72,0.73,7855,1,-1,2,H+1 V-1,HV,0,1,-1,1
mathcalF,0.72,0.73,7856,-1,0,1,H-1,HV,1,-1,0,1
mathcalF,0.72,0.73,7857,-1,0,1,H-1,HV,1,-1,0,1
mathcalF,0.72,0.73,7858,-1,0,1,H-1,HV,1,-1,0,1
mathcalF,0.72,0.73,7859,-1,0,1,H-1,HV,1,-1,0,1
mathcalF,0.72,0.73,7860,-1,0,1,H-1,HV,1,-1,0,1
mathcalF,0.72,0.73,7861,-1,0,1,H-1,HV,1,-1,0,1
mathcalF,0.72,0.73,7862,1,-1,2,H+1 V-1,HV,0,1,-1,1
mathcalF,0.72,0.73,7863,1,-1,2,H+1 V-1,HV,0,1,-1,1
mathcalF,0.72,0.73,7864,1,0,1,H+1,HV,1,1,0,1
mathcalF,0.72,0.73,7865,1,0,1,H+1,HV,1,1,0,1
mathcalF,0.72,0.73,7866,-1,0,1,H-1,HV,1,-1,0,1
mathcalF,0.72,0.73,7867,-1,0,1,H-1,HV,1,-1,0,1
mathcalF,0.72,0.73,7868,1,0,1,H+1,HV,1,1,0,1
mathcalF,0.72,0.73,7869,1,0,1,H+1,HV,1,1,0,1
mathcalF,0.72,0.73,7870,-1,0,1,H-1,HV,1,-1,0,1
mathcalF,0.72,0.73,7871,-1,0,1,H-1,HV,1,-1,0,1
mathcalF,0.72,0.73,7872,1,0,1,H+1,HV,1,1,0,1
mathcalF,0.72,0.73,7873,1,0,1,H+1,HV,1,1,0,1
mathcalF,0.72,0.73,7874,1,0,1,H+1,HV,1,1,0,1
mathcalF,0.72,0.73,7875,1,0,1,H+1,HV,1,1,0,1
mathcalF,0.72,0.73,7876,1,-1,2,H+1 V-1,HV,0,1,-1,1
mathcalF,0.72,0.73,7877,1,-1,2,H+1 V-1,HV,0,1,-1,1
mathcalF,0.72,0.73,7878,1,0,1,H+1,HV,1,1,0,1
mathcalF,0.72,0.73,7879,1,0,1,H+1,HV,1,1,0,1
mathcalF,0.72,0.73,7880,-1,0,1,H-1,HV,1,-1,0,1
mathcalF,0.72,0.73,7881,-1,0,1,H-1,HV,1,-1,0,1
mathcalF,0.72,0.73,7882,1,0,1,H+1,HV,1,1,0,1
mathcalF,0.72,0.73,7883,0,0,0,I,HV,1,0,0,1
mathcalF,0.72,0.73,7884,0,0,0,I,HV,1,0,0,1
mathcalF,0.72,0.73,7885,0,0,0,I,HV,1,0,0,1
mathcalF,0.72,0.73,7886,0,0,0,I,HV,1,0,0,1
mathcalF,0.72,0.73,7887,0,0,0,I,HV,1,0,0,1
mathcalF,0.72,0.73,7888,0,1,1,V+1,HV,1,0,1,1
mathcalF,0.72,0.73,7889,0,1,1,V+1,HV,1,0,1,1
mathcalF,0.72,0.73,7890,0,0,0,I,HV,1,0,0,1
mathcalF,0.72,0.73,7891,0,0,0,I,HV,1,0,0,1
mathcalF,0.72,0.73,7892,0,0,0,I,HV,1,0,0,1
mathcalF,0.72,0.73,7893,0,0,0,I,HV,1,0,0,1
mathcalF,0.72,0.73,7894,0,0,0,I,HV,1,0,0,1
mathcalF,0.72,0.73,7895,0,0,0,I,HV,1,0,0,1
mathcalF,0.72,0.73,7896,0,1,1,V+1,HV,1,0,1,1
mathcalF,0.72,0.73,7897,0,1,1,V+1,HV,1,0,1,1
mathcalF,0.72,0.73,7898,0,0,0,I,HV,1,0,0,1
mathcalF,0.72,0.73,7899,0,0,0,I,HV,1,0,0,1
mathcalF,0.72,0.73,7900,0,0,0,I,HV,1,0,0,1
mathcalF,0.72,0.73,7901,0,0,0,I,HV,1,0,0,1
mathcalF,0.72,0.73,7902,0,0,0,I,HV,1,0,0,1
mathcalF,0.72,0.73,7903,0,0,0,I,HV,1,0,0,1
mathcalF,0.72,0.73,7904,0,0,0,I,HV,1,0,0,1
mathcalF,0.72,0.73,7905,0,0,0,I,HV,1,0,0,1
mathcalF,0.72,0.73,7906,0,0,0,I,HV,1,0,0,1
mathcalF,0.72,0.73,7907,0,0,0,I,HV,1,0,0,1
mathcalF,0.72,0.73,7908,0,0,0,I,HV,1,0,0,1
mathcalF,0.72,0.73,7909,0,0,0,I,HV,1,0,0,1
mathcalF,0.72,0.73,7910,0,0,0,I,HV,1,0,0,1
mathcalF,0.72,0.73,7911,0,0,0,I,HV,1,0,0,1
mathcalF,0.72,0.73,7912,0,0,0,I,HV,1,0,0,1
mathcalF,0.72,0.73,7913,0,0,0,I,HV,1,0,0,1
mathcalF,0.72,0.73,7914,0,0,0,I,HV,1,0,0,1
mathcalF,0.72,0.73,7915,0,0,0,I,HV,1,0,0,1
mathcalF,0.72,0.73,7916,0,0,0,I,HV,1,0,0,1
mathcalF,0.72,0.73,7917,0,0,0,I,HV,1,0,0,1
mathcalF,0.72,0.73,7918,0,0,0,I,HV,1,0,0,1
mathcalF,0.72,0.73,7919,0,0,0,I,HV,1,0,0,1
mathcalF,0.72,0.73,7920,0,0,0,I,HV,1,0,0,1
mathcalF,0.72,0.73,7921,0,0,0,I,HV,1,0,0,1
mathcalF,0.72,0.73,7922,0,0,0,I,HV,1,0,0,1
mathcalF,0.72,0.73,7923,0,0,0,I,HV,1,0,0,1
mathcalF,0.72,0.73,7924,0,0,0,I,HV,1,0,0,1
mathcalF,0.72,0.73,7925,0,0,0,I,HV,1,0,0,1
mathcalF,0.72,0.73,7926,0,0,0,I,HV,1,0,0,1
mathcalF,0.72,0.73,7927,0,0,0,I,HV,1,0,0,1
mathcalF,0.72,0.73,7928,0,0,0,I,HV,1,0,0,1
mathcalF,0.72,0.73,7929,0,0,0,I,HV,1,0,0,1
mathcalF,0.72,0.73,7930,0,0,0,I,HV,1,0,0,1
mathcalF,0.72,0.73,7931,0,0,0,I,HV,1,0,0,1
mathcalF,0.72,0.73,7932,0,0,0,I,HV,1,0,0,1
mathcalF,0.72,0.73,7933,0,0,0,I,HV,1,0,0,1
mathcalF,0.72,0.73,7934,0,0,0,I,HV,1,0,0,1
mathcalF,0.72,0.73,7935,0,0,0,I,HV,1,0,0,1
mathcalF,0.72,0.73,7936,0,0,0,I,HV,1,0,0,1
mathcalF,0.72,0.73,7937,0,0,0,I,HV,1,0,0,1
mathcalF,0.72,0.73,7938,0,0,0,I,HV,1,0,0,1
mathcalF,0.72,0.73,7939,0,0,0,I,HV,1,0,0,1
mathcalF,0.72,0.73,7940,0,0,0,I,HV,1,0,0,1
mathcalF,0.72,0.73,7941,0,0,0,I,HV,1,0,0,1
mathcalF,0.72,0.73,7942,0,0,0,I,HV,1,0,0,1
mathcalF,0.72,0.73,7943,0,0,0,I,HV,1,0,0,1
mathcalF,0.72,0.73,7944,0,0,0,I,HV,1,0,0,1
mathcalF,0.72,0.73,7945,0,0,0,I,HV,1,0,0,1
mathcalF,0.72,0.73,7946,0,0,0,I,HV,1,0,0,1
mathcalF,0.72,0.73,7947,0,0,0,I,HV,1,0,0,1
mathcalF,0.72,0.73,7948,0,0,0,I,HV,1,0,0,1
mathcalF,0.72,0.73,7949,0,0,0,I,HV,1,0,0,1
mathcalF,0.72,0.73,7950,0,0,0,I,HV,1,0,0,1
mathcalF,0.72,0.73,7951,0,0,0,I,HV,1,0,0,1
mathcalF,0.72,0.73,7952,0,1,1,V+1,HV,1,0,1,1
mathcalF,0.72,0.73,7953,0,1,1,V+1,HV,1,0,1,1
mathcalF,0.72,0.73,7954,0,0,0,I,HV,1,0,0,1
mathcalF,0.72,0.73,7955,0,0,0,I,HV,1,0,0,1
mathcalF,0.72,0.73,7956,0,0,0,I,HV,1,0,0,1
mathcalF,0.72,0.73,7957,0,0,0,I,HV,1,0,0,1
mathcalF,0.72,0.73,7958,0,0,0,I,HV,1,0,0,1
mathcalF,0.72,0.73,7959,0,0,0,I,HV,1,0,0,1
mathcalF,0.72,0.73,7960,0,0,0,I,HV,1,0,0,1
mathcalF,0.72,0.73,7961,0,1,1,V+1,HV,1,0,1,1
mathcalF,0.72,0.73,7962,0,1,1,V+1,HV,1,0,1,1
mathcalF,0.72,0.73,7963,0,0,0,I,HV,1,0,0,1
mathcalF,0.72,0.73,7964,0,1,1,V+1,HV,1,0,1,1
mathcalF,0.72,0.73,7965,0,0,0,I,HV,1,0,0,1
mathcalF,0.72,0.73,7966,-2,0,2,H-1 H-1,HV,1,-2,0,1
mathcalF,0.72,0.73,7967,0,0,0,I,HV,1,0,0,1
mathcalF,0.72,0.73,7968,1,1,2,V+1 H+1,VH,1,1,1,2
mathcalF,0.72,0.73,7969,1,0,1,H+1,HV,1,1,0,1
mathcalF,0.72,0.73,7970,1,0,1,H+1,HV,1,1,0,1
mathcalF,0.72,0.73,7971,1,0,1,H+1,HV,1,1,0,1
mathcalF,0.72,0.73,7972,1,1,2,V+1 H+1,VH,1,1,1,2
mathcalF,0.72,0.73,7973,1,0,1,H+1,HV,1,1,0,1
mathcalF,0.72,0.73,7974,1,1,2,V+1 H+1,VH,1,1,1,2
mathcalF,0.72,0.73,7975,1,0,1,H+1,HV,1,1,0,1
mathcalF,0.72,0.73,7976,1,-1,2,H+1 V-1,HV,0,1,-1,1
mathcalF,0.72,0.73,7977,1,-1,2,H+1 V-1,HV,0,1,-1,1
mathcalF,0.72,0.73,7978,1,0,1,H+1,HV,1,1,0,1
mathcalF,0.72,0.73,7979,1,0,1,H+1,HV,1,1,0,1
mathcalF,0.72,0.73,7980,-1,0,1,H-1,HV,1,-1,0,1
mathcalF,0.72,0.73,7981,-1,0,1,H-1,HV,1,-1,0,1
mathcalF,0.72,0.73,7982,1,0,1,H+1,HV,1,1,0,1
mathcalF,0.72,0.73,7983,1,0,1,H+1,HV,1,1,0,1
mathcalF,0.72,0.73,7984,0,-1,1,V-1,HV,1,0,-1,1
mathcalF,0.72,0.73,7985,-1,0,1,H-1,HV,1,-1,0,1
mathcalF,0.72,0.73,7986,-1,0,1,H-1,HV,1,-1,0,1
mathcalF,0.72,0.73,7987,-1,0,1,H-1,HV,1,-1,0,1
mathcalF,0.72,0.73,7988,1,-1,2,H+1 V-1,HV,0,1,-1,1
mathcalF,0.72,0.73,7989,1,-1,2,H+1 V-1,HV,0,1,-1,1
mathcalF,0.72,0.73,7990,1,-1,2,H+1 V-1,HV,0,1,-1,1
mathcalF,0.72,0.73,7991,1,-1,2,H+1 V-1,HV,0,1,-1,1
mathcalF,0.72,0.73,7992,0,0,0,I,HV,1,0,0,1
mathcalF,0.72,0.73,7993,0,0,0,I,HV,1,0,0,1
mathcalF,0.72,0.73,7994,1,-1,2,H+1 V-1,HV,0,1,-1,1
mathcalF,0.72,0.73,7995,1,-1,2,H+1 V-1,HV,0,1,-1,1
mathcalF,0.72,0.73,7996,-1,0,1,H-1,HV,1,-1,0,1
mathcalF,0.72,0.73,7997,-1,0,1,H-1,HV,1,-1,0,1
mathcalF,0.72,0.73,7998,-1,0,1,H-1,HV,1,-1,0,1
mathcalF,0.72,0.73,7999,-1,0,1,H-1,HV,1,-1,0,1
mathcalF,0.72,0.73,8000,-1,0,1,H-1,HV,1,-1,0,1
mathcalF,0.72,0.73,8001,-1,0,1,H-1,HV,1,-1,0,1
mathcalF,0.72,0.73,8002,1,-1,2,H+1 V-1,HV,0,1,-1,1
mathcalF,0.72,0.73,8003,1,-1,2,H+1 V-1,HV,0,1,-1,1
mathcalF,0.72,0.73,8004,1,0,1,H+1,HV,1,1,0,1
mathcalF,0.72,0.73,8005,1,0,1,H+1,HV,1,1,0,1
mathcalF,0.72,0.73,8006,-1,0,1,H-1,HV,1,-1,0,1
mathcalF,0.72,0.73,8007,-1,0,1,H-1,HV,1,-1,0,1
mathcalF,0.72,0.73,8008,1,0,1,H+1,HV,1,1,0,1
mathcalF,0.72,0.73,8009,1,0,1,H+1,HV,1,1,0,1
mathcalF,0.72,0.73,8010,-1,0,1,H-1,HV,1,-1,0,1
mathcalF,0.72,0.73,8011,-1,0,1,H-1,HV,1,-1,0,1
mathcalF,0.72,0.73,8012,1,0,1,H+1,HV,1,1,0,1
mathcalF,0.72,0.73,8013,1,0,1,H+1,HV,1,1,0,1
mathcalF,0.72,0.73,8014,1,0,1,H+1,HV,1,1,0,1
mathcalF,0.72,0.73,8015,1,0,1,H+1,HV,1,1,0,1
mathcalF,0.72,0.73,8016,1,-1,2,H+1 V-1,HV,0,1,-1,1
mathcalF,0.72,0.73,8017,1,-1,2,H+1 V-1,HV,0,1,-1,1
mathcalF,0.72,0.73,8018,1,0,1,H+1,HV,1,1,0,1
mathcalF,0.72,0.73,8019,1,0,1,H+1,HV,1,1,0,1
mathcalF,0.72,0.73,8020,0,-1,1,V-1,HV,1,0,-1,1
mathcalF,0.72,0.73,8021,-1,0,1,H-1,HV,1,-1,0,1
mathcalF,0.72,0.73,8022,0,0,0,I,HV,1,0,0,1
mathcalF,0.72,0.73,8023,0,0,0,I,HV,1,0,0,1
mathcalF,0.72,0.73,8024,0,0,0,I,HV,1,0,0,1
mathcalF,0.72,0.73,8025,0,0,0,I,HV,1,0,0,1
mathcalF,0.72,0.73,8026,0,0,0,I,HV,1,0,0,1
mathcalF,0.72,0.73,8027,0,0,0,I,HV,1,0,0,1
mathcalF,0.72,0.73,8028,0,1,1,V+1,HV,1,0,1,1
mathcalF,0.72,0.73,8029,0,1,1,V+1,HV,1,0,1,1
mathcalF,0.72,0.73,8030,0,0,0,I,HV,1,0,0,1
mathcalF,0.72,0.73,8031,0,0,0,I,HV,1,0,0,1
mathcalF,0.72,0.73,8032,0,0,0,I,HV,1,0,0,1
mathcalF,0.72,0.73,8033,0,0,0,I,HV,1,0,0,1
mathcalF,0.72,0.73,8034,0,0,0,I,HV,1,0,0,1
mathcalF,0.72,0.73,8035,0,0,0,I,HV,1,0,0,1
mathcalF,0.72,0.73,8036,0,1,1,V+1,HV,1,0,1,1
mathcalF,0.72,0.73,8037,0,1,1,V+1,HV,1,0,1,1
mathcalF,0.72,0.73,8038,0,0,0,I,HV,1,0,0,1
mathcalF,0.72,0.73,8039,0,0,0,I,HV,1,0,0,1
mathcalF,0.72,0.73,8040,0,0,0,I,HV,1,0,0,1
mathcalF,0.72,0.73,8041,0,0,0,I,HV,1,0,0,1
mathcalF,0.72,0.73,8042,0,0,0,I,HV,1,0,0,1
mathcalF,0.72,0.73,8043,0,0,0,I,HV,1,0,0,1
mathcalF,0.72,0.73,8044,0,0,0,I,HV,1,0,0,1
mathcalF,0.72,0.73,8045,0,0,0,I,HV,1,0,0,1
mathcalF,0.72,0.73,8046,0,0,0,I,HV,1,0,0,1
mathcalF,0.72,0.73,8047,0,0,0,I,HV,1,0,0,1
mathcalF,0.72,0.73,8048,0,0,0,I,HV,1,0,0,1
mathcalF,0.72,0.73,8049,0,0,0,I,HV,1,0,0,1
mathcalF,0.72,0.73,8050,0,0,0,I,HV,1,0,0,1
mathcalF,0.72,0.73,8051,0,0,0,I,HV,1,0,0,1
mathcalF,0.72,0.73,8052,0,0,0,I,HV,1,0,0,1
mathcalF,0.72,0.73,8053,0,0,0,I,HV,1,0,0,1
mathcalF,0.72,0.73,8054,0,0,0,I,HV,1,0,0,1
mathcalF,0.72,0.73,8055,0,0,0,I,HV,1,0,0,1
mathcalF,0.72,0.73,8056,0,0,0,I,HV,1,0,0,1
mathcalF,0.72,0.73,8057,0,0,0,I,HV,1,0,0,1
mathcalF,0.72,0.73,8058,0,0,0,I,HV,1,0,0,1
mathcalF,0.72,0.73,8059,0,0,0,I,HV,1,0,0,1
mathcalF,0.72,0.73,8060,0,0,0,I,HV,1,0,0,1
mathcalF,0.72,0.73,8061,0,0,0,I,HV,1,0,0,1
mathcalF,0.72,0.73,8062,0,0,0,I,HV,1,0,0,1
mathcalF,0.72,0.73,8063,0,0,0,I,HV,1,0,0,1
mathcalF,0.72,0.73,8064,0,0,0,I,HV,1,0,0,1
mathcalF,0.72,0.73,8065,0,0,0,I,HV,1,0,0,1
mathcalF,0.72,0.73,8066,0,0,0,I,HV,1,0,0,1
mathcalF,0.72,0.73,8067,0,0,0,I,HV,1,0,0,1
mathcalF,0.72,0.73,8068,0,0,0,I,HV,1,0,0,1
mathcalF,0.72,0.73,8069,0,0,0,I,HV,1,0,0,1
mathcalF,0.72,0.73,8070,0,0,0,I,HV,1,0,0,1
mathcalF,0.72,0.73,8071,0,0,0,I,HV,1,0,0,1
mathcalF,0.72,0.73,8072,0,0,0,I,HV,1,0,0,1
mathcalF,0.72,0.73,8073,0,0,0,I,HV,1,0,0,1
mathcalF,0.72,0.73,8074,0,0,0,I,HV,1,0,0,1
mathcalF,0.72,0.73,8075,0,0,0,I,HV,1,0,0,1
mathcalF,0.72,0.73,8076,0,0,0,I,HV,1,0,0,1
mathcalF,0.72,0.73,8077,0,0,0,I,HV,1,0,0,1
mathcalF,0.72,0.73,8078,0,0,0,I,HV,1,0,0,1
mathcalF,0.72,0.73,8079,0,0,0,I,HV,1,0,0,1
mathcalF,0.72,0.73,8080,0,0,0,I,HV,1,0,0,1
mathcalF,0.72,0.73,8081,0,0,0,I,HV,1,0,0,1
mathcalF,0.72,0.73,8082,0,0,0,I,HV,1,0,0,1
mathcalF,0.72,0.73,8083,0,0,0,I,HV,1,0,0,1
mathcalF,0.72,0.73,8084,0,0,0,I,HV,1,0,0,1
mathcalF,0.72,0.73,8085,0,0,0,I,HV,1,0,0,1
mathcalF,0.72,0.73,8086,0,0,0,I,HV,1,0,0,1
mathcalF,0.72,0.73,8087,0,0,0,I,HV,1,0,0,1
mathcalF,0.72,0.73,8088,0,0,0,I,HV,1,0,0,1
mathcalF,0.72,0.73,8089,0,0,0,I,HV,1,0,0,1
mathcalF,0.72,0.73,8090,0,0,0,I,HV,1,0,0,1
mathcalF,0.72,0.73,8091,0,1,1,V+1,HV,1,0,1,1
mathcalF,0.72,0.73,8092,0,1,1,V+1,HV,1,0,1,1
mathcalF,0.72,0.73,8093,0,0,0,I,HV,1,0,0,1
mathcalF,0.72,0.73,8094,0,0,0,I,HV,1,0,0,1
mathcalF,0.72,0.73,8095,0,0,0,I,HV,1,0,0,1
mathcalF,0.72,0.73,8096,0,0,0,I,HV,1,0,0,1
mathcalF,0.72,0.73,8097,0,0,0,I,HV,1,0,0,1
mathcalF,0.72,0.73,8098,0,0,0,I,HV,1,0,0,1
mathcalF,0.72,0.73,8099,0,0,0,I,HV,1,0,0,1
mathcalF,0.72,0.73,8100,0,1,1,V+1,HV,1,0,1,1
mathcalF,0.72,0.73,8101,0,1,1,V+1,HV,1,0,1,1
mathcalF,0.72,0.73,8102,0,0,0,I,HV,1,0,0,1
mathcalF,0.72,0.73,8103,0,0,0,I,HV,1,0,0,1
mathcalF,0.72,0.73,8104,0,2,2,V+1 V+1,HV,1,0,2,1
mathcalF,0.72,0.73,8105,0,2,2,V+1 V+1,HV,1,0,2,1
mathcalF,0.72,0.73,8106,1,0,1,H+1,HV,1,1,0,1
mathcalF,0.72,0.73,8107,1,0,1,H+1,HV,1,1,0,1
mathcalF,0.72,0.73,8108,1,0,1,H+1,HV,1,1,0,1
mathcalF,0.72,0.73,8109,1,0,1,H+1,HV,1,1,0,1
mathcalF,0.72,0.73,8110,1,1,2,V+1 H+1,VH,1,1,1,2
mathcalF,0.72,0.73,8111,1,0,1,H+1,HV,1,1,0,1
mathcalF,0.72,0.73,8112,1,1,2,V+1 H+1,VH,1,1,1,2
mathcalF,0.72,0.73,8113,1,0,1,H+1,HV,1,1,0,1
mathcalF,0.72,0.73,8114,1,0,1,H+1,HV,1,1,0,1
mathcalF,0.72,0.73,8115,1,0,1,H+1,HV,1,1,0,1
mathcalF,0.72,0.73,8116,1,-1,2,H+1 V-1,HV,0,1,-1,1
mathcalF,0.72,0.73,8117,1,-1,2,H+1 V-1,HV,0,1,-1,1
mathcalF,0.72,0.73,8118,1,0,1,H+1,HV,1,1,0,1
mathcalF,0.72,0.73,8119,1,0,1,H+1,HV,1,1,0,1
mathcalF,0.72,0.73,8120,-1,0,1,H-1,HV,1,-1,0,1
mathcalF,0.72,0.73,8121,-1,0,1,H-1,HV,1,-1,0,1
mathcalF,0.72,0.73,8122,1,0,1,H+1,HV,1,1,0,1
mathcalF,0.72,0.73,8123,1,0,1,H+1,HV,1,1,0,1
mathcalF,0.72,0.73,8124,-1,0,1,H-1,HV,1,-1,0,1
mathcalF,0.72,0.73,8125,-1,0,1,H-1,HV,1,-1,0,1
mathcalF,0.72,0.73,8126,-1,0,1,H-1,HV,1,-1,0,1
mathcalF,0.72,0.73,8127,-1,0,1,H-1,HV,1,-1,0,1
mathcalF,0.72,0.73,8128,1,-1,2,H+1 V-1,HV,0,1,-1,1
mathcalF,0.72,0.73,8129,1,-1,2,H+1 V-1,HV,0,1,-1,1
mathcalF,0.72,0.73,8130,1,-1,2,H+1 V-1,HV,0,1,-1,1
mathcalF,0.72,0.73,8131,1,-1,2,H+1 V-1,HV,0,1,-1,1
mathcalF,0.72,0.73,8132,0,0,0,I,HV,1,0,0,1
mathcalF,0.72,0.73,8133,0,0,0,I,HV,1,0,0,1
mathcalF,0.72,0.73,8134,1,-1,2,H+1 V-1,HV,0,1,-1,1
mathcalF,0.72,0.73,8135,1,-1,2,H+1 V-1,HV,0,1,-1,1
mathcalF,0.72,0.73,8136,-1,0,1,H-1,HV,1,-1,0,1
mathcalF,0.72,0.73,8137,-1,0,1,H-1,HV,1,-1,0,1
mathcalF,0.72,0.73,8138,-1,0,1,H-1,HV,1,-1,0,1
mathcalF,0.72,0.73,8139,-1,0,1,H-1,HV,1,-1,0,1
mathcalF,0.72,0.73,8140,-1,0,1,H-1,HV,1,-1,0,1
mathcalF,0.72,0.73,8141,-1,0,1,H-1,HV,1,-1,0,1
mathcalF,0.72,0.73,8142,1,-1,2,H+1 V-1,HV,0,1,-1,1
mathcalF,0.72,0.73,8143,1,-1,2,H+1 V-1,HV,0,1,-1,1
mathcalF,0.72,0.73,8144,1,0,1,H+1,HV,1,1,0,1
mathcalF,0.72,0.73,8145,1,0,1,H+1,HV,1,1,0,1
mathcalF,0.72,0.73,8146,-1,0,1,H-1,HV,1,-1,0,1
mathcalF,0.72,0.73,8147,-1,0,1,H-1,HV,1,-1,0,1
mathcalF,0.72,0.73,8148,1,0,1,H+1,HV,1,1,0,1
mathcalF,0.72,0.73,8149,1,0,1,H+1,HV,1,1,0,1
mathcalF,0.72,0.73,8150,-1,0,1,H-1,HV,1,-1,0,1
mathcalF,0.72,0.73,8151,-1,0,1,H-1,HV,1,-1,0,1
mathcalF,0.72,0.73,8152,1,0,1,H+1,HV,1,1,0,1
mathcalF,0.72,0.73,8153,1,0,1,H+1,HV,1,1,0,1
mathcalF,0.72,0.73,8154,1,0,1,H+1,HV,1,1,0,1
mathcalF,0.72,0.73,8155,1,0,1,H+1,HV,1,1,0,1
mathcalF,0.72,0.73,8156,1,-1,2,H+1 V-1,HV,0,1,-1,1
mathcalF,0.72,0.73,8157,1,-1,2,H+1 V-1,HV,0,1,-1,1
mathcalF,0.72,0.73,8158,1,0,1,H+1,HV,1,1,0,1
mathcalF,0.72,0.73,8159,1,0,1,H+1,HV,1,1,0,1
mathcalF,0.72,0.73,8160,0,-1,1,V-1,HV,1,0,-1,1
mathcalF,0.72,0.73,8161,0,-1,1,V-1,HV,1,0,-1,1
mathcalF,0.72,0.73,8162,0,0,0,I,HV,1,0,0,1
mathcalF,0.72,0.73,8163,0,0,0,I,HV,1,0,0,1
mathcalF,0.72,0.73,8164,0,0,0,I,HV,1,0,0,1
mathcalF,0.72,0.73,8165,0,0,0,I,HV,1,0,0,1
mathcalF,0.72,0.73,8166,0,0,0,I,HV,1,0,0,1
mathcalF,0.72,0.73,8167,0,0,0,I,HV,1,0,0,1
mathcalF,0.72,0.73,8168,0,1,1,V+1,HV,1,0,1,1
mathcalF,0.72,0.73,8169,0,1,1,V+1,HV,1,0,1,1
mathcalF,0.72,0.73,8170,0,0,0,I,HV,1,0,0,1
mathcalF,0.72,0.73,8171,0,0,0,I,HV,1,0,0,1
mathcalF,0.72,0.73,8172,0,0,0,I,HV,1,0,0,1
mathcalF,0.72,0.73,8173,0,0,0,I,HV,1,0,0,1
mathcalF,0.72,0.73,8174,0,0,0,I,HV,1,0,0,1
mathcalF,0.72,0.73,8175,0,0,0,I,HV,1,0,0,1
mathcalF,0.72,0.73,8176,0,1,1,V+1,HV,1,0,1,1
mathcalF,0.72,0.73,8177,0,1,1,V+1,HV,1,0,1,1
mathcalF,0.72,0.73,8178,0,0,0,I,HV,1,0,0,1
mathcalF,0.72,0.73,8179,0,0,0,I,HV,1,0,0,1
mathcalF,0.72,0.73,8180,0,0,0,I,HV,1,0,0,1
mathcalF,0.72,0.73,8181,0,0,0,I,HV,1,0,0,1
mathcalF,0.72,0.73,8182,0,0,0,I,HV,1,0,0,1
mathcalF,0.72,0.73,8183,0,0,0,I,HV,1,0,0,1
mathcalF,0.72,0.73,8184,0,0,0,I,HV,1,0,0,1
mathcalF,0.72,0.73,8185,0,0,0,I,HV,1,0,0,1
mathcalF,0.72,0.73,8186,0,0,0,I,HV,1,0,0,1
mathcalF,0.72,0.73,8187,0,0,0,I,HV,1,0,0,1
mathcalF,0.72,0.73,8188,0,0,0,I,HV,1,0,0,1
mathcalF,0.72,0.73,8189,0,0,0,I,HV,1,0,0,1
mathcalF,0.72,0.73,8190,0,0,0,I,HV,1,0,0,1
mathcalF,0.72,0.73,8191,0,0,0,I,HV,1,0,0,1
mathcalF,0.72,0.73,8192,0,0,0,I,HV,1,0,0,1
mathcalF,0.72,0.73,8193,0,0,0,I,HV,1,0,0,1
mathcalF,0.72,0.73,8194,0,0,0,I,HV,1,0,0,1
mathcalF,0.72,0.73,8195,0,0,0,I,HV,1,0,0,1
mathcalF,0.72,0.73,8196,0,0,0,I,HV,1,0,0,1
mathcalF,0.72,0.73,8197,0,0,0,I,HV,1,0,0,1
mathcalF,0.72,0.73,8198,0,0,0,I,HV,1,0,0,1
mathcalF,0.72,0.73,8199,0,0,0,I,HV,1,0,0,1
mathcalF,0.72,0.73,8200,0,0,0,I,HV,1,0,0,1
mathcalF,0.72,0.73,8201,0,0,0,I,HV,1,0,0,1
mathcalF,0.72,0.73,8202,0,0,0,I,HV,1,0,0,1
mathcalF,0.72,0.73,8203,0,0,0,I,HV,1,0,0,1
mathcalF,0.72,0.73,8204,0,0,0,I,HV,1,0,0,1
mathcalF,0.72,0.73,8205,0,0,0,I,HV,1,0,0,1
mathcalF,0.72,0.73,8206,0,0,0,I,HV,1,0,0,1
mathcalF,0.72,0.73,8207,0,0,0,I,HV,1,0,0,1
mathcalF,0.72,0.73,8208,0,0,0,I,HV,1,0,0,1
mathcalF,0.72,0.73,8209,0,0,0,I,HV,1,0,0,1
mathcalF,0.72,0.73,8210,0,0,0,I,HV,1,0,0,1
mathcalF,0.72,0.73,8211,0,0,0,I,HV,1,0,0,1
mathcalF,0.72,0.73,8212,0,0,0,I,HV,1,0,0,1
mathcalF,0.72,0.73,8213,0,0,0,I,HV,1,0,0,1
mathcalF,0.72,0.73,8214,0,0,0,I,HV,1,0,0,1
mathcalF,0.72,0.73,8215,0,0,0,I,HV,1,0,0,1
mathcalF,0.72,0.73,8216,0,0,0,I,HV,1,0,0,1
mathcalF,0.72,0.73,8217,0,0,0,I,HV,1,0,0,1
mathcalF,0.72,0.73,8218,0,0,0,I,HV,1,0,0,1
mathcalF,0.72,0.73,8219,0,0,0,I,HV,1,0,0,1
mathcalF,0.72,0.73,8220,0,0,0,I,HV,1,0,0,1
mathcalF,0.72,0.73,8221,0,0,0,I,HV,1,0,0,1
mathcalF,0.72,0.73,8222,0,0,0,I,HV,1,0,0,1
mathcalF,0.72,0.73,8223,0,0,0,I,HV,1,0,0,1
mathcalF,0.72,0.73,8224,0,0,0,I,HV,1,0,0,1
mathcalF,0.72,0.73,8225,0,0,0,I,HV,1,0,0,1
mathcalF,0.72,0.73,8226,0,0,0,I,HV,1,0,0,1
mathcalF,0.72,0.73,8227,0,0,0,I,HV,1,0,0,1
mathcalF,0.72,0.73,8228,0,0,0,I,HV,1,0,0,1
mathcalF,0.72,0.73,8229,0,0,0,I,HV,1,0,0,1
mathcalF,0.72,0.73,8230,0,1,1,V+1,HV,1,0,1,1
mathcalF,0.72,0.73,8231,0,1,1,V+1,HV,1,0,1,1
mathcalF,0.72,0.73,8232,0,0,0,I,HV,1,0,0,1
mathcalF,0.72,0.73,8233,0,0,0,I,HV,1,0,0,1
mathcalF,0.72,0.73,8234,0,0,0,I,HV,1,0,0,1
mathcalF,0.72,0.73,8235,0,0,0,I,HV,1,0,0,1
mathcalF,0.72,0.73,8236,0,0,0,I,HV,1,0,0,1
mathcalF,0.72,0.73,8237,0,0,0,I,HV,1,0,0,1
mathcalF,0.72,0.73,8238,0,0,0,I,HV,1,0,0,1
mathcalF,0.72,0.73,8239,0,0,0,I,HV,1,0,0,1
mathcalF,0.72,0.73,8240,0,1,1,V+1,HV,1,0,1,1
mathcalF,0.72,0.73,8241,0,1,1,V+1,HV,1,0,1,1
mathcalF,0.72,0.73,8242,0,0,0,I,HV,1,0,0,1
mathcalF,0.72,0.73,8243,0,0,0,I,HV,1,0,0,1
mathcalF,0.72,0.73,8244,1,0,1,H+1,HV,1,1,0,1
mathcalF,0.72,0.73,8245,1,0,1,H+1,HV,1,1,0,1
mathcalF,0.72,0.73,8246,1,0,1,H+1,HV,1,1,0,1
mathcalF,0.72,0.73,8247,1,0,1,H+1,HV,1,1,0,1
mathcalF,0.72,0.73,8248,1,0,1,H+1,HV,1,1,0,1
mathcalF,0.72,0.73,8249,1,0,1,H+1,HV,1,1,0,1
mathcalF,0.72,0.73,8250,1,0,1,H+1,HV,1,1,0,1
mathcalF,0.72,0.73,8251,1,0,1,H+1,HV,1,1,0,1
mathcalF,0.72,0.73,8252,1,0,1,H+1,HV,1,1,0,1
mathcalF,0.72,0.73,8253,1,0,1,H+1,HV,1,1,0,1
mathcalF,0.72,0.73,8254,1,0,1,H+1,HV,1,1,0,1
mathcalF,0.72,0.73,8255,1,0,1,H+1,HV,1,1,0,1
mathcalF,0.72,0.73,8256,1,-1,2,H+1 V-1,HV,0,1,-1,1
mathcalF,0.72,0.73,8257,1,-1,2,H+1 V-1,HV,0,1,-1,1
mathcalF,0.72,0.73,8258,1,0,1,H+1,HV,1,1,0,1
mathcalF,0.72,0.73,8259,1,0,1,H+1,HV,1,1,0,1
mathcalF,0.72,0.73,8260,-1,0,1,H-1,HV,1,-1,0,1
mathcalF,0.72,0.73,8261,-1,0,1,H-1,HV,1,-1,0,1
mathcalF,0.72,0.73,8262,1,0,1,H+1,HV,1,1,0,1
mathcalF,0.72,0.73,8263,1,0,1,H+1,HV,1,1,0,1
mathcalF,0.72,0.73,8264,-1,0,1,H-1,HV,1,-1,0,1
mathcalF,0.72,0.73,8265,-1,0,1,H-1,HV,1,-1,0,1
mathcalF,0.72,0.73,8266,-1,0,1,H-1,HV,1,-1,0,1
mathcalF,0.72,0.73,8267,-1,0,1,H-1,HV,1,-1,0,1
mathcalF,0.72,0.73,8268,1,-1,2,H+1 V-1,HV,0,1,-1,1
mathcalF,0.72,0.73,8269,1,-1,2,H+1 V-1,HV,0,1,-1,1
mathcalF,0.72,0.73,8270,1,-1,2,H+1 V-1,HV,0,1,-1,1
mathcalF,0.72,0.73,8271,1,-1,2,H+1 V-1,HV,0,1,-1,1
mathcalF,0.72,0.73,8272,0,0,0,I,HV,1,0,0,1
mathcalF,0.72,0.73,8273,0,0,0,I,HV,1,0,0,1
mathcalF,0.72,0.73,8274,1,-1,2,H+1 V-1,HV,0,1,-1,1
mathcalF,0.72,0.73,8275,1,-1,2,H+1 V-1,HV,0,1,-1,1
mathcalF,0.72,0.73,8276,-1,0,1,H-1,HV,1,-1,0,1
mathcalF,0.72,0.73,8277,-1,0,1,H-1,HV,1,-1,0,1
mathcalF,0.72,0.73,8278,-1,0,1,H-1,HV,1,-1,0,1
mathcalF,0.72,0.73,8279,-1,0,1,H-1,HV,1,-1,0,1
mathcalF,0.72,0.73,8280,-1,0,1,H-1,HV,1,-1,0,1
mathcalF,0.72,0.73,8281,-1,0,1,H-1,HV,1,-1,0,1
mathcalF,0.72,0.73,8282,1,-1,2,H+1 V-1,HV,0,1,-1,1
mathcalF,0.72,0.73,8283,1,-1,2,H+1 V-1,HV,0,1,-1,1
mathcalF,0.72,0.73,8284,1,0,1,H+1,HV,1,1,0,1
mathcalF,0.72,0.73,8285,1,0,1,H+1,HV,1,1,0,1
mathcalF,0.72,0.73,8286,-1,0,1,H-1,HV,1,-1,0,1
mathcalF,0.72,0.73,8287,-1,0,1,H-1,HV,1,-1,0,1
mathcalF,0.72,0.73,8288,1,0,1,H+1,HV,1,1,0,1
mathcalF,0.72,0.73,8289,1,0,1,H+1,HV,1,1,0,1
mathcalF,0.72,0.73,8290,-1,0,1,H-1,HV,1,-1,0,1
mathcalF,0.72,0.73,8291,-1,0,1,H-1,HV,1,-1,0,1
mathcalF,0.72,0.73,8292,1,0,1,H+1,HV,1,1,0,1
mathcalF,0.72,0.73,8293,1,0,1,H+1,HV,1,1,0,1
mathcalF,0.72,0.73,8294,1,0,1,H+1,HV,1,1,0,1
mathcalF,0.72,0.73,8295,1,0,1,H+1,HV,1,1,0,1
mathcalF,0.72,0.73,8296,1,-1,2,H+1 V-1,HV,0,1,-1,1
mathcalF,0.72,0.73,8297,1,-1,2,H+1 V-1,HV,0,1,-1,1
mathcalF,0.72,0.73,8298,0,0,0,I,HV,1,0,0,1
mathcalF,0.72,0.73,8299,1,0,1,H+1,HV,1,1,0,1
mathcalF,0.72,0.73,8300,0,-1,1,V-1,HV,1,0,-1,1
mathcalF,0.72,0.73,8301,0,-1,1,V-1,HV,1,0,-1,1
mathcalF,0.72,0.73,8302,0,0,0,I,HV,1,0,0,1
mathcalF,0.72,0.73,8303,0,0,0,I,HV,1,0,0,1
mathcalF,0.72,0.73,8304,0,0,0,I,HV,1,0,0,1
mathcalF,0.72,0.73,8305,0,0,0,I,HV,1,0,0,1
mathcalF,0.72,0.73,8306,0,0,0,I,HV,1,0,0,1
mathcalF,0.72,0.73,8307,0,0,0,I,HV,1,0,0,1
mathcalF,0.72,0.73,8308,0,1,1,V+1,HV,1,0,1,1
mathcalF,0.72,0.73,8309,0,1,1,V+1,HV,1,0,1,1
mathcalF,0.72,0.73,8310,0,0,0,I,HV,1,0,0,1
mathcalF,0.72,0.73,8311,0,0,0,I,HV,1,0,0,1
mathcalF,0.72,0.73,8312,0,0,0,I,HV,1,0,0,1
mathcalF,0.72,0.73,8313,0,0,0,I,HV,1,0,0,1
mathcalF,0.72,0.73,8314,0,0,0,I,HV,1,0,0,1
mathcalF,0.72,0.73,8315,0,0,0,I,HV,1,0,0,1
mathcalF,0.72,0.73,8316,0,1,1,V+1,HV,1,0,1,1
mathcalF,0.72,0.73,8317,0,1,1,V+1,HV,1,0,1,1
mathcalF,0.72,0.73,8318,0,0,0,I,HV,1,0,0,1
mathcalF,0.72,0.73,8319,0,0,0,I,HV,1,0,0,1
mathcalF,0.72,0.73,8320,0,0,0,I,HV,1,0,0,1
mathcalF,0.72,0.73,8321,0,0,0,I,HV,1,0,0,1
mathcalF,0.72,0.73,8322,0,0,0,I,HV,1,0,0,1
mathcalF,0.72,0.73,8323,0,0,0,I,HV,1,0,0,1
mathcalF,0.72,0.73,8324,0,0,0,I,HV,1,0,0,1
mathcalF,0.72,0.73,8325,0,0,0,I,HV,1,0,0,1
mathcalF,0.72,0.73,8326,0,0,0,I,HV,1,0,0,1
mathcalF,0.72,0.73,8327,0,0,0,I,HV,1,0,0,1
mathcalF,0.72,0.73,8328,0,0,0,I,HV,1,0,0,1
mathcalF,0.72,0.73,8329,0,0,0,I,HV,1,0,0,1
mathcalF,0.72,0.73,8330,0,0,0,I,HV,1,0,0,1
mathcalF,0.72,0.73,8331,0,0,0,I,HV,1,0,0,1
mathcalF,0.72,0.73,8332,0,0,0,I,HV,1,0,0,1
mathcalF,0.72,0.73,8333,0,0,0,I,HV,1,0,0,1
mathcalF,0.72,0.73,8334,0,0,0,I,HV,1,0,0,1
mathcalF,0.72,0.73,8335,0,0,0,I,HV,1,0,0,1
mathcalF,0.72,0.73,8336,0,0,0,I,HV,1,0,0,1
mathcalF,0.72,0.73,8337,0,0,0,I,HV,1,0,0,1
mathcalF,0.72,0.73,8338,0,0,0,I,HV,1,0,0,1
mathcalF,0.72,0.73,8339,0,0,0,I,HV,1,0,0,1
mathcalF,0.72,0.73,8340,0,0,0,I,HV,1,0,0,1
mathcalF,0.72,0.73,8341,0,0,0,I,HV,1,0,0,1
mathcalF,0.72,0.73,8342,0,0,0,I,HV,1,0,0,1
mathcalF,0.72,0.73,8343,0,0,0,I,HV,1,0,0,1
mathcalF,0.72,0.73,8344,0,0,0,I,HV,1,0,0,1
mathcalF,0.72,0.73,8345,0,0,0,I,HV,1,0,0,1
mathcalF,0.72,0.73,8346,0,0,0,I,HV,1,0,0,1
mathcalF,0.72,0.73,8347,0,0,0,I,HV,1,0,0,1
mathcalF,0.72,0.73,8348,0,0,0,I,HV,1,0,0,1
mathcalF,0.72,0.73,8349,0,0,0,I,HV,1,0,0,1
mathcalF,0.72,0.73,8350,0,0,0,I,HV,1,0,0,1
mathcalF,0.72,0.73,8351,0,0,0,I,HV,1,0,0,1
mathcalF,0.72,0.73,8352,0,0,0,I,HV,1,0,0,1
mathcalF,0.72,0.73,8353,0,0,0,I,HV,1,0,0,1
mathcalF,0.72,0.73,8354,0,0,0,I,HV,1,0,0,1
mathcalF,0.72,0.73,8355,0,0,0,I,HV,1,0,0,1
mathcalF,0.72,0.73,8356,0,0,0,I,HV,1,0,0,1
mathcalF,0.72,0.73,8357,0,0,0,I,HV,1,0,0,1
mathcalF,0.72,0.73,8358,0,0,0,I,HV,1,0,0,1
mathcalF,0.72,0.73,8359,0,0,0,I,HV,1,0,0,1
mathcalF,0.72,0.73,8360,0,0,0,I,HV,1,0,0,1
mathcalF,0.72,0.73,8361,0,0,0,I,HV,1,0,0,1
mathcalF,0.72,0.73,8362,0,0,0,I,HV,1,0,0,1
mathcalF,0.72,0.73,8363,0,0,0,I,HV,1,0,0,1
mathcalF,0.72,0.73,8364,0,0,0,I,HV,1,0,0,1
mathcalF,0.72,0.73,8365,0,0,0,I,HV,1,0,0,1
mathcalF,0.72,0.73,8366,0,0,0,I,HV,1,0,0,1
mathcalF,0.72,0.73,8367,0,0,0,I,HV,1,0,0,1
mathcalF,0.72,0.73,8368,0,0,0,I,HV,1,0,0,1
mathcalF,0.72,0.73,8369,0,0,0,I,HV,1,0,0,1
mathcalF,0.72,0.73,8370,0,1,1,V+1,HV,1,0,1,1
mathcalF,0.72,0.73,8371,0,1,1,V+1,HV,1,0,1,1
mathcalF,0.72,0.73,8372,0,0,0,I,HV,1,0,0,1
mathcalF,0.72,0.73,8373,0,0,0,I,HV,1,0,0,1
mathcalF,0.72,0.73,8374,0,0,0,I,HV,1,0,0,1
mathcalF,0.72,0.73,8375,0,0,0,I,HV,1,0,0,1
mathcalF,0.72,0.73,8376,0,0,0,I,HV,1,0,0,1
mathcalF,0.72,0.73,8377,0,0,0,I,HV,1,0,0,1
mathcalF,0.72,0.73,8378,0,0,0,I,HV,1,0,0,1
mathcalF,0.72,0.73,8379,0,0,0,I,HV,1,0,0,1
mathcalF,0.72,0.73,8380,0,1,1,V+1,HV,1,0,1,1
mathcalF,0.72,0.73,8381,0,1,1,V+1,HV,1,0,1,1
mathcalF,0.72,0.73,8382,0,0,0,I,HV,1,0,0,1
mathcalF,0.72,0.73,8383,0,0,0,I,HV,1,0,0,1
mathcalF,0.72,0.73,8384,1,0,1,H+1,HV,1,1,0,1
mathcalF,0.72,0.73,8385,1,0,1,H+1,HV,1,1,0,1
mathcalF,0.72,0.73,8386,1,0,1,H+1,HV,1,1,0,1
mathcalF,0.72,0.73,8387,1,0,1,H+1,HV,1,1,0,1
mathcalF,0.72,0.73,8388,1,1,2,V+1 H+1,VH,1,1,1,2
mathcalF,0.72,0.73,8389,1,0,1,H+1,HV,1,1,0,1
mathcalF,0.72,0.73,8390,1,1,2,V+1 H+1,VH,1,1,1,2
mathcalF,0.72,0.73,8391,1,0,1,H+1,HV,1,1,0,1
mathcalF,0.72,0.73,8392,1,0,1,H+1,HV,1,1,0,1
mathcalF,0.72,0.73,8393,1,0,1,H+1,HV,1,1,0,1
mathcalF,0.72,0.73,8394,1,0,1,H+1,HV,1,1,0,1
mathcalF,0.72,0.73,8395,1,0,1,H+1,HV,1,1,0,1
mathcalF,0.72,0.73,8396,1,-1,2,H+1 V-1,HV,0,1,-1,1
mathcalF,0.72,0.73,8397,1,-1,2,H+1 V-1,HV,0,1,-1,1
mathcalF,0.72,0.73,8398,1,0,1,H+1,HV,1,1,0,1
mathcalF,0.72,0.73,8399,1,0,1,H+1,HV,1,1,0,1
mathcalF,0.72,0.73,8400,-1,0,1,H-1,HV,1,-1,0,1
mathcalF,0.72,0.73,8401,-1,0,1,H-1,HV,1,-1,0,1
mathcalF,0.72,0.73,8402,1,0,1,H+1,HV,1,1,0,1
mathcalF,0.72,0.73,8403,1,0,1,H+1,HV,1,1,0,1
mathcalF,0.72,0.73,8404,-1,0,1,H-1,HV,1,-1,0,1
mathcalF,0.72,0.73,8405,-1,0,1,H-1,HV,1,-1,0,1
mathcalF,0.72,0.73,8406,-1,0,1,H-1,HV,1,-1,0,1
mathcalF,0.72,0.73,8407,-1,0,1,H-1,HV,1,-1,0,1
mathcalF,0.72,0.73,8408,1,-1,2,H+1 V-1,HV,0,1,-1,1
mathcalF,0.72,0.73,8409,1,-1,2,H+1 V-1,HV,0,1,-1,1
mathcalF,0.72,0.73,8410,1,-1,2,H+1 V-1,HV,0,1,-1,1
mathcalF,0.72,0.73,8411,1,-1,2,H+1 V-1,HV,0,1,-1,1
mathcalF,0.72,0.73,8412,0,0,0,I,HV,1,0,0,1
mathcalF,0.72,0.73,8413,0,0,0,I,HV,1,0,0,1
mathcalF,0.72,0.73,8414,1,-1,2,H+1 V-1,HV,0,1,-1,1
mathcalF,0.72,0.73,8415,1,-1,2,H+1 V-1,HV,0,1,-1,1
mathcalF,0.72,0.73,8416,-1,0,1,H-1,HV,1,-1,0,1
mathcalF,0.72,0.73,8417,-1,0,1,H-1,HV,1,-1,0,1
mathcalF,0.72,0.73,8418,-1,0,1,H-1,HV,1,-1,0,1
mathcalF,0.72,0.73,8419,-1,0,1,H-1,HV,1,-1,0,1
mathcalF,0.72,0.73,8420,-1,0,1,H-1,HV,1,-1,0,1
mathcalF,0.72,0.73,8421,-1,0,1,H-1,HV,1,-1,0,1
mathcalF,0.72,0.73,8422,1,-1,2,H+1 V-1,HV,0,1,-1,1
mathcalF,0.72,0.73,8423,1,-1,2,H+1 V-1,HV,0,1,-1,1
mathcalF,0.72,0.73,8424,1,0,1,H+1,HV,1,1,0,1
mathcalF,0.72,0.73,8425,1,0,1,H+1,HV,1,1,0,1
mathcalF,0.72,0.73,8426,-1,0,1,H-1,HV,1,-1,0,1
mathcalF,0.72,0.73,8427,-1,0,1,H-1,HV,1,-1,0,1
mathcalF,0.72,0.73,8428,1,0,1,H+1,HV,1,1,0,1
mathcalF,0.72,0.73,8429,1,0,1,H+1,HV,1,1,0,1
mathcalF,0.72,0.73,8430,-1,0,1,H-1,HV,1,-1,0,1
mathcalF,0.72,0.73,8431,-1,0,1,H-1,HV,1,-1,0,1
mathcalF,0.72,0.73,8432,1,0,1,H+1,HV,1,1,0,1
mathcalF,0.72,0.73,8433,1,0,1,H+1,HV,1,1,0,1
mathcalF,0.72,0.73,8434,1,0,1,H+1,HV,1,1,0,1
mathcalF,0.72,0.73,8435,1,0,1,H+1,HV,1,1,0,1
mathcalF,0.72,0.73,8436,1,-1,2,H+1 V-1,HV,0,1,-1,1
mathcalF,0.72,0.73,8437,1,-1,2,H+1 V-1,HV,0,1,-1,1
mathcalF,0.72,0.73,8438,0,0,0,I,HV,1,0,0,1
mathcalF,0.72,0.73,8439,0,0,0,I,HV,1,0,0,1
mathcalF,0.72,0.73,8440,0,-1,1,V-1,HV,1,0,-1,1
mathcalF,0.72,0.73,8441,0,-1,1,V-1,HV,1,0,-1,1
mathcalF,0.72,0.73,8442,0,0,0,I,HV,1,0,0,1
mathcalF,0.72,0.73,8443,0,0,0,I,HV,1,0,0,1
mathcalF,0.72,0.73,8444,0,0,0,I,HV,1,0,0,1
mathcalF,0.72,0.73,8445,0,0,0,I,HV,1,0,0,1
mathcalF,0.72,0.73,8446,0,0,0,I,HV,1,0,0,1
mathcalF,0.72,0.73,8447,0,0,0,I,HV,1,0,0,1
mathcalF,0.72,0.73,8448,0,1,1,V+1,HV,1,0,1,1
mathcalF,0.72,0.73,8449,0,1,1,V+1,HV,1,0,1,1
mathcalF,0.72,0.73,8450,0,0,0,I,HV,1,0,0,1
mathcalF,0.72,0.73,8451,0,0,0,I,HV,1,0,0,1
mathcalF,0.72,0.73,8452,0,0,0,I,HV,1,0,0,1
mathcalF,0.72,0.73,8453,0,0,0,I,HV,1,0,0,1
mathcalF,0.72,0.73,8454,0,0,0,I,HV,1,0,0,1
mathcalF,0.72,0.73,8455,0,1,1,V+1,HV,1,0,1,1
mathcalF,0.72,0.73,8456,0,1,1,V+1,HV,1,0,1,1
mathcalF,0.72,0.73,8457,0,0,0,I,HV,1,0,0,1
mathcalF,0.72,0.73,8458,0,0,0,I,HV,1,0,0,1
mathcalF,0.72,0.73,8459,0,0,0,I,HV,1,0,0,1
mathcalF,0.72,0.73,8460,0,0,0,I,HV,1,0,0,1
mathcalF,0.72,0.73,8461,0,0,0,I,HV,1,0,0,1
mathcalF,0.72,0.73,8462,0,0,0,I,HV,1,0,0,1
mathcalF,0.72,0.73,8463,0,0,0,I,HV,1,0,0,1
mathcalF,0.72,0.73,8464,0,0,0,I,HV,1,0,0,1
mathcalF,0.72,0.73,8465,0,0,0,I,HV,1,0,0,1
mathcalF,0.72,0.73,8466,0,0,0,I,HV,1,0,0,1
mathcalF,0.72,0.73,8467,0,0,0,I,HV,1,0,0,1
mathcalF,0.72,0.73,8468,0,0,0,I,HV,1,0,0,1
mathcalF,0.72,0.73,8469,0,0,0,I,HV,1,0,0,1
mathcalF,0.72,0.73,8470,0,0,0,I,HV,1,0,0,1
mathcalF,0.72,0.73,8471,0,0,0,I,HV,1,0,0,1
mathcalF,0.72,0.73,8472,0,0,0,I,HV,1,0,0,1
mathcalF,0.72,0.73,8473,0,0,0,I,HV,1,0,0,1
mathcalF,0.72,0.73,8474,0,0,0,I,HV,1,0,0,1
mathcalF,0.72,0.73,8475,0,0,0,I,HV,1,0,0,1
mathcalF,0.72,0.73,8476,0,0,0,I,HV,1,0,0,1
mathcalF,0.72,0.73,8477,0,0,0,I,HV,1,0,0,1
mathcalF,0.72,0.73,8478,0,0,0,I,HV,1,0,0,1
mathcalF,0.72,0.73,8479,0,0,0,I,HV,1,0,0,1
mathcalF,0.72,0.73,8480,0,0,0,I,HV,1,0,0,1
mathcalF,0.72,0.73,8481,0,0,0,I,HV,1,0,0,1
mathcalF,0.72,0.73,8482,0,0,0,I,HV,1,0,0,1
mathcalF,0.72,0.73,8483,0,0,0,I,HV,1,0,0,1
mathcalF,0.72,0.73,8484,0,0,0,I,HV,1,0,0,1
mathcalF,0.72,0.73,8485,0,0,0,I,HV,1,0,0,1
mathcalF,0.72,0.73,8486,0,0,0,I,HV,1,0,0,1
mathcalF,0.72,0.73,8487,0,0,0,I,HV,1,0,0,1
mathcalF,0.72,0.73,8488,0,0,0,I,HV,1,0,0,1
mathcalF,0.72,0.73,8489,0,0,0,I,HV,1,0,0,1
mathcalF,0.72,0.73,8490,0,0,0,I,HV,1,0,0,1
mathcalF,0.72,0.73,8491,0,0,0,I,HV,1,0,0,1
mathcalF,0.72,0.73,8492,0,0,0,I,HV,1,0,0,1
mathcalF,0.72,0.73,8493,0,0,0,I,HV,1,0,0,1
mathcalF,0.72,0.73,8494,0,0,0,I,HV,1,0,0,1
mathcalF,0.72,0.73,8495,0,0,0,I,HV,1,0,0,1
mathcalF,0.72,0.73,8496,0,0,0,I,HV,1,0,0,1
mathcalF,0.72,0.73,8497,0,0,0,I,HV,1,0,0,1
mathcalF,0.72,0.73,8498,0,0,0,I,HV,1,0,0,1
mathcalF,0.72,0.73,8499,0,0,0,I,HV,1,0,0,1
mathcalF,0.72,0.73,8500,0,0,0,I,HV,1,0,0,1
mathcalF,0.72,0.73,8501,0,0,0,I,HV,1,0,0,1
mathcalF,0.72,0.73,8502,0,0,0,I,HV,1,0,0,1
mathcalF,0.72,0.73,8503,0,0,0,I,HV,1,0,0,1
mathcalF,0.72,0.73,8504,0,0,0,I,HV,1,0,0,1
mathcalF,0.72,0.73,8505,0,0,0,I,HV,1,0,0,1
mathcalF,0.72,0.73,8506,0,0,0,I,HV,1,0,0,1
mathcalF,0.72,0.73,8507,0,0,0,I,HV,1,0,0,1
mathcalF,0.72,0.73,8508,0,0,0,I,HV,1,0,0,1
mathcalF,0.72,0.73,8509,0,0,0,I,HV,1,0,0,1
mathcalF,0.72,0.73,8510,0,1,1,V+1,HV,1,0,1,1
mathcalF,0.72,0.73,8511,0,1,1,V+1,HV,1,0,1,1
mathcalF,0.72,0.73,8512,0,0,0,I,HV,1,0,0,1
mathcalF,0.72,0.73,8513,0,0,0,I,HV,1,0,0,1
mathcalF,0.72,0.73,8514,0,0,0,I,HV,1,0,0,1
mathcalF,0.72,0.73,8515,0,0,0,I,HV,1,0,0,1
mathcalF,0.72,0.73,8516,0,0,0,I,HV,1,0,0,1
mathcalF,0.72,0.73,8517,0,0,0,I,HV,1,0,0,1
mathcalF,0.72,0.73,8518,0,0,0,I,HV,1,0,0,1
mathcalF,0.72,0.73,8519,0,0,0,I,HV,1,0,0,1
mathcalF,0.72,0.73,8520,0,1,1,V+1,HV,1,0,1,1
mathcalF,0.72,0.73,8521,0,1,1,V+1,HV,1,0,1,1
mathcalF,0.72,0.73,8522,0,0,0,I,HV,1,0,0,1
mathcalF,0.72,0.73,8523,1,0,1,H+1,HV,1,1,0,1
mathcalF,0.72,0.73,8524,1,0,1,H+1,HV,1,1,0,1
mathcalF,0.72,0.73,8525,1,0,1,H+1,HV,1,1,0,1
mathcalF,0.72,0.73,8526,1,0,1,H+1,HV,1,1,0,1
mathcalF,0.72,0.73,8527,2,0,2,H+1 H+1,HV,1,2,0,1
mathcalF,0.72,0.73,8528,1,1,2,V+1 H+1,VH,1,1,1,2
mathcalF,0.72,0.73,8529,1,0,1,H+1,HV,1,1,0,1
mathcalF,0.72,0.73,8530,1,0,1,H+1,HV,1,1,0,1
mathcalF,0.72,0.73,8531,1,0,1,H+1,HV,1,1,0,1
mathcalF,0.72,0.73,8532,1,0,1,H+1,HV,1,1,0,1
mathcalF,0.72,0.73,8533,1,0,1,H+1,HV,1,1,0,1
mathcalF,0.72,0.73,8534,1,0,1,H+1,HV,1,1,0,1
mathcalF,0.72,0.73,8535,1,0,1,H+1,HV,1,1,0,1
mathcalF,0.72,0.73,8536,1,-1,2,H+1 V-1,HV,0,1,-1,1
mathcalF,0.72,0.73,8537,1,-1,2,H+1 V-1,HV,0,1,-1,1
mathcalF,0.72,0.73,8538,1,0,1,H+1,HV,1,1,0,1
mathcalF,0.72,0.73,8539,1,0,1,H+1,HV,1,1,0,1
mathcalF,0.72,0.73,8540,-1,0,1,H-1,HV,1,-1,0,1
mathcalF,0.72,0.73,8541,-1,0,1,H-1,HV,1,-1,0,1
mathcalF,0.72,0.73,8542,1,0,1,H+1,HV,1,1,0,1
mathcalF,0.72,0.73,8543,1,0,1,H+1,HV,1,1,0,1
mathcalF,0.72,0.73,8544,-1,0,1,H-1,HV,1,-1,0,1
mathcalF,0.72,0.73,8545,-1,0,1,H-1,HV,1,-1,0,1
mathcalF,0.72,0.73,8546,-1,0,1,H-1,HV,1,-1,0,1
mathcalF,0.72,0.73,8547,-1,0,1,H-1,HV,1,-1,0,1
mathcalF,0.72,0.73,8548,1,-1,2,H+1 V-1,HV,0,1,-1,1
mathcalF,0.72,0.73,8549,1,-1,2,H+1 V-1,HV,0,1,-1,1
mathcalF,0.72,0.73,8550,1,-1,2,H+1 V-1,HV,0,1,-1,1
mathcalF,0.72,0.73,8551,1,-1,2,H+1 V-1,HV,0,1,-1,1
mathcalF,0.72,0.73,8552,1,0,1,H+1,HV,1,1,0,1
mathcalF,0.72,0.73,8553,1,0,1,H+1,HV,1,1,0,1
mathcalF,0.72,0.73,8554,1,-1,2,H+1 V-1,HV,0,1,-1,1
mathcalF,0.72,0.73,8555,1,-1,2,H+1 V-1,HV,0,1,-1,1
mathcalF,0.72,0.73,8556,-1,0,1,H-1,HV,1,-1,0,1
mathcalF,0.72,0.73,8557,-1,0,1,H-1,HV,1,-1,0,1
mathcalF,0.72,0.73,8558,-1,0,1,H-1,HV,1,-1,0,1
mathcalF,0.72,0.73,8559,-1,0,1,H-1,HV,1,-1,0,1
mathcalF,0.72,0.73,8560,-1,0,1,H-1,HV,1,-1,0,1
mathcalF,0.72,0.73,8561,-1,0,1,H-1,HV,1,-1,0,1
mathcalF,0.72,0.73,8562,1,-1,2,H+1 V-1,HV,0,1,-1,1
mathcalF,0.72,0.73,8563,1,-1,2,H+1 V-1,HV,0,1,-1,1
mathcalF,0.72,0.73,8564,1,0,1,H+1,HV,1,1,0,1
mathcalF,0.72,0.73,8565,1,0,1,H+1,HV,1,1,0,1
mathcalF,0.72,0.73,8566,-1,0,1,H-1,HV,1,-1,0,1
mathcalF,0.72,0.73,8567,-1,0,1,H-1,HV,1,-1,0,1
mathcalF,0.72,0.73,8568,1,0,1,H+1,HV,1,1,0,1
mathcalF,0.72,0.73,8569,1,0,1,H+1,HV,1,1,0,1
mathcalF,0.72,0.73,8570,-1,0,1,H-1,HV,1,-1,0,1
mathcalF,0.72,0.73,8571,-1,0,1,H-1,HV,1,-1,0,1
mathcalF,0.72,0.73,8572,1,0,1,H+1,HV,1,1,0,1
mathcalF,0.72,0.73,8573,1,0,1,H+1,HV,1,1,0,1
mathcalF,0.72,0.73,8574,1,0,1,H+1,HV,1,1,0,1
mathcalF,0.72,0.73,8575,1,0,1,H+1,HV,1,1,0,1
mathcalF,0.72,0.73,8576,1,-1,2,H+1 V-1,HV,0,1,-1,1
mathcalF,0.72,0.73,8577,0,0,0,I,HV,1,0,0,1
mathcalF,0.72,0.73,8578,0,-1,1,V-1,HV,1,0,-1,1
mathcalF,0.72,0.73,8579,-1,1,2,V+1 H-1,VH,1,-1,1,0
mathcalF,0.72,0.73,8580,-1,1,2,V+1 H-1,VH,1,-1,1,0
mathcalF,0.72,0.73,8581,0,0,0,I,HV,1,0,0,1
mathcalF,0.72,0.73,8582,0,0,0,I,HV,1,0,0,1
mathcalF,0.72,0.73,8583,0,0,0,I,HV,1,0,0,1
mathcalF,0.72,0.73,8584,0,0,0,I,HV,1,0,0,1
mathcalF,0.72,0.73,8585,-1,1,2,V+1 H-1,VH,1,-1,1,0
mathcalF,0.72,0.73,8586,0,1,1,V+1,HV,1,0,1,1
mathcalF,0.72,0.73,8587,0,0,0,I,HV,1,0,0,1
mathcalF,0.72,0.73,8588,0,0,0,I,HV,1,0,0,1
mathcalF,0.72,0.73,8589,0,1,1,V+1,HV,1,0,1,1
mathcalF,0.72,0.73,8590,0,0,0,I,HV,1,0,0,1
mathcalF,0.72,0.73,8591,0,0,0,I,HV,1,0,0,1
mathcalF,0.72,0.73,8592,0,0,0,I,HV,1,0,0,1
mathcalF,0.72,0.73,8593,0,1,1,V+1,HV,1,0,1,1
mathcalF,0.72,0.73,8594,0,1,1,V+1,HV,1,0,1,1
mathcalF,0.72,0.73,8595,0,0,0,I,HV,1,0,0,1
mathcalF,0.72,0.73,8596,0,0,0,I,HV,1,0,0,1
mathcalF,0.72,0.73,8597,0,0,0,I,HV,1,0,0,1
mathcalF,0.72,0.73,8598,0,0,0,I,HV,1,0,0,1
mathcalF,0.72,0.73,8599,0,0,0,I,HV,1,0,0,1
mathcalF,0.72,0.73,8600,0,0,0,I,HV,1,0,0,1
mathcalF,0.72,0.73,8601,0,0,0,I,HV,1,0,0,1
mathcalF,0.72,0.73,8602,0,0,0,I,HV,1,0,0,1
mathcalF,0.72,0.73,8603,0,0,0,I,HV,1,0,0,1
mathcalF,0.72,0.73,8604,0,0,0,I,HV,1,0,0,1
mathcalF,0.72,0.73,8605,0,0,0,I,HV,1,0,0,1
mathcalF,0.72,0.73,8606,0,0,0,I,HV,1,0,0,1
mathcalF,0.72,0.73,8607,0,0,0,I,HV,1,0,0,1
mathcalF,0.72,0.73,8608,0,0,0,I,HV,1,0,0,1
mathcalF,0.72,0.73,8609,0,0,0,I,HV,1,0,0,1
mathcalF,0.72,0.73,8610,0,0,0,I,HV,1,0,0,1
mathcalF,0.72,0.73,8611,0,0,0,I,HV,1,0,0,1
mathcalF,0.72,0.73,8612,0,0,0,I,HV,1,0,0,1
mathcalF,0.72,0.73,8613,0,0,0,I,HV,1,0,0,1
mathcalF,0.72,0.73,8614,0,0,0,I,HV,1,0,0,1
mathcalF,0.72,0.73,8615,0,0,0,I,HV,1,0,0,1
mathcalF,0.72,0.73,8616,0,0,0,I,HV,1,0,0,1
mathcalF,0.72,0.73,8617,0,0,0,I,HV,1,0,0,1
mathcalF,0.72,0.73,8618,0,0,0,I,HV,1,0,0,1
mathcalF,0.72,0.73,8619,0,0,0,I,HV,1,0,0,1
mathcalF,0.72,0.73,8620,0,0,0,I,HV,1,0,0,1
mathcalF,0.72,0.73,8621,0,0,0,I,HV,1,0,0,1
mathcalF,0.72,0.73,8622,0,0,0,I,HV,1,0,0,1
mathcalF,0.72,0.73,8623,0,0,0,I,HV,1,0,0,1
mathcalF,0.72,0.73,8624,0,0,0,I,HV,1,0,0,1
mathcalF,0.72,0.73,8625,0,0,0,I,HV,1,0,0,1
mathcalF,0.72,0.73,8626,0,0,0,I,HV,1,0,0,1
mathcalF,0.72,0.73,8627,0,0,0,I,HV,1,0,0,1
mathcalF,0.72,0.73,8628,0,0,0,I,HV,1,0,0,1
mathcalF,0.72,0.73,8629,0,0,0,I,HV,1,0,0,1
mathcalF,0.72,0.73,8630,0,0,0,I,HV,1,0,0,1
mathcalF,0.72,0.73,8631,0,0,0,I,HV,1,0,0,1
mathcalF,0.72,0.73,8632,0,0,0,I,HV,1,0,0,1
mathcalF,0.72,0.73,8633,0,0,0,I,HV,1,0,0,1
mathcalF,0.72,0.73,8634,0,0,0,I,HV,1,0,0,1
mathcalF,0.72,0.73,8635,0,0,0,I,HV,1,0,0,1
mathcalF,0.72,0.73,8636,0,0,0,I,HV,1,0,0,1
mathcalF,0.72,0.73,8637,0,0,0,I,HV,1,0,0,1
mathcalF,0.72,0.73,8638,0,0,0,I,HV,1,0,0,1
mathcalF,0.72,0.73,8639,0,0,0,I,HV,1,0,0,1
mathcalF,0.72,0.73,8640,0,0,0,I,HV,1,0,0,1
mathcalF,0.72,0.73,8641,0,0,0,I,HV,1,0,0,1
mathcalF,0.72,0.73,8642,0,0,0,I,HV,1,0,0,1
mathcalF,0.72,0.73,8643,0,0,0,I,HV,1,0,0,1
mathcalF,0.72,0.73,8644,0,0,0,I,HV,1,0,0,1
mathcalF,0.72,0.73,8645,0,0,0,I,HV,1,0,0,1
mathcalF,0.72,0.73,8646,0,0,0,I,HV,1,0,0,1
mathcalF,0.72,0.73,8647,0,0,0,I,HV,1,0,0,1
mathcalF,0.72,0.73,8648,0,0,0,I,HV,1,0,0,1
mathcalF,0.72,0.73,8649,0,0,0,I,HV,1,0,0,1
mathcalF,0.72,0.73,8650,0,1,1,V+1,HV,1,0,1,1
mathcalF,0.72,0.73,8651,0,1,1,V+1,HV,1,0,1,1
mathcalF,0.72,0.73,8652,0,0,0,I,HV,1,0,0,1
mathcalF,0.72,0.73,8653,0,0,0,I,HV,1,0,0,1
mathcalF,0.72,0.73,8654,0,0,0,I,HV,1,0,0,1
mathcalF,0.72,0.73,8655,0,0,0,I,HV,1,0,0,1
mathcalF,0.72,0.73,8656,0,0,0,I,HV,1,0,0,1
mathcalF,0.72,0.73,8657,0,0,0,I,HV,1,0,0,1
mathcalF,0.72,0.73,8658,0,0,0,I,HV,1,0,0,1
mathcalF,0.72,0.73,8659,0,0,0,I,HV,1,0,0,1
mathcalF,0.72,0.73,8660,0,1,1,V+1,HV,1,0,1,1
mathcalF,0.72,0.73,8661,0,1,1,V+1,HV,1,0,1,1
mathcalF,0.72,0.73,8662,0,0,0,I,HV,1,0,0,1
mathcalF,0.72,0.73,8663,1,0,1,H+1,HV,1,1,0,1
mathcalF,0.72,0.73,8664,1,0,1,H+1,HV,1,1,0,1
mathcalF,0.72,0.73,8665,1,0,1,H+1,HV,1,1,0,1
mathcalF,0.72,0.73,8666,1,1,2,V+1 H+1,VH,1,1,1,2
mathcalF,0.72,0.73,8667,1,0,1,H+1,HV,1,1,0,1
mathcalF,0.72,0.73,8668,1,0,1,H+1,HV,1,1,0,1
mathcalF,0.72,0.73,8669,1,0,1,H+1,HV,1,1,0,1
mathcalF,0.72,0.73,8670,1,0,1,H+1,HV,1,1,0,1
mathcalF,0.72,0.73,8671,1,0,1,H+1,HV,1,1,0,1
mathcalF,0.72,0.73,8672,1,0,1,H+1,HV,1,1,0,1
mathcalF,0.72,0.73,8673,1,0,1,H+1,HV,1,1,0,1
mathcalF,0.72,0.73,8674,1,0,1,H+1,HV,1,1,0,1
mathcalF,0.72,0.73,8675,1,0,1,H+1,HV,1,1,0,1
mathcalF,0.72,0.73,8676,1,-1,2,H+1 V-1,HV,0,1,-1,1
mathcalF,0.72,0.73,8677,1,-1,2,H+1 V-1,HV,0,1,-1,1
mathcalF,0.72,0.73,8678,1,0,1,H+1,HV,1,1,0,1
mathcalF,0.72,0.73,8679,1,0,1,H+1,HV,1,1,0,1
mathcalF,0.72,0.73,8680,-1,0,1,H-1,HV,1,-1,0,1
mathcalF,0.72,0.73,8681,-1,0,1,H-1,HV,1,-1,0,1
mathcalF,0.72,0.73,8682,1,0,1,H+1,HV,1,1,0,1
mathcalF,0.72,0.73,8683,1,0,1,H+1,HV,1,1,0,1
mathcalF,0.72,0.73,8684,-1,0,1,H-1,HV,1,-1,0,1
mathcalF,0.72,0.73,8685,-1,0,1,H-1,HV,1,-1,0,1
mathcalF,0.72,0.73,8686,-1,0,1,H-1,HV,1,-1,0,1
mathcalF,0.72,0.73,8687,-1,0,1,H-1,HV,1,-1,0,1
mathcalF,0.72,0.73,8688,1,-1,2,H+1 V-1,HV,0,1,-1,1
mathcalF,0.72,0.73,8689,1,-1,2,H+1 V-1,HV,0,1,-1,1
mathcalF,0.72,0.73,8690,1,-1,2,H+1 V-1,HV,0,1,-1,1
mathcalF,0.72,0.73,8691,1,-1,2,H+1 V-1,HV,0,1,-1,1
mathcalF,0.72,0.73,8692,1,0,1,H+1,HV,1,1,0,1
mathcalF,0.72,0.73,8693,1,0,1,H+1,HV,1,1,0,1
mathcalF,0.72,0.73,8694,1,-1,2,H+1 V-1,HV,0,1,-1,1
mathcalF,0.72,0.73,8695,1,-1,2,H+1 V-1,HV,0,1,-1,1
mathcalF,0.72,0.73,8696,-1,0,1,H-1,HV,1,-1,0,1
mathcalF,0.72,0.73,8697,-1,0,1,H-1,HV,1,-1,0,1
mathcalF,0.72,0.73,8698,-1,0,1,H-1,HV,1,-1,0,1
mathcalF,0.72,0.73,8699,-1,0,1,H-1,HV,1,-1,0,1
mathcalF,0.72,0.73,8700,-1,0,1,H-1,HV,1,-1,0,1
mathcalF,0.72,0.73,8701,-1,0,1,H-1,HV,1,-1,0,1
mathcalF,0.72,0.73,8702,1,-1,2,H+1 V-1,HV,0,1,-1,1
mathcalF,0.72,0.73,8703,1,-1,2,H+1 V-1,HV,0,1,-1,1
mathcalF,0.72,0.73,8704,1,0,1,H+1,HV,1,1,0,1
mathcalF,0.72,0.73,8705,1,0,1,H+1,HV,1,1,0,1
mathcalF,0.72,0.73,8706,-1,0,1,H-1,HV,1,-1,0,1
mathcalF,0.72,0.73,8707,-1,0,1,H-1,HV,1,-1,0,1
mathcalF,0.72,0.73,8708,1,0,1,H+1,HV,1,1,0,1
mathcalF,0.72,0.73,8709,1,0,1,H+1,HV,1,1,0,1
mathcalF,0.72,0.73,8710,-1,0,1,H-1,HV,1,-1,0,1
mathcalF,0.72,0.73,8711,-1,0,1,H-1,HV,1,-1,0,1
mathcalF,0.72,0.73,8712,1,0,1,H+1,HV,1,1,0,1
mathcalF,0.72,0.73,8713,1,0,1,H+1,HV,1,1,0,1
mathcalF,0.72,0.73,8714,1,0,1,H+1,HV,1,1,0,1
mathcalF,0.72,0.73,8715,1,0,1,H+1,HV,1,1,0,1
mathcalF,0.72,0.73,8716,1,-1,2,H+1 V-1,HV,0,1,-1,1
mathcalF,0.72,0.73,8717,0,0,0,I,HV,1,0,0,1
mathcalF,0.72,0.73,8718,0,-1,1,V-1,HV,1,0,-1,1
mathcalF,0.72,0.73,8719,0,0,0,I,HV,1,0,0,1
mathcalF,0.72,0.73,8720,0,0,0,I,HV,1,0,0,1
mathcalF,0.72,0.73,8721,0,0,0,I,HV,1,0,0,1
mathcalF,0.72,0.73,8722,0,0,0,I,HV,1,0,0,1
mathcalF,0.72,0.73,8723,0,0,0,I,HV,1,0,0,1
mathcalF,0.72,0.73,8724,0,1,1,V+1,HV,1,0,1,1
mathcalF,0.72,0.73,8725,0,0,0,I,HV,1,0,0,1
mathcalF,0.72,0.73,8726,0,0,0,I,HV,1,0,0,1
mathcalF,0.72,0.73,8727,0,1,1,V+1,HV,1,0,1,1
mathcalF,0.72,0.73,8728,0,0,0,I,HV,1,0,0,1
mathcalF,0.72,0.73,8729,0,0,0,I,HV,1,0,0,1
mathcalF,0.72,0.73,8730,0,0,0,I,HV,1,0,0,1
mathcalF,0.72,0.73,8731,0,0,0,I,HV,1,0,0,1
mathcalF,0.72,0.73,8732,0,0,0,I,HV,1,0,0,1
mathcalF,0.72,0.73,8733,0,1,1,V+1,HV,1,0,1,1
mathcalF,0.72,0.73,8734,0,0,0,I,HV,1,0,0,1
mathcalF,0.72,0.73,8735,0,0,0,I,HV,1,0,0,1
mathcalF,0.72,0.73,8736,0,0,0,I,HV,1,0,0,1
mathcalF,0.72,0.73,8737,0,0,0,I,HV,1,0,0,1
mathcalF,0.72,0.73,8738,0,0,0,I,HV,1,0,0,1
mathcalF,0.72,0.73,8739,0,0,0,I,HV,1,0,0,1
mathcalF,0.72,0.73,8740,0,0,0,I,HV,1,0,0,1
mathcalF,0.72,0.73,8741,0,0,0,I,HV,1,0,0,1
mathcalF,0.72,0.73,8742,0,0,0,I,HV,1,0,0,1
mathcalF,0.72,0.73,8743,0,0,0,I,HV,1,0,0,1
mathcalF,0.72,0.73,8744,0,0,0,I,HV,1,0,0,1
mathcalF,0.72,0.73,8745,0,0,0,I,HV,1,0,0,1
mathcalF,0.72,0.73,8746,0,0,0,I,HV,1,0,0,1
mathcalF,0.72,0.73,8747,0,0,0,I,HV,1,0,0,1
mathcalF,0.72,0.73,8748,0,0,0,I,HV,1,0,0,1
mathcalF,0.72,0.73,8749,0,0,0,I,HV,1,0,0,1
mathcalF,0.72,0.73,8750,0,0,0,I,HV,1,0,0,1
mathcalF,0.72,0.73,8751,0,0,0,I,HV,1,0,0,1
mathcalF,0.72,0.73,8752,0,0,0,I,HV,1,0,0,1
mathcalF,0.72,0.73,8753,0,0,0,I,HV,1,0,0,1
mathcalF,0.72,0.73,8754,0,0,0,I,HV,1,0,0,1
mathcalF,0.72,0.73,8755,0,0,0,I,HV,1,0,0,1
mathcalF,0.72,0.73,8756,0,0,0,I,HV,1,0,0,1
mathcalF,0.72,0.73,8757,0,0,0,I,HV,1,0,0,1
mathcalF,0.72,0.73,8758,0,0,0,I,HV,1,0,0,1
mathcalF,0.72,0.73,8759,0,0,0,I,HV,1,0,0,1
mathcalF,0.72,0.73,8760,0,0,0,I,HV,1,0,0,1
mathcalF,0.72,0.73,8761,0,0,0,I,HV,1,0,0,1
mathcalF,0.72,0.73,8762,0,0,0,I,HV,1,0,0,1
mathcalF,0.72,0.73,8763,0,0,0,I,HV,1,0,0,1
mathcalF,0.72,0.73,8764,0,0,0,I,HV,1,0,0,1
mathcalF,0.72,0.73,8765,0,0,0,I,HV,1,0,0,1
mathcalF,0.72,0.73,8766,0,0,0,I,HV,1,0,0,1
mathcalF,0.72,0.73,8767,0,0,0,I,HV,1,0,0,1
mathcalF,0.72,0.73,8768,0,0,0,I,HV,1,0,0,1
mathcalF,0.72,0.73,8769,0,0,0,I,HV,1,0,0,1
mathcalF,0.72,0.73,8770,0,0,0,I,HV,1,0,0,1
mathcalF,0.72,0.73,8771,0,0,0,I,HV,1,0,0,1
mathcalF,0.72,0.73,8772,0,0,0,I,HV,1,0,0,1
mathcalF,0.72,0.73,8773,0,0,0,I,HV,1,0,0,1
mathcalF,0.72,0.73,8774,0,0,0,I,HV,1,0,0,1
mathcalF,0.72,0.73,8775,0,0,0,I,HV,1,0,0,1
mathcalF,0.72,0.73,8776,0,0,0,I,HV,1,0,0,1
mathcalF,0.72,0.73,8777,0,0,0,I,HV,1,0,0,1
mathcalF,0.72,0.73,8778,0,0,0,I,HV,1,0,0,1
mathcalF,0.72,0.73,8779,0,0,0,I,HV,1,0,0,1
mathcalF,0.72,0.73,8780,0,0,0,I,HV,1,0,0,1
mathcalF,0.72,0.73,8781,0,0,0,I,HV,1,0,0,1
mathcalF,0.72,0.73,8782,0,0,0,I,HV,1,0,0,1
mathcalF,0.72,0.73,8783,0,0,0,I,HV,1,0,0,1
mathcalF,0.72,0.73,8784,0,0,0,I,HV,1,0,0,1
mathcalF,0.72,0.73,8785,0,0,0,I,HV,1,0,0,1
mathcalF,0.72,0.73,8786,0,0,0,I,HV,1,0,0,1
mathcalF,0.72,0.73,8787,0,0,0,I,HV,1,0,0,1
mathcalF,0.72,0.73,8788,0,0,0,I,HV,1,0,0,1
mathcalF,0.72,0.73,8789,0,0,0,I,HV,1,0,0,1
mathcalF,0.72,0.73,8790,0,1,1,V+1,HV,1,0,1,1
mathcalF,0.72,0.73,8791,0,1,1,V+1,HV,1,0,1,1
mathcalF,0.72,0.73,8792,0,0,0,I,HV,1,0,0,1
mathcalF,0.72,0.73,8793,0,0,0,I,HV,1,0,0,1
mathcalF,0.72,0.73,8794,0,0,0,I,HV,1,0,0,1
mathcalF,0.72,0.73,8795,0,0,0,I,HV,1,0,0,1
mathcalF,0.72,0.73,8796,0,0,0,I,HV,1,0,0,1
mathcalF,0.72,0.73,8797,0,0,0,I,HV,1,0,0,1
mathcalF,0.72,0.73,8798,0,0,0,I,HV,1,0,0,1
mathcalF,0.72,0.73,8799,0,0,0,I,HV,1,0,0,1
mathcalF,0.72,0.73,8800,1,1,2,H+1 V+1,HV,2,1,1,1
mathcalF,0.72,0.73,8801,0,1,1,V+1,HV,1,0,1,1
mathcalF,0.72,0.73,8802,1,0,1,H+1,HV,1,1,0,1
mathcalF,0.72,0.73,8803,1,0,1,H+1,HV,1,1,0,1
mathcalF,0.72,0.73,8804,1,1,2,V+1 H+1,VH,1,1,1,2
mathcalF,0.72,0.73,8805,1,0,1,H+1,HV,1,1,0,1
mathcalF,0.72,0.73,8806,1,0,1,H+1,HV,1,1,0,1
mathcalF,0.72,0.73,8807,1,0,1,H+1,HV,1,1,0,1
mathcalF,0.72,0.73,8808,1,0,1,H+1,HV,1,1,0,1
mathcalF,0.72,0.73,8809,0,0,0,I,HV,1,0,0,1
mathcalF,0.72,0.73,8810,1,0,1,H+1,HV,1,1,0,1
mathcalF,0.72,0.73,8811,1,1,2,H+1 V+1,HV,2,1,1,1
mathcalF,0.72,0.73,8812,1,0,1,H+1,HV,1,1,0,1
mathcalF,0.72,0.73,8813,1,0,1,H+1,HV,1,1,0,1
mathcalF,0.72,0.73,8814,1,0,1,H+1,HV,1,1,0,1
mathcalF,0.72,0.73,8815,1,0,1,H+1,HV,1,1,0,1
mathcalF,0.72,0.73,8816,1,-1,2,H+1 V-1,HV,0,1,-1,1
mathcalF,0.72,0.73,8817,1,-1,2,H+1 V-1,HV,0,1,-1,1
mathcalF,0.72,0.73,8818,1,0,1,H+1,HV,1,1,0,1
mathcalF,0.72,0.73,8819,1,0,1,H+1,HV,1,1,0,1
mathcalF,0.72,0.73,8820,-1,0,1,H-1,HV,1,-1,0,1
mathcalF,0.72,0.73,8821,-1,0,1,H-1,HV,1,-1,0,1
mathcalF,0.72,0.73,8822,1,0,1,H+1,HV,1,1,0,1
mathcalF,0.72,0.73,8823,1,0,1,H+1,HV,1,1,0,1
mathcalF,0.72,0.73,8824,-1,0,1,H-1,HV,1,-1,0,1
mathcalF,0.72,0.73,8825,-1,0,1,H-1,HV,1,-1,0,1
mathcalF,0.72,0.73,8826,-1,0,1,H-1,HV,1,-1,0,1
mathcalF,0.72,0.73,8827,-1,0,1,H-1,HV,1,-1,0,1
mathcalF,0.72,0.73,8828,1,-1,2,H+1 V-1,HV,0,1,-1,1
mathcalF,0.72,0.73,8829,1,-1,2,H+1 V-1,HV,0,1,-1,1
mathcalF,0.72,0.73,8830,1,-1,2,H+1 V-1,HV,0,1,-1,1
mathcalF,0.72,0.73,8831,1,-1,2,H+1 V-1,HV,0,1,-1,1
mathcalF,0.72,0.73,8832,1,0,1,H+1,HV,1,1,0,1
mathcalF,0.72,0.73,8833,1,0,1,H+1,HV,1,1,0,1
mathcalF,0.72,0.73,8834,1,-1,2,H+1 V-1,HV,0,1,-1,1
mathcalF,0.72,0.73,8835,1,-1,2,H+1 V-1,HV,0,1,-1,1
mathcalF,0.72,0.73,8836,-1,0,1,H-1,HV,1,-1,0,1
mathcalF,0.72,0.73,8837,-1,0,1,H-1,HV,1,-1,0,1
mathcalF,0.72,0.73,8838,-1,0,1,H-1,HV,1,-1,0,1
mathcalF,0.72,0.73,8839,-1,0,1,H-1,HV,1,-1,0,1
mathcalF,0.72,0.73,8840,-1,0,1,H-1,HV,1,-1,0,1
mathcalF,0.72,0.73,8841,-1,0,1,H-1,HV,1,-1,0,1
mathcalF,0.72,0.73,8842,1,-1,2,H+1 V-1,HV,0,1,-1,1
mathcalF,0.72,0.73,8843,1,0,1,H+1,HV,1,1,0,1
mathcalF,0.72,0.73,8844,-1,0,1,H-1,HV,1,-1,0,1
mathcalF,0.72,0.73,8845,-1,0,1,H-1,HV,1,-1,0,1
mathcalF,0.72,0.73,8846,1,0,1,H+1,HV,1,1,0,1
mathcalF,0.72,0.73,8847,1,0,1,H+1,HV,1,1,0,1
mathcalF,0.72,0.73,8848,-1,0,1,H-1,HV,1,-1,0,1
mathcalF,0.72,0.73,8849,-1,0,1,H-1,HV,1,-1,0,1
mathcalF,0.72,0.73,8850,1,0,1,H+1,HV,1,1,0,1
mathcalF,0.72,0.73,8851,1,0,1,H+1,HV,1,1,0,1
mathcalF,0.72,0.73,8852,1,0,1,H+1,HV,1,1,0,1
mathcalF,0.72,0.73,8853,1,0,1,H+1,HV,1,1,0,1
mathcalF,0.72,0.73,8854,-1,1,2,V+1 H-1,VH,1,-1,1,0
mathcalF,0.72,0.73,8855,-1,1,2,V+1 H-1,VH,1,-1,1,0
mathcalF,0.72,0.73,8856,0,0,0,I,HV,1,0,0,1
mathcalF,0.72,0.73,8857,0,-1,1,V-1,HV,1,0,-1,1
mathcalF,0.72,0.73,8858,0,0,0,I,HV,1,0,0,1
mathcalF,0.72,0.73,8859,0,0,0,I,HV,1,0,0,1
mathcalF,0.72,0.73,8860,0,0,0,I,HV,1,0,0,1
mathcalF,0.72,0.73,8861,0,0,0,I,HV,1,0,0,1
mathcalF,0.72,0.73,8862,0,0,0,I,HV,1,0,0,1
mathcalF,0.72,0.73,8863,0,0,0,I,HV,1,0,0,1
mathcalF,0.72,0.73,8864,0,1,1,V+1,HV,1,0,1,1
mathcalF,0.72,0.73,8865,0,1,1,V+1,HV,1,0,1,1
mathcalF,0.72,0.73,8866,0,0,0,I,HV,1,0,0,1
mathcalF,0.72,0.73,8867,0,0,0,I,HV,1,0,0,1
mathcalF,0.72,0.73,8868,0,0,0,I,HV,1,0,0,1
mathcalF,0.72,0.73,8869,0,0,0,I,HV,1,0,0,1
mathcalF,0.72,0.73,8870,0,0,0,I,HV,1,0,0,1
mathcalF,0.72,0.73,8871,0,0,0,I,HV,1,0,0,1
mathcalF,0.72,0.73,8872,0,1,1,V+1,HV,1,0,1,1
mathcalF,0.72,0.73,8873,0,1,1,V+1,HV,1,0,1,1
mathcalF,0.72,0.73,8874,0,0,0,I,HV,1,0,0,1
mathcalF,0.72,0.73,8875,0,0,0,I,HV,1,0,0,1
mathcalF,0.72,0.73,8876,0,0,0,I,HV,1,0,0,1
mathcalF,0.72,0.73,8877,0,0,0,I,HV,1,0,0,1
mathcalF,0.72,0.73,8878,0,0,0,I,HV,1,0,0,1
mathcalF,0.72,0.73,8879,0,0,0,I,HV,1,0,0,1
mathcalF,0.72,0.73,8880,0,0,0,I,HV,1,0,0,1
mathcalF,0.72,0.73,8881,0,0,0,I,HV,1,0,0,1
mathcalF,0.72,0.73,8882,0,0,0,I,HV,1,0,0,1
mathcalF,0.72,0.73,8883,0,0,0,I,HV,1,0,0,1
mathcalF,0.72,0.73,8884,0,0,0,I,HV,1,0,0,1
mathcalF,0.72,0.73,8885,0,0,0,I,HV,1,0,0,1
mathcalF,0.72,0.73,8886,0,0,0,I,HV,1,0,0,1
mathcalF,0.72,0.73,8887,0,0,0,I,HV,1,0,0,1
mathcalF,0.72,0.73,8888,0,0,0,I,HV,1,0,0,1
mathcalF,0.72,0.73,8889,0,0,0,I,HV,1,0,0,1
mathcalF,0.72,0.73,8890,0,0,0,I,HV,1,0,0,1
mathcalF,0.72,0.73,8891,0,0,0,I,HV,1,0,0,1
mathcalF,0.72,0.73,8892,0,0,0,I,HV,1,0,0,1
mathcalF,0.72,0.73,8893,0,0,0,I,HV,1,0,0,1
mathcalF,0.72,0.73,8894,0,0,0,I,HV,1,0,0,1
mathcalF,0.72,0.73,8895,0,0,0,I,HV,1,0,0,1
mathcalF,0.72,0.73,8896,0,0,0,I,HV,1,0,0,1
mathcalF,0.72,0.73,8897,0,0,0,I,HV,1,0,0,1
mathcalF,0.72,0.73,8898,0,0,0,I,HV,1,0,0,1
mathcalF,0.72,0.73,8899,0,0,0,I,HV,1,0,0,1
mathcalF,0.72,0.73,8900,0,0,0,I,HV,1,0,0,1
mathcalF,0.72,0.73,8901,0,0,0,I,HV,1,0,0,1
mathcalF,0.72,0.73,8902,0,0,0,I,HV,1,0,0,1
mathcalF,0.72,0.73,8903,0,0,0,I,HV,1,0,0,1
mathcalF,0.72,0.73,8904,0,0,0,I,HV,1,0,0,1
mathcalF,0.72,0.73,8905,0,0,0,I,HV,1,0,0,1
mathcalF,0.72,0.73,8906,0,0,0,I,HV,1,0,0,1
mathcalF,0.72,0.73,8907,0,0,0,I,HV,1,0,0,1
mathcalF,0.72,0.73,8908,0,0,0,I,HV,1,0,0,1
mathcalF,0.72,0.73,8909,0,0,0,I,HV,1,0,0,1
mathcalF,0.72,0.73,8910,0,0,0,I,HV,1,0,0,1
mathcalF,0.72,0.73,8911,0,0,0,I,HV,1,0,0,1
mathcalF,0.72,0.73,8912,0,0,0,I,HV,1,0,0,1
mathcalF,0.72,0.73,8913,0,0,0,I,HV,1,0,0,1
mathcalF,0.72,0.73,8914,0,0,0,I,HV,1,0,0,1
mathcalF,0.72,0.73,8915,0,0,0,I,HV,1,0,0,1
mathcalF,0.72,0.73,8916,0,0,0,I,HV,1,0,0,1
mathcalF,0.72,0.73,8917,0,0,0,I,HV,1,0,0,1
mathcalF,0.72,0.73,8918,0,0,0,I,HV,1,0,0,1
mathcalF,0.72,0.73,8919,0,0,0,I,HV,1,0,0,1
mathcalF,0.72,0.73,8920,0,0,0,I,HV,1,0,0,1
mathcalF,0.72,0.73,8921,0,0,0,I,HV,1,0,0,1
mathcalF,0.72,0.73,8922,0,0,0,I,HV,1,0,0,1
mathcalF,0.72,0.73,8923,0,0,0,I,HV,1,0,0,1
mathcalF,0.72,0.73,8924,0,0,0,I,HV,1,0,0,1
mathcalF,0.72,0.73,8925,0,0,0,I,HV,1,0,0,1
mathcalF,0.72,0.73,8926,0,0,0,I,HV,1,0,0,1
mathcalF,0.72,0.73,8927,0,0,0,I,HV,1,0,0,1
mathcalF,0.72,0.73,8928,0,0,0,I,HV,1,0,0,1
mathcalF,0.72,0.73,8929,0,0,0,I,HV,1,0,0,1
mathcalF,0.72,0.73,8930,0,1,1,V+1,HV,1,0,1,1
mathcalF,0.72,0.73,8931,0,1,1,V+1,HV,1,0,1,1
mathcalF,0.72,0.73,8932,0,0,0,I,HV,1,0,0,1
mathcalF,0.72,0.73,8933,0,0,0,I,HV,1,0,0,1
mathcalF,0.72,0.73,8934,0,0,0,I,HV,1,0,0,1
mathcalF,0.72,0.73,8935,0,0,0,I,HV,1,0,0,1
mathcalF,0.72,0.73,8936,0,0,0,I,HV,1,0,0,1
mathcalF,0.72,0.73,8937,0,0,0,I,HV,1,0,0,1
mathcalF,0.72,0.73,8938,0,0,0,I,HV,1,0,0,1
mathcalF,0.72,0.73,8939,0,0,0,I,HV,1,0,0,1
mathcalF,0.72,0.73,8940,1,1,2,H+1 V+1,HV,2,1,1,1
mathcalF,0.72,0.73,8941,0,1,1,V+1,HV,1,0,1,1
mathcalF,0.72,0.73,8942,1,0,1,H+1,HV,1,1,0,1
mathcalF,0.72,0.73,8943,1,0,1,H+1,HV,1,1,0,1
mathcalF,0.72,0.73,8944,1,0,1,H+1,HV,1,1,0,1
mathcalF,0.72,0.73,8945,0,0,0,I,HV,1,0,0,1
mathcalF,0.72,0.73,8946,0,0,0,I,HV,1,0,0,1
mathcalF,0.72,0.73,8947,0,0,0,I,HV,1,0,0,1
mathcalF,0.72,0.73,8948,1,0,1,H+1,HV,1,1,0,1
mathcalF,0.72,0.73,8949,1,0,1,H+1,HV,1,1,0,1
mathcalF,0.72,0.73,8950,0,0,0,I,HV,1,0,0,1
mathcalF,0.72,0.73,8951,1,1,2,H+1 V+1,HV,2,1,1,1
mathcalF,0.72,0.73,8952,1,0,1,H+1,HV,1,1,0,1
mathcalF,0.72,0.73,8953,1,0,1,H+1,HV,1,1,0,1
mathcalF,0.72,0.73,8954,1,0,1,H+1,HV,1,1,0,1
mathcalF,0.72,0.73,8955,1,0,1,H+1,HV,1,1,0,1
mathcalF,0.72,0.73,8956,1,-1,2,H+1 V-1,HV,0,1,-1,1
mathcalF,0.72,0.73,8957,1,-1,2,H+1 V-1,HV,0,1,-1,1
mathcalF,0.72,0.73,8958,1,0,1,H+1,HV,1,1,0,1
mathcalF,0.72,0.73,8959,1,0,1,H+1,HV,1,1,0,1
mathcalF,0.72,0.73,8960,-1,0,1,H-1,HV,1,-1,0,1
mathcalF,0.72,0.73,8961,-1,0,1,H-1,HV,1,-1,0,1
mathcalF,0.72,0.73,8962,1,0,1,H+1,HV,1,1,0,1
mathcalF,0.72,0.73,8963,1,0,1,H+1,HV,1,1,0,1
mathcalF,0.72,0.73,8964,-1,0,1,H-1,HV,1,-1,0,1
mathcalF,0.72,0.73,8965,-1,0,1,H-1,HV,1,-1,0,1
mathcalF,0.72,0.73,8966,-1,0,1,H-1,HV,1,-1,0,1
mathcalF,0.72,0.73,8967,-1,0,1,H-1,HV,1,-1,0,1
mathcalF,0.72,0.73,8968,1,-1,2,H+1 V-1,HV,0,1,-1,1
mathcalF,0.72,0.73,8969,1,-1,2,H+1 V-1,HV,0,1,-1,1
mathcalF,0.72,0.73,8970,1,-1,2,H+1 V-1,HV,0,1,-1,1
mathcalF,0.72,0.73,8971,1,-1,2,H+1 V-1,HV,0,1,-1,1
mathcalF,0.72,0.73,8972,1,0,1,H+1,HV,1,1,0,1
mathcalF,0.72,0.73,8973,1,0,1,H+1,HV,1,1,0,1
mathcalF,0.72,0.73,8974,1,-1,2,H+1 V-1,HV,0,1,-1,1
mathcalF,0.72,0.73,8975,-1,0,1,H-1,HV,1,-1,0,1
mathcalF,0.72,0.73,8976,-1,0,1,H-1,HV,1,-1,0,1
mathcalF,0.72,0.73,8977,-1,0,1,H-1,HV,1,-1,0,1
mathcalF,0.72,0.73,8978,-1,0,1,H-1,HV,1,-1,0,1
mathcalF,0.72,0.73,8979,-1,0,1,H-1,HV,1,-1,0,1
mathcalF,0.72,0.73,8980,1,-1,2,H+1 V-1,HV,0,1,-1,1
mathcalF,0.72,0.73,8981,1,-1,2,H+1 V-1,HV,0,1,-1,1
mathcalF,0.72,0.73,8982,1,0,1,H+1,HV,1,1,0,1
mathcalF,0.72,0.73,8983,1,-1,2,H+1 V-1,HV,0,1,-1,1
mathcalF,0.72,0.73,8984,1,0,1,H+1,HV,1,1,0,1
mathcalF,0.72,0.73,8985,1,0,1,H+1,HV,1,1,0,1
mathcalF,0.72,0.73,8986,-1,0,1,H-1,HV,1,-1,0,1
mathcalF,0.72,0.73,8987,-1,0,1,H-1,HV,1,-1,0,1
mathcalF,0.72,0.73,8988,1,0,1,H+1,HV,1,1,0,1
mathcalF,0.72,0.73,8989,1,0,1,H+1,HV,1,1,0,1
mathcalF,0.72,0.73,8990,0,0,0,I,HV,1,0,0,1
mathcalF,0.72,0.73,8991,0,0,0,I,HV,1,0,0,1
mathcalF,0.72,0.73,8992,0,-1,1,V-1,HV,1,0,-1,1
mathcalF,0.72,0.73,8993,0,-1,1,V-1,HV,1,0,-1,1
mathcalF,0.72,0.73,8994,0,0,0,I,HV,1,0,0,1
mathcalF,0.72,0.73,8995,0,0,0,I,HV,1,0,0,1
mathcalF,0.72,0.73,8996,0,-1,1,V-1,HV,1,0,-1,1
mathcalF,0.72,0.73,8997,0,-1,1,V-1,HV,1,0,-1,1
mathcalF,0.72,0.73,8998,0,0,0,I,HV,1,0,0,1
mathcalF,0.72,0.73,8999,0,0,0,I,HV,1,0,0,1
mathcalF,0.72,0.73,9000,0,0,0,I,HV,1,0,0,1
mathcalF,0.72,0.73,9001,0,0,0,I,HV,1,0,0,1
mathcalF,0.72,0.73,9002,0,0,0,I,HV,1,0,0,1
mathcalF,0.72,0.73,9003,0,0,0,I,HV,1,0,0,1
mathcalF,0.72,0.73,9004,0,1,1,V+1,HV,1,0,1,1
mathcalF,0.72,0.73,9005,0,1,1,V+1,HV,1,0,1,1
mathcalF,0.72,0.73,9006,0,0,0,I,HV,1,0,0,1
mathcalF,0.72,0.73,9007,0,0,0,I,HV,1,0,0,1
mathcalF,0.72,0.73,9008,0,0,0,I,HV,1,0,0,1
mathcalF,0.72,0.73,9009,0,0,0,I,HV,1,0,0,1
mathcalF,0.72,0.73,9010,0,0,0,I,HV,1,0,0,1
mathcalF,0.72,0.73,9011,0,0,0,I,HV,1,0,0,1
mathcalF,0.72,0.73,9012,0,1,1,V+1,HV,1,0,1,1
mathcalF,0.72,0.73,9013,0,1,1,V+1,HV,1,0,1,1
mathcalF,0.72,0.73,9014,0,0,0,I,HV,1,0,0,1
mathcalF,0.72,0.73,9015,0,0,0,I,HV,1,0,0,1
mathcalF,0.72,0.73,9016,0,0,0,I,HV,1,0,0,1
mathcalF,0.72,0.73,9017,0,0,0,I,HV,1,0,0,1
mathcalF,0.72,0.73,9018,0,0,0,I,HV,1,0,0,1
mathcalF,0.72,0.73,9019,0,0,0,I,HV,1,0,0,1
mathcalF,0.72,0.73,9020,0,0,0,I,HV,1,0,0,1
mathcalF,0.72,0.73,9021,0,0,0,I,HV,1,0,0,1
mathcalF,0.72,0.73,9022,0,0,0,I,HV,1,0,0,1
mathcalF,0.72,0.73,9023,0,0,0,I,HV,1,0,0,1
mathcalF,0.72,0.73,9024,0,0,0,I,HV,1,0,0,1
mathcalF,0.72,0.73,9025,0,0,0,I,HV,1,0,0,1
mathcalF,0.72,0.73,9026,0,0,0,I,HV,1,0,0,1
mathcalF,0.72,0.73,9027,0,0,0,I,HV,1,0,0,1
mathcalF,0.72,0.73,9028,0,0,0,I,HV,1,0,0,1
mathcalF,0.72,0.73,9029,0,0,0,I,HV,1,0,0,1
mathcalF,0.72,0.73,9030,0,0,0,I,HV,1,0,0,1
mathcalF,0.72,0.73,9031,0,0,0,I,HV,1,0,0,1
mathcalF,0.72,0.73,9032,0,0,0,I,HV,1,0,0,1
mathcalF,0.72,0.73,9033,0,0,0,I,HV,1,0,0,1
mathcalF,0.72,0.73,9034,0,0,0,I,HV,1,0,0,1
mathcalF,0.72,0.73,9035,0,0,0,I,HV,1,0,0,1
mathcalF,0.72,0.73,9036,0,0,0,I,HV,1,0,0,1
mathcalF,0.72,0.73,9037,0,0,0,I,HV,1,0,0,1
mathcalF,0.72,0.73,9038,0,0,0,I,HV,1,0,0,1
mathcalF,0.72,0.73,9039,0,0,0,I,HV,1,0,0,1
mathcalF,0.72,0.73,9040,0,0,0,I,HV,1,0,0,1
mathcalF,0.72,0.73,9041,0,0,0,I,HV,1,0,0,1
mathcalF,0.72,0.73,9042,0,0,0,I,HV,1,0,0,1
mathcalF,0.72,0.73,9043,0,0,0,I,HV,1,0,0,1
mathcalF,0.72,0.73,9044,0,0,0,I,HV,1,0,0,1
mathcalF,0.72,0.73,9045,0,0,0,I,HV,1,0,0,1
mathcalF,0.72,0.73,9046,0,0,0,I,HV,1,0,0,1
mathcalF,0.72,0.73,9047,0,0,0,I,HV,1,0,0,1
mathcalF,0.72,0.73,9048,0,0,0,I,HV,1,0,0,1
mathcalF,0.72,0.73,9049,0,0,0,I,HV,1,0,0,1
mathcalF,0.72,0.73,9050,0,0,0,I,HV,1,0,0,1
mathcalF,0.72,0.73,9051,0,0,0,I,HV,1,0,0,1
mathcalF,0.72,0.73,9052,0,0,0,I,HV,1,0,0,1
mathcalF,0.72,0.73,9053,0,0,0,I,HV,1,0,0,1
mathcalF,0.72,0.73,9054,0,0,0,I,HV,1,0,0,1
mathcalF,0.72,0.73,9055,0,0,0,I,HV,1,0,0,1
mathcalF,0.72,0.73,9056,0,0,0,I,HV,1,0,0,1
mathcalF,0.72,0.73,9057,0,0,0,I,HV,1,0,0,1
mathcalF,0.72,0.73,9058,0,0,0,I,HV,1,0,0,1
mathcalF,0.72,0.73,9059,0,0,0,I,HV,1,0,0,1
mathcalF,0.72,0.73,9060,0,0,0,I,HV,1,0,0,1
mathcalF,0.72,0.73,9061,0,0,0,I,HV,1,0,0,1
mathcalF,0.72,0.73,9062,0,0,0,I,HV,1,0,0,1
mathcalF,0.72,0.73,9063,0,0,0,I,HV,1,0,0,1
mathcalF,0.72,0.73,9064,0,0,0,I,HV,1,0,0,1
mathcalF,0.72,0.73,9065,0,0,0,I,HV,1,0,0,1
mathcalF,0.72,0.73,9066,0,0,0,I,HV,1,0,0,1
mathcalF,0.72,0.73,9067,0,0,0,I,HV,1,0,0,1
mathcalF,0.72,0.73,9068,0,0,0,I,HV,1,0,0,1
mathcalF,0.72,0.73,9069,0,0,0,I,HV,1,0,0,1
mathcalF,0.72,0.73,9070,0,1,1,V+1,HV,1,0,1,1
mathcalF,0.72,0.73,9071,0,1,1,V+1,HV,1,0,1,1
mathcalF,0.72,0.73,9072,0,0,0,I,HV,1,0,0,1
mathcalF,0.72,0.73,9073,0,0,0,I,HV,1,0,0,1
mathcalF,0.72,0.73,9074,0,0,0,I,HV,1,0,0,1
mathcalF,0.72,0.73,9075,0,0,0,I,HV,1,0,0,1
mathcalF,0.72,0.73,9076,0,0,0,I,HV,1,0,0,1
mathcalF,0.72,0.73,9077,0,0,0,I,HV,1,0,0,1
mathcalF,0.72,0.73,9078,0,0,0,I,HV,1,0,0,1
mathcalF,0.72,0.73,9079,0,0,0,I,HV,1,0,0,1
mathcalF,0.72,0.73,9080,1,1,2,H+1 V+1,HV,2,1,1,1
mathcalF,0.72,0.73,9081,1,1,2,H+1 V+1,HV,2,1,1,1
mathcalF,0.72,0.73,9082,1,1,2,V+1 H+1,VH,1,1,1,2
mathcalF,0.72,0.73,9083,1,0,1,H+1,HV,1,1,0,1
mathcalF,0.72,0.73,9084,1,1,2,V+1 H+1,VH,1,1,1,2
mathcalF,0.72,0.73,9085,1,0,1,H+1,HV,1,1,0,1
mathcalF,0.72,0.73,9086,1,0,1,H+1,HV,1,1,0,1
mathcalF,0.72,0.73,9087,1,0,1,H+1,HV,1,1,0,1
mathcalF,0.72,0.73,9088,0,0,0,I,HV,1,0,0,1
mathcalF,0.72,0.73,9089,1,0,1,H+1,HV,1,1,0,1
mathcalF,0.72,0.73,9090,0,2,2,V+1 V+1,HV,1,0,2,1
mathcalF,0.72,0.73,9091,0,1,1,V+1,HV,1,0,1,1
mathcalF,0.72,0.73,9092,0,0,0,I,HV,1,0,0,1
mathcalF,0.72,0.73,9093,0,1,1,V+1,HV,1,0,1,1
mathcalF,0.72,0.73,9094,1,0,1,H+1,HV,1,1,0,1
mathcalF,0.72,0.73,9095,0,1,1,V+1,HV,1,0,1,1
mathcalF,0.72,0.73,9096,1,-1,2,H+1 V-1,HV,0,1,-1,1
mathcalF,0.72,0.73,9097,1,-1,2,H+1 V-1,HV,0,1,-1,1
mathcalF,0.72,0.73,9098,1,0,1,H+1,HV,1,1,0,1
mathcalF,0.72,0.73,9099,1,0,1,H+1,HV,1,1,0,1
mathcalF,0.72,0.73,9100,0,0,0,I,HV,1,0,0,1
mathcalF,0.72,0.73,9101,0,0,0,I,HV,1,0,0,1
mathcalF,0.72,0.73,9102,1,0,1,H+1,HV,1,1,0,1
mathcalF,0.72,0.73,9103,1,0,1,H+1,HV,1,1,0,1
mathcalF,0.72,0.73,9104,-1,0,1,H-1,HV,1,-1,0,1
mathcalF,0.72,0.73,9105,-1,0,1,H-1,HV,1,-1,0,1
mathcalF,0.72,0.73,9106,-1,0,1,H-1,HV,1,-1,0,1
mathcalF,0.72,0.73,9107,-1,0,1,H-1,HV,1,-1,0,1
mathcalF,0.72,0.73,9108,1,-1,2,H+1 V-1,HV,0,1,-1,1
mathcalF,0.72,0.73,9109,1,-1,2,H+1 V-1,HV,0,1,-1,1
mathcalF,0.72,0.73,9110,1,0,1,H+1,HV,1,1,0,1
mathcalF,0.72,0.73,9111,1,0,1,H+1,HV,1,1,0,1
mathcalF,0.72,0.73,9112,-1,0,1,H-1,HV,1,-1,0,1
mathcalF,0.72,0.73,9113,-1,0,1,H-1,HV,1,-1,0,1
mathcalF,0.72,0.73,9114,-1,0,1,H-1,HV,1,-1,0,1
mathcalF,0.72,0.73,9115,1,-1,2,H+1 V-1,HV,0,1,-1,1
mathcalF,0.72,0.73,9116,-1,0,1,H-1,HV,1,-1,0,1
mathcalF,0.72,0.73,9117,-1,0,1,H-1,HV,1,-1,0,1
mathcalF,0.72,0.73,9118,1,-1,2,H+1 V-1,HV,0,1,-1,1
mathcalF,0.72,0.73,9119,1,-1,2,H+1 V-1,HV,0,1,-1,1
mathcalF,0.72,0.73,9120,1,0,1,H+1,HV,1,1,0,1
mathcalF,0.72,0.73,9121,1,0,1,H+1,HV,1,1,0,1
mathcalF,0.72,0.73,9122,1,-1,2,H+1 V-1,HV,0,1,-1,1
mathcalF,0.72,0.73,9123,1,-1,2,H+1 V-1,HV,0,1,-1,1
mathcalF,0.72,0.73,9124,1,0,1,H+1,HV,1,1,0,1
mathcalF,0.72,0.73,9125,1,0,1,H+1,HV,1,1,0,1
mathcalF,0.72,0.73,9126,-1,0,1,H-1,HV,1,-1,0,1
mathcalF,0.72,0.73,9127,-1,0,1,H-1,HV,1,-1,0,1
mathcalF,0.72,0.73,9128,1,0,1,H+1,HV,1,1,0,1
mathcalF,0.72,0.73,9129,1,0,1,H+1,HV,1,1,0,1
mathcalF,0.72,0.73,9130,0,0,0,I,HV,1,0,0,1
mathcalF,0.72,0.73,9131,0,0,0,I,HV,1,0,0,1
mathcalF,0.72,0.73,9132,0,-1,1,V-1,HV,1,0,-1,1
mathcalF,0.72,0.73,9133,0,-1,1,V-1,HV,1,0,-1,1
mathcalF,0.72,0.73,9134,0,0,0,I,HV,1,0,0,1
mathcalF,0.72,0.73,9135,0,0,0,I,HV,1,0,0,1
mathcalF,0.72,0.73,9136,0,-1,1,V-1,HV,1,0,-1,1
mathcalF,0.72,0.73,9137,0,-1,1,V-1,HV,1,0,-1,1
mathcalF,0.72,0.73,9138,0,0,0,I,HV,1,0,0,1
mathcalF,0.72,0.73,9139,0,0,0,I,HV,1,0,0,1
mathcalF,0.72,0.73,9140,0,0,0,I,HV,1,0,0,1
mathcalF,0.72,0.73,9141,0,0,0,I,HV,1,0,0,1
mathcalF,0.72,0.73,9142,0,0,0,I,HV,1,0,0,1
mathcalF,0.72,0.73,9143,0,0,0,I,HV,1,0,0,1
mathcalF,0.72,0.73,9144,0,1,1,V+1,HV,1,0,1,1
mathcalF,0.72,0.73,9145,0,1,1,V+1,HV,1,0,1,1
mathcalF,0.72,0.73,9146,0,0,0,I,HV,1,0,0,1
mathcalF,0.72,0.73,9147,0,0,0,I,HV,1,0,0,1
mathcalF,0.72,0.73,9148,0,0,0,I,HV,1,0,0,1
mathcalF,0.72,0.73,9149,0,0,0,I,HV,1,0,0,1
mathcalF,0.72,0.73,9150,0,0,0,I,HV,1,0,0,1
mathcalF,0.72,0.73,9151,0,0,0,I,HV,1,0,0,1
mathcalF,0.72,0.73,9152,0,1,1,V+1,HV,1,0,1,1
mathcalF,0.72,0.73,9153,0,1,1,V+1,HV,1,0,1,1
mathcalF,0.72,0.73,9154,0,0,0,I,HV,1,0,0,1
mathcalF,0.72,0.73,9155,0,0,0,I,HV,1,0,0,1
mathcalF,0.72,0.73,9156,0,0,0,I,HV,1,0,0,1
mathcalF,0.72,0.73,9157,0,0,0,I,HV,1,0,0,1
mathcalF,0.72,0.73,9158,0,0,0,I,HV,1,0,0,1
mathcalF,0.72,0.73,9159,0,0,0,I,HV,1,0,0,1
mathcalF,0.72,0.73,9160,0,0,0,I,HV,1,0,0,1
mathcalF,0.72,0.73,9161,0,0,0,I,HV,1,0,0,1
mathcalF,0.72,0.73,9162,0,0,0,I,HV,1,0,0,1
mathcalF,0.72,0.73,9163,0,0,0,I,HV,1,0,0,1
mathcalF,0.72,0.73,9164,0,0,0,I,HV,1,0,0,1
mathcalF,0.72,0.73,9165,0,0,0,I,HV,1,0,0,1
mathcalF,0.72,0.73,9166,0,0,0,I,HV,1,0,0,1
mathcalF,0.72,0.73,9167,0,0,0,I,HV,1,0,0,1
mathcalF,0.72,0.73,9168,0,0,0,I,HV,1,0,0,1
mathcalF,0.72,0.73,9169,0,0,0,I,HV,1,0,0,1
mathcalF,0.72,0.73,9170,0,0,0,I,HV,1,0,0,1
mathcalF,0.72,0.73,9171,0,0,0,I,HV,1,0,0,1
mathcalF,0.72,0.73,9172,0,0,0,I,HV,1,0,0,1
mathcalF,0.72,0.73,9173,1,0,1,H+1,HV,1,1,0,1
mathcalF,0.72,0.73,9174,1,0,1,H+1,HV,1,1,0,1
mathcalF,0.72,0.73,9175,1,0,1,H+1,HV,1,1,0,1
mathcalF,0.72,0.73,9176,0,0,0,I,HV,1,0,0,1
mathcalF,0.72,0.73,9177,0,0,0,I,HV,1,0,0,1
mathcalF,0.72,0.73,9178,0,0,0,I,HV,1,0,0,1
mathcalF,0.72,0.73,9179,0,0,0,I,HV,1,0,0,1
mathcalF,0.72,0.73,9180,0,0,0,I,HV,1,0,0,1
mathcalF,0.72,0.73,9181,0,0,0,I,HV,1,0,0,1
mathcalF,0.72,0.73,9182,0,0,0,I,HV,1,0,0,1
mathcalF,0.72,0.73,9183,0,0,0,I,HV,1,0,0,1
mathcalF,0.72,0.73,9184,0,0,0,I,HV,1,0,0,1
mathcalF,0.72,0.73,9185,0,0,0,I,HV,1,0,0,1
mathcalF,0.72,0.73,9186,0,0,0,I,HV,1,0,0,1
mathcalF,0.72,0.73,9187,0,0,0,I,HV,1,0,0,1
mathcalF,0.72,0.73,9188,0,0,0,I,HV,1,0,0,1
mathcalF,0.72,0.73,9189,0,0,0,I,HV,1,0,0,1
mathcalF,0.72,0.73,9190,0,0,0,I,HV,1,0,0,1
mathcalF,0.72,0.73,9191,0,0,0,I,HV,1,0,0,1
mathcalF,0.72,0.73,9192,0,0,0,I,HV,1,0,0,1
mathcalF,0.72,0.73,9193,0,0,0,I,HV,1,0,0,1
mathcalF,0.72,0.73,9194,0,0,0,I,HV,1,0,0,1
mathcalF,0.72,0.73,9195,0,0,0,I,HV,1,0,0,1
mathcalF,0.72,0.73,9196,0,0,0,I,HV,1,0,0,1
mathcalF,0.72,0.73,9197,0,0,0,I,HV,1,0,0,1
mathcalF,0.72,0.73,9198,0,0,0,I,HV,1,0,0,1
mathcalF,0.72,0.73,9199,0,0,0,I,HV,1,0,0,1
mathcalF,0.72,0.73,9200,0,0,0,I,HV,1,0,0,1
mathcalF,0.72,0.73,9201,0,0,0,I,HV,1,0,0,1
mathcalF,0.72,0.73,9202,0,0,0,I,HV,1,0,0,1
mathcalF,0.72,0.73,9203,0,0,0,I,HV,1,0,0,1
mathcalF,0.72,0.73,9204,0,0,0,I,HV,1,0,0,1
mathcalF,0.72,0.73,9205,0,0,0,I,HV,1,0,0,1
mathcalF,0.72,0.73,9206,0,0,0,I,HV,1,0,0,1
mathcalF,0.72,0.73,9207,0,0,0,I,HV,1,0,0,1
mathcalF,0.72,0.73,9208,0,0,0,I,HV,1,0,0,1
mathcalF,0.72,0.73,9209,0,0,0,I,HV,1,0,0,1
mathcalF,0.72,0.73,9210,0,1,1,V+1,HV,1,0,1,1
mathcalF,0.72,0.73,9211,0,1,1,V+1,HV,1,0,1,1
mathcalF,0.72,0.73,9212,0,0,0,I,HV,1,0,0,1
mathcalF,0.72,0.73,9213,0,0,0,I,HV,1,0,0,1
mathcalF,0.72,0.73,9214,0,0,0,I,HV,1,0,0,1
mathcalF,0.72,0.73,9215,0,0,0,I,HV,1,0,0,1
mathcalF,0.72,0.73,9216,0,0,0,I,HV,1,0,0,1
mathcalF,0.72,0.73,9217,0,0,0,I,HV,1,0,0,1
mathcalF,0.72,0.73,9218,0,0,0,I,HV,1,0,0,1
mathcalF,0.72,0.73,9219,1,0,1,H+1,HV,1,1,0,1
mathcalF,0.72,0.73,9220,1,1,2,H+1 V+1,HV,2,1,1,1
mathcalF,0.72,0.73,9221,0,1,1,V+1,HV,1,0,1,1
mathcalF,0.72,0.73,9222,0,1,1,V+1,HV,1,0,1,1
mathcalF,0.72,0.73,9223,0,1,1,V+1,HV,1,0,1,1
mathcalF,0.72,0.73,9224,0,0,0,I,HV,1,0,0,1
mathcalF,0.72,0.73,9225,1,0,1,H+1,HV,1,1,0,1
mathcalF,0.72,0.73,9226,0,1,1,V+1,HV,1,0,1,1
mathcalF,0.72,0.73,9227,1,0,1,H+1,HV,1,1,0,1
mathcalF,0.72,0.73,9228,0,1,1,V+1,HV,1,0,1,1
mathcalF,0.72,0.73,9229,0,0,0,I,HV,1,0,0,1
mathcalF,0.72,0.73,9230,1,1,2,H+1 V+1,HV,2,1,1,1
mathcalF,0.72,0.73,9231,0,2,2,V+1 V+1,HV,1,0,2,1
mathcalF,0.72,0.73,9232,0,1,1,V+1,HV,1,0,1,1
mathcalF,0.72,0.73,9233,0,1,1,V+1,HV,1,0,1,1
mathcalF,0.72,0.73,9234,0,1,1,V+1,HV,1,0,1,1
mathcalF,0.72,0.73,9235,0,1,1,V+1,HV,1,0,1,1
mathcalF,0.72,0.73,9236,1,-1,2,H+1 V-1,HV,0,1,-1,1
mathcalF,0.72,0.73,9237,1,-1,2,H+1 V-1,HV,0,1,-1,1
mathcalF,0.72,0.73,9238,0,0,0,I,HV,1,0,0,1
mathcalF,0.72,0.73,9239,0,0,0,I,HV,1,0,0,1
mathcalF,0.72,0.73,9240,0,0,0,I,HV,1,0,0,1
mathcalF,0.72,0.73,9241,0,1,1,V+1,HV,1,0,1,1
mathcalF,0.72,0.73,9242,0,1,1,V+1,HV,1,0,1,1
mathcalF,0.72,0.73,9243,-1,0,1,H-1,HV,1,-1,0,1
mathcalF,0.72,0.73,9244,-1,0,1,H-1,HV,1,-1,0,1
mathcalF,0.72,0.73,9245,-1,0,1,H-1,HV,1,-1,0,1
mathcalF,0.72,0.73,9246,-1,0,1,H-1,HV,1,-1,0,1
mathcalF,0.72,0.73,9247,-1,0,1,H-1,HV,1,-1,0,1
mathcalF,0.72,0.73,9248,1,0,1,H+1,HV,1,1,0,1
mathcalF,0.72,0.73,9249,-1,0,1,H-1,HV,1,-1,0,1
mathcalF,0.72,0.73,9250,-1,0,1,H-1,HV,1,-1,0,1
mathcalF,0.72,0.73,9251,-1,0,1,H-1,HV,1,-1,0,1
mathcalF,0.72,0.73,9252,-1,0,1,H-1,HV,1,-1,0,1
mathcalF,0.72,0.73,9253,-1,0,1,H-1,HV,1,-1,0,1
mathcalF,0.72,0.73,9254,1,-1,2,H+1 V-1,HV,0,1,-1,1
mathcalF,0.72,0.73,9255,1,-1,2,H+1 V-1,HV,0,1,-1,1
mathcalF,0.72,0.73,9256,-1,0,1,H-1,HV,1,-1,0,1
mathcalF,0.72,0.73,9257,-1,0,1,H-1,HV,1,-1,0,1
mathcalF,0.72,0.73,9258,1,-1,2,H+1 V-1,HV,0,1,-1,1
mathcalF,0.72,0.73,9259,1,-1,2,H+1 V-1,HV,0,1,-1,1
mathcalF,0.72,0.73,9260,1,0,1,H+1,HV,1,1,0,1
mathcalF,0.72,0.73,9261,1,0,1,H+1,HV,1,1,0,1
mathcalF,0.72,0.73,9262,1,-1,2,H+1 V-1,HV,0,1,-1,1
mathcalF,0.72,0.73,9263,1,-1,2,H+1 V-1,HV,0,1,-1,1
mathcalF,0.72,0.73,9264,1,0,1,H+1,HV,1,1,0,1
mathcalF,0.72,0.73,9265,1,0,1,H+1,HV,1,1,0,1
mathcalF,0.72,0.73,9266,-1,0,1,H-1,HV,1,-1,0,1
mathcalF,0.72,0.73,9267,-1,0,1,H-1,HV,1,-1,0,1
mathcalF,0.72,0.73,9268,0,0,0,I,HV,1,0,0,1
mathcalF,0.72,0.73,9269,0,0,0,I,HV,1,0,0,1
mathcalF,0.72,0.73,9270,0,0,0,I,HV,1,0,0,1
mathcalF,0.72,0.73,9271,0,0,0,I,HV,1,0,0,1
mathcalF,0.72,0.73,9272,0,-1,1,V-1,HV,1,0,-1,1
mathcalF,0.72,0.73,9273,0,-1,1,V-1,HV,1,0,-1,1
mathcalF,0.72,0.73,9274,0,0,0,I,HV,1,0,0,1
mathcalF,0.72,0.73,9275,0,0,0,I,HV,1,0,0,1
mathcalF,0.72,0.73,9276,0,-1,1,V-1,HV,1,0,-1,1
mathcalF,0.72,0.73,9277,0,-1,1,V-1,HV,1,0,-1,1
mathcalF,0.72,0.73,9278,0,0,0,I,HV,1,0,0,1
mathcalF,0.72,0.73,9279,0,0,0,I,HV,1,0,0,1
mathcalF,0.72,0.73,9280,0,0,0,I,HV,1,0,0,1
mathcalF,0.72,0.73,9281,0,0,0,I,HV,1,0,0,1
mathcalF,0.72,0.73,9282,0,0,0,I,HV,1,0,0,1
mathcalF,0.72,0.73,9283,0,0,0,I,HV,1,0,0,1
mathcalF,0.72,0.73,9284,0,1,1,V+1,HV,1,0,1,1
mathcalF,0.72,0.73,9285,0,1,1,V+1,HV,1,0,1,1
mathcalF,0.72,0.73,9286,0,0,0,I,HV,1,0,0,1
mathcalF,0.72,0.73,9287,0,0,0,I,HV,1,0,0,1
mathcalF,0.72,0.73,9288,0,0,0,I,HV,1,0,0,1
mathcalF,0.72,0.73,9289,0,0,0,I,HV,1,0,0,1
mathcalF,0.72,0.73,9290,0,0,0,I,HV,1,0,0,1
mathcalF,0.72,0.73,9291,0,0,0,I,HV,1,0,0,1
mathcalF,0.72,0.73,9292,0,1,1,V+1,HV,1,0,1,1
mathcalF,0.72,0.73,9293,0,1,1,V+1,HV,1,0,1,1
mathcalF,0.72,0.73,9294,0,0,0,I,HV,1,0,0,1
mathcalF,0.72,0.73,9295,0,0,0,I,HV,1,0,0,1
mathcalF,0.72,0.73,9296,0,0,0,I,HV,1,0,0,1
mathcalF,0.72,0.73,9297,0,0,0,I,HV,1,0,0,1
mathcalF,0.72,0.73,9298,0,0,0,I,HV,1,0,0,1
mathcalF,0.72,0.73,9299,0,0,0,I,HV,1,0,0,1
mathcalF,0.72,0.73,9300,0,0,0,I,HV,1,0,0,1
mathcalF,0.72,0.73,9301,0,0,0,I,HV,1,0,0,1
mathcalF,0.72,0.73,9302,0,0,0,I,HV,1,0,0,1
mathcalF,0.72,0.73,9303,0,0,0,I,HV,1,0,0,1
mathcalF,0.72,0.73,9304,0,0,0,I,HV,1,0,0,1
mathcalF,0.72,0.73,9305,0,0,0,I,HV,1,0,0,1
mathcalF,0.72,0.73,9306,0,0,0,I,HV,1,0,0,1
mathcalF,0.72,0.73,9307,0,0,0,I,HV,1,0,0,1
mathcalF,0.72,0.73,9308,0,0,0,I,HV,1,0,0,1
mathcalF,0.72,0.73,9309,0,0,0,I,HV,1,0,0,1
mathcalF,0.72,0.73,9310,0,0,0,I,HV,1,0,0,1
mathcalF,0.72,0.73,9311,0,0,0,I,HV,1,0,0,1
mathcalF,0.72,0.73,9312,0,0,0,I,HV,1,0,0,1
mathcalF,0.72,0.73,9313,0,0,0,I,HV,1,0,0,1
mathcalF,0.72,0.73,9314,0,0,0,I,HV,1,0,0,1
mathcalF,0.72,0.73,9315,0,0,0,I,HV,1,0,0,1
mathcalF,0.72,0.73,9316,0,0,0,I,HV,1,0,0,1
mathcalF,0.72,0.73,9317,0,0,0,I,HV,1,0,0,1
mathcalF,0.72,0.73,9318,0,0,0,I,HV,1,0,0,1
mathcalF,0.72,0.73,9319,0,0,0,I,HV,1,0,0,1
mathcalF,0.72,0.73,9320,0,0,0,I,HV,1,0,0,1
mathcalF,0.72,0.73,9321,0,0,0,I,HV,1,0,0,1
mathcalF,0.72,0.73,9322,0,0,0,I,HV,1,0,0,1
mathcalF,0.72,0.73,9323,0,0,0,I,HV,1,0,0,1
mathcalF,0.72,0.73,9324,0,0,0,I,HV,1,0,0,1
mathcalF,0.72,0.73,9325,0,0,0,I,HV,1,0,0,1
mathcalF,0.72,0.73,9326,0,0,0,I,HV,1,0,0,1
mathcalF,0.72,0.73,9327,0,0,0,I,HV,1,0,0,1
mathcalF,0.72,0.73,9328,0,0,0,I,HV,1,0,0,1
mathcalF,0.72,0.73,9329,0,0,0,I,HV,1,0,0,1
mathcalF,0.72,0.73,9330,0,0,0,I,HV,1,0,0,1
mathcalF,0.72,0.73,9331,0,0,0,I,HV,1,0,0,1
mathcalF,0.72,0.73,9332,0,0,0,I,HV,1,0,0,1
mathcalF,0.72,0.73,9333,0,0,0,I,HV,1,0,0,1
mathcalF,0.72,0.73,9334,0,0,0,I,HV,1,0,0,1
mathcalF,0.72,0.73,9335,0,0,0,I,HV,1,0,0,1
mathcalF,0.72,0.73,9336,0,0,0,I,HV,1,0,0,1
mathcalF,0.72,0.73,9337,0,0,0,I,HV,1,0,0,1
mathcalF,0.72,0.73,9338,0,0,0,I,HV,1,0,0,1
mathcalF,0.72,0.73,9339,0,0,0,I,HV,1,0,0,1
mathcalF,0.72,0.73,9340,0,0,0,I,HV,1,0,0,1
mathcalF,0.72,0.73,9341,0,0,0,I,HV,1,0,0,1
mathcalF,0.72,0.73,9342,0,0,0,I,HV,1,0,0,1
mathcalF,0.72,0.73,9343,0,0,0,I,HV,1,0,0,1
mathcalF,0.72,0.73,9344,0,0,0,I,HV,1,0,0,1
mathcalF,0.72,0.73,9345,0,0,0,I,HV,1,0,0,1
mathcalF,0.72,0.73,9346,0,0,0,I,HV,1,0,0,1
mathcalF,0.72,0.73,9347,0,0,0,I,HV,1,0,0,1
mathcalF,0.72,0.73,9348,0,0,0,I,HV,1,0,0,1
mathcalF,0.72,0.73,9349,0,0,0,I,HV,1,0,0,1
mathcalF,0.72,0.73,9350,0,1,1,V+1,HV,1,0,1,1
mathcalF,0.72,0.73,9351,0,1,1,V+1,HV,1,0,1,1
mathcalF,0.72,0.73,9352,0,0,0,I,HV,1,0,0,1
mathcalF,0.72,0.73,9353,0,0,0,I,HV,1,0,0,1
mathcalF,0.72,0.73,9354,0,0,0,I,HV,1,0,0,1
mathcalF,0.72,0.73,9355,0,0,0,I,HV,1,0,0,1
mathcalF,0.72,0.73,9356,-1,0,1,H-1,HV,1,-1,0,1
mathcalF,0.72,0.73,9357,0,0,0,I,HV,1,0,0,1
mathcalF,0.72,0.73,9358,0,0,0,I,HV,1,0,0,1
mathcalF,0.72,0.73,9359,1,1,2,V+1 H+1,VH,1,1,1,2
mathcalF,0.72,0.73,9360,1,1,2,V+1 H+1,VH,1,1,1,2
mathcalF,0.72,0.73,9361,1,1,2,V+1 H+1,VH,1,1,1,2
mathcalF,0.72,0.73,9362,1,1,2,V+1 H+1,VH,1,1,1,2
mathcalF,0.72,0.73,9363,1,0,1,H+1,HV,1,1,0,1
mathcalF,0.72,0.73,9364,1,0,1,H+1,HV,1,1,0,1
mathcalF,0.72,0.73,9365,0,1,3,H+1 V+1 H-1,longer_word,2,-1,1,0
mathcalF,0.72,0.73,9366,0,0,0,I,HV,1,0,0,1
mathcalF,0.72,0.73,9367,-1,1,2,V+1 H-1,VH,1,-1,1,0
mathcalF,0.72,0.73,9368,0,1,1,V+1,HV,1,0,1,1
mathcalF,0.72,0.73,9369,0,1,1,V+1,HV,1,0,1,1
mathcalF,0.72,0.73,9370,0,1,3,H+1 V+1 H-1,longer_word,2,-1,1,0
mathcalF,0.72,0.73,9371,0,1,1,V+1,HV,1,0,1,1
mathcalF,0.72,0.73,9372,-1,0,1,H-1,HV,1,-1,0,1
mathcalF,0.72,0.73,9373,0,1,1,V+1,HV,1,0,1,1
mathcalF,0.72,0.73,9374,1,0,1,H+1,HV,1,1,0,1
mathcalF,0.72,0.73,9375,0,2,2,V+1 V+1,HV,1,0,2,1
mathcalF,0.72,0.73,9376,0,0,0,I,HV,1,0,0,1
mathcalF,0.72,0.73,9377,0,0,0,I,HV,1,0,0,1
mathcalF,0.72,0.73,9378,0,0,0,I,HV,1,0,0,1
mathcalF,0.72,0.73,9379,0,0,0,I,HV,1,0,0,1
mathcalF,0.72,0.73,9380,0,1,1,V+1,HV,1,0,1,1
mathcalF,0.72,0.73,9381,0,0,0,I,HV,1,0,0,1
mathcalF,0.72,0.73,9382,-1,0,1,H-1,HV,1,-1,0,1
mathcalF,0.72,0.73,9383,0,0,0,I,HV,1,0,0,1
mathcalF,0.72,0.73,9384,-1,0,1,H-1,HV,1,-1,0,1
mathcalF,0.72,0.73,9385,-1,0,1,H-1,HV,1,-1,0,1
mathcalF,0.72,0.73,9386,-1,0,1,H-1,HV,1,-1,0,1
mathcalF,0.72,0.73,9387,-1,0,1,H-1,HV,1,-1,0,1
mathcalF,0.72,0.73,9388,1,0,1,H+1,HV,1,1,0,1
mathcalF,0.72,0.73,9389,-1,0,1,H-1,HV,1,-1,0,1
mathcalF,0.72,0.73,9390,-1,0,1,H-1,HV,1,-1,0,1
mathcalF,0.72,0.73,9391,-1,0,1,H-1,HV,1,-1,0,1
mathcalF,0.72,0.73,9392,-1,0,1,H-1,HV,1,-1,0,1
mathcalF,0.72,0.73,9393,-1,0,1,H-1,HV,1,-1,0,1
mathcalF,0.72,0.73,9394,1,-1,2,H+1 V-1,HV,0,1,-1,1
mathcalF,0.72,0.73,9395,1,-1,2,H+1 V-1,HV,0,1,-1,1
mathcalF,0.72,0.73,9396,-1,0,1,H-1,HV,1,-1,0,1
mathcalF,0.72,0.73,9397,-1,0,1,H-1,HV,1,-1,0,1
mathcalF,0.72,0.73,9398,1,-1,2,H+1 V-1,HV,0,1,-1,1
mathcalF,0.72,0.73,9399,1,-1,2,H+1 V-1,HV,0,1,-1,1
mathcalF,0.72,0.73,9400,1,0,1,H+1,HV,1,1,0,1
mathcalF,0.72,0.73,9401,1,0,1,H+1,HV,1,1,0,1
mathcalF,0.72,0.73,9402,1,-1,2,H+1 V-1,HV,0,1,-1,1
mathcalF,0.72,0.73,9403,1,-1,2,H+1 V-1,HV,0,1,-1,1
mathcalF,0.72,0.73,9404,1,0,1,H+1,HV,1,1,0,1
mathcalF,0.72,0.73,9405,1,0,1,H+1,HV,1,1,0,1
mathcalF,0.72,0.73,9406,-1,0,1,H-1,HV,1,-1,0,1
mathcalF,0.72,0.73,9407,-1,0,1,H-1,HV,1,-1,0,1
mathcalF,0.72,0.73,9408,0,0,0,I,HV,1,0,0,1
mathcalF,0.72,0.73,9409,0,0,0,I,HV,1,0,0,1
mathcalF,0.72,0.73,9410,0,0,0,I,HV,1,0,0,1
mathcalF,0.72,0.73,9411,0,0,0,I,HV,1,0,0,1
mathcalF,0.72,0.73,9412,0,-1,1,V-1,HV,1,0,-1,1
mathcalF,0.72,0.73,9413,0,-1,1,V-1,HV,1,0,-1,1
mathcalF,0.72,0.73,9414,0,0,0,I,HV,1,0,0,1
mathcalF,0.72,0.73,9415,0,0,0,I,HV,1,0,0,1
mathcalF,0.72,0.73,9416,0,-1,1,V-1,HV,1,0,-1,1
mathcalF,0.72,0.73,9417,0,-1,1,V-1,HV,1,0,-1,1
mathcalF,0.72,0.73,9418,0,0,0,I,HV,1,0,0,1
mathcalF,0.72,0.73,9419,0,0,0,I,HV,1,0,0,1
mathcalF,0.72,0.73,9420,0,0,0,I,HV,1,0,0,1
mathcalF,0.72,0.73,9421,0,0,0,I,HV,1,0,0,1
mathcalF,0.72,0.73,9422,0,0,0,I,HV,1,0,0,1
mathcalF,0.72,0.73,9423,0,0,0,I,HV,1,0,0,1
mathcalF,0.72,0.73,9424,0,1,1,V+1,HV,1,0,1,1
mathcalF,0.72,0.73,9425,0,1,1,V+1,HV,1,0,1,1
mathcalF,0.72,0.73,9426,0,0,0,I,HV,1,0,0,1
mathcalF,0.72,0.73,9427,0,0,0,I,HV,1,0,0,1
mathcalF,0.72,0.73,9428,0,0,0,I,HV,1,0,0,1
mathcalF,0.72,0.73,9429,0,0,0,I,HV,1,0,0,1
mathcalF,0.72,0.73,9430,0,0,0,I,HV,1,0,0,1
mathcalF,0.72,0.73,9431,0,0,0,I,HV,1,0,0,1
mathcalF,0.72,0.73,9432,0,1,1,V+1,HV,1,0,1,1
mathcalF,0.72,0.73,9433,0,1,1,V+1,HV,1,0,1,1
mathcalF,0.72,0.73,9434,0,0,0,I,HV,1,0,0,1
mathcalF,0.72,0.73,9435,0,0,0,I,HV,1,0,0,1
mathcalF,0.72,0.73,9436,0,0,0,I,HV,1,0,0,1
mathcalF,0.72,0.73,9437,0,0,0,I,HV,1,0,0,1
mathcalF,0.72,0.73,9438,0,0,0,I,HV,1,0,0,1
mathcalF,0.72,0.73,9439,0,0,0,I,HV,1,0,0,1
mathcalF,0.72,0.73,9440,0,0,0,I,HV,1,0,0,1
mathcalF,0.72,0.73,9441,0,0,0,I,HV,1,0,0,1
mathcalF,0.72,0.73,9442,0,0,0,I,HV,1,0,0,1
mathcalF,0.72,0.73,9443,0,0,0,I,HV,1,0,0,1
mathcalF,0.72,0.73,9444,0,0,0,I,HV,1,0,0,1
mathcalF,0.72,0.73,9445,0,0,0,I,HV,1,0,0,1
mathcalF,0.72,0.73,9446,0,0,0,I,HV,1,0,0,1
mathcalF,0.72,0.73,9447,1,0,1,H+1,HV,1,1,0,1
mathcalF,0.72,0.73,9448,1,0,1,H+1,HV,1,1,0,1
mathcalF,0.72,0.73,9449,1,0,1,H+1,HV,1,1,0,1
mathcalF,0.72,0.73,9450,1,0,1,H+1,HV,1,1,0,1
mathcalF,0.72,0.73,9451,1,0,1,H+1,HV,1,1,0,1
mathcalF,0.72,0.73,9452,1,0,1,H+1,HV,1,1,0,1
mathcalF,0.72,0.73,9453,0,0,0,I,HV,1,0,0,1
mathcalF,0.72,0.73,9454,0,0,0,I,HV,1,0,0,1
mathcalF,0.72,0.73,9455,0,0,0,I,HV,1,0,0,1
mathcalF,0.72,0.73,9456,0,0,0,I,HV,1,0,0,1
mathcalF,0.72,0.73,9457,0,0,0,I,HV,1,0,0,1
mathcalF,0.72,0.73,9458,0,0,0,I,HV,1,0,0,1
mathcalF,0.72,0.73,9459,0,0,0,I,HV,1,0,0,1
mathcalF,0.72,0.73,9460,0,0,0,I,HV,1,0,0,1
mathcalF,0.72,0.73,9461,0,0,0,I,HV,1,0,0,1
mathcalF,0.72,0.73,9462,0,0,0,I,HV,1,0,0,1
mathcalF,0.72,0.73,9463,0,0,0,I,HV,1,0,0,1
mathcalF,0.72,0.73,9464,0,0,0,I,HV,1,0,0,1
mathcalF,0.72,0.73,9465,0,0,0,I,HV,1,0,0,1
mathcalF,0.72,0.73,9466,0,0,0,I,HV,1,0,0,1
mathcalF,0.72,0.73,9467,0,0,0,I,HV,1,0,0,1
mathcalF,0.72,0.73,9468,0,0,0,I,HV,1,0,0,1
mathcalF,0.72,0.73,9469,0,0,0,I,HV,1,0,0,1
mathcalF,0.72,0.73,9470,0,0,0,I,HV,1,0,0,1
mathcalF,0.72,0.73,9471,0,0,0,I,HV,1,0,0,1
mathcalF,0.72,0.73,9472,0,0,0,I,HV,1,0,0,1
mathcalF,0.72,0.73,9473,0,0,0,I,HV,1,0,0,1
mathcalF,0.72,0.73,9474,0,0,0,I,HV,1,0,0,1
mathcalF,0.72,0.73,9475,0,0,0,I,HV,1,0,0,1
mathcalF,0.72,0.73,9476,0,0,0,I,HV,1,0,0,1
mathcalF,0.72,0.73,9477,0,0,0,I,HV,1,0,0,1
mathcalF,0.72,0.73,9478,0,0,0,I,HV,1,0,0,1
mathcalF,0.72,0.73,9479,0,0,0,I,HV,1,0,0,1
mathcalF,0.72,0.73,9480,0,0,0,I,HV,1,0,0,1
mathcalF,0.72,0.73,9481,0,0,0,I,HV,1,0,0,1
mathcalF,0.72,0.73,9482,0,0,0,I,HV,1,0,0,1
mathcalF,0.72,0.73,9483,0,0,0,I,HV,1,0,0,1
mathcalF,0.72,0.73,9484,0,0,0,I,HV,1,0,0,1
mathcalF,0.72,0.73,9485,0,0,0,I,HV,1,0,0,1
mathcalF,0.72,0.73,9486,0,0,0,I,HV,1,0,0,1
mathcalF,0.72,0.73,9487,0,0,0,I,HV,1,0,0,1
mathcalF,0.72,0.73,9488,0,0,0,I,HV,1,0,0,1
mathcalF,0.72,0.73,9489,0,0,0,I,HV,1,0,0,1
mathcalF,0.72,0.73,9490,0,1,1,V+1,HV,1,0,1,1
mathcalF,0.72,0.73,9491,0,1,1,V+1,HV,1,0,1,1
mathcalF,0.72,0.73,9492,0,0,0,I,HV,1,0,0,1
mathcalF,0.72,0.73,9493,0,0,0,I,HV,1,0,0,1
mathcalF,0.72,0.73,9494,0,0,0,I,HV,1,0,0,1
mathcalF,0.72,0.73,9495,0,0,0,I,HV,1,0,0,1
mathcalF,0.72,0.73,9496,-1,0,1,H-1,HV,1,-1,0,1
mathcalF,0.72,0.73,9497,-1,0,1,H-1,HV,1,-1,0,1
mathcalF,0.72,0.73,9498,1,0,1,H+1,HV,1,1,0,1
mathcalF,0.72,0.73,9499,1,0,1,H+1,HV,1,1,0,1
mathcalF,0.72,0.73,9500,1,0,1,H+1,HV,1,1,0,1
mathcalF,0.72,0.73,9501,1,0,1,H+1,HV,1,1,0,1
mathcalF,0.72,0.73,9502,1,0,1,H+1,HV,1,1,0,1
mathcalF,0.72,0.73,9503,1,0,1,H+1,HV,1,1,0,1
mathcalF,0.72,0.73,9504,-1,0,1,H-1,HV,1,-1,0,1
mathcalF,0.72,0.73,9505,1,-1,2,H+1 V-1,HV,0,1,-1,1
mathcalF,0.72,0.73,9506,1,0,1,H+1,HV,1,1,0,1
mathcalF,0.72,0.73,9507,1,0,1,H+1,HV,1,1,0,1
mathcalF,0.72,0.73,9508,0,1,1,V+1,HV,1,0,1,1
mathcalF,0.72,0.73,9509,1,0,1,H+1,HV,1,1,0,1
mathcalF,0.72,0.73,9510,1,0,1,H+1,HV,1,1,0,1
mathcalF,0.72,0.73,9511,0,1,1,V+1,HV,1,0,1,1
mathcalF,0.72,0.73,9512,1,0,1,H+1,HV,1,1,0,1
mathcalF,0.72,0.73,9513,-1,0,1,H-1,HV,1,-1,0,1
mathcalF,0.72,0.73,9514,0,0,0,I,HV,1,0,0,1
mathcalF,0.72,0.73,9515,0,-1,1,V-1,HV,1,0,-1,1
mathcalF,0.72,0.73,9516,0,0,0,I,HV,1,0,0,1
mathcalF,0.72,0.73,9517,0,0,0,I,HV,1,0,0,1
mathcalF,0.72,0.73,9518,0,0,0,I,HV,1,0,0,1
mathcalF,0.72,0.73,9519,0,1,1,V+1,HV,1,0,1,1
mathcalF,0.72,0.73,9520,0,0,0,I,HV,1,0,0,1
mathcalF,0.72,0.73,9521,0,0,0,I,HV,1,0,0,1
mathcalF,0.72,0.73,9522,-1,0,1,H-1,HV,1,-1,0,1
mathcalF,0.72,0.73,9523,-1,0,1,H-1,HV,1,-1,0,1
mathcalF,0.72,0.73,9524,-1,0,1,H-1,HV,1,-1,0,1
mathcalF,0.72,0.73,9525,-1,0,1,H-1,HV,1,-1,0,1
mathcalF,0.72,0.73,9526,-1,0,1,H-1,HV,1,-1,0,1
mathcalF,0.72,0.73,9527,-1,0,1,H-1,HV,1,-1,0,1
mathcalF,0.72,0.73,9528,1,0,1,H+1,HV,1,1,0,1
mathcalF,0.72,0.73,9529,1,0,1,H+1,HV,1,1,0,1
mathcalF,0.72,0.73,9530,-1,0,1,H-1,HV,1,-1,0,1
mathcalF,0.72,0.73,9531,-1,0,1,H-1,HV,1,-1,0,1
mathcalF,0.72,0.73,9532,-1,0,1,H-1,HV,1,-1,0,1
mathcalF,0.72,0.73,9533,-1,0,1,H-1,HV,1,-1,0,1
mathcalF,0.72,0.73,9534,1,-1,2,H+1 V-1,HV,0,1,-1,1
mathcalF,0.72,0.73,9535,1,-1,2,H+1 V-1,HV,0,1,-1,1
mathcalF,0.72,0.73,9536,-1,0,1,H-1,HV,1,-1,0,1
mathcalF,0.72,0.73,9537,-1,0,1,H-1,HV,1,-1,0,1
mathcalF,0.72,0.73,9538,1,-1,2,H+1 V-1,HV,0,1,-1,1
mathcalF,0.72,0.73,9539,1,-1,2,H+1 V-1,HV,0,1,-1,1
mathcalF,0.72,0.73,9540,1,0,1,H+1,HV,1,1,0,1
mathcalF,0.72,0.73,9541,1,0,1,H+1,HV,1,1,0,1
mathcalF,0.72,0.73,9542,1,-1,2,H+1 V-1,HV,0,1,-1,1
mathcalF,0.72,0.73,9543,1,-1,2,H+1 V-1,HV,0,1,-1,1
mathcalF,0.72,0.73,9544,1,0,1,H+1,HV,1,1,0,1
mathcalF,0.72,0.73,9545,1,0,1,H+1,HV,1,1,0,1
mathcalF,0.72,0.73,9546,-1,0,1,H-1,HV,1,-1,0,1
mathcalF,0.72,0.73,9547,-1,0,1,H-1,HV,1,-1,0,1
mathcalF,0.72,0.73,9548,-1,0,1,H-1,HV,1,-1,0,1
mathcalF,0.72,0.73,9549,0,0,0,I,HV,1,0,0,1
mathcalF,0.72,0.73,9550,0,0,0,I,HV,1,0,0,1
mathcalF,0.72,0.73,9551,0,0,0,I,HV,1,0,0,1
mathcalF,0.72,0.73,9552,0,-1,1,V-1,HV,1,0,-1,1
mathcalF,0.72,0.73,9553,0,-1,1,V-1,HV,1,0,-1,1
mathcalF,0.72,0.73,9554,0,0,0,I,HV,1,0,0,1
mathcalF,0.72,0.73,9555,0,0,0,I,HV,1,0,0,1
mathcalF,0.72,0.73,9556,0,-1,1,V-1,HV,1,0,-1,1
mathcalF,0.72,0.73,9557,0,-1,1,V-1,HV,1,0,-1,1
mathcalF,0.72,0.73,9558,0,0,0,I,HV,1,0,0,1
mathcalF,0.72,0.73,9559,0,0,0,I,HV,1,0,0,1
mathcalF,0.72,0.73,9560,0,0,0,I,HV,1,0,0,1
mathcalF,0.72,0.73,9561,0,0,0,I,HV,1,0,0,1
mathcalF,0.72,0.73,9562,0,0,0,I,HV,1,0,0,1
mathcalF,0.72,0.73,9563,0,0,0,I,HV,1,0,0,1
mathcalF,0.72,0.73,9564,0,1,1,V+1,HV,1,0,1,1
mathcalF,0.72,0.73,9565,0,1,1,V+1,HV,1,0,1,1
mathcalF,0.72,0.73,9566,0,0,0,I,HV,1,0,0,1
mathcalF,0.72,0.73,9567,0,0,0,I,HV,1,0,0,1
mathcalF,0.72,0.73,9568,0,0,0,I,HV,1,0,0,1
mathcalF,0.72,0.73,9569,0,0,0,I,HV,1,0,0,1
mathcalF,0.72,0.73,9570,0,0,0,I,HV,1,0,0,1
mathcalF,0.72,0.73,9571,0,0,0,I,HV,1,0,0,1
mathcalF,0.72,0.73,9572,0,1,1,V+1,HV,1,0,1,1
mathcalF,0.72,0.73,9573,0,1,1,V+1,HV,1,0,1,1
mathcalF,0.72,0.73,9574,1,0,1,H+1,HV,1,1,0,1
mathcalF,0.72,0.73,9575,0,0,0,I,HV,1,0,0,1
mathcalF,0.72,0.73,9576,1,0,1,H+1,HV,1,1,0,1
mathcalF,0.72,0.73,9577,1,0,1,H+1,HV,1,1,0,1
mathcalF,0.72,0.73,9578,1,0,1,H+1,HV,1,1,0,1
mathcalF,0.72,0.73,9579,1,0,1,H+1,HV,1,1,0,1
mathcalF,0.72,0.73,9580,1,0,1,H+1,HV,1,1,0,1
mathcalF,0.72,0.73,9581,1,0,1,H+1,HV,1,1,0,1
mathcalF,0.72,0.73,9582,1,0,1,H+1,HV,1,1,0,1
mathcalF,0.72,0.73,9583,1,0,1,H+1,HV,1,1,0,1
mathcalF,0.72,0.73,9584,1,0,1,H+1,HV,1,1,0,1
mathcalF,0.72,0.73,9585,1,0,1,H+1,HV,1,1,0,1
mathcalF,0.72,0.73,9586,1,0,1,H+1,HV,1,1,0,1
mathcalF,0.72,0.73,9587,0,0,0,I,HV,1,0,0,1
mathcalF,0.72,0.73,9588,0,0,0,I,HV,1,0,0,1
mathcalF,0.72,0.73,9589,0,0,0,I,HV,1,0,0,1
mathcalF,0.72,0.73,9590,0,0,0,I,HV,1,0,0,1
mathcalF,0.72,0.73,9591,0,0,0,I,HV,1,0,0,1
mathcalF,0.72,0.73,9592,0,0,0,I,HV,1,0,0,1
mathcalF,0.72,0.73,9593,0,0,0,I,HV,1,0,0,1
mathcalF,0.72,0.73,9594,0,0,0,I,HV,1,0,0,1
mathcalF,0.72,0.73,9595,0,0,0,I,HV,1,0,0,1
mathcalF,0.72,0.73,9596,0,0,0,I,HV,1,0,0,1
mathcalF,0.72,0.73,9597,0,0,0,I,HV,1,0,0,1
mathcalF,0.72,0.73,9598,0,0,0,I,HV,1,0,0,1
mathcalF,0.72,0.73,9599,0,0,0,I,HV,1,0,0,1
mathcalF,0.72,0.73,9600,0,0,0,I,HV,1,0,0,1
mathcalF,0.72,0.73,9601,0,0,0,I,HV,1,0,0,1
mathcalF,0.72,0.73,9602,0,0,0,I,HV,1,0,0,1
mathcalF,0.72,0.73,9603,0,0,0,I,HV,1,0,0,1
mathcalF,0.72,0.73,9604,0,0,0,I,HV,1,0,0,1
mathcalF,0.72,0.73,9605,0,0,0,I,HV,1,0,0,1
mathcalF,0.72,0.73,9606,0,0,0,I,HV,1,0,0,1
mathcalF,0.72,0.73,9607,0,0,0,I,HV,1,0,0,1
mathcalF,0.72,0.73,9608,0,0,0,I,HV,1,0,0,1
mathcalF,0.72,0.73,9609,0,0,0,I,HV,1,0,0,1
mathcalF,0.72,0.73,9610,0,0,0,I,HV,1,0,0,1
mathcalF,0.72,0.73,9611,0,0,0,I,HV,1,0,0,1
mathcalF,0.72,0.73,9612,0,0,0,I,HV,1,0,0,1
mathcalF,0.72,0.73,9613,0,0,0,I,HV,1,0,0,1
mathcalF,0.72,0.73,9614,0,0,0,I,HV,1,0,0,1
mathcalF,0.72,0.73,9615,0,0,0,I,HV,1,0,0,1
mathcalF,0.72,0.73,9616,0,0,0,I,HV,1,0,0,1
mathcalF,0.72,0.73,9617,0,0,0,I,HV,1,0,0,1
mathcalF,0.72,0.73,9618,0,0,0,I,HV,1,0,0,1
mathcalF,0.72,0.73,9619,0,0,0,I,HV,1,0,0,1
mathcalF,0.72,0.73,9620,0,0,0,I,HV,1,0,0,1
mathcalF,0.72,0.73,9621,0,0,0,I,HV,1,0,0,1
mathcalF,0.72,0.73,9622,0,0,0,I,HV,1,0,0,1
mathcalF,0.72,0.73,9623,0,0,0,I,HV,1,0,0,1
mathcalF,0.72,0.73,9624,0,0,0,I,HV,1,0,0,1
mathcalF,0.72,0.73,9625,0,0,0,I,HV,1,0,0,1
mathcalF,0.72,0.73,9626,0,0,0,I,HV,1,0,0,1
mathcalF,0.72,0.73,9627,0,0,0,I,HV,1,0,0,1
mathcalF,0.72,0.73,9628,0,0,0,I,HV,1,0,0,1
mathcalF,0.72,0.73,9629,0,1,1,V+1,HV,1,0,1,1
mathcalF,0.72,0.73,9630,1,0,1,H+1,HV,1,1,0,1
mathcalF,0.72,0.73,9631,-1,0,1,H-1,HV,1,-1,0,1
mathcalF,0.72,0.73,9632,0,0,0,I,HV,1,0,0,1
mathcalF,0.72,0.73,9633,0,0,0,I,HV,1,0,0,1
mathcalF,0.72,0.73,9634,0,0,0,I,HV,1,0,0,1
mathcalF,0.72,0.73,9635,-1,0,1,H-1,HV,1,-1,0,1
mathcalF,0.72,0.73,9636,2,1,3,V+1 H+1 H+1,VH,1,2,1,3
mathcalF,0.72,0.73,9637,3,0,3,H+1 H+1 H+1,HV,1,3,0,1
mathcalF,0.72,0.73,9638,2,1,3,V+1 H+1 H+1,VH,1,2,1,3
mathcalF,0.72,0.73,9639,1,0,1,H+1,HV,1,1,0,1
mathcalF,0.72,0.73,9640,1,0,1,H+1,HV,1,1,0,1
mathcalF,0.72,0.73,9641,1,0,1,H+1,HV,1,1,0,1
mathcalF,0.72,0.73,9642,1,0,1,H+1,HV,1,1,0,1
mathcalF,0.72,0.73,9643,1,0,1,H+1,HV,1,1,0,1
mathcalF,0.72,0.73,9644,1,-1,2,H+1 V-1,HV,0,1,-1,1
mathcalF,0.72,0.73,9645,1,0,1,H+1,HV,1,1,0,1
mathcalF,0.72,0.73,9646,0,1,3,H+1 V+1 H-1,longer_word,2,-1,1,0
mathcalF,0.72,0.73,9647,1,0,1,H+1,HV,1,1,0,1
mathcalF,0.72,0.73,9648,0,1,1,V+1,HV,1,0,1,1
mathcalF,0.72,0.73,9649,0,1,3,H+1 V+1 H-1,longer_word,2,-1,1,0
mathcalF,0.72,0.73,9650,-1,1,2,V+1 H-1,VH,1,-1,1,0
mathcalF,0.72,0.73,9651,1,0,1,H+1,HV,1,1,0,1
mathcalF,0.72,0.73,9652,1,0,1,H+1,HV,1,1,0,1
mathcalF,0.72,0.73,9653,0,0,0,I,HV,1,0,0,1
mathcalF,0.72,0.73,9654,0,0,0,I,HV,1,0,0,1
mathcalF,0.72,0.73,9655,0,0,0,I,HV,1,0,0,1
mathcalF,0.72,0.73,9656,0,0,0,I,HV,1,0,0,1
mathcalF,0.72,0.73,9657,0,0,0,I,HV,1,0,0,1
mathcalF,0.72,0.73,9658,0,0,0,I,HV,1,0,0,1
mathcalF,0.72,0.73,9659,0,1,1,V+1,HV,1,0,1,1
mathcalF,0.72,0.73,9660,0,0,0,I,HV,1,0,0,1
mathcalF,0.72,0.73,9661,0,0,0,I,HV,1,0,0,1
mathcalF,0.72,0.73,9662,0,0,0,I,HV,1,0,0,1
mathcalF,0.72,0.73,9663,0,0,0,I,HV,1,0,0,1
mathcalF,0.72,0.73,9664,-1,0,1,H-1,HV,1,-1,0,1
mathcalF,0.72,0.73,9665,-1,0,1,H-1,HV,1,-1,0,1
mathcalF,0.72,0.73,9666,-1,0,1,H-1,HV,1,-1,0,1
mathcalF,0.72,0.73,9667,-1,0,1,H-1,HV,1,-1,0,1
mathcalF,0.72,0.73,9668,1,0,1,H+1,HV,1,1,0,1
mathcalF,0.72,0.73,9669,1,0,1,H+1,HV,1,1,0,1
mathcalF,0.72,0.73,9670,-1,0,1,H-1,HV,1,-1,0,1
mathcalF,0.72,0.73,9671,-1,0,1,H-1,HV,1,-1,0,1
mathcalF,0.72,0.73,9672,-1,0,1,H-1,HV,1,-1,0,1
mathcalF,0.72,0.73,9673,-1,0,1,H-1,HV,1,-1,0,1
mathcalF,0.72,0.73,9674,1,-1,2,H+1 V-1,HV,0,1,-1,1
mathcalF,0.72,0.73,9675,1,-1,2,H+1 V-1,HV,0,1,-1,1
mathcalF,0.72,0.73,9676,-1,0,1,H-1,HV,1,-1,0,1
mathcalF,0.72,0.73,9677,-1,0,1,H-1,HV,1,-1,0,1
mathcalF,0.72,0.73,9678,1,-1,2,H+1 V-1,HV,0,1,-1,1
mathcalF,0.72,0.73,9679,1,-1,2,H+1 V-1,HV,0,1,-1,1
mathcalF,0.72,0.73,9680,1,0,1,H+1,HV,1,1,0,1
mathcalF,0.72,0.73,9681,1,0,1,H+1,HV,1,1,0,1
mathcalF,0.72,0.73,9682,1,-1,2,H+1 V-1,HV,0,1,-1,1
mathcalF,0.72,0.73,9683,1,-1,2,H+1 V-1,HV,0,1,-1,1
mathcalF,0.72,0.73,9684,1,0,1,H+1,HV,1,1,0,1
mathcalF,0.72,0.73,9685,1,0,1,H+1,HV,1,1,0,1
mathcalF,0.72,0.73,9686,-1,0,1,H-1,HV,1,-1,0,1
mathcalF,0.72,0.73,9687,-1,0,1,H-1,HV,1,-1,0,1
mathcalF,0.72,0.73,9688,-1,0,1,H-1,HV,1,-1,0,1
mathcalF,0.72,0.73,9689,-1,0,1,H-1,HV,1,-1,0,1
mathcalF,0.72,0.73,9690,0,0,0,I,HV,1,0,0,1
mathcalF,0.72,0.73,9691,0,0,0,I,HV,1,0,0,1
mathcalF,0.72,0.73,9692,0,-1,1,V-1,HV,1,0,-1,1
mathcalF,0.72,0.73,9693,0,-1,1,V-1,HV,1,0,-1,1
mathcalF,0.72,0.73,9694,0,0,0,I,HV,1,0,0,1
mathcalF,0.72,0.73,9695,0,0,0,I,HV,1,0,0,1
mathcalF,0.72,0.73,9696,0,-1,1,V-1,HV,1,0,-1,1
mathcalF,0.72,0.73,9697,0,-1,1,V-1,HV,1,0,-1,1
mathcalF,0.72,0.73,9698,0,0,0,I,HV,1,0,0,1
mathcalF,0.72,0.73,9699,0,0,0,I,HV,1,0,0,1
mathcalF,0.72,0.73,9700,0,0,0,I,HV,1,0,0,1
mathcalF,0.72,0.73,9701,0,0,0,I,HV,1,0,0,1
mathcalF,0.72,0.73,9702,0,0,0,I,HV,1,0,0,1
mathcalF,0.72,0.73,9703,0,0,0,I,HV,1,0,0,1
mathcalF,0.72,0.73,9704,0,1,1,V+1,HV,1,0,1,1
mathcalF,0.72,0.73,9705,0,1,1,V+1,HV,1,0,1,1
mathcalF,0.72,0.73,9706,0,0,0,I,HV,1,0,0,1
mathcalF,0.72,0.73,9707,0,0,0,I,HV,1,0,0,1
mathcalF,0.72,0.73,9708,0,0,0,I,HV,1,0,0,1
mathcalF,0.72,0.73,9709,0,0,0,I,HV,1,0,0,1
mathcalF,0.72,0.73,9710,0,0,0,I,HV,1,0,0,1
mathcalF,0.72,0.73,9711,0,0,0,I,HV,1,0,0,1
mathcalF,0.72,0.73,9712,0,1,1,V+1,HV,1,0,1,1
mathcalF,0.72,0.73,9713,1,1,2,H+1 V+1,HV,2,1,1,1
mathcalF,0.72,0.73,9714,0,0,0,I,HV,1,0,0,1
mathcalF,0.72,0.73,9715,1,0,1,H+1,HV,1,1,0,1
mathcalF,0.72,0.73,9716,0,0,0,I,HV,1,0,0,1
mathcalF,0.72,0.73,9717,0,0,0,I,HV,1,0,0,1
mathcalF,0.72,0.73,9718,0,0,0,I,HV,1,0,0,1
mathcalF,0.72,0.73,9719,0,0,0,I,HV,1,0,0,1
mathcalF,0.72,0.73,9720,0,0,0,I,HV,1,0,0,1
mathcalF,0.72,0.73,9721,0,0,0,I,HV,1,0,0,1
mathcalF,0.72,0.73,9722,0,0,0,I,HV,1,0,0,1
mathcalF,0.72,0.73,9723,0,0,0,I,HV,1,0,0,1
mathcalF,0.72,0.73,9724,0,0,0,I,HV,1,0,0,1
mathcalF,0.72,0.73,9725,0,0,0,I,HV,1,0,0,1
mathcalF,0.72,0.73,9726,0,0,0,I,HV,1,0,0,1
mathcalF,0.72,0.73,9727,0,0,0,I,HV,1,0,0,1
mathcalF,0.72,0.73,9728,0,0,0,I,HV,1,0,0,1
mathcalF,0.72,0.73,9729,0,0,0,I,HV,1,0,0,1
mathcalF,0.72,0.73,9730,0,0,0,I,HV,1,0,0,1
mathcalF,0.72,0.73,9731,0,0,0,I,HV,1,0,0,1
mathcalF,0.72,0.73,9732,0,0,0,I,HV,1,0,0,1
mathcalF,0.72,0.73,9733,0,0,0,I,HV,1,0,0,1
mathcalF,0.72,0.73,9734,0,0,0,I,HV,1,0,0,1
mathcalF,0.72,0.73,9735,0,0,0,I,HV,1,0,0,1
mathcalF,0.72,0.73,9736,0,0,0,I,HV,1,0,0,1
mathcalF,0.72,0.73,9737,0,0,0,I,HV,1,0,0,1
mathcalF,0.72,0.73,9738,0,0,0,I,HV,1,0,0,1
mathcalF,0.72,0.73,9739,0,0,0,I,HV,1,0,0,1
mathcalF,0.72,0.73,9740,0,0,0,I,HV,1,0,0,1
mathcalF,0.72,0.73,9741,0,0,0,I,HV,1,0,0,1
mathcalF,0.72,0.73,9742,0,0,0,I,HV,1,0,0,1
mathcalF,0.72,0.73,9743,0,0,0,I,HV,1,0,0,1
mathcalF,0.72,0.73,9744,0,0,0,I,HV,1,0,0,1
mathcalF,0.72,0.73,9745,0,0,0,I,HV,1,0,0,1
mathcalF,0.72,0.73,9746,0,0,0,I,HV,1,0,0,1
mathcalF,0.72,0.73,9747,0,0,0,I,HV,1,0,0,1
mathcalF,0.72,0.73,9748,0,0,0,I,HV,1,0,0,1
mathcalF,0.72,0.73,9749,0,0,0,I,HV,1,0,0,1
mathcalF,0.72,0.73,9750,0,0,0,I,HV,1,0,0,1
mathcalF,0.72,0.73,9751,0,0,0,I,HV,1,0,0,1
mathcalF,0.72,0.73,9752,0,0,0,I,HV,1,0,0,1
mathcalF,0.72,0.73,9753,0,0,0,I,HV,1,0,0,1
mathcalF,0.72,0.73,9754,0,0,0,I,HV,1,0,0,1
mathcalF,0.72,0.73,9755,0,0,0,I,HV,1,0,0,1
mathcalF,0.72,0.73,9756,0,0,0,I,HV,1,0,0,1
mathcalF,0.72,0.73,9757,0,0,0,I,HV,1,0,0,1
mathcalF,0.72,0.73,9758,0,0,0,I,HV,1,0,0,1
mathcalF,0.72,0.73,9759,0,0,0,I,HV,1,0,0,1
mathcalF,0.72,0.73,9760,0,0,0,I,HV,1,0,0,1
mathcalF,0.72,0.73,9761,0,0,0,I,HV,1,0,0,1
mathcalF,0.72,0.73,9762,0,0,0,I,HV,1,0,0,1
mathcalF,0.72,0.73,9763,0,0,0,I,HV,1,0,0,1
mathcalF,0.72,0.73,9764,0,0,0,I,HV,1,0,0,1
mathcalF,0.72,0.73,9765,0,0,0,I,HV,1,0,0,1
mathcalF,0.72,0.73,9766,0,0,0,I,HV,1,0,0,1
mathcalF,0.72,0.73,9767,1,-1,2,H+1 V-1,HV,0,1,-1,1
mathcalF,0.72,0.73,9768,1,0,1,H+1,HV,1,1,0,1
mathcalF,0.72,0.73,9769,1,0,1,H+1,HV,1,1,0,1
mathcalF,0.72,0.73,9770,-1,0,1,H-1,HV,1,-1,0,1
mathcalF,0.72,0.73,9771,0,-1,1,V-1,HV,1,0,-1,1
mathcalF,0.72,0.73,9772,-1,0,1,H-1,HV,1,-1,0,1
mathcalF,0.72,0.73,9773,2,0,2,H+1 H+1,HV,1,2,0,1
mathcalF,0.72,0.73,9774,1,1,2,V+1 H+1,VH,1,1,1,2
mathcalF,0.72,0.73,9775,1,0,1,H+1,HV,1,1,0,1
mathcalF,0.72,0.73,9776,1,0,1,H+1,HV,1,1,0,1
mathcalF,0.72,0.73,9777,1,0,1,H+1,HV,1,1,0,1
mathcalF,0.72,0.73,9778,1,0,1,H+1,HV,1,1,0,1
mathcalF,0.72,0.73,9779,1,0,1,H+1,HV,1,1,0,1
mathcalF,0.72,0.73,9780,1,0,1,H+1,HV,1,1,0,1
mathcalF,0.72,0.73,9781,1,0,1,H+1,HV,1,1,0,1
mathcalF,0.72,0.73,9782,1,0,1,H+1,HV,1,1,0,1
mathcalF,0.72,0.73,9783,-1,0,1,H-1,HV,1,-1,0,1
mathcalF,0.72,0.73,9784,-1,0,1,H-1,HV,1,-1,0,1
mathcalF,0.72,0.73,9785,1,0,1,H+1,HV,1,1,0,1
mathcalF,0.72,0.73,9786,1,0,1,H+1,HV,1,1,0,1
mathcalF,0.72,0.73,9787,1,0,1,H+1,HV,1,1,0,1
mathcalF,0.72,0.73,9788,0,1,1,V+1,HV,1,0,1,1
mathcalF,0.72,0.73,9789,1,0,1,H+1,HV,1,1,0,1
mathcalF,0.72,0.73,9790,1,0,1,H+1,HV,1,1,0,1
mathcalF,0.72,0.73,9791,0,0,0,I,HV,1,0,0,1
mathcalF,0.72,0.73,9792,0,0,0,I,HV,1,0,0,1
mathcalF,0.72,0.73,9793,0,0,0,I,HV,1,0,0,1
mathcalF,0.72,0.73,9794,0,0,0,I,HV,1,0,0,1
mathcalF,0.72,0.73,9795,0,0,0,I,HV,1,0,0,1
mathcalF,0.72,0.73,9796,0,0,0,I,HV,1,0,0,1
mathcalF,0.72,0.73,9797,0,0,0,I,HV,1,0,0,1
mathcalF,0.72,0.73,9798,0,1,1,V+1,HV,1,0,1,1
mathcalF,0.72,0.73,9799,0,1,1,V+1,HV,1,0,1,1
